Recipe,NumericId,Skill,Profile,Technique,Pilot
BasicGreatSword,1,Smithery,Calibrated,None,false
BasicSpear,2,Smithery,Calibrated,None,false
BasicKnife,3,Smithery,Calibrated,None,true
BasicPistol,4,Smithery,Calibrated,None,false
BasicStaff,5,Smithery,Calibrated,None,false
BasicLongsword,6,Smithery,Calibrated,None,false
BasicKatar,7,Smithery,Calibrated,None,false
BasicShuriken,8,Smithery,Calibrated,None,false
BasicRifle,9,Smithery,Calibrated,None,false
BasicTwinBlade,10,Smithery,Calibrated,None,false
BattlemasterShield,11,Smithery,Sturdy,None,false
BattlemasterCloak,12,Smithery,Delicate,None,false
BattlemasterBelt,13,Smithery,Delicate,None,false
BattlemasterRing,14,Smithery,Delicate,None,false
BattlemasterNecklace,15,Smithery,Delicate,None,false
BattlemasterBreastplate,16,Smithery,Sturdy,None,false
BattlemasterHelmet,17,Smithery,Sturdy,None,false
BattlemasterBracer,18,Smithery,Sturdy,None,false
BattlemasterLeggings,19,Smithery,Sturdy,None,false
SpiritmasterCloak,20,Smithery,Delicate,None,false
SpiritmasterBelt,21,Smithery,Delicate,None,false
SpiritmasterRing,22,Smithery,Delicate,None,false
SpiritmasterNecklace,23,Smithery,Delicate,None,false
SpiritmasterTunic,24,Smithery,Sturdy,None,false
SpiritmasterCap,25,Smithery,Sturdy,None,false
SpiritmasterGloves,26,Smithery,Sturdy,None,false
SpiritmasterBoots,27,Smithery,Sturdy,None,false
CombatCloak,28,Smithery,Delicate,None,false
CombatBelt,29,Smithery,Delicate,None,false
CombatRing,30,Smithery,Delicate,None,false
CombatNecklace,31,Smithery,Delicate,None,false
CombatTunic,32,Smithery,Sturdy,None,false
CombatCap,33,Smithery,Sturdy,None,false
CombatGloves,34,Smithery,Sturdy,None,false
CombatBoots,35,Smithery,Sturdy,None,false
TitanGreatSword,36,Smithery,Calibrated,None,false
TitanSpear,37,Smithery,Calibrated,None,false
TitanKnife,38,Smithery,Calibrated,None,false
TitanPistol,39,Smithery,Calibrated,None,false
TitanStaff,40,Smithery,Calibrated,None,false
TitanLongsword,41,Smithery,Calibrated,None,false
TitanKatar,42,Smithery,Calibrated,None,false
TitanShuriken,43,Smithery,Calibrated,None,false
TitanRifle,44,Smithery,Calibrated,None,false
TitanTwinBlade,45,Smithery,Calibrated,None,false
TitanShield,46,Smithery,Sturdy,None,false
TitanCloak,47,Smithery,Delicate,None,false
TitanBelt,48,Smithery,Delicate,None,false
TitanRing,49,Smithery,Delicate,None,false
TitanNecklace,50,Smithery,Delicate,None,false
TitanBreastplate,51,Smithery,Sturdy,None,false
TitanHelmet,52,Smithery,Sturdy,None,false
TitanBracer,53,Smithery,Sturdy,None,false
TitanLeggings,54,Smithery,Sturdy,None,false
VividCloak,55,Smithery,Delicate,None,false
VividBelt,56,Smithery,Delicate,None,false
VividRing,57,Smithery,Delicate,None,false
VividNecklace,58,Smithery,Delicate,None,false
VividTunic,59,Smithery,Sturdy,None,false
VividCap,60,Smithery,Sturdy,None,false
VividGloves,61,Smithery,Sturdy,None,false
VividBoots,62,Smithery,Sturdy,None,false
ValorCloak,63,Smithery,Delicate,None,false
ValorBelt,64,Smithery,Delicate,None,false
ValorRing,65,Smithery,Delicate,None,false
ValorNecklace,66,Smithery,Delicate,None,false
ValorTunic,67,Smithery,Sturdy,None,false
ValorCap,68,Smithery,Sturdy,None,false
ValorGloves,69,Smithery,Sturdy,None,false
ValorBoots,70,Smithery,Sturdy,None,false
DeltaGreatSword,71,Smithery,Calibrated,None,false
DeltaSpear,72,Smithery,Calibrated,None,false
DeltaKnife,73,Smithery,Calibrated,None,false
DeltaPistol,74,Smithery,Calibrated,None,false
DeltaStaff,75,Smithery,Calibrated,None,true
DeltaLongsword,76,Smithery,Calibrated,None,false
DeltaKatar,77,Smithery,Calibrated,None,false
DeltaShuriken,78,Smithery,Calibrated,None,false
DeltaRifle,79,Smithery,Calibrated,None,false
DeltaTwinBlade,80,Smithery,Calibrated,None,false
QuarkShield,81,Smithery,Sturdy,None,false
QuarkCloak,82,Smithery,Delicate,None,false
QuarkBelt,83,Smithery,Delicate,None,false
QuarkRing,84,Smithery,Delicate,None,false
QuarkNecklace,85,Smithery,Delicate,None,false
QuarkBreastplate,86,Smithery,Sturdy,None,false
QuarkHelmet,87,Smithery,Sturdy,None,false
QuarkBracer,88,Smithery,Sturdy,None,false
QuarkLeggings,89,Smithery,Sturdy,None,false
ReginalCloak,90,Smithery,Delicate,None,false
ReginalBelt,91,Smithery,Delicate,None,false
ReginalRing,92,Smithery,Delicate,None,false
ReginalNecklace,93,Smithery,Delicate,None,false
ReginalTunic,94,Smithery,Sturdy,None,false
ReginalCap,95,Smithery,Sturdy,None,false
ReginalGloves,96,Smithery,Sturdy,None,false
ReginalBoots,97,Smithery,Sturdy,None,false
ForzaCloak,98,Smithery,Delicate,None,false
ForzaBelt,99,Smithery,Delicate,None,false
ForzaRing,100,Smithery,Delicate,None,false
ForzaNecklace,101,Smithery,Delicate,None,false
ForzaTunic,102,Smithery,Sturdy,None,false
ForzaCap,103,Smithery,Sturdy,None,false
ForzaGloves,104,Smithery,Sturdy,None,false
ForzaBoots,105,Smithery,Sturdy,None,false
ProtoGreatSword,106,Smithery,Calibrated,None,false
ProtoSpear,107,Smithery,Calibrated,None,false
ProtoKnife,108,Smithery,Calibrated,None,false
ProtoPistol,109,Smithery,Calibrated,None,false
ProtoStaff,110,Smithery,Calibrated,None,false
ProtoLongsword,111,Smithery,Calibrated,None,false
ProtoKatar,112,Smithery,Calibrated,None,false
ProtoShuriken,113,Smithery,Calibrated,None,false
ProtoRifle,114,Smithery,Calibrated,None,false
ProtoTwinBlade,115,Smithery,Calibrated,None,false
ArgosShield,116,Smithery,Sturdy,None,false
ArgosCloak,117,Smithery,Delicate,None,false
ArgosBelt,118,Smithery,Delicate,None,false
ArgosRing,119,Smithery,Delicate,None,false
ArgosNecklace,120,Smithery,Delicate,None,false
ArgosBreastplate,121,Smithery,Sturdy,None,false
ArgosHelmet,122,Smithery,Sturdy,None,false
ArgosBracer,123,Smithery,Sturdy,None,false
ArgosLeggings,124,Smithery,Sturdy,None,false
GrenadaCloak,125,Smithery,Delicate,None,false
GrenadaBelt,126,Smithery,Delicate,None,false
GrenadaRing,127,Smithery,Delicate,None,false
GrenadaNecklace,128,Smithery,Delicate,None,false
GrenadaTunic,129,Smithery,Sturdy,None,false
GrenadaCap,130,Smithery,Sturdy,None,false
GrenadaGloves,131,Smithery,Sturdy,None,false
GrenadaBoots,132,Smithery,Sturdy,None,false
SurvivalCloak,133,Smithery,Delicate,None,false
SurvivalBelt,134,Smithery,Delicate,None,false
SurvivalRing,135,Smithery,Delicate,None,false
SurvivalNecklace,136,Smithery,Delicate,None,false
SurvivalTunic,137,Smithery,Sturdy,None,false
SurvivalCap,138,Smithery,Sturdy,None,false
SurvivalGloves,139,Smithery,Sturdy,None,false
SurvivalBoots,140,Smithery,Sturdy,None,false
OphidianGreatSword,141,Smithery,Calibrated,None,false
OphidianSpear,142,Smithery,Calibrated,None,false
OphidianKnife,143,Smithery,Calibrated,None,false
OphidianPistol,144,Smithery,Calibrated,None,false
OphidianStaff,145,Smithery,Calibrated,None,false
OphidianLongsword,146,Smithery,Calibrated,None,false
OphidianKatar,147,Smithery,Calibrated,None,false
OphidianShuriken,148,Smithery,Calibrated,None,false
OphidianRifle,149,Smithery,Calibrated,None,false
OphidianTwinBlade,150,Smithery,Calibrated,None,false
EclipseShield,151,Smithery,Sturdy,None,false
EclipseCloak,152,Smithery,Delicate,None,false
EclipseBelt,153,Smithery,Delicate,None,false
EclipseRing,154,Smithery,Delicate,None,false
EclipseNecklace,155,Smithery,Delicate,None,false
EclipseBreastplate,156,Smithery,Sturdy,None,false
EclipseHelmet,157,Smithery,Sturdy,None,false
EclipseBracer,158,Smithery,Sturdy,None,false
EclipseLeggings,159,Smithery,Sturdy,None,false
TranscendentCloak,160,Smithery,Delicate,None,false
TranscendentBelt,161,Smithery,Delicate,None,false
TranscendentRing,162,Smithery,Delicate,None,false
TranscendentNecklace,163,Smithery,Delicate,None,false
TranscendentTunic,164,Smithery,Sturdy,None,false
TranscendentCap,165,Smithery,Sturdy,None,false
TranscendentGloves,166,Smithery,Sturdy,None,false
TranscendentBoots,167,Smithery,Sturdy,None,false
SupremeCloak,168,Smithery,Delicate,None,false
SupremeBelt,169,Smithery,Delicate,None,false
SupremeRing,170,Smithery,Delicate,None,false
SupremeNecklace,171,Smithery,Delicate,None,false
SupremeTunic,172,Smithery,Sturdy,None,false
SupremeCap,173,Smithery,Sturdy,None,false
SupremeGloves,174,Smithery,Sturdy,None,false
SupremeBoots,175,Smithery,Sturdy,None,false
Electroblade1,176,Smithery,Calibrated,None,false
Electroblade2,177,Smithery,Calibrated,None,false
Electroblade3,178,Smithery,Calibrated,None,false
Electroblade4,179,Smithery,Calibrated,None,false
Electroblade5,180,Smithery,Calibrated,None,false
TrainingSaber1,181,Smithery,Calibrated,None,false
TrainingSaber2,182,Smithery,Calibrated,None,false
TrainingSaber3,183,Smithery,Calibrated,None,false
TrainingSaber4,184,Smithery,Calibrated,None,false
TrainingSaber5,185,Smithery,Calibrated,None,false
SithLongsword,186,Smithery,Calibrated,None,false
SithKnife,187,Smithery,Calibrated,None,false
SithGreatSword,188,Smithery,Calibrated,None,false
SithSpear,189,Smithery,Calibrated,None,false
SithKatar,190,Smithery,Calibrated,None,false
SithStaff,191,Smithery,Calibrated,None,false
SithPistol,192,Smithery,Calibrated,None,false
SithTwinBlade,193,Smithery,Calibrated,None,false
SithRifle,194,Smithery,Calibrated,None,false
SithShuriken,195,Smithery,Calibrated,None,false
SithElectroblade,196,Smithery,Calibrated,None,false
TwinElectroblade1,197,Smithery,Calibrated,None,false
TwinElectroblade2,198,Smithery,Calibrated,None,false
TwinElectroblade3,199,Smithery,Calibrated,None,false
TwinElectroblade4,200,Smithery,Calibrated,None,false
TwinElectroblade5,201,Smithery,Calibrated,None,false
TrainingSaberstaff1,202,Smithery,Calibrated,None,false
TrainingSaberstaff2,203,Smithery,Calibrated,None,false
TrainingSaberstaff3,204,Smithery,Calibrated,None,false
TrainingSaberstaff4,205,Smithery,Calibrated,None,false
TrainingSaberstaff5,206,Smithery,Calibrated,None,false
AdventCloak,207,Smithery,Delicate,None,false
AdventBelt,208,Smithery,Delicate,None,false
AdventRing,209,Smithery,Delicate,None,false
AdventNecklace,210,Smithery,Delicate,None,false
AdventTunic,211,Smithery,Sturdy,None,false
AdventHelmet,212,Smithery,Sturdy,None,false
AdventBracer,213,Smithery,Sturdy,None,false
AdventLeggings,214,Smithery,Sturdy,None,false
FrontierCloak,215,Smithery,Delicate,None,false
FrontierBelt,216,Smithery,Delicate,None,false
FrontierRing,217,Smithery,Delicate,None,false
FrontierNecklace,218,Smithery,Delicate,None,false
FrontierTunic,219,Smithery,Sturdy,None,false
FrontierHelmet,220,Smithery,Sturdy,None,false
FrontierBracer,221,Smithery,Sturdy,None,false
FrontierLeggings,222,Smithery,Sturdy,None,false
MajesticCloak,223,Smithery,Delicate,None,false
MajesticBelt,224,Smithery,Delicate,None,false
MajesticRing,225,Smithery,Delicate,None,false
MajesticNecklace,226,Smithery,Delicate,None,false
MajesticTunic,227,Smithery,Sturdy,None,false
MajesticHelmet,228,Smithery,Sturdy,None,false
MajesticBracer,229,Smithery,Sturdy,None,false
MajesticLeggings,230,Smithery,Sturdy,None,false
DreamCloak,231,Smithery,Delicate,None,false
DreamBelt,232,Smithery,Delicate,None,false
DreamRing,233,Smithery,Delicate,None,false
DreamNecklace,234,Smithery,Delicate,None,false
DreamTunic,235,Smithery,Sturdy,None,false
DreamHelmet,236,Smithery,Sturdy,None,false
DreamBracer,237,Smithery,Sturdy,None,false
DreamLeggings,238,Smithery,Sturdy,None,false
EternalCloak,239,Smithery,Delicate,None,true
EternalBelt,240,Smithery,Delicate,None,false
EternalRing,241,Smithery,Delicate,None,false
EternalNecklace,242,Smithery,Delicate,None,false
EternalTunic,243,Smithery,Sturdy,None,false
EternalHelmet,244,Smithery,Sturdy,None,false
EternalBracer,245,Smithery,Sturdy,None,false
EternalLeggings,246,Smithery,Sturdy,None,false
AmateurCloak,247,Smithery,Delicate,None,false
AmateurBelt,248,Smithery,Delicate,None,false
AmateurRing,249,Smithery,Delicate,None,false
AmateurNecklace,250,Smithery,Delicate,None,false
AmateurTunic,251,Smithery,Sturdy,None,false
AmateurHelmet,252,Smithery,Sturdy,None,false
AmateurBracer,253,Smithery,Sturdy,None,false
AmateurLeggings,254,Smithery,Sturdy,None,false
WorkerCloak,255,Smithery,Delicate,None,false
WorkerBelt,256,Smithery,Delicate,None,false
WorkerRing,257,Smithery,Delicate,None,false
WorkerNecklace,258,Smithery,Delicate,None,false
WorkerTunic,259,Smithery,Sturdy,None,false
WorkerHelmet,260,Smithery,Sturdy,None,false
WorkerBracer,261,Smithery,Sturdy,None,false
WorkerLeggings,262,Smithery,Sturdy,None,false
MechanicCloak,263,Smithery,Delicate,None,false
MechanicBelt,264,Smithery,Delicate,None,false
MechanicRing,265,Smithery,Delicate,None,false
MechanicNecklace,266,Smithery,Delicate,None,false
MechanicTunic,267,Smithery,Sturdy,None,false
MechanicHelmet,268,Smithery,Sturdy,None,false
MechanicBracer,269,Smithery,Sturdy,None,false
MechanicLeggings,270,Smithery,Sturdy,None,false
DevotionCloak,271,Smithery,Delicate,None,false
DevotionBelt,272,Smithery,Delicate,None,false
DevotionRing,273,Smithery,Delicate,None,false
DevotionNecklace,274,Smithery,Delicate,None,false
DevotionTunic,275,Smithery,Sturdy,None,false
DevotionHelmet,276,Smithery,Sturdy,None,false
DevotionBracer,277,Smithery,Sturdy,None,false
DevotionLeggings,278,Smithery,Sturdy,None,false
SkysteelCloak,279,Smithery,Delicate,None,false
SkysteelBelt,280,Smithery,Delicate,None,false
SkysteelRing,281,Smithery,Delicate,None,false
SkysteelNecklace,282,Smithery,Delicate,None,false
SkysteelTunic,283,Smithery,Sturdy,None,false
SkysteelHelmet,284,Smithery,Sturdy,None,false
SkysteelBracer,285,Smithery,Sturdy,None,false
SkysteelLeggings,286,Smithery,Sturdy,None,false
ClothCloak,287,Smithery,Delicate,None,false
ClothBelt,288,Smithery,Delicate,None,false
ClothRing,289,Smithery,Delicate,None,false
ClothNecklace,290,Smithery,Delicate,None,false
ClothTunic,291,Smithery,Sturdy,None,false
ClothHelmet,292,Smithery,Sturdy,None,false
ClothBracer,293,Smithery,Sturdy,None,false
ClothLeggings,294,Smithery,Sturdy,None,false
LinenCloak,295,Smithery,Delicate,None,false
LinenBelt,296,Smithery,Delicate,None,false
LinenRing,297,Smithery,Delicate,None,false
LinenNecklace,298,Smithery,Delicate,None,false
LinenTunic,299,Smithery,Sturdy,None,false
LinenHelmet,300,Smithery,Sturdy,None,false
LinenBracer,301,Smithery,Sturdy,None,false
LinenLeggings,302,Smithery,Sturdy,None,false
DesignerCloak,303,Smithery,Delicate,None,false
DesignerBelt,304,Smithery,Delicate,None,false
DesignerRing,305,Smithery,Delicate,None,false
DesignerNecklace,306,Smithery,Delicate,None,false
DesignerTunic,307,Smithery,Sturdy,None,false
DesignerHelmet,308,Smithery,Sturdy,None,false
DesignerBracer,309,Smithery,Sturdy,None,false
DesignerLeggings,310,Smithery,Sturdy,None,false
OasisCloak,311,Smithery,Delicate,None,false
OasisBelt,312,Smithery,Delicate,None,false
OasisRing,313,Smithery,Delicate,None,false
OasisNecklace,314,Smithery,Delicate,None,false
OasisTunic,315,Smithery,Sturdy,None,false
OasisHelmet,316,Smithery,Sturdy,None,false
OasisBracer,317,Smithery,Sturdy,None,false
OasisLeggings,318,Smithery,Sturdy,None,false
RoseCloak,319,Smithery,Delicate,None,false
RoseBelt,320,Smithery,Delicate,None,false
RoseRing,321,Smithery,Delicate,None,false
RoseNecklace,322,Smithery,Delicate,None,false
RoseTunic,323,Smithery,Sturdy,None,false
RoseHelmet,324,Smithery,Sturdy,None,false
RoseBracer,325,Smithery,Sturdy,None,false
RoseLeggings,326,Smithery,Sturdy,None,false
ChefCloak,327,Smithery,Delicate,None,false
ChefBelt,328,Smithery,Delicate,None,false
ChefRing,329,Smithery,Delicate,None,false
ChefNecklace,330,Smithery,Delicate,None,false
ChefTunic,331,Smithery,Sturdy,None,false
ChefHelmet,332,Smithery,Sturdy,None,false
ChefBracer,333,Smithery,Sturdy,None,false
ChefLeggings,334,Smithery,Sturdy,None,false
VelveteenCloak,335,Smithery,Delicate,None,false
VelveteenBelt,336,Smithery,Delicate,None,false
VelveteenRing,337,Smithery,Delicate,None,false
VelveteenNecklace,338,Smithery,Delicate,None,false
VelveteenTunic,339,Smithery,Sturdy,None,false
VelveteenHelmet,340,Smithery,Sturdy,None,false
VelveteenBracer,341,Smithery,Sturdy,None,false
VelveteenLeggings,342,Smithery,Sturdy,None,false
SilkCloak,343,Smithery,Delicate,None,false
SilkBelt,344,Smithery,Delicate,None,false
SilkRing,345,Smithery,Delicate,None,false
SilkNecklace,346,Smithery,Delicate,None,false
SilkTunic,347,Smithery,Sturdy,None,false
SilkHelmet,348,Smithery,Sturdy,None,false
SilkBracer,349,Smithery,Sturdy,None,false
SilkLeggings,350,Smithery,Sturdy,None,false
VintageCloak,351,Smithery,Delicate,None,false
VintageBelt,352,Smithery,Delicate,None,false
VintageRing,353,Smithery,Delicate,None,false
VintageNecklace,354,Smithery,Delicate,None,false
VintageTunic,355,Smithery,Sturdy,None,false
VintageHelmet,356,Smithery,Sturdy,None,false
VintageBracer,357,Smithery,Sturdy,None,false
VintageLeggings,358,Smithery,Sturdy,None,false
MoonflameCloak,359,Smithery,Delicate,None,false
MoonflameBelt,360,Smithery,Delicate,None,false
MoonflameRing,361,Smithery,Delicate,None,false
MoonflameNecklace,362,Smithery,Delicate,None,false
MoonflameTunic,363,Smithery,Sturdy,None,false
MoonflameHelmet,364,Smithery,Sturdy,None,false
MoonflameBracer,365,Smithery,Sturdy,None,false
MoonflameLeggings,366,Smithery,Sturdy,None,false
ChiroGreatSword,369,Smithery,Calibrated,None,false
ChiroSpear,370,Smithery,Calibrated,None,false
ChiroKnife,371,Smithery,Calibrated,None,false
ChiroPistol,372,Smithery,Calibrated,None,false
ChiroStaff,373,Smithery,Calibrated,None,false
ChiroLongsword,374,Smithery,Calibrated,None,false
ChiroKatar,375,Smithery,Calibrated,None,false
ChiroShuriken,376,Smithery,Calibrated,None,false
ChiroRifle,377,Smithery,Calibrated,None,false
ChiroTwinBlade,378,Smithery,Calibrated,None,false
ChiroElectroblade,379,Smithery,Calibrated,None,false
ChiroTwinElectroblade,380,Smithery,Calibrated,None,false
ChaosShield,381,Smithery,Sturdy,None,false
ChaosCloak,382,Smithery,Delicate,None,false
ChaosBelt,383,Smithery,Delicate,None,false
ChaosRing,384,Smithery,Delicate,None,false
ChaosNecklace,385,Smithery,Delicate,None,false
ChaosBreastplate,386,Smithery,Sturdy,None,false
ChaosHelmet,387,Smithery,Sturdy,None,false
ChaosBracer,388,Smithery,Sturdy,None,false
ChaosLeggings,389,Smithery,Sturdy,None,false
MagusCloak,390,Smithery,Delicate,None,false
MagusBelt,391,Smithery,Delicate,None,false
MagusRing,392,Smithery,Delicate,None,false
MagusNecklace,393,Smithery,Delicate,None,false
MagusTunic,394,Smithery,Sturdy,None,false
MagusCap,395,Smithery,Sturdy,None,false
MagusGloves,396,Smithery,Sturdy,None,false
MagusBoots,397,Smithery,Sturdy,None,false
ImmortalCloak,398,Smithery,Delicate,None,false
ImmortalBelt,399,Smithery,Delicate,None,false
ImmortalRing,400,Smithery,Delicate,None,false
ImmortalNecklace,401,Smithery,Delicate,None,false
ImmortalTunic,402,Smithery,Sturdy,None,false
ImmortalCap,403,Smithery,Sturdy,None,false
ImmortalGloves,404,Smithery,Sturdy,None,false
ImmortalBoots,405,Smithery,Sturdy,None,false
BolRifle,406,Smithery,Calibrated,None,false
WeaponSubmissionTokenSmithery,407,Smithery,Calibrated,None,false
ArmorSubmissionTokenSmithery,408,Smithery,Calibrated,None,false
AlchemizedSpear,409,Smithery,Calibrated,None,false
FieldLongsword,410,Smithery,Calibrated,None,false
FieldKnife,411,Smithery,Calibrated,None,false
FieldGreatSword,412,Smithery,Calibrated,None,false
FieldSpear,413,Smithery,Calibrated,None,false
FieldTwinBlade,414,Smithery,Calibrated,None,false
FieldKatar,415,Smithery,Calibrated,None,false
FieldStaff,416,Smithery,Calibrated,None,false
FieldPistol,417,Smithery,Calibrated,None,false
FieldShuriken,418,Smithery,Calibrated,None,false
FieldRifle,419,Smithery,Calibrated,None,false
FieldElectroblade,420,Smithery,Calibrated,None,false
FieldTwinElectroblade,421,Smithery,Calibrated,None,false
FieldTrainingSaber,422,Smithery,Calibrated,None,false
FieldTrainingSaberstaff,423,Smithery,Calibrated,None,false
WardenShield,424,Smithery,Sturdy,None,false
WardenCloak,425,Smithery,Delicate,None,false
WardenBelt,426,Smithery,Delicate,None,false
WardenRing,427,Smithery,Delicate,None,false
WardenNecklace,428,Smithery,Delicate,None,false
WardenBreastplate,429,Smithery,Sturdy,None,false
WardenHelmet,430,Smithery,Sturdy,None,false
WardenBracer,431,Smithery,Sturdy,None,false
WardenLeggings,432,Smithery,Sturdy,None,false
MysticCloak,433,Smithery,Delicate,None,false
MysticBelt,434,Smithery,Delicate,None,false
MysticRing,435,Smithery,Delicate,None,false
MysticNecklace,436,Smithery,Delicate,None,false
MysticTunic,437,Smithery,Sturdy,None,false
MysticCap,438,Smithery,Sturdy,None,false
MysticGloves,439,Smithery,Sturdy,None,false
MysticBoots,440,Smithery,Sturdy,None,false
VanguardCloak,441,Smithery,Delicate,None,false
VanguardBelt,442,Smithery,Delicate,None,false
VanguardRing,443,Smithery,Delicate,None,false
VanguardNecklace,444,Smithery,Delicate,None,false
VanguardTunic,445,Smithery,Sturdy,None,false
VanguardCap,446,Smithery,Sturdy,None,false
VanguardGloves,447,Smithery,Sturdy,None,false
VanguardBoots,448,Smithery,Sturdy,None,false
VeteranLongsword,449,Smithery,Calibrated,None,false
VeteranKnife,450,Smithery,Calibrated,None,false
VeteranGreatSword,451,Smithery,Calibrated,None,false
VeteranSpear,452,Smithery,Calibrated,None,false
VeteranTwinBlade,453,Smithery,Calibrated,None,false
VeteranKatar,454,Smithery,Calibrated,None,false
VeteranStaff,455,Smithery,Calibrated,None,false
VeteranPistol,456,Smithery,Calibrated,None,false
VeteranShuriken,457,Smithery,Calibrated,None,false
VeteranRifle,458,Smithery,Calibrated,None,false
VeteranElectroblade,459,Smithery,Calibrated,None,false
VeteranTwinElectroblade,460,Smithery,Calibrated,None,false
VeteranTrainingSaber,461,Smithery,Calibrated,None,false
VeteranTrainingSaberstaff,462,Smithery,Calibrated,None,false
BastionShield,463,Smithery,Sturdy,None,false
BastionCloak,464,Smithery,Delicate,None,false
BastionBelt,465,Smithery,Delicate,None,false
BastionRing,466,Smithery,Delicate,None,false
BastionNecklace,467,Smithery,Delicate,None,false
BastionBreastplate,468,Smithery,Sturdy,None,false
BastionHelmet,469,Smithery,Sturdy,None,false
BastionBracer,470,Smithery,Sturdy,None,false
BastionLeggings,471,Smithery,Sturdy,None,false
OracleCloak,472,Smithery,Delicate,None,false
OracleBelt,473,Smithery,Delicate,None,false
OracleRing,474,Smithery,Delicate,None,false
OracleNecklace,475,Smithery,Delicate,None,false
OracleTunic,476,Smithery,Sturdy,None,false
OracleCap,477,Smithery,Sturdy,None,false
OracleGloves,478,Smithery,Sturdy,None,false
OracleBoots,479,Smithery,Sturdy,None,false
OnslaughtCloak,480,Smithery,Delicate,None,false
OnslaughtBelt,481,Smithery,Delicate,None,false
OnslaughtRing,482,Smithery,Delicate,None,false
OnslaughtNecklace,483,Smithery,Delicate,None,false
OnslaughtTunic,484,Smithery,Sturdy,None,false
OnslaughtCap,485,Smithery,Sturdy,None,false
OnslaughtGloves,486,Smithery,Sturdy,None,false
OnslaughtBoots,487,Smithery,Sturdy,None,false
PrimeLongsword,488,Smithery,Calibrated,None,false
PrimeKnife,489,Smithery,Calibrated,None,false
PrimeGreatSword,490,Smithery,Calibrated,None,false
PrimeSpear,491,Smithery,Calibrated,None,false
PrimeTwinBlade,492,Smithery,Calibrated,None,false
PrimeKatar,493,Smithery,Calibrated,None,false
PrimeStaff,494,Smithery,Calibrated,None,false
PrimePistol,495,Smithery,Calibrated,None,false
PrimeShuriken,496,Smithery,Calibrated,None,false
PrimeRifle,497,Smithery,Calibrated,None,false
PrimeElectroblade,498,Smithery,Calibrated,None,false
PrimeTwinElectroblade,499,Smithery,Calibrated,None,false
PrimeTrainingSaber,500,Smithery,Calibrated,None,false
PrimeTrainingSaberstaff,501,Smithery,Calibrated,None,false
SentinelShield,502,Smithery,Sturdy,None,false
SentinelCloak,503,Smithery,Delicate,None,false
SentinelBelt,504,Smithery,Delicate,None,false
SentinelRing,505,Smithery,Delicate,None,false
SentinelNecklace,506,Smithery,Delicate,None,false
SentinelBreastplate,507,Smithery,Sturdy,None,false
SentinelHelmet,508,Smithery,Sturdy,None,false
SentinelBracer,509,Smithery,Sturdy,None,false
SentinelLeggings,510,Smithery,Sturdy,None,false
ArcanistCloak,511,Smithery,Delicate,None,false
ArcanistBelt,512,Smithery,Delicate,None,false
ArcanistRing,513,Smithery,Delicate,None,false
ArcanistNecklace,514,Smithery,Delicate,None,false
ArcanistTunic,515,Smithery,Sturdy,None,false
ArcanistCap,516,Smithery,Sturdy,None,false
ArcanistGloves,517,Smithery,Sturdy,None,false
ArcanistBoots,518,Smithery,Sturdy,None,false
MaverickCloak,519,Smithery,Delicate,None,false
MaverickBelt,520,Smithery,Delicate,None,false
MaverickRing,521,Smithery,Delicate,None,false
MaverickNecklace,522,Smithery,Delicate,None,false
MaverickTunic,523,Smithery,Sturdy,None,false
MaverickCap,524,Smithery,Sturdy,None,false
MaverickGloves,525,Smithery,Sturdy,None,false
MaverickBoots,526,Smithery,Sturdy,None,false
AscendantLongsword,527,Smithery,Calibrated,None,false
AscendantKnife,528,Smithery,Calibrated,None,false
AscendantGreatSword,529,Smithery,Calibrated,None,false
AscendantSpear,530,Smithery,Calibrated,None,false
AscendantTwinBlade,531,Smithery,Calibrated,None,false
AscendantKatar,532,Smithery,Calibrated,None,false
AscendantStaff,533,Smithery,Calibrated,None,false
AscendantPistol,534,Smithery,Calibrated,None,false
AscendantShuriken,535,Smithery,Calibrated,None,false
AscendantRifle,536,Smithery,Calibrated,None,false
AscendantElectroblade,537,Smithery,Calibrated,None,false
AscendantTwinElectroblade,538,Smithery,Calibrated,None,false
AscendantTrainingSaber,539,Smithery,Calibrated,None,false
AscendantTrainingSaberstaff,540,Smithery,Calibrated,None,false
AegisShield,541,Smithery,Sturdy,None,false
AegisCloak,542,Smithery,Delicate,None,false
AegisBelt,543,Smithery,Delicate,None,false
AegisRing,544,Smithery,Delicate,None,false
AegisNecklace,545,Smithery,Delicate,None,false
AegisBreastplate,546,Smithery,Sturdy,None,false
AegisHelmet,547,Smithery,Sturdy,None,false
AegisBracer,548,Smithery,Sturdy,None,false
AegisLeggings,549,Smithery,Sturdy,None,false
LuminaryCloak,550,Smithery,Delicate,None,false
LuminaryBelt,551,Smithery,Delicate,None,false
LuminaryRing,552,Smithery,Delicate,None,false
LuminaryNecklace,553,Smithery,Delicate,None,false
LuminaryTunic,554,Smithery,Sturdy,None,false
LuminaryCap,555,Smithery,Sturdy,None,false
LuminaryGloves,556,Smithery,Sturdy,None,false
LuminaryBoots,557,Smithery,Sturdy,None,false
ApexCloak,558,Smithery,Delicate,None,false
ApexBelt,559,Smithery,Delicate,None,false
ApexRing,560,Smithery,Delicate,None,false
ApexNecklace,561,Smithery,Delicate,None,false
ApexTunic,562,Smithery,Sturdy,None,false
ApexCap,563,Smithery,Sturdy,None,false
ApexGloves,564,Smithery,Sturdy,None,false
ApexBoots,565,Smithery,Sturdy,None,false
ArkanianDragonArmor,566,Smithery,Sturdy,None,false
FanghideVest,567,Smithery,Sturdy,None,false
FanghideWraps,568,Smithery,Sturdy,None,false
FanghideTreads,569,Smithery,Sturdy,None,false
FanghideSash,570,Smithery,Sturdy,None,false
FanghideMantle,571,Smithery,Sturdy,None,false
FanghideCollar,572,Smithery,Sturdy,None,false
FanghideBand,573,Smithery,Sturdy,None,false
FanghideGuard,574,Smithery,Sturdy,None,false
FanghideVisor,575,Smithery,Sturdy,None,false
FanghideCharm,576,Smithery,Sturdy,None,false
FangmarkedBand,577,Smithery,Sturdy,None,false
FanghideBinding,578,Smithery,Sturdy,None,false
SkycrestHarness,579,Smithery,Sturdy,None,false
SkycrestTalonwraps,580,Smithery,Sturdy,None,false
SkycrestStriders,581,Smithery,Sturdy,None,false
SkycrestSash,582,Smithery,Sturdy,None,false
SkycrestMantle,583,Smithery,Sturdy,None,false
SkycrestGorget,584,Smithery,Sturdy,None,false
SkycrestBand,585,Smithery,Sturdy,None,false
SkycrestGuard,586,Smithery,Sturdy,None,false
SkycrestVisor,587,Smithery,Sturdy,None,false
SkycrestCharm,588,Smithery,Sturdy,None,false
SkycrestTrophyBand,589,Smithery,Sturdy,None,false
SkycrestBraid,590,Smithery,Sturdy,None,false
GloamweaveHarness,591,Smithery,Sturdy,None,false
GloamweaveWraps,592,Smithery,Sturdy,None,false
GloamweaveTreads,593,Smithery,Sturdy,None,false
GloamweaveSash,594,Smithery,Sturdy,None,false
GloamweaveMantle,595,Smithery,Sturdy,None,false
GloamweaveGorget,596,Smithery,Sturdy,None,false
GloamweaveBand,597,Smithery,Sturdy,None,false
GloamweaveGuard,598,Smithery,Sturdy,None,false
GloamweaveVisor,599,Smithery,Sturdy,None,false
GloamweaveCharm,600,Smithery,Sturdy,None,false
ShellwardHarness,601,Smithery,Sturdy,None,false
ShellwardWraps,602,Smithery,Sturdy,None,false
ShellwardTreads,603,Smithery,Sturdy,None,false
ShellwardSash,604,Smithery,Sturdy,None,false
ShellwardMantle,605,Smithery,Sturdy,None,false
ShellwardGorget,606,Smithery,Sturdy,None,false
ShellwardBand,607,Smithery,Sturdy,None,false
ShellwardGuard,608,Smithery,Sturdy,None,false
ShellwardVisor,609,Smithery,Sturdy,None,false
ShellwardCharm,610,Smithery,Sturdy,None,false
StonebarbHarness,611,Smithery,Sturdy,None,false
StonebarbWraps,612,Smithery,Sturdy,None,false
StonebarbTreads,613,Smithery,Sturdy,None,false
StonebarbSash,614,Smithery,Sturdy,None,false
StonebarbMantle,615,Smithery,Sturdy,None,false
StonebarbGorget,616,Smithery,Sturdy,None,false
StonebarbBand,617,Smithery,Sturdy,None,false
StonebarbGuard,618,Smithery,Sturdy,None,false
StonebarbVisor,619,Smithery,Sturdy,None,false
StonebarbCharm,620,Smithery,Sturdy,None,false
EmberclawHarness,621,Smithery,Sturdy,None,false
EmberclawWraps,622,Smithery,Sturdy,None,false
EmberclawTreads,623,Smithery,Sturdy,None,false
EmberclawSash,624,Smithery,Sturdy,None,false
EmberclawMantle,625,Smithery,Sturdy,None,false
EmberclawGorget,626,Smithery,Sturdy,None,false
EmberclawBand,627,Smithery,Sturdy,None,false
EmberclawGuard,628,Smithery,Sturdy,None,false
EmberclawVisor,629,Smithery,Sturdy,None,false
EmberclawCharm,630,Smithery,Sturdy,None,false
PrismhideHarness,631,Smithery,Sturdy,None,false
PrismhideWraps,632,Smithery,Sturdy,None,false
PrismhideTreads,633,Smithery,Sturdy,None,false
PrismhideSash,634,Smithery,Sturdy,None,false
PrismhideMantle,635,Smithery,Sturdy,None,false
PrismhideGorget,636,Smithery,Sturdy,None,false
PrismhideBand,637,Smithery,Sturdy,None,false
PrismhideGuard,638,Smithery,Sturdy,None,false
PrismhideVisor,639,Smithery,Sturdy,None,false
PrismhideCharm,640,Smithery,Sturdy,None,false
MarshguardHarness,641,Smithery,Sturdy,None,false
MarshguardWraps,642,Smithery,Sturdy,None,false
MarshguardTreads,643,Smithery,Sturdy,None,false
MarshguardSash,644,Smithery,Sturdy,None,false
MarshguardMantle,645,Smithery,Sturdy,None,false
MarshguardGorget,646,Smithery,Sturdy,None,false
MarshguardBand,647,Smithery,Sturdy,None,false
MarshguardGuard,648,Smithery,Sturdy,None,false
MarshguardVisor,649,Smithery,Sturdy,None,false
MarshguardCharm,650,Smithery,Sturdy,None,false
FenbloomHarness,651,Smithery,Sturdy,None,false
FenbloomWraps,652,Smithery,Sturdy,None,false
FenbloomTreads,653,Smithery,Sturdy,None,false
FenbloomSash,654,Smithery,Sturdy,None,false
FenbloomMantle,655,Smithery,Sturdy,None,false
FenbloomGorget,656,Smithery,Sturdy,None,false
FenbloomBand,657,Smithery,Sturdy,None,false
FenbloomGuard,658,Smithery,Sturdy,None,false
FenbloomVisor,659,Smithery,Sturdy,None,false
FenbloomCharm,660,Smithery,Sturdy,None,false
TideguardHarness,661,Smithery,Sturdy,None,false
TideguardWraps,662,Smithery,Sturdy,None,false
TideguardTreads,663,Smithery,Sturdy,None,false
TideguardSash,664,Smithery,Sturdy,None,false
TideguardMantle,665,Smithery,Sturdy,None,false
TideguardGorget,666,Smithery,Sturdy,None,false
TideguardBand,667,Smithery,Sturdy,None,false
TideguardGuard,668,Smithery,Sturdy,None,false
TideguardVisor,669,Smithery,Sturdy,None,false
TideguardCharm,670,Smithery,Sturdy,None,false
InkguardHarness,671,Smithery,Sturdy,None,false
InkguardWraps,672,Smithery,Sturdy,None,false
InkguardTreads,673,Smithery,Sturdy,None,false
InkguardSash,674,Smithery,Sturdy,None,false
InkguardMantle,675,Smithery,Sturdy,None,false
InkguardGorget,676,Smithery,Sturdy,None,false
InkguardBand,677,Smithery,Sturdy,None,false
InkguardGuard,678,Smithery,Sturdy,None,false
InkguardVisor,679,Smithery,Sturdy,None,false
InkguardCharm,680,Smithery,Sturdy,None,false
ShatterhideHarness,681,Smithery,Sturdy,None,false
ShatterhideWraps,682,Smithery,Sturdy,None,false
ShatterhideTreads,683,Smithery,Sturdy,None,false
ShatterhideSash,684,Smithery,Sturdy,None,false
ShatterhideMantle,685,Smithery,Sturdy,None,false
ShatterhideGorget,686,Smithery,Sturdy,None,false
ShatterhideBand,687,Smithery,Sturdy,None,false
ShatterhideGuard,688,Smithery,Sturdy,None,false
ShatterhideVisor,689,Smithery,Sturdy,None,false
ShatterhideCharm,690,Smithery,Sturdy,None,false
StitchplateLockGloves,691,Smithery,Calibrated,None,false
FalseFaceFieldVisor,692,Smithery,Calibrated,None,false
QuietstepReinforcedBoots,693,Smithery,Calibrated,None,false
DeadDropArmoredCloak,694,Smithery,Calibrated,None,false
BlacksiteBreachHarness,695,Smithery,Calibrated,None,false
SunCuredHideCuirass,696,Smithery,Sturdy,None,false
ScopewrightCap,697,Smithery,Sturdy,None,false
WindcallerMantle,698,Smithery,Sturdy,None,false
WarbandHelm,699,Smithery,Sturdy,None,false
BedRoll,1001,Fabrication,Delicate,None,true
Easel,1002,Fabrication,Delicate,None,false
Candle,1003,Fabrication,Delicate,None,false
Carpet,1004,Fabrication,Delicate,None,false
Cot,1005,Fabrication,Delicate,None,false
Keg,1006,Fabrication,Delicate,None,false
ChairWoodSmall,1007,Fabrication,Delicate,None,false
RopeCoil,1008,Fabrication,Delicate,None,false
ThrowRug,1009,Fabrication,Delicate,None,false
ChairWood,1010,Fabrication,Delicate,None,false
Cushions,1011,Fabrication,Delicate,None,false
TableWood,1012,Fabrication,Delicate,None,false
BenchWoodSmall,1013,Fabrication,Delicate,None,false
TableWoodWithFish,1014,Fabrication,Delicate,None,false
HandChair,1015,Fabrication,Delicate,None,false
Footstool,1016,Fabrication,Delicate,None,false
Pedestal,1017,Fabrication,Delicate,None,false
Tome,1018,Fabrication,Delicate,None,false
PottedPlant,1019,Fabrication,Delicate,None,false
Net,1020,Fabrication,Delicate,None,false
Gong,1021,Fabrication,Delicate,None,false
DoorwayMetal,1022,Fabrication,Delicate,None,false
BirdCage,1023,Fabrication,Delicate,None,false
TorchBracket,1024,Fabrication,Delicate,None,false
ObeliskSmall,1025,Fabrication,Delicate,None,false
TableWoodLarge,1026,Fabrication,Delicate,None,false
FridgeWorn,1027,Fabrication,Delicate,None,false
LadderLight,1028,Fabrication,Delicate,None,false
Birdbath,1029,Fabrication,Delicate,None,false
BenchWood,1030,Fabrication,Delicate,None,false
LadderDark,1031,Fabrication,Delicate,None,false
PillarWoodDark,1032,Fabrication,Delicate,None,false
Window,1033,Fabrication,Delicate,None,false
PedestalEvil,1034,Fabrication,Delicate,None,false
BrazierRound,1035,Fabrication,Delicate,None,false
VaseTall,1036,Fabrication,Delicate,None,false
BrazierStone,1037,Fabrication,Delicate,None,false
Ottoman,1038,Fabrication,Delicate,None,false
StatueGuardian,1039,Fabrication,Delicate,None,false
LampPost,1040,Fabrication,Delicate,None,false
FlamingStatue,1041,Fabrication,Delicate,None,false
PillarRounded,1042,Fabrication,Delicate,None,false
Jukebox,1043,Fabrication,Delicate,None,false
Painting1,1044,Fabrication,Delicate,None,false
DoorwayStone,1045,Fabrication,Delicate,None,false
PillarWood,1046,Fabrication,Delicate,None,false
StatueMonster,1047,Fabrication,Delicate,None,false
Candelabra,1048,Fabrication,Delicate,None,false
FridgeDark,1049,Fabrication,Delicate,None,false
ObeliskLarge,1050,Fabrication,Delicate,None,false
GnomishContraption,1051,Fabrication,Delicate,None,false
FemaleStatue,1052,Fabrication,Delicate,None,false
VaseRounded,1053,Fabrication,Delicate,None,false
PedestalSword,1054,Fabrication,Delicate,None,false
BedWoodYellow,1055,Fabrication,Delicate,None,false
Urn,1056,Fabrication,Delicate,None,false
PillarStone,1057,Fabrication,Delicate,None,false
Cage,1058,Fabrication,Delicate,None,true
OvergrownPillar,1059,Fabrication,Delicate,None,false
FloorAnchoredShackles,1060,Fabrication,Delicate,None,false
StatueWyvern,1061,Fabrication,Delicate,None,false
BunkBed,1062,Fabrication,Delicate,None,false
Fountain,1063,Fabrication,Delicate,None,false
RoundWoodenTable,1064,Fabrication,Delicate,None,false
AltarStone,1065,Fabrication,Delicate,None,false
StatueOfLathander,1066,Fabrication,Delicate,None,false
BearSkinRug,1067,Fabrication,Delicate,None,false
CarpetFancy,1068,Fabrication,Delicate,None,false
AltarEvil,1069,Fabrication,Delicate,None,false
IllithidTable,1070,Fabrication,Delicate,None,false
FridgeStainless,1071,Fabrication,Delicate,None,false
TableStoneSmall,1072,Fabrication,Delicate,None,false
BedLarge,1073,Fabrication,Delicate,None,false
StatueWizard,1074,Fabrication,Delicate,None,false
BenchLarge,1075,Fabrication,Delicate,None,false
TableStoneLarge,1076,Fabrication,Delicate,None,false
CarpetRoundBlue,1077,Fabrication,Delicate,None,false
Chandelier,1078,Fabrication,Delicate,None,false
ChairWoodMedium,1079,Fabrication,Delicate,None,false
StatueHuge,1080,Fabrication,Delicate,None,false
BenchStoneDwarven,1081,Fabrication,Delicate,None,false
PillarFlame,1082,Fabrication,Delicate,None,false
DrowTable,1083,Fabrication,Delicate,None,false
MiningWellPlatform,1084,Fabrication,Delicate,None,false
MiningWell,1085,Fabrication,Delicate,None,false
BedStoneYellow,1086,Fabrication,Delicate,None,false
Mirror,1087,Fabrication,Delicate,None,false
BedExtraLarge,1088,Fabrication,Delicate,None,false
RunePillar,1089,Fabrication,Delicate,None,false
StatueCyric,1090,Fabrication,Delicate,None,false
SphinxStatue,1092,Fabrication,Delicate,None,false
Dartboard,1093,Fabrication,Delicate,None,false
DranStatue,1094,Fabrication,Delicate,None,false
Map,1095,Fabrication,Delicate,None,false
SeaIdol,1096,Fabrication,Delicate,None,false
Painting2,1097,Fabrication,Delicate,None,false
ChairStone,1098,Fabrication,Delicate,None,false
DrowAltar,1099,Fabrication,Delicate,None,false
ThroneWood,1100,Fabrication,Delicate,None,false
IllithidChair,1101,Fabrication,Delicate,None,false
MonsterStatue,1102,Fabrication,Delicate,None,false
ShrineOfUmberlee,1103,Fabrication,Delicate,None,false
CarpetFancySmaller,1104,Fabrication,Delicate,None,false
DrowChair,1105,Fabrication,Delicate,None,false
BenchWoodSmall2,1106,Fabrication,Delicate,None,false
DrowBar,1107,Fabrication,Delicate,None,false
ChairShell,1108,Fabrication,Delicate,None,false
BenchWoodLarge,1109,Fabrication,Delicate,None,false
CouchWoodYellow,1110,Fabrication,Delicate,None,true
WeaponRackWallMounted,1111,Fabrication,Delicate,None,false
StatueTwilek,1112,Fabrication,Delicate,None,false
ChairChancellor,1113,Fabrication,Delicate,None,false
StatueRobedWoman,1114,Fabrication,Delicate,None,false
ArmchairHighBackOrange,1115,Fabrication,Delicate,None,false
ArmchairHighBackBlue,1116,Fabrication,Delicate,None,false
Bench,1117,Fabrication,Delicate,None,false
BannerWallLizard,1118,Fabrication,Delicate,None,false
Bathtub,1119,Fabrication,Delicate,None,false
BedHighBackBlackGrey,1120,Fabrication,Delicate,None,false
BedHighBackBlue,1121,Fabrication,Delicate,None,false
BedMedicalExam,1122,Fabrication,Delicate,None,false
BookshelfPedestalWhite,1123,Fabrication,Delicate,None,false
CabinetCurvedGreyWhite,1124,Fabrication,Delicate,None,false
BedSideTable,1125,Fabrication,Delicate,None,false
BedLow,1126,Fabrication,Delicate,None,false
BannerStanding,1127,Fabrication,Delicate,None,false
ChairCrewGrey,1128,Fabrication,Delicate,None,false
ChairOpenFrameBrown,1129,Fabrication,Delicate,None,false
ChairPedestalWithArms,1130,Fabrication,Delicate,None,false
ChairPedestalPaddedRed,1131,Fabrication,Delicate,None,false
ChairPedestalPanel,1132,Fabrication,Delicate,None,false
ConsoleFloorMountedBlueScreens,1133,Fabrication,Delicate,None,false
ConsoleFloorMountedGreenScreens,1134,Fabrication,Delicate,None,false
CotWithTable,1135,Fabrication,Delicate,None,false
DeskControlBoardInlay,1136,Fabrication,Delicate,None,false
DeskControlCenterLargeScreen,1138,Fabrication,Delicate,None,false
DeskControlCenterWide,1139,Fabrication,Delicate,None,false
DeskCornerWithTerminal,1140,Fabrication,Delicate,None,false
DeskInformationControlCenter,1141,Fabrication,Delicate,None,false
DeskWallTerminalWide,1142,Fabrication,Delicate,None,false
WorkStationDroidRepair,1143,Fabrication,Delicate,None,false
FootlockerModernKeyedEntry,1144,Fabrication,Delicate,None,false
FountainOval,1145,Fabrication,Delicate,None,false
HoloDisplay,1146,Fabrication,Delicate,None,false
HoloDisplay2,1147,Fabrication,Delicate,None,false
HoloDisplay4,1148,Fabrication,Delicate,None,false
HoloDisplay5,1149,Fabrication,Delicate,None,false
HoloProjector1,1150,Fabrication,Delicate,None,false
HoloProjector2,1151,Fabrication,Delicate,None,false
InstrumentPanelLargeMonitorTechnicalData,1152,Fabrication,Delicate,None,false
KoltoTankEmpty,1153,Fabrication,Delicate,None,false
LampEggsPink,1154,Fabrication,Delicate,None,false
LampOnPoles,1155,Fabrication,Delicate,None,false
LanternPostMarble,1156,Fabrication,Delicate,None,false
LockerMetalTrapezoid,1157,Fabrication,Delicate,None,false
MirrorSmall,1158,Fabrication,Delicate,None,false
MonitorWallLogoDisplayBlue,1159,Fabrication,Delicate,None,false
OrnamentSolarSystem,1160,Fabrication,Delicate,None,false
OttomanDecoratedBlack,1161,Fabrication,Delicate,None,false
PipesConduitWithPowerControls,1162,Fabrication,Delicate,None,false
CylinderCrossTop,1163,Fabrication,Delicate,None,false
PotBushClipped,1164,Fabrication,Delicate,None,false
PotBushFlowers,1165,Fabrication,Delicate,None,false
PotBushTall,1166,Fabrication,Delicate,None,false
PotClayUrn,1167,Fabrication,Delicate,None,false
PotFlowerDaisy,1168,Fabrication,Delicate,None,false
PotFlowerYellow,1169,Fabrication,Delicate,None,false
PotLongLeaf1,1170,Fabrication,Delicate,None,false
PotPlantAloa,1171,Fabrication,Delicate,None,false
PotUrnGrecian,1173,Fabrication,Delicate,None,false
SkeletonMedicalDisplay,1174,Fabrication,Delicate,None,false
SpaceSuitTan,1176,Fabrication,Delicate,None,false
SpecimenTubeAlien,1177,Fabrication,Delicate,None,false
SpecimenTubeEmpty,1178,Fabrication,Delicate,None,false
SpecimenTubeTall,1179,Fabrication,Delicate,None,false
StatueBustOnColumn,1180,Fabrication,Delicate,None,false
StatueKneelingMan,1181,Fabrication,Delicate,None,false
StatueRobedFigureWithStaff,1182,Fabrication,Delicate,None,false
StatueSenator,1183,Fabrication,Delicate,None,false
StorageTankHemisphereWithMonitor,1184,Fabrication,Delicate,None,false
StuffedToyBantha,1185,Fabrication,Delicate,None,false
TableCoffeeElegantWhite,1186,Fabrication,Delicate,None,false
TableConferenceCentreCloth,1187,Fabrication,Delicate,None,false
TableOvalCentreLegDark,1188,Fabrication,Delicate,None,false
TableOvalLowBlue,1189,Fabrication,Delicate,None,false
TableRoundLowBlue,1190,Fabrication,Delicate,None,false
TableStoneBlue,1191,Fabrication,Delicate,None,false
TableStoneBrown,1192,Fabrication,Delicate,None,false
TableWallOval,1193,Fabrication,Delicate,None,false
ToiletWhiteWithCistern,1194,Fabrication,Delicate,None,false
WallLightCurved,1195,Fabrication,Delicate,None,false
WallLightOctagon,1196,Fabrication,Delicate,None,false
WardrobeCurvedWhite,1197,Fabrication,Delicate,None,false
WashbasinLeverFaucet,1198,Fabrication,Delicate,None,false
WeaponRack,1199,Fabrication,Delicate,None,false
DeskWallTerminal,1200,Fabrication,Delicate,None,false
Cookpot,1201,Fabrication,Delicate,None,false
EngineeringTerminal,1202,Fabrication,Delicate,None,false
FabricationTerminal,1203,Fabrication,Delicate,None,false
Refinery,1204,Fabrication,Delicate,None,false
SmitheryBench,1205,Fabrication,Delicate,None,false
RugClassicLightBrown,1206,Fabrication,Delicate,None,false
PileOfCushionsWhite,1207,Fabrication,Delicate,None,false
Oven,1208,Fabrication,Delicate,None,false
CoffeeMaker,1209,Fabrication,Delicate,None,false
MicrowaveBlack,1210,Fabrication,Delicate,None,false
BarWhite,1211,Fabrication,Delicate,None,false
CouchLeatherBlue,1212,Fabrication,Delicate,None,false
DNAExtractor1,1213,Fabrication,Delicate,None,false
TablePlasticLarge,1214,Fabrication,Delicate,None,false
TableRoundOak,1215,Fabrication,Delicate,None,false
MetalWallWideLight,1216,Fabrication,Delicate,None,false
StoreCounterStained,1217,Fabrication,Delicate,None,false
ChairLargeGreyRed,1218,Fabrication,Delicate,None,false
BunkBedMetalGrey,1219,Fabrication,Delicate,None,false
ShowerWhite,1220,Fabrication,Delicate,None,false
ShowerFloorBasin,1221,Fabrication,Delicate,None,false
CouchLeatherPanelsGrey,1222,Fabrication,Delicate,None,false
ShelvesWarehouseFull,1223,Fabrication,Delicate,None,false
BookshelfJedi,1224,Fabrication,Delicate,None,false
MetalWallSinglePipes,1225,Fabrication,Delicate,None,false
Incubator,1226,Fabrication,Delicate,None,false
TelevisionBigScreen,1227,Fabrication,Delicate,None,false
TelevisionOldModel,1228,Fabrication,Delicate,None,false
FoyerChandelier,1229,Fabrication,Delicate,None,false
MetalWallDoorLight,1230,Fabrication,Delicate,None,false
MetalWallWidePanels,1231,Fabrication,Delicate,None,false
MetalWallDoorPanels,1232,Fabrication,Delicate,None,false
MetalWallSingleLight,1233,Fabrication,Delicate,None,false
MetalWallSingleRibbed,1234,Fabrication,Delicate,None,false
MetalWallWideRibbed,1235,Fabrication,Delicate,None,false
MetalWallDoorRibbed,1236,Fabrication,Delicate,None,false
MetalWallWidePipes,1237,Fabrication,Delicate,None,false
MetalWallDoorPipes,1238,Fabrication,Delicate,None,false
CouchCushionGreyRed,1239,Fabrication,Delicate,None,false
BenchElegantGrey,1240,Fabrication,Delicate,None,false
ChaiseLoungeOrange,1241,Fabrication,Delicate,None,false
CouchBlanketCoverRed,1242,Fabrication,Delicate,None,false
ChairPlinth,1243,Fabrication,Delicate,None,false
ChairDiningGrey,1244,Fabrication,Delicate,None,false
ChaiseLoungeRed,1245,Fabrication,Delicate,None,false
ChairDiningOrange,1246,Fabrication,Delicate,None,false
TablePolygonDesign,1247,Fabrication,Delicate,None,false
TableRoundGlass,1248,Fabrication,Delicate,None,false
TableDarkGlass,1249,Fabrication,Delicate,None,false
DroidAssemblyTerminal,1250,Fabrication,Delicate,None,false
BeastStablesTerminal,1251,Fabrication,Delicate,None,false
DNAExtractor2,1252,Fabrication,Delicate,None,false
DNAExtractor3,1253,Fabrication,Delicate,None,false
DNAExtractor4,1254,Fabrication,Delicate,None,false
DNAExtractor5,1255,Fabrication,Delicate,None,false
ResearchTerminal,1256,Fabrication,Delicate,None,false
TableDarkwood,1257,Fabrication,Delicate,None,false
TableCoffeeShelf,1258,Fabrication,Delicate,None,false
UmbrellaBlue,1259,Fabrication,Delicate,None,false
UmbrellaRed,1260,Fabrication,Delicate,None,false
LampBars,1261,Fabrication,Delicate,None,false
BedLowBlue,1262,Fabrication,Delicate,None,false
BedLowRed,1263,Fabrication,Delicate,None,false
MatSmallTatami,1264,Fabrication,Delicate,None,false
ChairWoodenPadded,1265,Fabrication,Delicate,None,false
ChairCurvedForm,1266,Fabrication,Delicate,None,false
ChairWoodenStriped,1267,Fabrication,Delicate,None,false
FootlockerBlack,1268,Fabrication,Delicate,None,false
TableSteelStained,1269,Fabrication,Delicate,None,false
MonitorOverhead,1270,Fabrication,Delicate,None,false
PillarPowerControl,1271,Fabrication,Delicate,None,false
ChairDiningGothic,1272,Fabrication,Delicate,None,false
CarpetMedallion,1273,Fabrication,Delicate,None,false
FountainStone4Spouts,1274,Fabrication,Delicate,None,false
SpeakerStanding,1275,Fabrication,Delicate,None,false
LockerOpenShelves,1276,Fabrication,Delicate,None,false
CabinetLiquorMixed,1277,Fabrication,Delicate,None,false
CounterLabStraight,1278,Fabrication,Delicate,None,false
CounterLabSink,1279,Fabrication,Delicate,None,false
ChairBrownWingback,1280,Fabrication,Delicate,None,false
ConsoleTwScreenSpiral,1281,Fabrication,Delicate,None,false
StorageTankCylinder,1282,Fabrication,Delicate,None,false
WorkStationMonitors,1283,Fabrication,Delicate,None,false
ChestLengthwise,1284,Fabrication,Delicate,None,false
ConsoleCentralControl,1285,Fabrication,Delicate,None,false
ConsoleCircularCommand,1286,Fabrication,Delicate,None,false
StorageCargoContainer,1287,Fabrication,Delicate,None,false
ConsoleCornerLarge,1288,Fabrication,Delicate,None,false
PileOfCushionsSquare,1289,Fabrication,Delicate,None,false
PillarDishTower,1290,Fabrication,Delicate,None,false
TrashCan,1291,Fabrication,Delicate,None,false
ScreenClosed,1292,Fabrication,Delicate,None,false
ScreenOpen,1293,Fabrication,Delicate,None,false
ChairDeskBlackDarkGrey,1294,Fabrication,Delicate,None,false
LampBarsDark,1295,Fabrication,Delicate,None,false
MatMediumTatami,1296,Fabrication,Delicate,None,false
LanternFloorSmall,1297,Fabrication,Delicate,None,false
TableCoffeeWoodwGlass,1298,Fabrication,Delicate,None,false
BedArtDeco,1299,Fabrication,Delicate,None,false
WardrobeGreyLow,1300,Fabrication,Delicate,None,false
FountainDarkGrey,1301,Fabrication,Delicate,None,false
CanopyLeather,1302,Fabrication,Delicate,None,false
ConsoleFloorMountedDark,1303,Fabrication,Delicate,None,false
ChairPilot,1304,Fabrication,Delicate,None,false
CarpetTwistedPattern,1305,Fabrication,Delicate,None,false
ConsoleTallwScreenOrange,1306,Fabrication,Delicate,None,false
HoloProjectorStanding,1307,Fabrication,Delicate,None,false
MetalWallSingleIndent,1308,Fabrication,Delicate,None,false
MetalWallWideIndent,1309,Fabrication,Delicate,None,false
MetalWallDoorIndent,1310,Fabrication,Delicate,None,false
HoloDisplay1,1311,Fabrication,Delicate,None,false
MetalWallSingleGrating,1312,Fabrication,Delicate,None,false
MetalWallWideGrating,1313,Fabrication,Delicate,None,false
MetalWallDoorGrating,1314,Fabrication,Delicate,None,false
HoloProjectorSmallTree,1315,Fabrication,Delicate,None,false
MedicalMonitoringUnit,1316,Fabrication,Delicate,None,false
DanceFloor,1317,Fabrication,Delicate,None,false
HoloProjectorHover,1318,Fabrication,Delicate,None,false
StorageWarehouseIndustry,1319,Fabrication,Delicate,None,false
BannerJediOrder,1320,Fabrication,Delicate,None,false
BannerEmpire,1321,Fabrication,Delicate,None,false
BannerMandalorian,1322,Fabrication,Delicate,None,false
BannerRepublic,1323,Fabrication,Delicate,None,false
BannerCartel,1324,Fabrication,Delicate,None,false
MetalWallSingleHazard,1325,Fabrication,Delicate,None,false
MetalWallWideHazard,1326,Fabrication,Delicate,None,false
MetalWallDoorHazard,1327,Fabrication,Delicate,None,false
MetalWallSinglePanels,1328,Fabrication,Delicate,None,false
SwoopBikeBlack,1329,Fabrication,Delicate,None,false
SwoopBikeGrey,1330,Fabrication,Delicate,None,false
SwoopBikeRed,1331,Fabrication,Delicate,None,false
SwoopBikeYellow,1332,Fabrication,Delicate,None,false
Campfire,1333,Fabrication,Delicate,None,false
AshmarkFieldCot,1334,Fabrication,Calibrated,None,false
AshmarkSignalLamp,1335,Fabrication,Calibrated,None,false
AshmarkTrophyStand,1336,Fabrication,Calibrated,None,false
AshmarkLowTable,1337,Fabrication,Calibrated,None,false
AshmarkWallBanner,1338,Fabrication,Calibrated,None,false
AshmarkSupplyLocker,1339,Fabrication,Calibrated,None,false
AshmarkFloorMat,1340,Fabrication,Calibrated,None,false
AshmarkDataConsole,1341,Fabrication,Calibrated,None,false
AshmarkDisplayPlinth,1342,Fabrication,Calibrated,None,false
AshmarkWorkStool,1343,Fabrication,Calibrated,None,false
GuttermarkFieldCot,1344,Fabrication,Calibrated,None,false
GuttermarkSignalLamp,1345,Fabrication,Calibrated,None,false
GuttermarkTrophyStand,1346,Fabrication,Calibrated,None,false
GuttermarkLowTable,1347,Fabrication,Calibrated,None,false
GuttermarkWallBanner,1348,Fabrication,Calibrated,None,false
GuttermarkSupplyLocker,1349,Fabrication,Calibrated,None,false
GuttermarkFloorMat,1350,Fabrication,Calibrated,None,false
GuttermarkDataConsole,1351,Fabrication,Calibrated,None,false
GuttermarkDisplayPlinth,1352,Fabrication,Calibrated,None,false
GuttermarkWorkStool,1353,Fabrication,Calibrated,None,false
TrailmarkFieldCot,1354,Fabrication,Calibrated,None,false
TrailmarkSignalLamp,1355,Fabrication,Calibrated,None,false
TrailmarkTrophyStand,1356,Fabrication,Calibrated,None,false
TrailmarkLowTable,1357,Fabrication,Calibrated,None,false
TrailmarkWallBanner,1358,Fabrication,Calibrated,None,false
TrailmarkSupplyLocker,1359,Fabrication,Calibrated,None,false
TrailmarkFloorMat,1360,Fabrication,Calibrated,None,false
TrailmarkDataConsole,1361,Fabrication,Calibrated,None,false
TrailmarkDisplayPlinth,1362,Fabrication,Calibrated,None,false
TrailmarkWorkStool,1363,Fabrication,Calibrated,None,false
StonewakeFieldCot,1364,Fabrication,Calibrated,None,false
StonewakeSignalLamp,1365,Fabrication,Calibrated,None,false
StonewakeTrophyStand,1366,Fabrication,Calibrated,None,false
StonewakeLowTable,1367,Fabrication,Calibrated,None,false
StonewakeWallBanner,1368,Fabrication,Calibrated,None,false
StonewakeSupplyLocker,1369,Fabrication,Calibrated,None,false
StonewakeFloorMat,1370,Fabrication,Calibrated,None,false
StonewakeDataConsole,1371,Fabrication,Calibrated,None,false
StonewakeDisplayPlinth,1372,Fabrication,Calibrated,None,false
StonewakeWorkStool,1373,Fabrication,Calibrated,None,false
AegislineFieldCot,1374,Fabrication,Calibrated,None,false
AegislineSignalLamp,1375,Fabrication,Calibrated,None,false
AegislineTrophyStand,1376,Fabrication,Calibrated,None,false
AegislineLowTable,1377,Fabrication,Calibrated,None,false
AegislineWallBanner,1378,Fabrication,Calibrated,None,false
AegislineSupplyLocker,1379,Fabrication,Calibrated,None,false
AegislineFloorMat,1380,Fabrication,Calibrated,None,false
AegislineDataConsole,1381,Fabrication,Calibrated,None,false
AegislineDisplayPlinth,1382,Fabrication,Calibrated,None,false
AegislineWorkStool,1383,Fabrication,Calibrated,None,false
VeilcarvedFieldCot,1384,Fabrication,Delicate,None,false
VeilcarvedSignalLamp,1385,Fabrication,Delicate,None,false
VeilcarvedTrophyStand,1386,Fabrication,Delicate,None,false
VeilcarvedLowTable,1387,Fabrication,Delicate,None,false
VeilcarvedWallBanner,1388,Fabrication,Delicate,None,false
VeilcarvedSupplyLocker,1389,Fabrication,Delicate,None,false
VeilcarvedFloorMat,1390,Fabrication,Delicate,None,false
VeilcarvedDataConsole,1391,Fabrication,Delicate,None,false
VeilcarvedDisplayPlinth,1392,Fabrication,Delicate,None,false
VeilcarvedWorkStool,1393,Fabrication,Delicate,None,false
SurgewakeFieldCot,1394,Fabrication,Calibrated,None,false
SurgewakeSignalLamp,1395,Fabrication,Calibrated,None,false
SurgewakeTrophyStand,1396,Fabrication,Calibrated,None,false
SurgewakeLowTable,1397,Fabrication,Calibrated,None,false
SurgewakeWallBanner,1398,Fabrication,Calibrated,None,false
SurgewakeSupplyLocker,1399,Fabrication,Calibrated,None,false
SurgewakeFloorMat,1400,Fabrication,Calibrated,None,false
SurgewakeDataConsole,1401,Fabrication,Calibrated,None,false
SurgewakeDisplayPlinth,1402,Fabrication,Calibrated,None,false
SurgewakeWorkStool,1403,Fabrication,Calibrated,None,false
ResonantFieldCot,1404,Fabrication,Calibrated,None,false
ResonantSignalLamp,1405,Fabrication,Calibrated,None,false
ResonantTrophyStand,1406,Fabrication,Calibrated,None,false
ResonantLowTable,1407,Fabrication,Calibrated,None,false
ResonantWallBanner,1408,Fabrication,Calibrated,None,false
ResonantSupplyLocker,1409,Fabrication,Calibrated,None,false
ResonantFloorMat,1410,Fabrication,Calibrated,None,false
ResonantDataConsole,1411,Fabrication,Calibrated,None,false
ResonantDisplayPlinth,1412,Fabrication,Calibrated,None,false
ResonantWorkStool,1413,Fabrication,Calibrated,None,false
FieldlineFieldCot,1414,Fabrication,Calibrated,None,false
FieldlineSignalLamp,1415,Fabrication,Calibrated,None,false
FieldlineTrophyStand,1416,Fabrication,Calibrated,None,false
FieldlineLowTable,1417,Fabrication,Calibrated,None,false
FieldlineWallBanner,1418,Fabrication,Calibrated,None,false
FieldlineSupplyLocker,1419,Fabrication,Calibrated,None,false
FieldlineFloorMat,1420,Fabrication,Calibrated,None,false
FieldlineDataConsole,1421,Fabrication,Calibrated,None,false
FieldlineDisplayPlinth,1422,Fabrication,Calibrated,None,false
FieldlineWorkStool,1423,Fabrication,Calibrated,None,false
CommandlineFieldCot,1424,Fabrication,Calibrated,None,false
CommandlineSignalLamp,1425,Fabrication,Calibrated,None,false
CommandlineTrophyStand,1426,Fabrication,Calibrated,None,false
CommandlineLowTable,1427,Fabrication,Calibrated,None,false
CommandlineWallBanner,1428,Fabrication,Calibrated,None,false
CommandlineSupplyLocker,1429,Fabrication,Calibrated,None,false
CommandlineFloorMat,1430,Fabrication,Calibrated,None,false
CommandlineDataConsole,1431,Fabrication,Calibrated,None,false
CommandlineDisplayPlinth,1432,Fabrication,Calibrated,None,false
CommandlineWorkStool,1433,Fabrication,Calibrated,None,false
ReinforcedConstructionParts,1496,Fabrication,Sturdy,None,false
ReinforcedPowerSupplyUnit,1497,Fabrication,Sturdy,None,false
ConstructionParts,1498,Fabrication,Sturdy,None,false
PowerSupplyUnit,1499,Fabrication,Sturdy,None,false
CityHallStyle1,1500,Fabrication,Sturdy,None,false
BankStyle1,1501,Fabrication,Sturdy,None,false
MedicalCenterStyle1,1502,Fabrication,Sturdy,None,false
StarportStyle1,1503,Fabrication,Sturdy,None,false
CantinaStyle1,1504,Fabrication,Sturdy,None,false
SmallHouseStyle1,1505,Fabrication,Sturdy,None,false
SmallHouseStyle2,1506,Fabrication,Sturdy,None,false
SmallHouseStyle3,1507,Fabrication,Sturdy,None,false
SmallHouseStyle4,1508,Fabrication,Sturdy,None,false
MediumHouseStyle1,1509,Fabrication,Sturdy,None,false
MediumHouseStyle2,1510,Fabrication,Sturdy,None,false
MediumHouseStyle3,1511,Fabrication,Sturdy,None,false
MediumHouseStyle4,1512,Fabrication,Sturdy,None,false
LargeHouseStyle1,1513,Fabrication,Sturdy,None,false
LargeHouseStyle2,1514,Fabrication,Sturdy,None,false
LargeHouseStyle3,1515,Fabrication,Sturdy,None,false
LargeHouseStyle4,1516,Fabrication,Sturdy,None,false
LabStyle1,1517,Fabrication,Sturdy,None,false
RustlineDataTerminal,1518,Fabrication,Calibrated,None,false
CipherfileCabinet,1519,Fabrication,Calibrated,None,false
ListeningPostMonitor,1520,Fabrication,Calibrated,None,false
GhostChannelConsole,1521,Fabrication,Calibrated,None,false
BlacksiteAnalysisStation,1522,Fabrication,Calibrated,None,false
MynockMeatBall,2001,Agriculture,Delicate,None,true
WarocasPotPie,2002,Agriculture,Delicate,None,false
SugarCookies,2003,Agriculture,Delicate,None,false
OrangeJuice,2004,Agriculture,Delicate,None,false
PebbleSoup,2005,Agriculture,Delicate,None,false
MynockBroth,2006,Agriculture,Delicate,None,false
Noodles,2007,Agriculture,Delicate,None,false
KathSandwich,2008,Agriculture,Delicate,None,false
KinrathMeatBall,2009,Agriculture,Delicate,None,false
LemonCookies,2010,Agriculture,Delicate,None,false
ViscaranHerbSoup,2011,Agriculture,Delicate,None,false
RedCurry,2012,Agriculture,Delicate,None,false
OrangeAuLait,2013,Agriculture,Delicate,None,false
KathBloodBroth,2014,Agriculture,Delicate,None,false
GimpassaSandwich,2015,Agriculture,Delicate,None,false
GimpassaStew,2016,Agriculture,Delicate,None,false
RaivorMeatBall,2017,Agriculture,Delicate,None,false
CairnmogPotPie,2018,Agriculture,Delicate,None,false
ChocolateCookies,2019,Agriculture,Delicate,None,false
AppleJuice,2020,Agriculture,Delicate,None,false
PeaSoup,2021,Agriculture,Delicate,None,false
RaivorBroth,2022,Agriculture,Delicate,None,false
SobaNoodles,2023,Agriculture,Delicate,None,false
CairnmogSandwich,2024,Agriculture,Delicate,None,false
NashtahMeatBall,2025,Agriculture,Delicate,None,false
MysteryCookies,2026,Agriculture,Delicate,None,false
MandoHerbSoup,2027,Agriculture,Delicate,None,false
GreenCurry,2028,Agriculture,Delicate,None,false
AppleAuLait,2029,Agriculture,Delicate,None,false
RaivorBloodBroth,2030,Agriculture,Delicate,None,false
NashtahSandwich,2031,Agriculture,Delicate,None,false
NashtahStew,2032,Agriculture,Delicate,None,false
AradileMeatBall,2033,Agriculture,Delicate,None,false
TigerPotPie,2034,Agriculture,Delicate,None,false
AcornCookies,2035,Agriculture,Delicate,None,false
PineappleJuice,2036,Agriculture,Delicate,None,false
VegetableSoup,2037,Agriculture,Delicate,None,false
AradileBroth,2038,Agriculture,Delicate,None,false
RamenNoodles,2039,Agriculture,Delicate,None,false
AradileSandwich,2040,Agriculture,Delicate,None,false
ByyskMeatBall,2041,Agriculture,Delicate,None,true
CinnaCookies,2042,Agriculture,Delicate,None,false
MonCalaHerbSoup,2043,Agriculture,Delicate,None,false
OrangeCurry,2044,Agriculture,Delicate,None,false
PineappleAuLait,2045,Agriculture,Delicate,None,false
AmphiHydrusBloodBroth,2046,Agriculture,Delicate,None,false
SnakeSandwich,2047,Agriculture,Delicate,None,false
SnakeStew,2048,Agriculture,Delicate,None,false
WompRatMeatBall,2049,Agriculture,Delicate,None,false
SandDemonPotPie,2050,Agriculture,Delicate,None,false
GingerCookies,2051,Agriculture,Delicate,None,false
MelonJuice,2052,Agriculture,Delicate,None,false
MushroomSoup,2053,Agriculture,Delicate,None,false
WompRatBroth,2054,Agriculture,Delicate,None,false
SoyRamen,2055,Agriculture,Delicate,None,false
SurpriseSandwich,2056,Agriculture,Delicate,None,false
TuskenMeatBall,2057,Agriculture,Delicate,None,false
WalnutCookies,2058,Agriculture,Delicate,None,false
DesertHerbSoup,2059,Agriculture,Delicate,None,false
YellowCurry,2060,Agriculture,Delicate,None,false
MelonAuLait,2061,Agriculture,Delicate,None,false
TuskenBloodBroth,2062,Agriculture,Delicate,None,false
SandDemonSandwich,2063,Agriculture,Delicate,None,false
SandDemonStew,2064,Agriculture,Delicate,None,false
WildMeatBall,2065,Agriculture,Delicate,None,false
WildPotPie,2066,Agriculture,Delicate,None,false
WildCookies,2067,Agriculture,Delicate,None,false
TomatoJuice,2068,Agriculture,Delicate,None,false
MisoSoup,2069,Agriculture,Delicate,None,false
WildBroth,2070,Agriculture,Delicate,None,false
MisoRamen,2071,Agriculture,Delicate,None,false
WildSandwich,2072,Agriculture,Delicate,None,false
GrandioseMeatBall,2073,Agriculture,Delicate,None,false
WizardCookies,2074,Agriculture,Delicate,None,false
DathHerbSoup,2075,Agriculture,Delicate,None,false
WildCurry,2076,Agriculture,Delicate,None,false
TomatoAuLait,2077,Agriculture,Delicate,None,false
WildBloodBroth,2078,Agriculture,Delicate,None,false
GrandioseSandwich,2079,Agriculture,Delicate,None,false
WildStew,2080,Agriculture,Delicate,None,true
KlorslugSurprise,2082,Agriculture,Delicate,None,false
RoastCarp,2083,Agriculture,Delicate,None,false
MarimoStew,2084,Agriculture,Delicate,None,false
UrchinSushi,2085,Agriculture,Delicate,None,false
BlackenedNewt,2086,Agriculture,Delicate,None,false
CookedJellyfish,2087,Agriculture,Delicate,None,false
DenziTreat,2088,Agriculture,Delicate,None,false
PeeledCrayfish,2089,Agriculture,Delicate,None,false
PeeledLobster,2090,Agriculture,Delicate,None,false
CookedBibikibo,2091,Agriculture,Delicate,None,false
SlicedSardine,2092,Agriculture,Delicate,None,false
FishBroth,2093,Agriculture,Delicate,None,false
CookedSardine,2094,Agriculture,Delicate,None,false
RaKaznarSpecial,2095,Agriculture,Delicate,None,false
Maringna,2096,Agriculture,Delicate,None,false
CookedMackerel,2097,Agriculture,Delicate,None,false
GreedieStew,2098,Agriculture,Delicate,None,false
BlackenedFrog,2099,Agriculture,Delicate,None,false
BrainStew,2100,Agriculture,Delicate,None,false
CookedSiredon,2101,Agriculture,Delicate,None,false
CookedIstavrit,2102,Agriculture,Delicate,None,false
CookedSalpa,2103,Agriculture,Delicate,None,false
HerbQuus,2104,Agriculture,Delicate,None,false
CarpSushi,2105,Agriculture,Delicate,None,false
GoldfishBowl,2106,Agriculture,Delicate,None,false
BlackenedHoptoad,2107,Agriculture,Delicate,None,false
SmokedSalmon,2108,Agriculture,Delicate,None,false
DeepwaterBroth,2109,Agriculture,Delicate,None,false
WhitePeeledLobster,2110,Agriculture,Delicate,None,false
FatGreedieStew,2111,Agriculture,Delicate,None,false
IdolSushi,2112,Agriculture,Delicate,None,false
GurnardStew,2113,Agriculture,Delicate,None,false
BakedNebimonite,2114,Agriculture,Delicate,None,false
TricoloredSushi,2115,Agriculture,Delicate,None,false
FishChips,2116,Agriculture,Delicate,None,false
RoastPipira,2117,Agriculture,Delicate,None,false
SlicedCod,2118,Agriculture,Delicate,None,false
BonefishBroth,2119,Agriculture,Delicate,None,false
SteamedCatfish,2120,Agriculture,Delicate,None,false
CookedYayinbaligi,2121,Agriculture,Delicate,None,false
DeadStew,2122,Agriculture,Delicate,None,false
LongLingLung,2123,Agriculture,Delicate,None,false
BassMeuniere,2124,Agriculture,Delicate,None,false
CrystalSushi,2125,Agriculture,Delicate,None,false
EelectricSoup,2126,Agriculture,Delicate,None,false
ShiningStew,2127,Agriculture,Delicate,None,false
PopperBowl,2128,Agriculture,Delicate,None,false
PickledHerring,2129,Agriculture,Delicate,None,false
ZoniBroth,2130,Agriculture,Delicate,None,false
SeaBassCroute,2131,Agriculture,Delicate,None,false
ShimmeringBroth,2132,Agriculture,Delicate,None,false
RancidBroth,2133,Agriculture,Delicate,None,false
BreamSushi,2134,Agriculture,Delicate,None,false
OctopusSushi,2135,Agriculture,Delicate,None,false
IkranSushi,2136,Agriculture,Delicate,None,false
WildSushi,2137,Agriculture,Delicate,None,false
TentacleSushi,2138,Agriculture,Delicate,None,false
DoradoSushi,2139,Agriculture,Delicate,None,false
BlubberyFishSubstitute1,2140,Agriculture,Sturdy,None,false
BlubberyFishSubstitute2,2141,Agriculture,Sturdy,None,false
BlubberyFishSubstitute3,2142,Agriculture,Sturdy,None,false
BlubberyFishSubstitute4,2143,Agriculture,Sturdy,None,false
BlubberyFishSubstitute5,2144,Agriculture,Sturdy,None,false
CoarseFishSubstitute1,2145,Agriculture,Sturdy,None,false
CoarseFishSubstitute2,2146,Agriculture,Sturdy,None,false
CoarseFishSubstitute3,2147,Agriculture,Sturdy,None,false
CoarseFishSubstitute4,2148,Agriculture,Sturdy,None,false
CoarseFishSubstitute5,2149,Agriculture,Sturdy,None,false
CookedFishSubstitute1,2150,Agriculture,Sturdy,None,false
CookedFishSubstitute2,2151,Agriculture,Sturdy,None,false
CookedFishSubstitute3,2152,Agriculture,Sturdy,None,false
CookedFishSubstitute4,2153,Agriculture,Sturdy,None,false
CookedFishSubstitute5,2154,Agriculture,Sturdy,None,false
CookedMeatSubstitute1,2155,Agriculture,Sturdy,None,false
CookedMeatSubstitute2,2156,Agriculture,Sturdy,None,false
CookedMeatSubstitute3,2157,Agriculture,Sturdy,None,false
CookedMeatSubstitute4,2158,Agriculture,Sturdy,None,false
CookedMeatSubstitute5,2159,Agriculture,Sturdy,None,false
DryFruitSubstitute1,2160,Agriculture,Sturdy,None,false
DryFruitSubstitute2,2161,Agriculture,Sturdy,None,false
DryFruitSubstitute3,2162,Agriculture,Sturdy,None,false
DryFruitSubstitute4,2163,Agriculture,Sturdy,None,false
DryFruitSubstitute5,2164,Agriculture,Sturdy,None,false
FattyFishSubstitute1,2165,Agriculture,Sturdy,None,false
FattyFishSubstitute2,2166,Agriculture,Sturdy,None,false
FattyFishSubstitute3,2167,Agriculture,Sturdy,None,false
FattyFishSubstitute4,2168,Agriculture,Sturdy,None,false
FattyFishSubstitute5,2169,Agriculture,Sturdy,None,false
FattyMeatSubstitute1,2170,Agriculture,Sturdy,None,false
FattyMeatSubstitute2,2171,Agriculture,Sturdy,None,false
FattyMeatSubstitute3,2172,Agriculture,Sturdy,None,false
FattyMeatSubstitute4,2173,Agriculture,Sturdy,None,false
FattyMeatSubstitute5,2174,Agriculture,Sturdy,None,false
JuicyFruitSubstitute1,2175,Agriculture,Sturdy,None,false
JuicyFruitSubstitute2,2176,Agriculture,Sturdy,None,false
JuicyFruitSubstitute3,2177,Agriculture,Sturdy,None,false
JuicyFruitSubstitute4,2178,Agriculture,Sturdy,None,false
JuicyFruitSubstitute5,2179,Agriculture,Sturdy,None,false
SourFruitSubstitute1,2180,Agriculture,Sturdy,None,false
SourFruitSubstitute2,2181,Agriculture,Sturdy,None,false
SourFruitSubstitute3,2182,Agriculture,Sturdy,None,false
SourFruitSubstitute4,2183,Agriculture,Sturdy,None,false
SourFruitSubstitute5,2184,Agriculture,Sturdy,None,false
StringyMeatSubstitute1,2185,Agriculture,Sturdy,None,false
StringyMeatSubstitute2,2186,Agriculture,Sturdy,None,false
StringyMeatSubstitute3,2187,Agriculture,Sturdy,None,false
StringyMeatSubstitute4,2188,Agriculture,Sturdy,None,false
StringyMeatSubstitute5,2189,Agriculture,Sturdy,None,false
SweetFruitSubstitute1,2190,Agriculture,Sturdy,None,false
SweetFruitSubstitute2,2191,Agriculture,Sturdy,None,false
SweetFruitSubstitute3,2192,Agriculture,Sturdy,None,false
SweetFruitSubstitute4,2193,Agriculture,Sturdy,None,false
SweetFruitSubstitute5,2194,Agriculture,Sturdy,None,false
TenderMeatSubstitute1,2195,Agriculture,Sturdy,None,false
TenderMeatSubstitute2,2196,Agriculture,Sturdy,None,false
TenderMeatSubstitute3,2197,Agriculture,Sturdy,None,false
TenderMeatSubstitute4,2198,Agriculture,Sturdy,None,false
TenderMeatSubstitute5,2199,Agriculture,Sturdy,None,false
MunchFungusBread,2200,Agriculture,Delicate,None,false
DantooineFlapJack,2201,Agriculture,Delicate,None,false
DantooineCarrotCake,2202,Agriculture,Delicate,None,false
KraftersKebab,2203,Agriculture,Delicate,None,false
DathomirPie,2204,Agriculture,Delicate,None,false
FoodSubmissionTokenAgriculture,2205,Agriculture,Calibrated,None,false
ForbiddenGumbo,2206,Agriculture,Delicate,None,false
CookingEnhancementResistanceFire1,2207,Agriculture,Delicate,None,false
CookingEnhancementResistancePoison1,2208,Agriculture,Delicate,None,false
CookingEnhancementResistanceElectrical1,2209,Agriculture,Delicate,None,false
CookingEnhancementResistanceIce1,2210,Agriculture,Delicate,None,false
CookingEnhancementResistanceMind1,2211,Agriculture,Delicate,None,false
CookingEnhancementResistanceMobility1,2212,Agriculture,Delicate,None,false
CookingEnhancementResistanceTrauma1,2213,Agriculture,Delicate,None,false
CookingEnhancementResistanceDisruption1,2214,Agriculture,Delicate,None,false
CookingEnhancementResistanceFire2,2215,Agriculture,Delicate,None,false
CookingEnhancementResistancePoison2,2216,Agriculture,Delicate,None,false
CookingEnhancementResistanceElectrical2,2217,Agriculture,Delicate,None,false
CookingEnhancementResistanceIce2,2218,Agriculture,Delicate,None,false
CookingEnhancementResistanceMind2,2219,Agriculture,Delicate,None,false
CookingEnhancementResistanceMobility2,2220,Agriculture,Delicate,None,false
CookingEnhancementResistanceTrauma2,2221,Agriculture,Delicate,None,false
CookingEnhancementResistanceDisruption2,2222,Agriculture,Delicate,None,false
CookingEnhancementResistanceFire3,2223,Agriculture,Delicate,None,false
CookingEnhancementResistancePoison3,2224,Agriculture,Delicate,None,false
CookingEnhancementResistanceElectrical3,2225,Agriculture,Delicate,None,false
CookingEnhancementResistanceIce3,2226,Agriculture,Delicate,None,false
CookingEnhancementResistanceMind3,2227,Agriculture,Delicate,None,false
CookingEnhancementResistanceMobility3,2228,Agriculture,Delicate,None,false
CookingEnhancementResistanceTrauma3,2229,Agriculture,Delicate,None,false
CookingEnhancementResistanceDisruption3,2230,Agriculture,Delicate,None,false
CookingEnhancementResistanceFire4,2231,Agriculture,Delicate,None,false
CookingEnhancementResistancePoison4,2232,Agriculture,Delicate,None,false
CookingEnhancementResistanceElectrical4,2233,Agriculture,Delicate,None,false
CookingEnhancementResistanceIce4,2234,Agriculture,Delicate,None,false
CookingEnhancementResistanceMind4,2235,Agriculture,Delicate,None,false
CookingEnhancementResistanceMobility4,2236,Agriculture,Delicate,None,false
CookingEnhancementResistanceTrauma4,2237,Agriculture,Delicate,None,false
CookingEnhancementResistanceDisruption4,2238,Agriculture,Delicate,None,false
CookingEnhancementResistanceFire5,2239,Agriculture,Delicate,None,false
CookingEnhancementResistancePoison5,2240,Agriculture,Delicate,None,false
CookingEnhancementResistanceElectrical5,2241,Agriculture,Delicate,None,false
CookingEnhancementResistanceIce5,2242,Agriculture,Delicate,None,false
CookingEnhancementResistanceMind5,2243,Agriculture,Delicate,None,false
CookingEnhancementResistanceMobility5,2244,Agriculture,Delicate,None,false
CookingEnhancementResistanceTrauma5,2245,Agriculture,Delicate,None,false
CookingEnhancementResistanceDisruption5,2246,Agriculture,Delicate,None,false
NalHuttaFizz,2247,Agriculture,Delicate,None,false
BogaNoga,2248,Agriculture,Delicate,None,false
Gardula,2249,Agriculture,Delicate,None,false
KeebadasBinggona,2250,Agriculture,Delicate,None,false
SandoGDizzards,2251,Agriculture,Delicate,None,false
CartelCakes,2252,Agriculture,Delicate,None,false
GloamSkewer,2253,Agriculture,Sturdy,None,false
SavoryShellBraise,2254,Agriculture,Sturdy,None,false
StonebarbPotPie,2255,Agriculture,Sturdy,None,false
EmberclawRoast,2256,Agriculture,Sturdy,None,false
PrismConsomme,2257,Agriculture,Sturdy,None,false
MarshleafBroth,2258,Agriculture,Sturdy,None,false
BitterFenTea,2259,Agriculture,Sturdy,None,false
ResonantBroth,2260,Agriculture,Sturdy,None,false
BrineleafChowder,2261,Agriculture,Sturdy,None,false
FieldRationStew,2262,Agriculture,Sturdy,None,false
DeepwatchBroth,2263,Agriculture,Sturdy,None,false
MidnightInkNoodles,2264,Agriculture,Sturdy,None,false
ShatterfinCurry,2265,Agriculture,Sturdy,None,false
QuietwatchJerky,2266,Agriculture,Delicate,None,false
DustveilTravelCakes,2267,Agriculture,Delicate,None,false
TombwalkerBroth,2268,Agriculture,Delicate,None,false
SnowblindHuntersStew,2269,Agriculture,Delicate,None,false
NightMarchReserve,2270,Agriculture,Delicate,None,false
BasicCapacitorBooster,3001,Engineering,Calibrated,None,false
BasicCombatLaser,3002,Engineering,Calibrated,None,false
BasicEMAmplifier,3003,Engineering,Calibrated,None,false
BasicThermalAmplifier,3004,Engineering,Calibrated,None,false
BasicExplosiveAmplifier,3005,Engineering,Calibrated,None,false
BasicEvasionBooster,3006,Engineering,Calibrated,None,false
BasicHullBooster,3007,Engineering,Calibrated,None,false
BasicHullRepairer,3008,Engineering,Calibrated,None,false
BasicIonCannon,3009,Engineering,Calibrated,None,false
BasicMiningLaser,3010,Engineering,Calibrated,None,true
BasicMissileLauncher,3011,Engineering,Calibrated,None,false
BasicShieldBooster,3012,Engineering,Calibrated,None,false
BasicShieldRepairer,3013,Engineering,Calibrated,None,false
BasicTargetingSystem,3014,Engineering,Calibrated,None,false
CapacitorBooster1,3015,Engineering,Calibrated,None,false
CombatLaser1,3016,Engineering,Calibrated,None,false
EMAmplifier1,3017,Engineering,Calibrated,None,false
ThermalAmplifier1,3018,Engineering,Calibrated,None,false
ExplosiveAmplifier1,3019,Engineering,Calibrated,None,false
EvasionBooster1,3020,Engineering,Calibrated,None,false
HullBooster1,3021,Engineering,Calibrated,None,false
HullRepairer1,3022,Engineering,Calibrated,None,false
IonCannon1,3023,Engineering,Calibrated,None,false
MiningLaser1,3024,Engineering,Calibrated,None,false
MissileLauncher1,3025,Engineering,Calibrated,None,false
ShieldBooster1,3026,Engineering,Calibrated,None,false
ShieldRepairer1,3027,Engineering,Calibrated,None,false
TargetingSystem1,3028,Engineering,Calibrated,None,false
CapacitorBooster2,3029,Engineering,Calibrated,None,true
CombatLaser2,3030,Engineering,Calibrated,None,false
EMAmplifier2,3031,Engineering,Calibrated,None,false
ThermalAmplifier2,3032,Engineering,Calibrated,None,false
ExplosiveAmplifier2,3033,Engineering,Calibrated,None,false
EvasionBooster2,3034,Engineering,Calibrated,None,false
HullBooster2,3035,Engineering,Calibrated,None,false
HullRepairer2,3036,Engineering,Calibrated,None,false
IonCannon2,3037,Engineering,Calibrated,None,false
MiningLaser2,3038,Engineering,Calibrated,None,false
MissileLauncher2,3039,Engineering,Calibrated,None,false
ShieldBooster2,3040,Engineering,Calibrated,None,false
ShieldRepairer2,3041,Engineering,Calibrated,None,false
TargetingSystem2,3042,Engineering,Calibrated,None,false
CapacitorBooster3,3043,Engineering,Calibrated,None,false
CombatLaser3,3044,Engineering,Calibrated,None,false
EMAmplifier3,3045,Engineering,Calibrated,None,false
ThermalAmplifier3,3046,Engineering,Calibrated,None,false
ExplosiveAmplifier3,3047,Engineering,Calibrated,None,false
EvasionBooster3,3048,Engineering,Calibrated,None,false
HullBooster3,3049,Engineering,Calibrated,None,false
HullRepairer3,3050,Engineering,Calibrated,None,false
IonCannon3,3051,Engineering,Calibrated,None,false
MiningLaser3,3052,Engineering,Calibrated,None,false
MissileLauncher3,3053,Engineering,Calibrated,None,false
ShieldBooster3,3054,Engineering,Calibrated,None,false
ShieldRepairer3,3055,Engineering,Calibrated,None,false
TargetingSystem3,3056,Engineering,Calibrated,None,false
CapacitorBooster4,3057,Engineering,Calibrated,None,false
CombatLaser4,3058,Engineering,Calibrated,None,false
EMAmplifier4,3059,Engineering,Calibrated,None,false
ThermalAmplifier4,3060,Engineering,Calibrated,None,false
ExplosiveAmplifier4,3061,Engineering,Calibrated,None,false
EvasionBooster4,3062,Engineering,Calibrated,None,false
HullBooster4,3063,Engineering,Calibrated,None,false
HullRepairer4,3064,Engineering,Calibrated,None,false
IonCannon4,3065,Engineering,Calibrated,None,false
MiningLaser4,3066,Engineering,Calibrated,None,false
MissileLauncher4,3067,Engineering,Calibrated,None,false
ShieldBooster4,3068,Engineering,Calibrated,None,false
ShieldRepairer4,3069,Engineering,Calibrated,None,false
TargetingSystem4,3070,Engineering,Calibrated,None,false
Striker,3071,Engineering,Calibrated,None,false
Condor,3072,Engineering,Calibrated,None,false
Hound,3073,Engineering,Calibrated,None,false
Panther,3074,Engineering,Calibrated,None,false
Saber,3075,Engineering,Calibrated,None,false
Falchion,3076,Engineering,Calibrated,None,false
Mule,3077,Engineering,Calibrated,None,false
Merchant,3078,Engineering,Calibrated,None,false
Throne,3079,Engineering,Calibrated,None,false
Consular,3080,Engineering,Calibrated,None,true
ArmorEnhancementControlSmithery1,3081,Engineering,Delicate,None,false
ArmorEnhancementControlEngineering1,3082,Engineering,Delicate,None,false
ArmorEnhancementControlFabrication1,3083,Engineering,Delicate,None,false
ArmorEnhancementControlAgriculture1,3084,Engineering,Delicate,None,false
ArmorEnhancementCraftsmanshipSmithery1,3085,Engineering,Delicate,None,false
ArmorEnhancementCraftsmanshipEngineering1,3086,Engineering,Delicate,None,false
ArmorEnhancementCraftsmanshipFabrication1,3087,Engineering,Delicate,None,false
ArmorEnhancementCraftsmanshipAgriculture1,3088,Engineering,Delicate,None,false
ArmorEnhancementDefensePhysical1,3089,Engineering,Delicate,None,false
ArmorEnhancementDefenseForce1,3090,Engineering,Delicate,None,false
ArmorEnhancementDefensePoison1,3091,Engineering,Delicate,None,false
ArmorEnhancementDefenseFire1,3092,Engineering,Delicate,None,false
ArmorEnhancementDefenseIce1,3093,Engineering,Delicate,None,false
ArmorEnhancementDefenseElectrical1,3094,Engineering,Delicate,None,false
ArmorEnhancementEvasion1,3095,Engineering,Delicate,None,false
ArmorEnhancementFP1,3096,Engineering,Delicate,None,false
ArmorEnhancementHP1,3097,Engineering,Delicate,None,false
ArmorEnhancementCombatReadiness1,3098,Engineering,Delicate,None,false
ArmorEnhancementSTM1,3099,Engineering,Delicate,None,false
WeaponEnhancementAttackBonus1,3100,Engineering,Delicate,None,false
WeaponEnhancementControlSmithery1,3101,Engineering,Delicate,None,false
WeaponEnhancementControlEngineering1,3102,Engineering,Delicate,None,false
WeaponEnhancementControlFabrication1,3103,Engineering,Delicate,None,false
WeaponEnhancementControlAgriculture1,3104,Engineering,Delicate,None,false
WeaponEnhancementCraftsmanshipSmithery1,3105,Engineering,Delicate,None,false
WeaponEnhancementCraftsmanshipEngineering1,3106,Engineering,Delicate,None,false
WeaponEnhancementCraftsmanshipFabrication1,3107,Engineering,Delicate,None,false
WeaponEnhancementCraftsmanshipAgriculture1,3108,Engineering,Delicate,None,false
WeaponEnhancementDMGPhysical1,3109,Engineering,Delicate,None,false
WeaponEnhancementDMGForce1,3110,Engineering,Delicate,None,false
WeaponEnhancementDMGPoison1,3111,Engineering,Delicate,None,false
WeaponEnhancementDMGFire1,3112,Engineering,Delicate,None,false
WeaponEnhancementDMGIce1,3113,Engineering,Delicate,None,false
WeaponEnhancementElectrical1,3114,Engineering,Delicate,None,false
WeaponEnhancementEvasion1,3115,Engineering,Delicate,None,false
WeaponEnhancementFP1,3116,Engineering,Delicate,None,false
WeaponEnhancementHP1,3117,Engineering,Delicate,None,false
WeaponEnhancementSTM1,3118,Engineering,Delicate,None,false
StructureEnhancementStructureBonus1,3119,Engineering,Delicate,None,false
CookingEnhancementDuration1,3120,Agriculture,Delicate,None,false
CookingEnhancementFP1,3121,Agriculture,Delicate,None,false
CookingEnhancementFPRegen1,3122,Agriculture,Delicate,None,false
CookingEnhancementHP1,3123,Agriculture,Delicate,None,false
CookingEnhancementHPRegen1,3124,Agriculture,Delicate,None,false
CookingEnhancementCombatReadiness1,3125,Agriculture,Delicate,None,false
CookingEnhancementRestRegen1,3126,Agriculture,Delicate,None,false
CookingEnhancementSTM1,3127,Agriculture,Delicate,None,false
CookingEnhancementSTMRegen1,3128,Agriculture,Delicate,None,false
CookingEnhancementXPBonus1,3129,Agriculture,Delicate,None,false
StarshipEnhancementAccuracy1,3130,Engineering,Delicate,None,false
StarshipEnhancementArmor1,3131,Engineering,Delicate,None,false
StarshipEnhancementCapacitor1,3132,Engineering,Delicate,None,false
StarshipEnhancementEMDamage1,3133,Engineering,Delicate,None,false
StarshipEnhancementEMDefense1,3134,Engineering,Delicate,None,false
StarshipEnhancementEvasion1,3135,Engineering,Delicate,None,false
StarshipEnhancementExplosiveDamage1,3136,Engineering,Delicate,None,false
StarshipEnhancementDefense1,3137,Engineering,Delicate,None,false
StarshipEnhancementShield1,3138,Engineering,Delicate,None,false
StarshipEnhancementShieldRechargeRate1,3139,Engineering,Delicate,None,false
StarshipEnhancementThermalDamage1,3140,Engineering,Delicate,None,false
StarshipEnhancementThermalDefense1,3141,Engineering,Delicate,None,false
ModuleEnhancementModuleBonus1,3142,Engineering,Delicate,None,false
ArmorEnhancementControlSmithery2,3143,Engineering,Delicate,None,false
ArmorEnhancementControlEngineering2,3144,Engineering,Delicate,None,false
ArmorEnhancementControlFabrication2,3145,Engineering,Delicate,None,false
ArmorEnhancementControlAgriculture2,3146,Engineering,Delicate,None,false
ArmorEnhancementCraftsmanshipSmithery2,3147,Engineering,Delicate,None,false
ArmorEnhancementCraftsmanshipEngineering2,3148,Engineering,Delicate,None,false
ArmorEnhancementCraftsmanshipFabrication2,3149,Engineering,Delicate,None,false
ArmorEnhancementCraftsmanshipAgriculture2,3150,Engineering,Delicate,None,false
ArmorEnhancementDefensePhysical2,3151,Engineering,Delicate,None,false
ArmorEnhancementDefenseForce2,3152,Engineering,Delicate,None,false
ArmorEnhancementDefensePoison2,3153,Engineering,Delicate,None,false
ArmorEnhancementDefenseFire2,3154,Engineering,Delicate,None,false
ArmorEnhancementDefenseIce2,3155,Engineering,Delicate,None,false
ArmorEnhancementDefenseElectrical2,3156,Engineering,Delicate,None,false
ArmorEnhancementEvasion2,3157,Engineering,Delicate,None,false
ArmorEnhancementFP2,3158,Engineering,Delicate,None,false
ArmorEnhancementHP2,3159,Engineering,Delicate,None,false
ArmorEnhancementCombatReadiness2,3160,Engineering,Delicate,None,false
ArmorEnhancementSTM2,3161,Engineering,Delicate,None,false
WeaponEnhancementAttackBonus2,3162,Engineering,Delicate,None,false
WeaponEnhancementControlSmithery2,3163,Engineering,Delicate,None,false
WeaponEnhancementControlEngineering2,3164,Engineering,Delicate,None,false
WeaponEnhancementControlFabrication2,3165,Engineering,Delicate,None,false
WeaponEnhancementControlAgriculture2,3166,Engineering,Delicate,None,false
WeaponEnhancementCraftsmanshipSmithery2,3167,Engineering,Delicate,None,false
WeaponEnhancementCraftsmanshipEngineering2,3168,Engineering,Delicate,None,false
WeaponEnhancementCraftsmanshipFabrication2,3169,Engineering,Delicate,None,false
WeaponEnhancementCraftsmanshipAgriculture2,3170,Engineering,Delicate,None,false
WeaponEnhancementDMGPhysical2,3171,Engineering,Delicate,None,false
WeaponEnhancementDMGForce2,3172,Engineering,Delicate,None,false
WeaponEnhancementDMGPoison2,3173,Engineering,Delicate,None,false
WeaponEnhancementDMGFire2,3174,Engineering,Delicate,None,false
WeaponEnhancementDMGIce2,3175,Engineering,Delicate,None,false
WeaponEnhancementElectrical2,3176,Engineering,Delicate,None,false
WeaponEnhancementEvasion2,3177,Engineering,Delicate,None,false
WeaponEnhancementFP2,3178,Engineering,Delicate,None,false
WeaponEnhancementHP2,3179,Engineering,Delicate,None,false
WeaponEnhancementSTM2,3180,Engineering,Delicate,None,false
StructureEnhancementStructureBonus2,3181,Engineering,Delicate,None,false
CookingEnhancementDuration2,3182,Agriculture,Delicate,None,false
CookingEnhancementFP2,3183,Agriculture,Delicate,None,false
CookingEnhancementFPRegen2,3184,Agriculture,Delicate,None,false
CookingEnhancementHP2,3185,Agriculture,Delicate,None,false
CookingEnhancementHPRegen2,3186,Agriculture,Delicate,None,false
CookingEnhancementCombatReadiness2,3187,Agriculture,Delicate,None,false
CookingEnhancementRestRegen2,3188,Agriculture,Delicate,None,false
CookingEnhancementSTM2,3189,Agriculture,Delicate,None,false
CookingEnhancementSTMRegen2,3190,Agriculture,Delicate,None,false
CookingEnhancementXPBonus2,3191,Agriculture,Delicate,None,false
StarshipEnhancementAccuracy2,3192,Engineering,Delicate,None,false
StarshipEnhancementArmor2,3193,Engineering,Delicate,None,false
StarshipEnhancementCapacitor2,3194,Engineering,Delicate,None,false
StarshipEnhancementEMDamage2,3195,Engineering,Delicate,None,false
StarshipEnhancementEMDefense2,3196,Engineering,Delicate,None,false
StarshipEnhancementEvasion2,3197,Engineering,Delicate,None,false
StarshipEnhancementExplosiveDamage2,3198,Engineering,Delicate,None,false
StarshipEnhancementDefense2,3199,Engineering,Delicate,None,false
StarshipEnhancementShield2,3200,Engineering,Delicate,None,false
StarshipEnhancementShieldRechargeRate2,3201,Engineering,Delicate,None,false
StarshipEnhancementThermalDamage2,3202,Engineering,Delicate,None,false
StarshipEnhancementThermalDefense2,3203,Engineering,Delicate,None,false
ModuleEnhancementModuleBonus2,3204,Engineering,Delicate,None,false
ArmorEnhancementControlSmithery3,3205,Engineering,Delicate,None,false
ArmorEnhancementControlEngineering3,3206,Engineering,Delicate,None,false
ArmorEnhancementControlFabrication3,3207,Engineering,Delicate,None,false
ArmorEnhancementControlAgriculture3,3208,Engineering,Delicate,None,false
ArmorEnhancementCraftsmanshipSmithery3,3209,Engineering,Delicate,None,false
ArmorEnhancementCraftsmanshipEngineering3,3210,Engineering,Delicate,None,false
ArmorEnhancementCraftsmanshipFabrication3,3211,Engineering,Delicate,None,false
ArmorEnhancementCraftsmanshipAgriculture3,3212,Engineering,Delicate,None,false
ArmorEnhancementDefensePhysical3,3213,Engineering,Delicate,None,false
ArmorEnhancementDefenseForce3,3214,Engineering,Delicate,None,false
ArmorEnhancementDefensePoison3,3215,Engineering,Delicate,None,false
ArmorEnhancementDefenseFire3,3216,Engineering,Delicate,None,false
ArmorEnhancementDefenseIce3,3217,Engineering,Delicate,None,false
ArmorEnhancementDefenseElectrical3,3218,Engineering,Delicate,None,false
ArmorEnhancementEvasion3,3219,Engineering,Delicate,None,false
ArmorEnhancementFP3,3220,Engineering,Delicate,None,false
ArmorEnhancementHP3,3221,Engineering,Delicate,None,false
ArmorEnhancementCombatReadiness3,3222,Engineering,Delicate,None,false
ArmorEnhancementSTM3,3223,Engineering,Delicate,None,false
WeaponEnhancementAttackBonus3,3224,Engineering,Delicate,None,false
WeaponEnhancementControlSmithery3,3225,Engineering,Delicate,None,false
WeaponEnhancementControlEngineering3,3226,Engineering,Delicate,None,false
WeaponEnhancementControlFabrication3,3227,Engineering,Delicate,None,false
WeaponEnhancementControlAgriculture3,3228,Engineering,Delicate,None,false
WeaponEnhancementCraftsmanshipSmithery3,3229,Engineering,Delicate,None,false
WeaponEnhancementCraftsmanshipEngineering3,3230,Engineering,Delicate,None,false
WeaponEnhancementCraftsmanshipFabrication3,3231,Engineering,Delicate,None,false
WeaponEnhancementCraftsmanshipAgriculture3,3232,Engineering,Delicate,None,false
WeaponEnhancementDMGPhysical3,3233,Engineering,Delicate,None,false
WeaponEnhancementDMGForce3,3234,Engineering,Delicate,None,false
WeaponEnhancementEvasion3,3239,Engineering,Delicate,None,false
WeaponEnhancementFP3,3240,Engineering,Delicate,None,false
WeaponEnhancementHP3,3241,Engineering,Delicate,None,false
WeaponEnhancementSTM3,3242,Engineering,Delicate,None,false
StructureEnhancementStructureBonus3,3243,Engineering,Delicate,None,false
CookingEnhancementDuration3,3244,Agriculture,Delicate,None,false
CookingEnhancementFP3,3245,Agriculture,Delicate,None,false
CookingEnhancementFPRegen3,3246,Agriculture,Delicate,None,false
CookingEnhancementHP3,3247,Agriculture,Delicate,None,false
CookingEnhancementHPRegen3,3248,Agriculture,Delicate,None,false
CookingEnhancementCombatReadiness3,3249,Agriculture,Delicate,None,false
CookingEnhancementRestRegen3,3250,Agriculture,Delicate,None,false
CookingEnhancementSTM3,3251,Agriculture,Delicate,None,false
CookingEnhancementSTMRegen3,3252,Agriculture,Delicate,None,false
CookingEnhancementXPBonus3,3253,Agriculture,Delicate,None,false
StarshipEnhancementAccuracy3,3254,Engineering,Delicate,None,false
StarshipEnhancementArmor3,3255,Engineering,Delicate,None,false
StarshipEnhancementCapacitor3,3256,Engineering,Delicate,None,false
StarshipEnhancementEMDamage3,3257,Engineering,Delicate,None,false
StarshipEnhancementEMDefense3,3258,Engineering,Delicate,None,false
StarshipEnhancementEvasion3,3259,Engineering,Delicate,None,false
StarshipEnhancementExplosiveDamage3,3260,Engineering,Delicate,None,false
StarshipEnhancementDefense3,3261,Engineering,Delicate,None,false
StarshipEnhancementShield3,3262,Engineering,Delicate,None,false
StarshipEnhancementShieldRechargeRate3,3263,Engineering,Delicate,None,false
StarshipEnhancementThermalDamage3,3264,Engineering,Delicate,None,false
StarshipEnhancementThermalDefense3,3265,Engineering,Delicate,None,false
ModuleEnhancementModuleBonus3,3266,Engineering,Delicate,None,false
ArmorEnhancementControlSmithery4,3267,Engineering,Delicate,None,false
ArmorEnhancementControlEngineering4,3268,Engineering,Delicate,None,false
ArmorEnhancementControlFabrication4,3269,Engineering,Delicate,None,false
ArmorEnhancementControlAgriculture4,3270,Engineering,Delicate,None,false
ArmorEnhancementCraftsmanshipSmithery4,3271,Engineering,Delicate,None,false
ArmorEnhancementCraftsmanshipEngineering4,3272,Engineering,Delicate,None,false
ArmorEnhancementCraftsmanshipFabrication4,3273,Engineering,Delicate,None,false
ArmorEnhancementCraftsmanshipAgriculture4,3274,Engineering,Delicate,None,false
ArmorEnhancementDefensePhysical4,3275,Engineering,Delicate,None,false
ArmorEnhancementDefenseForce4,3276,Engineering,Delicate,None,false
ArmorEnhancementDefensePoison4,3277,Engineering,Delicate,None,false
ArmorEnhancementDefenseFire4,3278,Engineering,Delicate,None,false
ArmorEnhancementDefenseIce4,3279,Engineering,Delicate,None,false
ArmorEnhancementDefenseElectrical4,3280,Engineering,Delicate,None,false
ArmorEnhancementEvasion4,3281,Engineering,Delicate,None,false
ArmorEnhancementFP4,3282,Engineering,Delicate,None,false
ArmorEnhancementHP4,3283,Engineering,Delicate,None,false
ArmorEnhancementCombatReadiness4,3284,Engineering,Delicate,None,false
ArmorEnhancementSTM4,3285,Engineering,Delicate,None,false
WeaponEnhancementAttackBonus4,3286,Engineering,Delicate,None,false
WeaponEnhancementControlSmithery4,3287,Engineering,Delicate,None,false
WeaponEnhancementControlEngineering4,3288,Engineering,Delicate,None,false
WeaponEnhancementControlFabrication4,3289,Engineering,Delicate,None,false
WeaponEnhancementControlAgriculture4,3290,Engineering,Delicate,None,false
WeaponEnhancementCraftsmanshipSmithery4,3291,Engineering,Delicate,None,false
WeaponEnhancementCraftsmanshipEngineering4,3292,Engineering,Delicate,None,false
WeaponEnhancementCraftsmanshipFabrication4,3293,Engineering,Delicate,None,false
WeaponEnhancementCraftsmanshipAgriculture4,3294,Engineering,Delicate,None,false
WeaponEnhancementEvasion4,3301,Engineering,Delicate,None,false
WeaponEnhancementFP4,3302,Engineering,Delicate,None,false
WeaponEnhancementHP4,3303,Engineering,Delicate,None,false
WeaponEnhancementSTM4,3304,Engineering,Delicate,None,false
StructureEnhancementStructureBonus4,3305,Engineering,Delicate,None,false
CookingEnhancementDuration4,3306,Agriculture,Delicate,None,false
CookingEnhancementFP4,3307,Agriculture,Delicate,None,false
CookingEnhancementFPRegen4,3308,Agriculture,Delicate,None,false
CookingEnhancementHP4,3309,Agriculture,Delicate,None,false
CookingEnhancementHPRegen4,3310,Agriculture,Delicate,None,false
CookingEnhancementCombatReadiness4,3311,Agriculture,Delicate,None,false
CookingEnhancementRestRegen4,3312,Agriculture,Delicate,None,false
CookingEnhancementSTM4,3313,Agriculture,Delicate,None,false
CookingEnhancementSTMRegen4,3314,Agriculture,Delicate,None,false
CookingEnhancementXPBonus4,3315,Agriculture,Delicate,None,false
StarshipEnhancementAccuracy4,3316,Engineering,Delicate,None,false
StarshipEnhancementArmor4,3317,Engineering,Delicate,None,false
StarshipEnhancementCapacitor4,3318,Engineering,Delicate,None,false
StarshipEnhancementEMDamage4,3319,Engineering,Delicate,None,false
StarshipEnhancementEMDefense4,3320,Engineering,Delicate,None,false
StarshipEnhancementEvasion4,3321,Engineering,Delicate,None,false
StarshipEnhancementExplosiveDamage4,3322,Engineering,Delicate,None,false
StarshipEnhancementDefense4,3323,Engineering,Delicate,None,false
StarshipEnhancementShield4,3324,Engineering,Delicate,None,false
StarshipEnhancementShieldRechargeRate4,3325,Engineering,Delicate,None,false
StarshipEnhancementThermalDamage4,3326,Engineering,Delicate,None,false
StarshipEnhancementThermalDefense4,3327,Engineering,Delicate,None,false
ModuleEnhancementModuleBonus4,3328,Engineering,Delicate,None,false
ArmorEnhancementControlSmithery5,3329,Engineering,Delicate,None,false
ArmorEnhancementControlEngineering5,3330,Engineering,Delicate,None,false
ArmorEnhancementControlFabrication5,3331,Engineering,Delicate,None,false
ArmorEnhancementControlAgriculture5,3332,Engineering,Delicate,None,false
ArmorEnhancementCraftsmanshipSmithery5,3333,Engineering,Delicate,None,false
ArmorEnhancementCraftsmanshipEngineering5,3334,Engineering,Delicate,None,false
ArmorEnhancementCraftsmanshipFabrication5,3335,Engineering,Delicate,None,false
ArmorEnhancementCraftsmanshipAgriculture5,3336,Engineering,Delicate,None,false
ArmorEnhancementDefensePhysical5,3337,Engineering,Delicate,None,false
ArmorEnhancementDefenseForce5,3338,Engineering,Delicate,None,false
ArmorEnhancementDefensePoison5,3339,Engineering,Delicate,None,false
ArmorEnhancementDefenseFire5,3340,Engineering,Delicate,None,false
ArmorEnhancementDefenseIce5,3341,Engineering,Delicate,None,false
ArmorEnhancementDefenseElectrical5,3342,Engineering,Delicate,None,false
ArmorEnhancementEvasion5,3343,Engineering,Delicate,None,false
ArmorEnhancementFP5,3344,Engineering,Delicate,None,false
ArmorEnhancementHP5,3345,Engineering,Delicate,None,false
ArmorEnhancementCombatReadiness5,3346,Engineering,Delicate,None,false
ArmorEnhancementSTM5,3347,Engineering,Delicate,None,false
WeaponEnhancementAttackBonus5,3348,Engineering,Delicate,None,false
WeaponEnhancementControlSmithery5,3349,Engineering,Delicate,None,false
WeaponEnhancementControlEngineering5,3350,Engineering,Delicate,None,false
WeaponEnhancementControlFabrication5,3351,Engineering,Delicate,None,false
WeaponEnhancementControlAgriculture5,3352,Engineering,Delicate,None,false
WeaponEnhancementCraftsmanshipSmithery5,3353,Engineering,Delicate,None,false
WeaponEnhancementCraftsmanshipEngineering5,3354,Engineering,Delicate,None,false
WeaponEnhancementCraftsmanshipFabrication5,3355,Engineering,Delicate,None,false
WeaponEnhancementCraftsmanshipAgriculture5,3356,Engineering,Delicate,None,false
WeaponEnhancementEvasion5,3363,Engineering,Delicate,None,false
WeaponEnhancementFP5,3364,Engineering,Delicate,None,false
WeaponEnhancementHP5,3365,Engineering,Delicate,None,false
WeaponEnhancementSTM5,3366,Engineering,Delicate,None,false
StructureEnhancementStructureBonus5,3367,Engineering,Delicate,None,false
CookingEnhancementDuration5,3368,Agriculture,Delicate,None,false
CookingEnhancementFP5,3369,Agriculture,Delicate,None,false
CookingEnhancementFPRegen5,3370,Agriculture,Delicate,None,false
CookingEnhancementHP5,3371,Agriculture,Delicate,None,false
CookingEnhancementHPRegen5,3372,Agriculture,Delicate,None,false
CookingEnhancementCombatReadiness5,3373,Agriculture,Delicate,None,false
CookingEnhancementRestRegen5,3374,Agriculture,Delicate,None,false
CookingEnhancementSTM5,3375,Agriculture,Delicate,None,false
CookingEnhancementSTMRegen5,3376,Agriculture,Delicate,None,false
CookingEnhancementXPBonus5,3377,Agriculture,Delicate,None,false
StarshipEnhancementAccuracy5,3378,Engineering,Delicate,None,false
StarshipEnhancementArmor5,3379,Engineering,Delicate,None,false
StarshipEnhancementCapacitor5,3380,Engineering,Delicate,None,false
StarshipEnhancementEMDamage5,3381,Engineering,Delicate,None,false
StarshipEnhancementEMDefense5,3382,Engineering,Delicate,None,false
StarshipEnhancementEvasion5,3383,Engineering,Delicate,None,false
StarshipEnhancementExplosiveDamage5,3384,Engineering,Delicate,None,false
StarshipEnhancementDefense5,3385,Engineering,Delicate,None,false
StarshipEnhancementShield5,3386,Engineering,Delicate,None,false
StarshipEnhancementShieldRechargeRate5,3387,Engineering,Delicate,None,false
StarshipEnhancementThermalDamage5,3388,Engineering,Delicate,None,false
StarshipEnhancementThermalDefense5,3389,Engineering,Delicate,None,false
ModuleEnhancementModuleBonus5,3390,Engineering,Delicate,None,false
DHCL001,3391,Engineering,Calibrated,None,false
DHBE001,3392,Engineering,Calibrated,None,false
DHRG001,3393,Engineering,Calibrated,None,false
DHNK001,3394,Engineering,Calibrated,None,false
DHAR001,3395,Engineering,Calibrated,None,false
DHHL001,3396,Engineering,Calibrated,None,false
DHBR001,3397,Engineering,Calibrated,None,false
DHLG001,3398,Engineering,Calibrated,None,false
DLCL001,3399,Engineering,Calibrated,None,false
DLBE001,3400,Engineering,Calibrated,None,false
DLRG001,3401,Engineering,Calibrated,None,false
DLNK001,3402,Engineering,Calibrated,None,false
DLAR001,3403,Engineering,Calibrated,None,false
DLHL001,3404,Engineering,Calibrated,None,false
DLBR001,3405,Engineering,Calibrated,None,false
DLLG001,3406,Engineering,Calibrated,None,false
DHCL002,3407,Engineering,Calibrated,None,false
DHBE002,3408,Engineering,Calibrated,None,false
DHRG002,3409,Engineering,Calibrated,None,false
DHNK002,3410,Engineering,Calibrated,None,false
DHAR002,3411,Engineering,Calibrated,None,false
DHHL002,3412,Engineering,Calibrated,None,false
DHBR002,3413,Engineering,Calibrated,None,false
DHLG002,3414,Engineering,Calibrated,None,false
DLCL002,3415,Engineering,Calibrated,None,false
DLBE002,3416,Engineering,Calibrated,None,false
DLRG002,3417,Engineering,Calibrated,None,false
DLNK002,3418,Engineering,Calibrated,None,false
DLAR002,3419,Engineering,Calibrated,None,false
DLHL002,3420,Engineering,Calibrated,None,false
DLBR002,3421,Engineering,Calibrated,None,false
DLLG002,3422,Engineering,Calibrated,None,false
DHCL003,3423,Engineering,Calibrated,None,false
DHBE003,3424,Engineering,Calibrated,None,false
DHRG003,3425,Engineering,Calibrated,None,false
DHNK003,3426,Engineering,Calibrated,None,false
DHAR003,3427,Engineering,Calibrated,None,false
DHHL003,3428,Engineering,Calibrated,None,false
DHBR003,3429,Engineering,Calibrated,None,false
DHLG003,3430,Engineering,Calibrated,None,false
DLCL003,3431,Engineering,Calibrated,None,false
DLBE003,3432,Engineering,Calibrated,None,false
DLRG003,3433,Engineering,Calibrated,None,false
DLNK003,3434,Engineering,Calibrated,None,false
DLAR003,3435,Engineering,Calibrated,None,false
DLHL003,3436,Engineering,Calibrated,None,false
DLBR003,3437,Engineering,Calibrated,None,false
DLLG003,3438,Engineering,Calibrated,None,false
DHCL004,3439,Engineering,Calibrated,None,false
DHBE004,3440,Engineering,Calibrated,None,false
DHRG004,3441,Engineering,Calibrated,None,false
DHNK004,3442,Engineering,Calibrated,None,false
DHAR004,3443,Engineering,Calibrated,None,false
DHHL004,3444,Engineering,Calibrated,None,false
DHBR004,3445,Engineering,Calibrated,None,false
DHLG004,3446,Engineering,Calibrated,None,false
DLCL004,3447,Engineering,Calibrated,None,false
DLBE004,3448,Engineering,Calibrated,None,false
DLRG004,3449,Engineering,Calibrated,None,false
DLNK004,3450,Engineering,Calibrated,None,false
DLAR004,3451,Engineering,Calibrated,None,false
DLHL004,3452,Engineering,Calibrated,None,false
DLBR004,3453,Engineering,Calibrated,None,false
DLLG004,3454,Engineering,Calibrated,None,false
DHCL005,3455,Engineering,Calibrated,None,false
DHBE005,3456,Engineering,Calibrated,None,false
DHRG005,3457,Engineering,Calibrated,None,false
DHNK005,3458,Engineering,Calibrated,None,false
DHAR005,3459,Engineering,Calibrated,None,false
DHHL005,3460,Engineering,Calibrated,None,false
DHBR005,3461,Engineering,Calibrated,None,false
DHLG005,3462,Engineering,Calibrated,None,false
DLCL005,3463,Engineering,Calibrated,None,false
DLBE005,3464,Engineering,Calibrated,None,false
DLRG005,3465,Engineering,Calibrated,None,false
DLNK005,3466,Engineering,Calibrated,None,false
DLAR005,3467,Engineering,Calibrated,None,false
DLHL005,3468,Engineering,Calibrated,None,false
DLBR005,3469,Engineering,Calibrated,None,false
DLLG005,3470,Engineering,Calibrated,None,false
Sturdiness1,3471,Engineering,Delicate,None,false
OcularFilter1,3472,Engineering,Delicate,None,false
Verve1,3473,Engineering,Delicate,None,false
NeuralBoost1,3474,Engineering,Delicate,None,false
MobilityBoost1,3475,Engineering,Delicate,None,false
SocialAdaption1,3476,Engineering,Delicate,None,false
Sturdiness2,3477,Engineering,Delicate,None,false
OcularFilter2,3478,Engineering,Delicate,None,false
Verve2,3479,Engineering,Delicate,None,false
NeuralBoost2,3480,Engineering,Delicate,None,false
MobilityBoost2,3481,Engineering,Delicate,None,false
SocialAdaption2,3482,Engineering,Delicate,None,false
MemoryAugmentation1,3483,Engineering,Delicate,None,false
MemoryAugmentation2,3484,Engineering,Delicate,None,false
MemoryAugmentation3,3485,Engineering,Delicate,None,false
MemoryAugmentation4,3486,Engineering,Delicate,None,false
MemoryAugmentation5,3487,Engineering,Delicate,None,false
BladeCPU1VariantM,3496,Engineering,Calibrated,None,false
BladeCPU1VariantP,3497,Engineering,Calibrated,None,false
BladeCPU1VariantV,3498,Engineering,Calibrated,None,false
BladeCPU1VariantW,3499,Engineering,Calibrated,None,false
BladeCPU1VariantA,3500,Engineering,Calibrated,None,false
BladeCPU1VariantS,3501,Engineering,Calibrated,None,false
LightMartialCPU1VariantM,3502,Engineering,Calibrated,None,false
LightMartialCPU1VariantP,3503,Engineering,Calibrated,None,false
LightMartialCPU1VariantV,3504,Engineering,Calibrated,None,false
LightMartialCPU1VariantW,3505,Engineering,Calibrated,None,false
LightMartialCPU1VariantA,3506,Engineering,Calibrated,None,false
LightMartialCPU1VariantS,3507,Engineering,Calibrated,None,false
RangerCPU1VariantM,3524,Engineering,Calibrated,None,false
RangerCPU1VariantP,3525,Engineering,Calibrated,None,false
RangerCPU1VariantV,3526,Engineering,Calibrated,None,false
RangerCPU1VariantW,3527,Engineering,Calibrated,None,false
RangerCPU1VariantA,3528,Engineering,Calibrated,None,false
RangerCPU1VariantS,3529,Engineering,Calibrated,None,false
HeavyMartialCPU1VariantM,3530,Engineering,Calibrated,None,false
HeavyMartialCPU1VariantP,3531,Engineering,Calibrated,None,false
HeavyMartialCPU1VariantV,3532,Engineering,Calibrated,None,false
HeavyMartialCPU1VariantW,3533,Engineering,Calibrated,None,false
HeavyMartialCPU1VariantA,3534,Engineering,Calibrated,None,false
HeavyMartialCPU1VariantS,3535,Engineering,Calibrated,None,false
AssaultCPU1VariantM,3536,Engineering,Calibrated,None,false
AssaultCPU1VariantP,3537,Engineering,Calibrated,None,false
AssaultCPU1VariantV,3538,Engineering,Calibrated,None,false
AssaultCPU1VariantW,3539,Engineering,Calibrated,None,false
AssaultCPU1VariantA,3540,Engineering,Calibrated,None,false
AssaultCPU1VariantS,3541,Engineering,Calibrated,None,false
JaguarCPU1VariantM,3542,Engineering,Calibrated,None,false
JaguarCPU1VariantP,3543,Engineering,Calibrated,None,false
JaguarCPU1VariantV,3544,Engineering,Calibrated,None,false
JaguarCPU1VariantW,3545,Engineering,Calibrated,None,false
JaguarCPU1VariantA,3546,Engineering,Calibrated,None,false
JaguarCPU1VariantS,3547,Engineering,Calibrated,None,false
BladeCPU2VariantM,3548,Engineering,Calibrated,None,false
BladeCPU2VariantP,3549,Engineering,Calibrated,None,false
BladeCPU2VariantV,3550,Engineering,Calibrated,None,false
BladeCPU2VariantW,3551,Engineering,Calibrated,None,false
BladeCPU2VariantA,3552,Engineering,Calibrated,None,false
BladeCPU2VariantS,3553,Engineering,Calibrated,None,false
LightMartialCPU2VariantM,3554,Engineering,Calibrated,None,false
LightMartialCPU2VariantP,3555,Engineering,Calibrated,None,false
LightMartialCPU2VariantV,3556,Engineering,Calibrated,None,false
LightMartialCPU2VariantW,3557,Engineering,Calibrated,None,false
LightMartialCPU2VariantA,3558,Engineering,Calibrated,None,false
LightMartialCPU2VariantS,3559,Engineering,Calibrated,None,false
RangerCPU2VariantM,3560,Engineering,Calibrated,None,false
RangerCPU2VariantP,3561,Engineering,Calibrated,None,false
RangerCPU2VariantV,3562,Engineering,Calibrated,None,false
RangerCPU2VariantW,3563,Engineering,Calibrated,None,false
RangerCPU2VariantA,3564,Engineering,Calibrated,None,false
RangerCPU2VariantS,3566,Engineering,Calibrated,None,false
HeavyMartialCPU2VariantM,3567,Engineering,Calibrated,None,false
HeavyMartialCPU2VariantP,3568,Engineering,Calibrated,None,false
HeavyMartialCPU2VariantV,3569,Engineering,Calibrated,None,false
HeavyMartialCPU2VariantW,3570,Engineering,Calibrated,None,false
HeavyMartialCPU2VariantA,3571,Engineering,Calibrated,None,false
HeavyMartialCPU2VariantS,3572,Engineering,Calibrated,None,false
AssaultCPU2VariantM,3573,Engineering,Calibrated,None,false
AssaultCPU2VariantP,3574,Engineering,Calibrated,None,false
AssaultCPU2VariantV,3575,Engineering,Calibrated,None,false
AssaultCPU2VariantW,3576,Engineering,Calibrated,None,false
AssaultCPU2VariantA,3577,Engineering,Calibrated,None,false
AssaultCPU2VariantS,3578,Engineering,Calibrated,None,false
JaguarCPU2VariantM,3579,Engineering,Calibrated,None,false
JaguarCPU2VariantP,3580,Engineering,Calibrated,None,false
JaguarCPU2VariantV,3581,Engineering,Calibrated,None,false
JaguarCPU2VariantW,3582,Engineering,Calibrated,None,false
JaguarCPU2VariantA,3583,Engineering,Calibrated,None,false
JaguarCPU2VariantS,3584,Engineering,Calibrated,None,false
BladeCPU3VariantM,3585,Engineering,Calibrated,None,false
BladeCPU3VariantP,3586,Engineering,Calibrated,None,false
BladeCPU3VariantV,3587,Engineering,Calibrated,None,false
BladeCPU3VariantW,3588,Engineering,Calibrated,None,false
BladeCPU3VariantA,3589,Engineering,Calibrated,None,false
BladeCPU3VariantS,3590,Engineering,Calibrated,None,false
LightMartialCPU3VariantM,3591,Engineering,Calibrated,None,false
LightMartialCPU3VariantP,3592,Engineering,Calibrated,None,false
LightMartialCPU3VariantV,3593,Engineering,Calibrated,None,false
LightMartialCPU3VariantW,3594,Engineering,Calibrated,None,false
LightMartialCPU3VariantA,3595,Engineering,Calibrated,None,false
LightMartialCPU3VariantS,3596,Engineering,Calibrated,None,false
RangerCPU3VariantM,3597,Engineering,Calibrated,None,false
RangerCPU3VariantP,3598,Engineering,Calibrated,None,false
RangerCPU3VariantV,3599,Engineering,Calibrated,None,false
RangerCPU3VariantW,3600,Engineering,Calibrated,None,false
RangerCPU3VariantA,3601,Engineering,Calibrated,None,false
RangerCPU3VariantS,3602,Engineering,Calibrated,None,false
HeavyMartialCPU3VariantM,3603,Engineering,Calibrated,None,false
HeavyMartialCPU3VariantP,3604,Engineering,Calibrated,None,false
HeavyMartialCPU3VariantV,3605,Engineering,Calibrated,None,false
HeavyMartialCPU3VariantW,3606,Engineering,Calibrated,None,false
HeavyMartialCPU3VariantA,3607,Engineering,Calibrated,None,false
HeavyMartialCPU3VariantS,3608,Engineering,Calibrated,None,false
AssaultCPU3VariantM,3609,Engineering,Calibrated,None,false
AssaultCPU3VariantP,3610,Engineering,Calibrated,None,false
AssaultCPU3VariantV,3611,Engineering,Calibrated,None,false
AssaultCPU3VariantW,3612,Engineering,Calibrated,None,false
AssaultCPU3VariantA,3613,Engineering,Calibrated,None,false
AssaultCPU3VariantS,3614,Engineering,Calibrated,None,false
JaguarCPU3VariantM,3615,Engineering,Calibrated,None,false
JaguarCPU3VariantP,3616,Engineering,Calibrated,None,false
JaguarCPU3VariantV,3617,Engineering,Calibrated,None,false
JaguarCPU3VariantW,3618,Engineering,Calibrated,None,false
JaguarCPU3VariantA,3619,Engineering,Calibrated,None,false
JaguarCPU3VariantS,3620,Engineering,Calibrated,None,false
BladeCPU4VariantM,3621,Engineering,Calibrated,None,false
BladeCPU4VariantP,3622,Engineering,Calibrated,None,false
BladeCPU4VariantV,3623,Engineering,Calibrated,None,false
BladeCPU4VariantW,3624,Engineering,Calibrated,None,false
BladeCPU4VariantA,3625,Engineering,Calibrated,None,false
BladeCPU4VariantS,3626,Engineering,Calibrated,None,false
LightMartialCPU4VariantM,3627,Engineering,Calibrated,None,false
LightMartialCPU4VariantP,3628,Engineering,Calibrated,None,false
LightMartialCPU4VariantV,3629,Engineering,Calibrated,None,false
LightMartialCPU4VariantW,3630,Engineering,Calibrated,None,false
LightMartialCPU4VariantA,3631,Engineering,Calibrated,None,false
LightMartialCPU4VariantS,3632,Engineering,Calibrated,None,false
RangerCPU4VariantM,3633,Engineering,Calibrated,None,false
RangerCPU4VariantP,3634,Engineering,Calibrated,None,false
RangerCPU4VariantV,3635,Engineering,Calibrated,None,false
RangerCPU4VariantW,3636,Engineering,Calibrated,None,false
RangerCPU4VariantA,3637,Engineering,Calibrated,None,false
RangerCPU4VariantS,3638,Engineering,Calibrated,None,false
HeavyMartialCPU4VariantM,3639,Engineering,Calibrated,None,false
HeavyMartialCPU4VariantP,3640,Engineering,Calibrated,None,false
HeavyMartialCPU4VariantV,3641,Engineering,Calibrated,None,false
HeavyMartialCPU4VariantW,3642,Engineering,Calibrated,None,false
HeavyMartialCPU4VariantA,3643,Engineering,Calibrated,None,false
HeavyMartialCPU4VariantS,3644,Engineering,Calibrated,None,false
AssaultCPU4VariantM,3645,Engineering,Calibrated,None,false
AssaultCPU4VariantP,3646,Engineering,Calibrated,None,false
AssaultCPU4VariantV,3647,Engineering,Calibrated,None,false
AssaultCPU4VariantW,3648,Engineering,Calibrated,None,false
AssaultCPU4VariantA,3649,Engineering,Calibrated,None,false
AssaultCPU4VariantS,3650,Engineering,Calibrated,None,false
JaguarCPU4VariantM,3651,Engineering,Calibrated,None,false
JaguarCPU4VariantP,3652,Engineering,Calibrated,None,false
JaguarCPU4VariantV,3653,Engineering,Calibrated,None,false
JaguarCPU4VariantW,3654,Engineering,Calibrated,None,false
JaguarCPU4VariantA,3655,Engineering,Calibrated,None,false
JaguarCPU4VariantS,3656,Engineering,Calibrated,None,false
BladeCPU5VariantM,3657,Engineering,Calibrated,None,false
BladeCPU5VariantP,3658,Engineering,Calibrated,None,false
BladeCPU5VariantV,3659,Engineering,Calibrated,None,false
BladeCPU5VariantW,3660,Engineering,Calibrated,None,false
BladeCPU5VariantA,3661,Engineering,Calibrated,None,false
BladeCPU5VariantS,3662,Engineering,Calibrated,None,false
LightMartialCPU5VariantM,3663,Engineering,Calibrated,None,false
LightMartialCPU5VariantP,3664,Engineering,Calibrated,None,false
LightMartialCPU5VariantV,3665,Engineering,Calibrated,None,false
LightMartialCPU5VariantW,3666,Engineering,Calibrated,None,false
LightMartialCPU5VariantA,3667,Engineering,Calibrated,None,false
LightMartialCPU5VariantS,3668,Engineering,Calibrated,None,false
RangerCPU5VariantM,3669,Engineering,Calibrated,None,false
RangerCPU5VariantP,3670,Engineering,Calibrated,None,false
RangerCPU5VariantV,3671,Engineering,Calibrated,None,false
RangerCPU5VariantW,3672,Engineering,Calibrated,None,false
RangerCPU5VariantA,3673,Engineering,Calibrated,None,false
RangerCPU5VariantS,3674,Engineering,Calibrated,None,false
HeavyMartialCPU5VariantM,3675,Engineering,Calibrated,None,false
HeavyMartialCPU5VariantP,3676,Engineering,Calibrated,None,false
HeavyMartialCPU5VariantV,3677,Engineering,Calibrated,None,false
HeavyMartialCPU5VariantW,3678,Engineering,Calibrated,None,false
HeavyMartialCPU5VariantA,3679,Engineering,Calibrated,None,false
HeavyMartialCPU5VariantS,3680,Engineering,Calibrated,None,false
AssaultCPU5VariantM,3681,Engineering,Calibrated,None,false
AssaultCPU5VariantP,3682,Engineering,Calibrated,None,false
AssaultCPU5VariantV,3683,Engineering,Calibrated,None,false
AssaultCPU5VariantW,3684,Engineering,Calibrated,None,false
AssaultCPU5VariantA,3685,Engineering,Calibrated,None,false
AssaultCPU5VariantS,3686,Engineering,Calibrated,None,false
JaguarCPU5VariantM,3687,Engineering,Calibrated,None,false
JaguarCPU5VariantP,3688,Engineering,Calibrated,None,false
JaguarCPU5VariantV,3689,Engineering,Calibrated,None,false
JaguarCPU5VariantW,3690,Engineering,Calibrated,None,false
JaguarCPU5VariantA,3691,Engineering,Calibrated,None,false
JaguarCPU5VariantS,3692,Engineering,Calibrated,None,false
DroidHeadMPV1,3693,Engineering,Calibrated,None,false
DroidHeadMPW1,3694,Engineering,Calibrated,None,false
DroidHeadMPA1,3695,Engineering,Calibrated,None,false
DroidHeadMPS1,3696,Engineering,Calibrated,None,false
DroidHeadMVW1,3697,Engineering,Calibrated,None,false
DroidHeadMVA1,3698,Engineering,Calibrated,None,false
DroidHeadMVS1,3699,Engineering,Calibrated,None,false
DroidHeadMWA1,3700,Engineering,Calibrated,None,false
DroidHeadMWS1,3701,Engineering,Calibrated,None,false
DroidHeadMAS1,3702,Engineering,Calibrated,None,false
DroidHeadPVW1,3703,Engineering,Calibrated,None,false
DroidHeadPVA1,3704,Engineering,Calibrated,None,false
DroidHeadPVS1,3705,Engineering,Calibrated,None,false
DroidHeadVWA1,3706,Engineering,Calibrated,None,false
DroidHeadVWS1,3707,Engineering,Calibrated,None,false
DroidHeadVAS1,3708,Engineering,Calibrated,None,false
DroidHeadWAS1,3709,Engineering,Calibrated,None,false
DroidHeadMPV2,3710,Engineering,Calibrated,None,false
DroidHeadMPW2,3711,Engineering,Calibrated,None,false
DroidHeadMPA2,3712,Engineering,Calibrated,None,false
DroidHeadMPS2,3713,Engineering,Calibrated,None,false
DroidHeadMVW2,3714,Engineering,Calibrated,None,false
DroidHeadMVA2,3715,Engineering,Calibrated,None,false
DroidHeadMVS2,3716,Engineering,Calibrated,None,false
DroidHeadMWA2,3717,Engineering,Calibrated,None,false
DroidHeadMWS2,3718,Engineering,Calibrated,None,false
DroidHeadMAS2,3719,Engineering,Calibrated,None,false
DroidHeadPVW2,3720,Engineering,Calibrated,None,false
DroidHeadPVA2,3721,Engineering,Calibrated,None,false
DroidHeadPVS2,3722,Engineering,Calibrated,None,false
DroidHeadVWA2,3723,Engineering,Calibrated,None,false
DroidHeadVWS2,3724,Engineering,Calibrated,None,false
DroidHeadVAS2,3725,Engineering,Calibrated,None,false
DroidHeadWAS2,3726,Engineering,Calibrated,None,false
DroidHeadMPV3,3727,Engineering,Calibrated,None,false
DroidHeadMPW3,3728,Engineering,Calibrated,None,false
DroidHeadMPA3,3729,Engineering,Calibrated,None,false
DroidHeadMPS3,3730,Engineering,Calibrated,None,false
DroidHeadMVW3,3731,Engineering,Calibrated,None,false
DroidHeadMVA3,3732,Engineering,Calibrated,None,false
DroidHeadMVS3,3733,Engineering,Calibrated,None,false
DroidHeadMWA3,3734,Engineering,Calibrated,None,false
DroidHeadMWS3,3735,Engineering,Calibrated,None,false
DroidHeadMAS3,3736,Engineering,Calibrated,None,false
DroidHeadPVW3,3737,Engineering,Calibrated,None,false
DroidHeadPVA3,3738,Engineering,Calibrated,None,false
DroidHeadPVS3,3739,Engineering,Calibrated,None,false
DroidHeadVWA3,3740,Engineering,Calibrated,None,false
DroidHeadVWS3,3741,Engineering,Calibrated,None,false
DroidHeadVAS3,3742,Engineering,Calibrated,None,false
DroidHeadWAS3,3743,Engineering,Calibrated,None,false
DroidHeadMPV4,3744,Engineering,Calibrated,None,false
DroidHeadMPW4,3745,Engineering,Calibrated,None,false
DroidHeadMPA4,3746,Engineering,Calibrated,None,false
DroidHeadMPS4,3747,Engineering,Calibrated,None,false
DroidHeadMVW4,3748,Engineering,Calibrated,None,false
DroidHeadMVA4,3749,Engineering,Calibrated,None,false
DroidHeadMVS4,3750,Engineering,Calibrated,None,false
DroidHeadMWA4,3751,Engineering,Calibrated,None,false
DroidHeadMWS4,3752,Engineering,Calibrated,None,false
DroidHeadMAS4,3753,Engineering,Calibrated,None,false
DroidHeadPVW4,3754,Engineering,Calibrated,None,false
DroidHeadPVA4,3755,Engineering,Calibrated,None,false
DroidHeadPVS4,3756,Engineering,Calibrated,None,false
DroidHeadVWA4,3757,Engineering,Calibrated,None,false
DroidHeadVWS4,3758,Engineering,Calibrated,None,false
DroidHeadVAS4,3759,Engineering,Calibrated,None,false
DroidHeadWAS4,3760,Engineering,Calibrated,None,false
DroidHeadMPV5,3761,Engineering,Calibrated,None,false
DroidHeadMPW5,3762,Engineering,Calibrated,None,false
DroidHeadMPA5,3763,Engineering,Calibrated,None,false
DroidHeadMPS5,3764,Engineering,Calibrated,None,false
DroidHeadMVW5,3765,Engineering,Calibrated,None,false
DroidHeadMVA5,3766,Engineering,Calibrated,None,false
DroidHeadMVS5,3767,Engineering,Calibrated,None,false
DroidHeadMWA5,3768,Engineering,Calibrated,None,false
DroidHeadMWS5,3769,Engineering,Calibrated,None,false
DroidHeadMAS5,3770,Engineering,Calibrated,None,false
DroidHeadPVW5,3771,Engineering,Calibrated,None,false
DroidHeadPVA5,3772,Engineering,Calibrated,None,false
DroidHeadPVS5,3773,Engineering,Calibrated,None,false
DroidHeadVWA5,3774,Engineering,Calibrated,None,false
DroidHeadVWS5,3775,Engineering,Calibrated,None,false
DroidHeadVAS5,3776,Engineering,Calibrated,None,false
DroidHeadWAS5,3777,Engineering,Calibrated,None,false
DroidBodyMP1,3778,Engineering,Sturdy,None,false
DroidBodyMV1,3779,Engineering,Sturdy,None,false
DroidBodyMW1,3780,Engineering,Sturdy,None,false
DroidBodyMA1,3781,Engineering,Sturdy,None,false
DroidBodyMS1,3782,Engineering,Sturdy,None,false
DroidBodyPV1,3783,Engineering,Sturdy,None,false
DroidBodyPW1,3784,Engineering,Sturdy,None,false
DroidBodyPA1,3785,Engineering,Sturdy,None,false
DroidBodyPS1,3786,Engineering,Sturdy,None,false
DroidBodyVW1,3787,Engineering,Sturdy,None,false
DroidBodyVA1,3788,Engineering,Sturdy,None,false
DroidBodyVS1,3789,Engineering,Sturdy,None,false
DroidBodyWA1,3790,Engineering,Sturdy,None,false
DroidBodyWS1,3791,Engineering,Sturdy,None,false
DroidBodyAS1,3792,Engineering,Sturdy,None,false
DroidBodyMP2,3793,Engineering,Sturdy,None,false
DroidBodyMV2,3794,Engineering,Sturdy,None,false
DroidBodyMW2,3795,Engineering,Sturdy,None,false
DroidBodyMA2,3796,Engineering,Sturdy,None,false
DroidBodyMS2,3797,Engineering,Sturdy,None,false
DroidBodyPV2,3798,Engineering,Sturdy,None,false
DroidBodyPW2,3799,Engineering,Sturdy,None,false
DroidBodyPA2,3800,Engineering,Sturdy,None,false
DroidBodyPS2,3801,Engineering,Sturdy,None,false
DroidBodyVW2,3802,Engineering,Sturdy,None,false
DroidBodyVA2,3803,Engineering,Sturdy,None,false
DroidBodyVS2,3804,Engineering,Sturdy,None,false
DroidBodyWA2,3805,Engineering,Sturdy,None,false
DroidBodyWS2,3806,Engineering,Sturdy,None,false
DroidBodyAS2,3807,Engineering,Sturdy,None,false
DroidBodyMP3,3808,Engineering,Sturdy,None,false
DroidBodyMV3,3809,Engineering,Sturdy,None,false
DroidBodyMW3,3810,Engineering,Sturdy,None,false
DroidBodyMA3,3811,Engineering,Sturdy,None,false
DroidBodyMS3,3812,Engineering,Sturdy,None,false
DroidBodyPV3,3813,Engineering,Sturdy,None,false
DroidBodyPW3,3814,Engineering,Sturdy,None,false
DroidBodyPA3,3815,Engineering,Sturdy,None,false
DroidBodyPS3,3816,Engineering,Sturdy,None,false
DroidBodyVW3,3817,Engineering,Sturdy,None,false
DroidBodyVA3,3818,Engineering,Sturdy,None,false
DroidBodyVS3,3819,Engineering,Sturdy,None,false
DroidBodyWA3,3820,Engineering,Sturdy,None,false
DroidBodyWS3,3821,Engineering,Sturdy,None,false
DroidBodyAS3,3822,Engineering,Sturdy,None,false
DroidBodyMP4,3823,Engineering,Sturdy,None,false
DroidBodyMV4,3824,Engineering,Sturdy,None,false
DroidBodyMW4,3825,Engineering,Sturdy,None,false
DroidBodyMA4,3826,Engineering,Sturdy,None,false
DroidBodyMS4,3827,Engineering,Sturdy,None,false
DroidBodyPV4,3828,Engineering,Sturdy,None,false
DroidBodyPW4,3829,Engineering,Sturdy,None,false
DroidBodyPA4,3830,Engineering,Sturdy,None,false
DroidBodyPS4,3831,Engineering,Sturdy,None,false
DroidBodyVW4,3832,Engineering,Sturdy,None,false
DroidBodyVA4,3833,Engineering,Sturdy,None,false
DroidBodyVS4,3834,Engineering,Sturdy,None,false
DroidBodyWA4,3835,Engineering,Sturdy,None,false
DroidBodyWS4,3836,Engineering,Sturdy,None,false
DroidBodyAS4,3837,Engineering,Sturdy,None,false
DroidBodyMP5,3838,Engineering,Sturdy,None,false
DroidBodyMV5,3839,Engineering,Sturdy,None,false
DroidBodyMW5,3840,Engineering,Sturdy,None,false
DroidBodyMA5,3841,Engineering,Sturdy,None,false
DroidBodyMS5,3842,Engineering,Sturdy,None,false
DroidBodyPV5,3843,Engineering,Sturdy,None,false
DroidBodyPW5,3844,Engineering,Sturdy,None,false
DroidBodyPA5,3845,Engineering,Sturdy,None,false
DroidBodyPS5,3846,Engineering,Sturdy,None,false
DroidBodyVW5,3847,Engineering,Sturdy,None,false
DroidBodyVA5,3848,Engineering,Sturdy,None,false
DroidBodyVS5,3849,Engineering,Sturdy,None,false
DroidBodyWA5,3850,Engineering,Sturdy,None,false
DroidBodyWS5,3851,Engineering,Sturdy,None,false
DroidBodyAS5,3852,Engineering,Sturdy,None,false
DroidArmsMPV1,3853,Engineering,Sturdy,None,false
DroidArmsMPW1,3854,Engineering,Sturdy,None,false
DroidArmsMPA1,3855,Engineering,Sturdy,None,false
DroidArmsMPS1,3856,Engineering,Sturdy,None,false
DroidArmsMVW1,3857,Engineering,Sturdy,None,false
DroidArmsMVA1,3858,Engineering,Sturdy,None,false
DroidArmsMVS1,3859,Engineering,Sturdy,None,false
DroidArmsMWA1,3860,Engineering,Sturdy,None,false
DroidArmsMWS1,3861,Engineering,Sturdy,None,false
DroidArmsMAS1,3862,Engineering,Sturdy,None,false
DroidArmsPVW1,3863,Engineering,Sturdy,None,false
DroidArmsPVA1,3864,Engineering,Sturdy,None,false
DroidArmsPVS1,3865,Engineering,Sturdy,None,false
DroidArmsVWA1,3866,Engineering,Sturdy,None,false
DroidArmsVWS1,3867,Engineering,Sturdy,None,false
DroidArmsVAS1,3868,Engineering,Sturdy,None,false
DroidArmsWAS1,3869,Engineering,Sturdy,None,false
DroidArmsMPV2,3870,Engineering,Sturdy,None,false
DroidArmsMPW2,3871,Engineering,Sturdy,None,false
DroidArmsMPA2,3872,Engineering,Sturdy,None,false
DroidArmsMPS2,3873,Engineering,Sturdy,None,false
DroidArmsMVW2,3874,Engineering,Sturdy,None,false
DroidArmsMVA2,3875,Engineering,Sturdy,None,false
DroidArmsMVS2,3876,Engineering,Sturdy,None,false
DroidArmsMWA2,3877,Engineering,Sturdy,None,false
DroidArmsMWS2,3878,Engineering,Sturdy,None,false
DroidArmsMAS2,3879,Engineering,Sturdy,None,false
DroidArmsPVW2,3880,Engineering,Sturdy,None,false
DroidArmsPVA2,3881,Engineering,Sturdy,None,false
DroidArmsPVS2,3882,Engineering,Sturdy,None,false
DroidArmsVWA2,3883,Engineering,Sturdy,None,false
DroidArmsVWS2,3884,Engineering,Sturdy,None,false
DroidArmsVAS2,3885,Engineering,Sturdy,None,false
DroidArmsWAS2,3886,Engineering,Sturdy,None,false
DroidArmsMPV3,3887,Engineering,Sturdy,None,false
DroidArmsMPW3,3888,Engineering,Sturdy,None,false
DroidArmsMPA3,3889,Engineering,Sturdy,None,false
DroidArmsMPS3,3890,Engineering,Sturdy,None,false
DroidArmsMVW3,3891,Engineering,Sturdy,None,false
DroidArmsMVA3,3892,Engineering,Sturdy,None,false
DroidArmsMVS3,3893,Engineering,Sturdy,None,false
DroidArmsMWA3,3894,Engineering,Sturdy,None,false
DroidArmsMWS3,3895,Engineering,Sturdy,None,false
DroidArmsMAS3,3896,Engineering,Sturdy,None,false
DroidArmsPVW3,3897,Engineering,Sturdy,None,false
DroidArmsPVA3,3898,Engineering,Sturdy,None,false
DroidArmsPVS3,3899,Engineering,Sturdy,None,false
DroidArmsVWA3,3900,Engineering,Sturdy,None,false
DroidArmsVWS3,3901,Engineering,Sturdy,None,false
DroidArmsVAS3,3902,Engineering,Sturdy,None,false
DroidArmsWAS3,3903,Engineering,Sturdy,None,false
DroidArmsMPV4,3904,Engineering,Sturdy,None,false
DroidArmsMPW4,3905,Engineering,Sturdy,None,false
DroidArmsMPA4,3906,Engineering,Sturdy,None,false
DroidArmsMPS4,3907,Engineering,Sturdy,None,false
DroidArmsMVW4,3908,Engineering,Sturdy,None,false
DroidArmsMVA4,3909,Engineering,Sturdy,None,false
DroidArmsMVS4,3910,Engineering,Sturdy,None,false
DroidArmsMWA4,3911,Engineering,Sturdy,None,false
DroidArmsMWS4,3912,Engineering,Sturdy,None,false
DroidArmsMAS4,3913,Engineering,Sturdy,None,false
DroidArmsPVW4,3914,Engineering,Sturdy,None,false
DroidArmsPVA4,3915,Engineering,Sturdy,None,false
DroidArmsPVS4,3916,Engineering,Sturdy,None,false
DroidArmsVWA4,3917,Engineering,Sturdy,None,false
DroidArmsVWS4,3918,Engineering,Sturdy,None,false
DroidArmsVAS4,3919,Engineering,Sturdy,None,false
DroidArmsWAS4,3920,Engineering,Sturdy,None,false
DroidArmsMPV5,3921,Engineering,Sturdy,None,false
DroidArmsMPW5,3922,Engineering,Sturdy,None,false
DroidArmsMPA5,3923,Engineering,Sturdy,None,false
DroidArmsMPS5,3924,Engineering,Sturdy,None,false
DroidArmsMVW5,3925,Engineering,Sturdy,None,false
DroidArmsMVA5,3926,Engineering,Sturdy,None,false
DroidArmsMVS5,3927,Engineering,Sturdy,None,false
DroidArmsMWA5,3928,Engineering,Sturdy,None,false
DroidArmsMWS5,3929,Engineering,Sturdy,None,false
DroidArmsMAS5,3930,Engineering,Sturdy,None,false
DroidArmsPVW5,3931,Engineering,Sturdy,None,false
DroidArmsPVA5,3932,Engineering,Sturdy,None,false
DroidArmsPVS5,3933,Engineering,Sturdy,None,false
DroidArmsVWA5,3934,Engineering,Sturdy,None,false
DroidArmsVWS5,3935,Engineering,Sturdy,None,false
DroidArmsVAS5,3936,Engineering,Sturdy,None,false
DroidArmsWAS5,3937,Engineering,Sturdy,None,false
DroidLegsMPV1,3938,Engineering,Sturdy,None,false
DroidLegsMPW1,3939,Engineering,Sturdy,None,false
DroidLegsMPA1,3940,Engineering,Sturdy,None,false
DroidLegsMPS1,3941,Engineering,Sturdy,None,false
DroidLegsMVW1,3942,Engineering,Sturdy,None,false
DroidLegsMVA1,3943,Engineering,Sturdy,None,false
DroidLegsMVS1,3944,Engineering,Sturdy,None,false
DroidLegsMWA1,3945,Engineering,Sturdy,None,false
DroidLegsMWS1,3946,Engineering,Sturdy,None,false
DroidLegsMAS1,3947,Engineering,Sturdy,None,false
DroidLegsPVW1,3948,Engineering,Sturdy,None,false
DroidLegsPVA1,3949,Engineering,Sturdy,None,false
DroidLegsPVS1,3950,Engineering,Sturdy,None,false
DroidLegsVWA1,3951,Engineering,Sturdy,None,false
DroidLegsVWS1,3952,Engineering,Sturdy,None,false
DroidLegsVAS1,3953,Engineering,Sturdy,None,false
DroidLegsWAS1,3954,Engineering,Sturdy,None,false
DroidLegsMPV2,3955,Engineering,Sturdy,None,false
DroidLegsMPW2,3956,Engineering,Sturdy,None,false
DroidLegsMPA2,3957,Engineering,Sturdy,None,false
DroidLegsMPS2,3958,Engineering,Sturdy,None,false
DroidLegsMVW2,3959,Engineering,Sturdy,None,false
DroidLegsMVA2,3960,Engineering,Sturdy,None,false
DroidLegsMVS2,3961,Engineering,Sturdy,None,false
DroidLegsMWA2,3962,Engineering,Sturdy,None,false
DroidLegsMWS2,3963,Engineering,Sturdy,None,false
DroidLegsMAS2,3964,Engineering,Sturdy,None,false
DroidLegsPVW2,3965,Engineering,Sturdy,None,false
DroidLegsPVA2,3966,Engineering,Sturdy,None,false
DroidLegsPVS2,3967,Engineering,Sturdy,None,false
DroidLegsVWA2,3968,Engineering,Sturdy,None,false
DroidLegsVWS2,3969,Engineering,Sturdy,None,false
DroidLegsVAS2,3970,Engineering,Sturdy,None,false
DroidLegsWAS2,3971,Engineering,Sturdy,None,false
DroidLegsMPV3,3972,Engineering,Sturdy,None,false
DroidLegsMPW3,3973,Engineering,Sturdy,None,false
DroidLegsMPA3,3974,Engineering,Sturdy,None,false
DroidLegsMPS3,3975,Engineering,Sturdy,None,false
DroidLegsMVW3,3976,Engineering,Sturdy,None,false
DroidLegsMVA3,3977,Engineering,Sturdy,None,false
DroidLegsMVS3,3978,Engineering,Sturdy,None,false
DroidLegsMWA3,3979,Engineering,Sturdy,None,false
DroidLegsMWS3,3980,Engineering,Sturdy,None,false
DroidLegsMAS3,3981,Engineering,Sturdy,None,false
DroidLegsPVW3,3982,Engineering,Sturdy,None,false
DroidLegsPVA3,3983,Engineering,Sturdy,None,false
DroidLegsPVS3,3984,Engineering,Sturdy,None,false
DroidLegsVWA3,3985,Engineering,Sturdy,None,false
DroidLegsVWS3,3986,Engineering,Sturdy,None,false
DroidLegsVAS3,3987,Engineering,Sturdy,None,false
DroidLegsWAS3,3988,Engineering,Sturdy,None,false
DroidLegsMPV4,3989,Engineering,Sturdy,None,false
DroidLegsMPW4,3990,Engineering,Sturdy,None,false
DroidLegsMPA4,3991,Engineering,Sturdy,None,false
DroidLegsMPS4,3992,Engineering,Sturdy,None,false
DroidLegsMVW4,3993,Engineering,Sturdy,None,false
DroidLegsMVA4,3994,Engineering,Sturdy,None,false
DroidLegsMVS4,3995,Engineering,Sturdy,None,false
DroidLegsMWA4,3996,Engineering,Sturdy,None,false
DroidLegsMWS4,3997,Engineering,Sturdy,None,false
DroidLegsMAS4,3998,Engineering,Sturdy,None,false
DroidLegsPVW4,3999,Engineering,Sturdy,None,false
DroidLegsPVA4,4000,Engineering,Sturdy,None,false
DroidLegsPVS4,4001,Engineering,Sturdy,None,false
DroidLegsVWA4,4002,Engineering,Sturdy,None,false
DroidLegsVWS4,4003,Engineering,Sturdy,None,false
DroidLegsVAS4,4004,Engineering,Sturdy,None,false
DroidLegsWAS4,4005,Engineering,Sturdy,None,false
DroidLegsMPV5,4006,Engineering,Sturdy,None,false
DroidLegsMPW5,4007,Engineering,Sturdy,None,false
DroidLegsMPA5,4008,Engineering,Sturdy,None,false
DroidLegsMPS5,4009,Engineering,Sturdy,None,false
DroidLegsMVW5,4010,Engineering,Sturdy,None,false
DroidLegsMVA5,4011,Engineering,Sturdy,None,false
DroidLegsMVS5,4012,Engineering,Sturdy,None,false
DroidLegsMWA5,4013,Engineering,Sturdy,None,false
DroidLegsMWS5,4014,Engineering,Sturdy,None,false
DroidLegsMAS5,4015,Engineering,Sturdy,None,false
DroidLegsPVW5,4016,Engineering,Sturdy,None,false
DroidLegsPVA5,4017,Engineering,Sturdy,None,false
DroidLegsPVS5,4018,Engineering,Sturdy,None,false
DroidLegsVWA5,4019,Engineering,Sturdy,None,false
DroidLegsVWS5,4020,Engineering,Sturdy,None,false
DroidLegsVAS5,4021,Engineering,Sturdy,None,false
DroidLegsWAS5,4022,Engineering,Sturdy,None,false
ControlUnitAlpha,4023,Engineering,Calibrated,None,false
ControlUnitBeta,4024,Engineering,Calibrated,None,false
ControlUnitGamma,4025,Engineering,Calibrated,None,false
ControlUnitDelta,4026,Engineering,Calibrated,None,false
ControlUnitEpsilon,4027,Engineering,Calibrated,None,false
LogicUnitAlpha,4028,Engineering,Calibrated,None,false
LogicUnitBeta,4029,Engineering,Calibrated,None,false
LogicUnitGamma,4030,Engineering,Calibrated,None,false
LogicUnitDelta,4031,Engineering,Calibrated,None,false
LogicUnitEpsilon,4032,Engineering,Calibrated,None,false
CachingUnitAlpha,4033,Engineering,Calibrated,None,false
CachingUnitBeta,4034,Engineering,Calibrated,None,false
CachingUnitGamma,4035,Engineering,Calibrated,None,false
CachingUnitDelta,4036,Engineering,Calibrated,None,false
CachingUnitEpsilon,4037,Engineering,Calibrated,None,false
DroidBrainAlpha,4038,Engineering,Calibrated,None,false
DroidBrainBeta,4039,Engineering,Calibrated,None,false
DroidBrainGamma,4040,Engineering,Calibrated,None,false
DroidBrainDelta,4041,Engineering,Calibrated,None,false
DroidBrainEpsilon,4042,Engineering,Calibrated,None,false
DroidSensorAlpha,4043,Engineering,Calibrated,None,false
DroidSensorBeta,4044,Engineering,Calibrated,None,false
DroidSensorGamma,4045,Engineering,Calibrated,None,false
DroidSensorDelta,4046,Engineering,Calibrated,None,false
DroidSensorEpsilon,4047,Engineering,Calibrated,None,false
ManipulatorArmAlpha,4048,Engineering,Calibrated,None,false
ManipulatorArmBeta,4049,Engineering,Calibrated,None,false
ManipulatorArmGamma,4050,Engineering,Calibrated,None,false
ManipulatorArmDelta,4051,Engineering,Calibrated,None,false
ManipulatorArmEpsilon,4052,Engineering,Calibrated,None,false
DischargeUnitAlpha,4053,Engineering,Calibrated,None,false
DischargeUnitBeta,4054,Engineering,Calibrated,None,false
DischargeUnitGamma,4055,Engineering,Calibrated,None,false
DischargeUnitDelta,4056,Engineering,Calibrated,None,false
DischargeUnitEpsilon,4057,Engineering,Calibrated,None,false
DroidMotiveSystemAlpha,4058,Engineering,Calibrated,None,false
DroidMotiveSystemBeta,4059,Engineering,Calibrated,None,false
DroidMotiveSystemGamma,4060,Engineering,Calibrated,None,false
DroidMotiveSystemDelta,4061,Engineering,Calibrated,None,false
DroidMotiveSystemEpsilon,4062,Engineering,Calibrated,None,false
DiagnosticCircuitAlpha,4063,Engineering,Calibrated,None,false
DiagnosticCircuitBeta,4064,Engineering,Calibrated,None,false
DiagnosticCircuitGamma,4065,Engineering,Calibrated,None,false
DiagnosticCircuitDelta,4066,Engineering,Calibrated,None,false
DiagnosticCircuitEpsilon,4067,Engineering,Calibrated,None,false
DroidPowerSupplyAlpha,4068,Engineering,Calibrated,None,false
DroidPowerSupplyBeta,4069,Engineering,Calibrated,None,false
DroidPowerSupplyGamma,4070,Engineering,Calibrated,None,false
DroidPowerSupplyDelta,4071,Engineering,Calibrated,None,false
DroidPowerSupplyEpsilon,4072,Engineering,Calibrated,None,false
DroidChassisAlpha,4073,Engineering,Calibrated,None,false
DroidChassisBeta,4074,Engineering,Calibrated,None,false
DroidChassisGamma,4075,Engineering,Calibrated,None,false
DroidChassisDelta,4076,Engineering,Calibrated,None,false
DroidChassisEpsilon,4077,Engineering,Calibrated,None,false
InstructionFragGrenade1,4159,Engineering,Calibrated,None,false
InstructionFragGrenade2,4160,Engineering,Calibrated,None,false
InstructionFragGrenade3,4161,Engineering,Calibrated,None,false
InstructionConcussionGrenade1,4162,Engineering,Calibrated,None,false
InstructionConcussionGrenade2,4163,Engineering,Calibrated,None,false
InstructionIonGrenade1,4168,Engineering,Calibrated,None,false
InstructionIonGrenade2,4169,Engineering,Calibrated,None,false
InstructionAdhesiveGrenade1,4174,Engineering,Calibrated,None,false
InstructionAdhesiveGrenade2,4175,Engineering,Calibrated,None,false
InstructionFlamethrower1,4177,Engineering,Calibrated,None,false
InstructionFlamethrower2,4178,Engineering,Calibrated,None,false
InstructionFlamethrower3,4179,Engineering,Calibrated,None,false
InstructionWristRocket1,4180,Engineering,Calibrated,None,false
InstructionWristRocket2,4181,Engineering,Calibrated,None,false
InstructionWristRocket3,4182,Engineering,Calibrated,None,false
InstructionProvoke1,4183,Engineering,Calibrated,None,false
InstructionProvoke2,4184,Engineering,Calibrated,None,false
InstructionMedKit1,4185,Engineering,Calibrated,None,false
InstructionMedKit2,4186,Engineering,Calibrated,None,false
InstructionMedKit3,4187,Engineering,Calibrated,None,false
InstructionMedKit4,4188,Engineering,Calibrated,None,false
InstructionResuscitation1,4193,Engineering,Calibrated,None,false
InstructionResuscitation2,4194,Engineering,Calibrated,None,false
InstructionTreatmentKit1,4196,Engineering,Calibrated,None,false
InstructionTreatmentKit2,4197,Engineering,Calibrated,None,false
DSCL001,4200,Engineering,Calibrated,None,false
DSBE001,4201,Engineering,Calibrated,None,false
DSRG001,4202,Engineering,Calibrated,None,false
DSNK001,4203,Engineering,Calibrated,None,false
DSAR001,4204,Engineering,Calibrated,None,false
DSHL001,4205,Engineering,Calibrated,None,false
DSBR001,4206,Engineering,Calibrated,None,false
DSLG001,4207,Engineering,Calibrated,None,false
DECL001,4208,Engineering,Calibrated,None,false
DEBE001,4209,Engineering,Calibrated,None,false
DERG001,4210,Engineering,Calibrated,None,false
DENK001,4211,Engineering,Calibrated,None,false
DEAR001,4212,Engineering,Calibrated,None,false
DEHL001,4213,Engineering,Calibrated,None,false
DEBR001,4214,Engineering,Calibrated,None,false
DELG001,4215,Engineering,Calibrated,None,false
DFCL001,4216,Engineering,Calibrated,None,false
DFBE001,4217,Engineering,Calibrated,None,false
DFRG001,4218,Engineering,Calibrated,None,false
DFNK001,4219,Engineering,Calibrated,None,false
DFAR001,4220,Engineering,Calibrated,None,false
DFHL001,4221,Engineering,Calibrated,None,false
DFBR001,4222,Engineering,Calibrated,None,false
DFLG001,4223,Engineering,Calibrated,None,false
DACL001,4224,Engineering,Calibrated,None,false
DABE001,4225,Engineering,Calibrated,None,false
DARG001,4226,Engineering,Calibrated,None,false
DANK001,4227,Engineering,Calibrated,None,false
DAAR001,4228,Engineering,Calibrated,None,false
DAHL001,4229,Engineering,Calibrated,None,false
DABR001,4230,Engineering,Calibrated,None,false
DALG001,4231,Engineering,Calibrated,None,false
DSCL002,4232,Engineering,Calibrated,None,false
DSBE002,4233,Engineering,Calibrated,None,false
DSRG002,4234,Engineering,Calibrated,None,false
DSNK002,4235,Engineering,Calibrated,None,false
DSAR002,4236,Engineering,Calibrated,None,false
DSHL002,4237,Engineering,Calibrated,None,false
DSBR002,4238,Engineering,Calibrated,None,false
DSLG002,4239,Engineering,Calibrated,None,false
DECL002,4240,Engineering,Calibrated,None,false
DEBE002,4241,Engineering,Calibrated,None,false
DERG002,4242,Engineering,Calibrated,None,false
DENK002,4243,Engineering,Calibrated,None,false
DEAR002,4244,Engineering,Calibrated,None,false
DEHL002,4245,Engineering,Calibrated,None,false
DEBR002,4246,Engineering,Calibrated,None,false
DELG002,4247,Engineering,Calibrated,None,false
DFCL002,4248,Engineering,Calibrated,None,false
DFBE002,4249,Engineering,Calibrated,None,false
DFRG002,4250,Engineering,Calibrated,None,false
DFNK002,4251,Engineering,Calibrated,None,false
DFAR002,4252,Engineering,Calibrated,None,false
DFHL002,4253,Engineering,Calibrated,None,false
DFBR002,4254,Engineering,Calibrated,None,false
DFLG002,4255,Engineering,Calibrated,None,false
DACL002,4256,Engineering,Calibrated,None,false
DABE002,4257,Engineering,Calibrated,None,false
DARG002,4258,Engineering,Calibrated,None,false
DANK002,4259,Engineering,Calibrated,None,false
DAAR002,4260,Engineering,Calibrated,None,false
DAHL002,4261,Engineering,Calibrated,None,false
DABR002,4262,Engineering,Calibrated,None,false
DALG002,4263,Engineering,Calibrated,None,false
DSCL003,4264,Engineering,Calibrated,None,false
DSBE003,4265,Engineering,Calibrated,None,false
DSRG003,4267,Engineering,Calibrated,None,false
DSNK003,4268,Engineering,Calibrated,None,false
DSAR003,4269,Engineering,Calibrated,None,false
DSHL003,4270,Engineering,Calibrated,None,false
DSBR003,4271,Engineering,Calibrated,None,false
DSLG003,4272,Engineering,Calibrated,None,false
DECL003,4273,Engineering,Calibrated,None,false
DEBE003,4274,Engineering,Calibrated,None,false
DERG003,4275,Engineering,Calibrated,None,false
DENK003,4276,Engineering,Calibrated,None,false
DEAR003,4277,Engineering,Calibrated,None,false
DEHL003,4278,Engineering,Calibrated,None,false
DEBR003,4279,Engineering,Calibrated,None,false
DELG003,4280,Engineering,Calibrated,None,false
DFCL003,4281,Engineering,Calibrated,None,false
DFBE003,4282,Engineering,Calibrated,None,false
DFRG003,4283,Engineering,Calibrated,None,false
DFNK003,4284,Engineering,Calibrated,None,false
DFAR003,4285,Engineering,Calibrated,None,false
DFHL003,4286,Engineering,Calibrated,None,false
DFBR003,4287,Engineering,Calibrated,None,false
DFLG003,4288,Engineering,Calibrated,None,false
DACL003,4289,Engineering,Calibrated,None,false
DABE003,4290,Engineering,Calibrated,None,false
DARG003,4291,Engineering,Calibrated,None,false
DANK003,4292,Engineering,Calibrated,None,false
DAAR003,4293,Engineering,Calibrated,None,false
DAHL003,4294,Engineering,Calibrated,None,false
DABR003,4295,Engineering,Calibrated,None,false
DALG003,4296,Engineering,Calibrated,None,false
DSCL004,4297,Engineering,Calibrated,None,false
DSBE004,4298,Engineering,Calibrated,None,false
DSRG004,4299,Engineering,Calibrated,None,false
DSNK004,4300,Engineering,Calibrated,None,false
DSAR004,4301,Engineering,Calibrated,None,false
DSHL004,4302,Engineering,Calibrated,None,false
DSBR004,4303,Engineering,Calibrated,None,false
DSLG004,4304,Engineering,Calibrated,None,false
DECL004,4305,Engineering,Calibrated,None,false
DEBE004,4306,Engineering,Calibrated,None,false
DERG004,4307,Engineering,Calibrated,None,false
DENK004,4308,Engineering,Calibrated,None,false
DEAR004,4309,Engineering,Calibrated,None,false
DEHL004,4310,Engineering,Calibrated,None,false
DEBR004,4311,Engineering,Calibrated,None,false
DELG004,4312,Engineering,Calibrated,None,false
DFCL004,4313,Engineering,Calibrated,None,false
DFBE004,4314,Engineering,Calibrated,None,false
DFRG004,4315,Engineering,Calibrated,None,false
DFNK004,4316,Engineering,Calibrated,None,false
DFAR004,4317,Engineering,Calibrated,None,false
DFHL004,4318,Engineering,Calibrated,None,false
DFBR004,4319,Engineering,Calibrated,None,false
DFLG004,4320,Engineering,Calibrated,None,false
DACL004,4321,Engineering,Calibrated,None,false
DABE004,4322,Engineering,Calibrated,None,false
DARG004,4323,Engineering,Calibrated,None,false
DANK004,4324,Engineering,Calibrated,None,false
DAAR004,4325,Engineering,Calibrated,None,false
DAHL004,4326,Engineering,Calibrated,None,false
DABR004,4327,Engineering,Calibrated,None,false
DALG004,4328,Engineering,Calibrated,None,false
DSCL005,4329,Engineering,Calibrated,None,false
DSBE005,4330,Engineering,Calibrated,None,false
DSRG005,4331,Engineering,Calibrated,None,false
DSNK005,4332,Engineering,Calibrated,None,false
DSAR005,4333,Engineering,Calibrated,None,false
DSHL005,4334,Engineering,Calibrated,None,false
DSBR005,4335,Engineering,Calibrated,None,false
DSLG005,4336,Engineering,Calibrated,None,false
DECL005,4337,Engineering,Calibrated,None,false
DEBE005,4338,Engineering,Calibrated,None,false
DERG005,4339,Engineering,Calibrated,None,false
DENK005,4340,Engineering,Calibrated,None,false
DEAR005,4341,Engineering,Calibrated,None,false
DEHL005,4342,Engineering,Calibrated,None,false
DEBR005,4343,Engineering,Calibrated,None,false
DELG005,4345,Engineering,Calibrated,None,false
DFCL005,4346,Engineering,Calibrated,None,false
DFBE005,4347,Engineering,Calibrated,None,false
DFRG005,4348,Engineering,Calibrated,None,false
DFNK005,4349,Engineering,Calibrated,None,false
DFAR005,4350,Engineering,Calibrated,None,false
DFHL005,4351,Engineering,Calibrated,None,false
DFBR005,4352,Engineering,Calibrated,None,false
DFLG005,4353,Engineering,Calibrated,None,false
DACL005,4356,Engineering,Calibrated,None,false
DABE005,4357,Engineering,Calibrated,None,false
DARG005,4358,Engineering,Calibrated,None,false
DANK005,4359,Engineering,Calibrated,None,false
DAAR005,4360,Engineering,Calibrated,None,false
DAHL005,4361,Engineering,Calibrated,None,false
DABR005,4362,Engineering,Calibrated,None,false
DALG005,4363,Engineering,Calibrated,None,false
WeaponEnhancementAccuracy1,4364,Engineering,Delicate,None,false
WeaponEnhancementAccuracy2,4365,Engineering,Delicate,None,false
WeaponEnhancementAccuracy3,4366,Engineering,Delicate,None,false
WeaponEnhancementAccuracy4,4367,Engineering,Delicate,None,false
WeaponEnhancementAccuracy5,4368,Engineering,Delicate,None,false
ArmorEnhancementAttack1,4664,Engineering,Delicate,None,false
ArmorEnhancementAttack2,4665,Engineering,Delicate,None,false
ArmorEnhancementAttack3,4666,Engineering,Delicate,None,false
ArmorEnhancementAttack4,4667,Engineering,Delicate,None,false
ArmorEnhancementAttack5,4668,Engineering,Delicate,None,false
ArmorEnhancementForceAttack1,4669,Engineering,Delicate,None,false
ArmorEnhancementForceAttack2,4670,Engineering,Delicate,None,false
ArmorEnhancementForceAttack3,4671,Engineering,Delicate,None,false
ArmorEnhancementForceAttack4,4672,Engineering,Delicate,None,false
ArmorEnhancementForceAttack5,4673,Engineering,Delicate,None,false
WeaponEnhancementForceAttack1,4674,Engineering,Delicate,None,false
WeaponEnhancementForceAttack2,4675,Engineering,Delicate,None,false
WeaponEnhancementForceAttack3,4676,Engineering,Delicate,None,false
WeaponEnhancementForceAttack4,4677,Engineering,Delicate,None,false
WeaponEnhancementForceAttack5,4678,Engineering,Delicate,None,false
InstructionShielding1,4683,Engineering,Calibrated,None,false
InstructionShielding2,4684,Engineering,Calibrated,None,false
InstructionShielding3,4685,Engineering,Calibrated,None,false
InstructionInfusion1,4687,Engineering,Calibrated,None,false
InstructionInfusion2,4688,Engineering,Calibrated,None,false
Missile3,4689,Engineering,Sturdy,None,false
Missile10,4690,Engineering,Sturdy,None,false
Missile25,4691,Engineering,Sturdy,None,false
FuelCapsule1,4692,Engineering,Sturdy,None,false
FuelCapsule3,4693,Engineering,Sturdy,None,false
FuelCapsule5,4694,Engineering,Sturdy,None,false
BasicBomberConfig,4695,Engineering,Calibrated,None,false
BomberConfig1,4696,Engineering,Calibrated,None,false
BomberConfig2,4697,Engineering,Calibrated,None,false
BomberConfig3,4698,Engineering,Calibrated,None,false
BomberConfig4,4699,Engineering,Calibrated,None,false
BasicFighterConfig,4700,Engineering,Calibrated,None,false
FighterConfig1,4701,Engineering,Calibrated,None,false
FighterConfig2,4702,Engineering,Calibrated,None,false
FighterConfig3,4703,Engineering,Calibrated,None,false
FighterConfig4,4704,Engineering,Calibrated,None,false
BasicInterceptorConfig,4705,Engineering,Calibrated,None,false
InterceptorConfig1,4706,Engineering,Calibrated,None,false
InterceptorConfig2,4707,Engineering,Calibrated,None,false
InterceptorConfig3,4708,Engineering,Calibrated,None,false
InterceptorConfig4,4709,Engineering,Calibrated,None,false
BasicLogisticsConfig,4710,Engineering,Calibrated,None,false
LogisticsConfig1,4711,Engineering,Calibrated,None,false
LogisticsConfig2,4712,Engineering,Calibrated,None,false
LogisticsConfig3,4713,Engineering,Calibrated,None,false
LogisticsConfig4,4714,Engineering,Calibrated,None,false
BasicFuelInjector,4715,Engineering,Calibrated,None,false
FuelInjector1,4716,Engineering,Calibrated,None,false
FuelInjector2,4717,Engineering,Calibrated,None,false
FuelInjector3,4718,Engineering,Calibrated,None,false
FuelInjector4,4719,Engineering,Calibrated,None,false
BasicThermalArmor,4720,Engineering,Calibrated,None,false
ThermalArmor1,4721,Engineering,Calibrated,None,false
ThermalArmor2,4722,Engineering,Calibrated,None,false
ThermalArmor3,4723,Engineering,Calibrated,None,false
ThermalArmor4,4724,Engineering,Calibrated,None,false
BasicIonArmor,4725,Engineering,Calibrated,None,false
IonArmor1,4726,Engineering,Calibrated,None,false
IonArmor2,4727,Engineering,Calibrated,None,false
IonArmor3,4728,Engineering,Calibrated,None,false
IonArmor4,4729,Engineering,Calibrated,None,false
BasicExplosiveArmor,4730,Engineering,Calibrated,None,false
ExplosiveArmor1,4731,Engineering,Calibrated,None,false
ExplosiveArmor2,4732,Engineering,Calibrated,None,false
ExplosiveArmor3,4733,Engineering,Calibrated,None,false
ExplosiveArmor4,4734,Engineering,Calibrated,None,false
BasicHeavyArmor,4735,Engineering,Calibrated,None,false
HeavyArmor1,4736,Engineering,Calibrated,None,false
HeavyArmor2,4737,Engineering,Calibrated,None,false
HeavyArmor3,4738,Engineering,Calibrated,None,false
HeavyArmor4,4739,Engineering,Calibrated,None,false
CorvetteRepThranta,4740,Engineering,Calibrated,None,false
CorvetteHull,4741,Engineering,Sturdy,None,false
CapitalConstruction,4742,Engineering,Sturdy,None,false
CapitalShieldGenerator,4743,Engineering,Sturdy,None,false
CorvettePowerSystem,4744,Engineering,Sturdy,None,false
CorvetteReactorBay,4745,Engineering,Sturdy,None,false
CapitalPowerRelay,4746,Engineering,Sturdy,None,false
CapitalReactor,4747,Engineering,Sturdy,None,false
CorvetteEngines,4748,Engineering,Sturdy,None,false
CapitalThruster,4749,Engineering,Sturdy,None,false
CapitalModuleComputer,4750,Engineering,Sturdy,None,false
CapitalTechComponents,4751,Engineering,Sturdy,None,false
AdvancedThrusters,4752,Engineering,Calibrated,None,false
AssaultConcMissileLauncher,4753,Engineering,Calibrated,None,false
AssaultConcMissile,4754,Engineering,Sturdy,None,false
BasicBeamCannon,4755,Engineering,Calibrated,None,false
BeamCannon1,4756,Engineering,Calibrated,None,false
BeamCannon2,4757,Engineering,Calibrated,None,false
BeamCannon3,4758,Engineering,Calibrated,None,false
BeamCannon4,4759,Engineering,Calibrated,None,false
BulwarkShieldGenerator,4760,Engineering,Calibrated,None,false
LaserCannonBattery1,4761,Engineering,Calibrated,None,false
ProtonBombLauncher,4762,Engineering,Calibrated,None,false
ProtonBomb,4763,Engineering,Sturdy,None,false
QuadLaserCannon1,4764,Engineering,Calibrated,None,false
QuadLaserCannon2,4765,Engineering,Calibrated,None,false
QuadLaserCannon3,4766,Engineering,Calibrated,None,false
RedundantShieldGenerator,4767,Engineering,Calibrated,None,false
ReinforcedPlating,4768,Engineering,Calibrated,None,false
RepairFieldGenerator,4769,Engineering,Calibrated,None,false
StormCannon,4770,Engineering,Calibrated,None,false
TargetingArray,4771,Engineering,Calibrated,None,false
Turbolaser1,4772,Engineering,Calibrated,None,false
Turbolaser2,4773,Engineering,Calibrated,None,false
Turbolaser3,4774,Engineering,Calibrated,None,false
CorvetteNeutThranta,4775,Engineering,Calibrated,None,false
CorvetteSithThranta,4776,Engineering,Calibrated,None,false
CorvetteHutt,4777,Engineering,Calibrated,None,false
CorvetteCorellian,4778,Engineering,Calibrated,None,false
CorvetteTerminus,4779,Engineering,Calibrated,None,false
CorvetteArmoredTransport,4780,Engineering,Calibrated,None,false
CorvetteChissTrireme,4781,Engineering,Calibrated,None,false
BasiliskWarDroid,4782,Engineering,Calibrated,None,false
AurekStrikefighter,4783,Engineering,Calibrated,None,false
SithFighter,4784,Engineering,Calibrated,None,false
Cutlass,4785,Engineering,Calibrated,None,false
LogisticsNexusConfig,4786,Engineering,Calibrated,None,false
SkirmisherConfig,4787,Engineering,Calibrated,None,false
WarshipConfig1,4788,Engineering,Calibrated,None,false
StripMiner,4789,Engineering,Calibrated,None,false
WeaponSubmissionTokenEngineering,4790,Engineering,Calibrated,None,false
ArmorSubmissionTokenEngineering,4791,Engineering,Calibrated,None,false
Missile15,4792,Engineering,Sturdy,None,false
Missile35,4793,Engineering,Sturdy,None,false
CorvetteJehaveyFrigate,4794,Engineering,Calibrated,None,false
WeaponsComputer,4795,Engineering,Calibrated,None,false
CapitalEWar,4796,Engineering,Calibrated,None,false
CapitalPowerDiverter,4797,Engineering,Calibrated,None,false
CorvetteCrusader,4798,Engineering,Calibrated,None,false
DroidVibrobladeBoost1,4799,Engineering,Delicate,None,false
DroidVibroknifeBoost1,4800,Engineering,Delicate,None,false
DroidLightsaberBoost1,4801,Engineering,Delicate,None,false
DroidHeavyVibrobladeBoost1,4802,Engineering,Delicate,None,false
DroidSpearBoost1,4803,Engineering,Delicate,None,false
DroidTwinBladeBoost1,4804,Engineering,Delicate,None,false
DroidSaberstaffBoost1,4805,Engineering,Delicate,None,false
DroidKatarBoost1,4806,Engineering,Delicate,None,false
DroidStaffBoost1,4807,Engineering,Delicate,None,false
DroidPistolBoost1,4808,Engineering,Delicate,None,false
DroidRifleBoost1,4809,Engineering,Delicate,None,false
DroidThrowingBoost1,4810,Engineering,Delicate,None,false
DroidVibrobladeBoost2,4811,Engineering,Delicate,None,false
DroidVibroknifeBoost2,4812,Engineering,Delicate,None,false
DroidLightsaberBoost2,4813,Engineering,Delicate,None,false
DroidHeavyVibrobladeBoost2,4814,Engineering,Delicate,None,false
DroidSpearBoost2,4815,Engineering,Delicate,None,false
DroidTwinBladeBoost2,4816,Engineering,Delicate,None,false
DroidSaberstaffBoost2,4817,Engineering,Delicate,None,false
DroidKatarBoost2,4818,Engineering,Delicate,None,false
DroidStaffBoost2,4819,Engineering,Delicate,None,false
DroidPistolBoost2,4820,Engineering,Delicate,None,false
DroidRifleBoost2,4821,Engineering,Delicate,None,false
DroidThrowingBoost2,4822,Engineering,Delicate,None,false
ArmorEnhancementResistanceMind1,4823,Engineering,Delicate,None,false
ArmorEnhancementResistanceMobility1,4824,Engineering,Delicate,None,false
ArmorEnhancementResistanceTrauma1,4825,Engineering,Delicate,None,false
ArmorEnhancementResistanceDisruption1,4826,Engineering,Delicate,None,false
ArmorEnhancementResistanceMind2,4827,Engineering,Delicate,None,false
ArmorEnhancementResistanceMobility2,4828,Engineering,Delicate,None,false
ArmorEnhancementResistanceTrauma2,4829,Engineering,Delicate,None,false
ArmorEnhancementResistanceDisruption2,4830,Engineering,Delicate,None,false
ArmorEnhancementResistanceMind3,4831,Engineering,Delicate,None,false
ArmorEnhancementResistanceMobility3,4832,Engineering,Delicate,None,false
ArmorEnhancementResistanceTrauma3,4833,Engineering,Delicate,None,false
ArmorEnhancementResistanceDisruption3,4834,Engineering,Delicate,None,false
ArmorEnhancementResistanceMind4,4835,Engineering,Delicate,None,false
ArmorEnhancementResistanceMobility4,4836,Engineering,Delicate,None,false
ArmorEnhancementResistanceTrauma4,4837,Engineering,Delicate,None,false
ArmorEnhancementResistanceDisruption4,4838,Engineering,Delicate,None,false
ArmorEnhancementResistanceMind5,4839,Engineering,Delicate,None,false
ArmorEnhancementResistanceMobility5,4840,Engineering,Delicate,None,false
ArmorEnhancementResistanceTrauma5,4841,Engineering,Delicate,None,false
ArmorEnhancementResistanceDisruption5,4842,Engineering,Delicate,None,false
DroidResistanceFire1,4843,Engineering,Delicate,None,false
DroidResistancePoison1,4844,Engineering,Delicate,None,false
DroidResistanceElectrical1,4845,Engineering,Delicate,None,false
DroidResistanceIce1,4846,Engineering,Delicate,None,false
DroidResistanceMind1,4847,Engineering,Delicate,None,false
DroidResistanceMobility1,4848,Engineering,Delicate,None,false
DroidResistanceTrauma1,4849,Engineering,Delicate,None,false
DroidResistanceDisruption1,4850,Engineering,Delicate,None,false
DroidResistanceFire2,4851,Engineering,Delicate,None,false
DroidResistancePoison2,4852,Engineering,Delicate,None,false
DroidResistanceElectrical2,4853,Engineering,Delicate,None,false
DroidResistanceIce2,4854,Engineering,Delicate,None,false
DroidResistanceMind2,4855,Engineering,Delicate,None,false
DroidResistanceMobility2,4856,Engineering,Delicate,None,false
DroidResistanceTrauma2,4857,Engineering,Delicate,None,false
DroidResistanceDisruption2,4858,Engineering,Delicate,None,false
DHCL001A,4859,Engineering,Calibrated,None,false
DHBE001A,4860,Engineering,Calibrated,None,false
DHRG001A,4861,Engineering,Calibrated,None,false
DHNK001A,4862,Engineering,Calibrated,None,false
DHAR001A,4863,Engineering,Calibrated,None,false
DHHL001A,4864,Engineering,Calibrated,None,false
DHBR001A,4865,Engineering,Calibrated,None,false
DHLG001A,4866,Engineering,Calibrated,None,false
DLCL001A,4867,Engineering,Calibrated,None,false
DLBE001A,4868,Engineering,Calibrated,None,false
DLRG001A,4869,Engineering,Calibrated,None,false
DLNK001A,4870,Engineering,Calibrated,None,false
DLAR001A,4871,Engineering,Calibrated,None,false
DLHL001A,4872,Engineering,Calibrated,None,false
DLBR001A,4873,Engineering,Calibrated,None,false
DLLG001A,4874,Engineering,Calibrated,None,false
DHCL002A,4875,Engineering,Calibrated,None,false
DHBE002A,4876,Engineering,Calibrated,None,false
DHRG002A,4877,Engineering,Calibrated,None,false
DHNK002A,4878,Engineering,Calibrated,None,false
DHAR002A,4879,Engineering,Calibrated,None,false
DHHL002A,4880,Engineering,Calibrated,None,false
DHBR002A,4881,Engineering,Calibrated,None,false
DHLG002A,4882,Engineering,Calibrated,None,false
DLCL002A,4883,Engineering,Calibrated,None,false
DLBE002A,4884,Engineering,Calibrated,None,false
DLRG002A,4885,Engineering,Calibrated,None,false
DLNK002A,4886,Engineering,Calibrated,None,false
DLAR002A,4887,Engineering,Calibrated,None,false
DLHL002A,4888,Engineering,Calibrated,None,false
DLBR002A,4889,Engineering,Calibrated,None,false
DLLG002A,4890,Engineering,Calibrated,None,false
DHCL003A,4891,Engineering,Calibrated,None,false
DHBE003A,4892,Engineering,Calibrated,None,false
DHRG003A,4893,Engineering,Calibrated,None,false
DHNK003A,4894,Engineering,Calibrated,None,false
DHAR003A,4895,Engineering,Calibrated,None,false
DHHL003A,4896,Engineering,Calibrated,None,false
DHBR003A,4897,Engineering,Calibrated,None,false
DHLG003A,4898,Engineering,Calibrated,None,false
DLCL003A,4899,Engineering,Calibrated,None,false
DLBE003A,4900,Engineering,Calibrated,None,false
DLRG003A,4901,Engineering,Calibrated,None,false
DLNK003A,4902,Engineering,Calibrated,None,false
DLAR003A,4903,Engineering,Calibrated,None,false
DLHL003A,4904,Engineering,Calibrated,None,false
DLBR003A,4905,Engineering,Calibrated,None,false
DLLG003A,4906,Engineering,Calibrated,None,false
DHCL004A,4907,Engineering,Calibrated,None,false
DHBE004A,4908,Engineering,Calibrated,None,false
DHRG004A,4909,Engineering,Calibrated,None,false
DHNK004A,4910,Engineering,Calibrated,None,false
DHAR004A,4911,Engineering,Calibrated,None,false
DHHL004A,4912,Engineering,Calibrated,None,false
DHBR004A,4913,Engineering,Calibrated,None,false
DHLG004A,4914,Engineering,Calibrated,None,false
DLCL004A,4915,Engineering,Calibrated,None,false
DLBE004A,4916,Engineering,Calibrated,None,false
DLRG004A,4917,Engineering,Calibrated,None,false
DLNK004A,4918,Engineering,Calibrated,None,false
DLAR004A,4919,Engineering,Calibrated,None,false
DLHL004A,4920,Engineering,Calibrated,None,false
DLBR004A,4921,Engineering,Calibrated,None,false
DLLG004A,4922,Engineering,Calibrated,None,false
InstructionAdrenalStim1,4939,Engineering,Calibrated,None,false
InstructionAdrenalStim2,4940,Engineering,Calibrated,None,false
InstructionAdrenalStim3,4941,Engineering,Calibrated,None,false
InstructionAntitoxin,4942,Engineering,Calibrated,None,false
InstructionArcProjector1,4943,Engineering,Calibrated,None,false
InstructionArcProjector2,4944,Engineering,Calibrated,None,false
InstructionArcProjector3,4945,Engineering,Calibrated,None,false
InstructionBlasterBeacon1,4946,Engineering,Calibrated,None,false
InstructionBlasterBeacon2,4947,Engineering,Calibrated,None,false
InstructionBlasterBeacon3,4948,Engineering,Calibrated,None,false
InstructionClusterGrenade,4949,Engineering,Calibrated,None,false
InstructionCryoSprayer,4950,Engineering,Calibrated,None,false
InstructionDeflectorShield1,4951,Engineering,Calibrated,None,false
InstructionDeflectorShield2,4952,Engineering,Calibrated,None,false
InstructionDeflectorShield3,4953,Engineering,Calibrated,None,false
InstructionDisruptionPulse,4954,Engineering,Calibrated,None,false
InstructionEmergencyBunker,4955,Engineering,Calibrated,None,false
InstructionEmergencyCocktail,4956,Engineering,Calibrated,None,false
InstructionEmergencyTriage,4957,Engineering,Calibrated,None,false
InstructionFlashGrenade,4958,Engineering,Calibrated,None,false
InstructionFocusStim1,4959,Engineering,Calibrated,None,false
InstructionFocusStim2,4960,Engineering,Calibrated,None,false
InstructionGroupDeflector,4961,Engineering,Calibrated,None,false
InstructionIncendiaryField1,4962,Engineering,Calibrated,None,false
InstructionIncendiaryField2,4963,Engineering,Calibrated,None,false
InstructionIncendiaryField3,4964,Engineering,Calibrated,None,false
InstructionIonLance1,4965,Engineering,Calibrated,None,false
InstructionIonLance2,4966,Engineering,Calibrated,None,false
InstructionIonLance3,4967,Engineering,Calibrated,None,false
InstructionKillzoneBeacon,4968,Engineering,Calibrated,None,false
InstructionKoltoMist1,4969,Engineering,Calibrated,None,false
InstructionKoltoMist2,4970,Engineering,Calibrated,None,false
InstructionOverloadBarrage,4971,Engineering,Calibrated,None,false
InstructionPainSuppressant1,4972,Engineering,Calibrated,None,false
InstructionPainSuppressant2,4973,Engineering,Calibrated,None,false
InstructionPowerCell1,4974,Engineering,Calibrated,None,false
InstructionPowerCell2,4975,Engineering,Calibrated,None,false
InstructionPowerCell3,4976,Engineering,Calibrated,None,false
InstructionRailDart1,4977,Engineering,Calibrated,None,false
InstructionRailDart2,4978,Engineering,Calibrated,None,false
InstructionRemoteCharge1,4979,Engineering,Calibrated,None,false
InstructionRemoteCharge2,4980,Engineering,Calibrated,None,false
InstructionShockBeacon1,4981,Engineering,Calibrated,None,false
InstructionShockBeacon2,4982,Engineering,Calibrated,None,false
InstructionSignalJammer,4983,Engineering,Calibrated,None,false
InstructionSonicBurst1,4984,Engineering,Calibrated,None,false
InstructionSonicBurst2,4985,Engineering,Calibrated,None,false
InstructionSonicBurst3,4986,Engineering,Calibrated,None,false
InstructionThermalDetonator,4987,Engineering,Calibrated,None,false
InstructionTreatmentKit3,4988,Engineering,Calibrated,None,false
InstructionWeaponJam,4989,Engineering,Calibrated,None,false
FaultlineCapacitor,4990,Engineering,Calibrated,None,false
GhostkeyRelay,4991,Engineering,Calibrated,None,false
WayfinderSensor,4992,Engineering,Calibrated,None,false
StonewakeRelay,4993,Engineering,Calibrated,None,false
KineticHarness,4994,Engineering,Calibrated,None,false
LucidSplice,4995,Engineering,Calibrated,None,false
StormcoreMatrix,4996,Engineering,Calibrated,None,false
TidecallBeacon,4997,Engineering,Calibrated,None,false
FluxDiverter,4998,Engineering,Calibrated,None,false
InstructionRailDart3,4999,Engineering,Calibrated,None,false
LightsaberUpgradeKit2,5000,Engineering,Delicate,None,false
LightsaberUpgradeKit3,5001,Engineering,Delicate,None,false
LightsaberUpgradeKit4,5002,Engineering,Delicate,None,false
LightsaberUpgradeKit5,5003,Engineering,Delicate,None,false
ChiroLightsaberUpgradeKit,5004,Engineering,Delicate,None,false
SaberstaffUpgradeKit2,5005,Engineering,Delicate,None,false
SaberstaffUpgradeKit3,5006,Engineering,Delicate,None,false
SaberstaffUpgradeKit4,5007,Engineering,Delicate,None,false
SaberstaffUpgradeKit5,5008,Engineering,Delicate,None,false
ChiroSaberstaffUpgradeKit,5009,Engineering,Delicate,None,false
SalvagedReactorPlate,5010,Smithery,Sturdy,None,false
SalvagedPistonGauntlet,5011,Smithery,Sturdy,None,false
SalvagedSiegeOptics,5012,Smithery,Sturdy,None,false
SalvagedPrecisionOptic,5013,Smithery,Sturdy,None,false
SalvagedDetoniteKnuckle,5014,Smithery,Sturdy,None,false
SalvagedJammerMesh,5015,Smithery,Sturdy,None,false
SalvagedPitCestus,5016,Smithery,Sturdy,None,false
SalvagedDuelistVest,5017,Smithery,Sturdy,None,false
SalvagedCharmCowl,5018,Smithery,Sturdy,None,false
SalvagedFangGauntlet,5019,Smithery,Sturdy,None,false
SalvagedRidgebonePlate,5020,Smithery,Sturdy,None,false
SalvagedRiteCrown,5021,Smithery,Sturdy,None,false
SalvagedInvictusGauntlets,5022,Smithery,Sturdy,None,false
SalvagedRuptorVisor,5023,Smithery,Sturdy,None,false
SalvagedBlackoutCuirass,5024,Smithery,Sturdy,None,false
SalvagedSabraeGauntlets,5025,Smithery,Sturdy,None,false
SalvagedSentinelVisor,5026,Smithery,Sturdy,None,false
SalvagedCycloneCuirass,5027,Smithery,Sturdy,None,false
SalvagedForgeGauntlets,5028,Smithery,Sturdy,None,false
SalvagedFlameVisor,5029,Smithery,Sturdy,None,false
SalvagedBaneCuirass,5030,Smithery,Sturdy,None,false
SalvagedCanyonGauntlets,5031,Smithery,Sturdy,None,false
SalvagedDeadeyeVisor,5032,Smithery,Sturdy,None,false
SalvagedDeadHandCuirass,5033,Smithery,Sturdy,None,false
SalvagedFlurryGauntlets,5034,Smithery,Sturdy,None,false
SalvagedThermalVisor,5035,Smithery,Sturdy,None,false
SalvagedBarrierCuirass,5036,Smithery,Sturdy,None,false
SalvagedCryptGauntlets,5037,Smithery,Sturdy,None,false
SalvagedHungerVisor,5038,Smithery,Sturdy,None,false
SalvagedEclipseCuirass,5039,Smithery,Sturdy,None,false
SalvagedBunkerGauntlets,5040,Smithery,Sturdy,None,false
SalvagedBeaconVisor,5041,Smithery,Sturdy,None,false
SalvagedDecurionCuirass,5042,Smithery,Sturdy,None,false
SalvagedTriageGauntlets,5043,Smithery,Sturdy,None,false
SalvagedChemVisor,5044,Smithery,Sturdy,None,false
SalvagedConduitCuirass,5045,Smithery,Sturdy,None,false
SalvagedApexGauntlets,5046,Smithery,Sturdy,None,false
SalvagedQuillVisor,5047,Smithery,Sturdy,None,false
SalvagedRhydelCuirass,5048,Smithery,Sturdy,None,false
CopperTraceFuse,5049,Engineering,Calibrated,None,false
BraidedTraceFuse,5050,Engineering,Calibrated,None,false
PhaseTraceFuse,5051,Engineering,Calibrated,None,false
CryoTraceFuse,5052,Engineering,Calibrated,None,false
NullTraceFuse,5053,Engineering,Calibrated,None,false
VenomCoating1,6001,Espionage,Delicate,PoisonMixing,true
VenomCoating2,6002,Espionage,Delicate,PoisonMixing,false
VenomCoating3,6003,Espionage,Delicate,PoisonMixing,true
VenomCoating4,6004,Espionage,Delicate,PoisonMixing,false
VenomCoating5,6005,Espionage,Delicate,PoisonMixing,false
TrapKit1,6006,Espionage,Calibrated,TrapAssembly,false
TrapKit2,6007,Espionage,Calibrated,TrapAssembly,false
TrapKit3,6008,Espionage,Calibrated,TrapAssembly,false
TrapKit4,6009,Espionage,Calibrated,TrapAssembly,false
TrapKit5,6010,Espionage,Calibrated,TrapAssembly,true
WhisperthornConcentrate,6011,Espionage,Sturdy,PoisonMixing,false
GlassfangConcentrate,6012,Espionage,Sturdy,PoisonMixing,false
TombsporeConcentrate,6013,Espionage,Sturdy,PoisonMixing,false
RimevenomConcentrate,6014,Espionage,Sturdy,PoisonMixing,false
NightrootConcentrate,6015,Espionage,Sturdy,PoisonMixing,false
InstructionAbsoluteDefense,6016,Engineering,Calibrated,None,false
InstructionBastionStance,6017,Engineering,Calibrated,None,false
InstructionBlazingSpikes,6018,Engineering,Calibrated,None,false
InstructionEarthshatter1,6019,Engineering,Calibrated,None,false
InstructionEarthshatter2,6020,Engineering,Calibrated,None,false
InstructionFlash,6021,Engineering,Calibrated,None,false
InstructionFortressStrike1,6022,Engineering,Calibrated,None,false
InstructionFortressStrike2,6023,Engineering,Calibrated,None,false
InstructionFortressStrike3,6024,Engineering,Calibrated,None,false
InstructionRampart,6025,Engineering,Calibrated,None,false
InstructionSacrificialBlade,6026,Engineering,Calibrated,None,false
InstructionSoulBurst,6027,Engineering,Calibrated,None,false
InstructionSoulDevourer,6028,Engineering,Calibrated,None,false
InstructionSoulStorm,6029,Engineering,Calibrated,None,false
InstructionSoulStrike1,6030,Engineering,Calibrated,None,false
InstructionSoulStrike2,6031,Engineering,Calibrated,None,false
InstructionSoulStrike3,6032,Engineering,Calibrated,None,false
InstructionGuardCounter1,6033,Engineering,Calibrated,None,false
InstructionGuardCounter2,6034,Engineering,Calibrated,None,false
InstructionGuardCounter3,6035,Engineering,Calibrated,None,false
InstructionTwinGuardStance,6036,Engineering,Calibrated,None,false
InstructionWhirlingGuard,6037,Engineering,Calibrated,None,false
InstructionTwinIntercept,6038,Engineering,Calibrated,None,false
InstructionIronWallStance,6039,Engineering,Calibrated,None,false
InstructionAdamantineGuard,6040,Engineering,Calibrated,None,false
InstructionHookingStrike1,6041,Engineering,Calibrated,None,false
InstructionHookingStrike2,6042,Engineering,Calibrated,None,false
InstructionHookingStrike3,6043,Engineering,Calibrated,None,false
InstructionHookingStrike4,6044,Engineering,Calibrated,None,false
InstructionJointLock1,6045,Engineering,Calibrated,None,false
InstructionJointLock2,6046,Engineering,Calibrated,None,false
InstructionJointLock3,6047,Engineering,Calibrated,None,false
InstructionInterruptingSweep1,6048,Engineering,Calibrated,None,false
InstructionInterruptingSweep2,6049,Engineering,Calibrated,None,false
InstructionScrapperStance,6050,Engineering,Calibrated,None,false
InstructionScrapheapLockdown,6051,Engineering,Calibrated,None,false
InstructionDisarmingShot1,6052,Engineering,Calibrated,None,false
InstructionDisarmingShot2,6053,Engineering,Calibrated,None,false
InstructionDisarmingShot3,6054,Engineering,Calibrated,None,false
InstructionDisarmingShot4,6055,Engineering,Calibrated,None,false
InstructionInterruptingShot1,6056,Engineering,Calibrated,None,false
InstructionInterruptingShot2,6057,Engineering,Calibrated,None,false
InstructionInterruptingShot3,6058,Engineering,Calibrated,None,false
InstructionPointBlankBurst1,6059,Engineering,Calibrated,None,false
InstructionPointBlankBurst2,6060,Engineering,Calibrated,None,false
InstructionSkirmisherStance,6061,Engineering,Calibrated,None,false
InstructionLastWord,6062,Engineering,Calibrated,None,false
InstructionQuickDraw1,6063,Engineering,Calibrated,None,false
InstructionQuickDraw2,6064,Engineering,Calibrated,None,false
InstructionQuickDraw3,6065,Engineering,Calibrated,None,false
InstructionQuickDraw4,6066,Engineering,Calibrated,None,false
InstructionDoubleShot1,6067,Engineering,Calibrated,None,false
InstructionDoubleShot2,6068,Engineering,Calibrated,None,false
InstructionDoubleShot3,6069,Engineering,Calibrated,None,false
InstructionFanTheHammer1,6070,Engineering,Calibrated,None,false
InstructionFanTheHammer2,6071,Engineering,Calibrated,None,false
InstructionGamblerStance,6072,Engineering,Calibrated,None,false
InstructionDeadMansHand,6073,Engineering,Calibrated,None,false
InstructionSuppressingShot1,6074,Engineering,Calibrated,None,false
InstructionSuppressingShot2,6075,Engineering,Calibrated,None,false
InstructionSuppressingShot3,6076,Engineering,Calibrated,None,false
InstructionSuppressingShot4,6077,Engineering,Calibrated,None,false
InstructionCripplingShot1,6078,Engineering,Calibrated,None,false
InstructionCripplingShot2,6079,Engineering,Calibrated,None,false
InstructionCripplingShot3,6080,Engineering,Calibrated,None,false
InstructionSuppressiveLine1,6081,Engineering,Calibrated,None,false
InstructionSuppressiveLine2,6082,Engineering,Calibrated,None,false
InstructionSuppressionStance,6083,Engineering,Calibrated,None,false
InstructionKillBox,6084,Engineering,Calibrated,None,false
InstructionAimedShot1,6085,Engineering,Calibrated,None,false
InstructionAimedShot2,6086,Engineering,Calibrated,None,false
InstructionAimedShot3,6087,Engineering,Calibrated,None,false
InstructionAimedShot4,6088,Engineering,Calibrated,None,false
InstructionPiercingRound1,6089,Engineering,Calibrated,None,false
InstructionPiercingRound2,6090,Engineering,Calibrated,None,false
InstructionPiercingRound3,6091,Engineering,Calibrated,None,false
InstructionHeadshot1,6092,Engineering,Calibrated,None,false
InstructionHeadshot2,6093,Engineering,Calibrated,None,false
InstructionSniperStance,6094,Engineering,Calibrated,None,false
InstructionOneShot,6095,Engineering,Calibrated,None,false
InstructionDisablingStrike1,6096,Engineering,Calibrated,None,false
InstructionDisablingStrike2,6097,Engineering,Calibrated,None,false
InstructionDisablingStrike3,6098,Engineering,Calibrated,None,false
InstructionDisablingStrike4,6099,Engineering,Calibrated,None,false
InstructionInterruptionStrike1,6100,Engineering,Calibrated,None,false
InstructionInterruptionStrike2,6101,Engineering,Calibrated,None,false
InstructionInterruptionStrike3,6102,Engineering,Calibrated,None,false
InstructionDisruptionField1,6103,Engineering,Calibrated,None,false
InstructionDisruptionField2,6104,Engineering,Calibrated,None,false
InstructionPerceptiveStance,6105,Engineering,Calibrated,None,false
InstructionForcebane,6106,Engineering,Calibrated,None,false
InstructionVigorThrust1,6107,Engineering,Calibrated,None,false
InstructionVigorThrust2,6108,Engineering,Calibrated,None,false
InstructionVigorThrust3,6109,Engineering,Calibrated,None,false
InstructionVigorThrust4,6110,Engineering,Calibrated,None,false
InstructionSweepingFlank1,6111,Engineering,Calibrated,None,false
InstructionSweepingFlank2,6112,Engineering,Calibrated,None,false
InstructionSweepingFlank3,6113,Engineering,Calibrated,None,false
InstructionHamperingBarrage1,6114,Engineering,Calibrated,None,false
InstructionHamperingBarrage2,6115,Engineering,Calibrated,None,false
InstructionVigorStance,6116,Engineering,Calibrated,None,false
InstructionCripplingDefense,6117,Engineering,Calibrated,None,false
InstructionSlam1,6118,Engineering,Calibrated,None,false
InstructionSlam2,6119,Engineering,Calibrated,None,false
InstructionSlam3,6120,Engineering,Calibrated,None,false
InstructionSlam4,6121,Engineering,Calibrated,None,false
InstructionRibBreaker1,6122,Engineering,Calibrated,None,false
InstructionRibBreaker2,6123,Engineering,Calibrated,None,false
InstructionRibBreaker3,6124,Engineering,Calibrated,None,false
InstructionGroundQuake1,6125,Engineering,Calibrated,None,false
InstructionGroundQuake2,6126,Engineering,Calibrated,None,false
InstructionCrusherStance,6127,Engineering,Calibrated,None,false
InstructionWorldbreaker,6128,Engineering,Calibrated,None,false
InstructionLineBreaker1,6129,Engineering,Calibrated,None,false
InstructionLineBreaker2,6130,Engineering,Calibrated,None,false
InstructionLineBreaker3,6131,Engineering,Calibrated,None,false
InstructionLineBreaker4,6132,Engineering,Calibrated,None,false
InstructionLegSweep1,6133,Engineering,Calibrated,None,false
InstructionLegSweep2,6134,Engineering,Calibrated,None,false
InstructionLegSweep3,6135,Engineering,Calibrated,None,false
InstructionSweepingGuard,6136,Engineering,Calibrated,None,false
InstructionSentinelStance,6137,Engineering,Calibrated,None,false
InstructionShelterCircle,6138,Engineering,Calibrated,None,false
InstructionUnmovingCenter,6139,Engineering,Calibrated,None,false
InstructionExplosiveToss1,6140,Engineering,Calibrated,None,false
InstructionExplosiveToss2,6141,Engineering,Calibrated,None,false
InstructionExplosiveToss3,6142,Engineering,Calibrated,None,false
InstructionExplosiveToss4,6143,Engineering,Calibrated,None,false
InstructionFlashToss1,6144,Engineering,Calibrated,None,false
InstructionFlashToss2,6145,Engineering,Calibrated,None,false
InstructionFlashToss3,6146,Engineering,Calibrated,None,false
InstructionConcussiveToss1,6147,Engineering,Calibrated,None,false
InstructionConcussiveToss2,6148,Engineering,Calibrated,None,false
InstructionOrdnanceStance,6149,Engineering,Calibrated,None,false
InstructionRainOfSteel,6150,Engineering,Calibrated,None,false
InstructionPiercingToss1,6151,Engineering,Calibrated,None,false
InstructionPiercingToss2,6152,Engineering,Calibrated,None,false
InstructionPiercingToss3,6153,Engineering,Calibrated,None,false
InstructionPiercingToss4,6154,Engineering,Calibrated,None,false
InstructionPinningToss1,6155,Engineering,Calibrated,None,false
InstructionPinningToss2,6156,Engineering,Calibrated,None,false
InstructionPinningToss3,6157,Engineering,Calibrated,None,false
InstructionSeveringToss1,6158,Engineering,Calibrated,None,false
InstructionSeveringToss2,6159,Engineering,Calibrated,None,false
InstructionFlurryStance,6160,Engineering,Calibrated,None,false
InstructionPerfectFlurry,6161,Engineering,Calibrated,None,false
InstructionCrossCut1,6162,Engineering,Calibrated,None,false
InstructionCrossCut2,6163,Engineering,Calibrated,None,false
InstructionCrossCut3,6164,Engineering,Calibrated,None,false
InstructionCrossCut4,6165,Engineering,Calibrated,None,false
InstructionSpinningWhirl1,6166,Engineering,Calibrated,None,false
InstructionSpinningWhirl2,6167,Engineering,Calibrated,None,false
InstructionSpinningWhirl3,6168,Engineering,Calibrated,None,false
InstructionBladeVortex1,6169,Engineering,Calibrated,None,false
InstructionBladeVortex2,6170,Engineering,Calibrated,None,false
InstructionCycloneStance,6171,Engineering,Calibrated,None,false
InstructionTempestBloom,6172,Engineering,Calibrated,None,false
InstructionLaceratingTwinCut1,6173,Engineering,Calibrated,None,false
InstructionLaceratingTwinCut2,6174,Engineering,Calibrated,None,false
InstructionLaceratingTwinCut3,6175,Engineering,Calibrated,None,false
InstructionLaceratingTwinCut4,6176,Engineering,Calibrated,None,false
InstructionSerratedArc1,6177,Engineering,Calibrated,None,false
InstructionSerratedArc2,6178,Engineering,Calibrated,None,false
InstructionSerratedArc3,6179,Engineering,Calibrated,None,false
InstructionTwinRupture1,6180,Engineering,Calibrated,None,false
InstructionTwinRupture2,6181,Engineering,Calibrated,None,false
InstructionLaceratorStance,6182,Engineering,Calibrated,None,false
InstructionRedBloom,6183,Engineering,Calibrated,None,false
InstructionBerserkerStance,6184,Engineering,Calibrated,None,false
InstructionCoveringStrike1,6185,Engineering,Calibrated,None,false
InstructionCoveringStrike2,6186,Engineering,Calibrated,None,false
InstructionCoveringStrike3,6187,Engineering,Calibrated,None,false
InstructionDefensiveStance,6188,Engineering,Calibrated,None,false
InstructionInvincible,6189,Engineering,Calibrated,None,false
InstructionRendingStrike1,6190,Engineering,Calibrated,None,false
InstructionRendingStrike2,6191,Engineering,Calibrated,None,false
InstructionRiotBlade1,6192,Engineering,Calibrated,None,false
InstructionRiotBlade2,6193,Engineering,Calibrated,None,false
InstructionRiotBlade3,6194,Engineering,Calibrated,None,false
InstructionRiotBlade4,6195,Engineering,Calibrated,None,false
InstructionSavageCleave1,6196,Engineering,Calibrated,None,false
InstructionSavageCleave2,6197,Engineering,Calibrated,None,false
InstructionSavageCleave3,6198,Engineering,Calibrated,None,false
InstructionShieldBash1,6199,Engineering,Calibrated,None,false
InstructionShieldBash2,6200,Engineering,Calibrated,None,false
InstructionShieldBash3,6201,Engineering,Calibrated,None,false
InstructionShieldBash4,6202,Engineering,Calibrated,None,false
InstructionShieldWall1,6203,Engineering,Calibrated,None,false
InstructionShieldWall2,6204,Engineering,Calibrated,None,false
InstructionPathogenStrike1,6205,Engineering,Calibrated,None,false
InstructionPathogenStrike2,6206,Engineering,Calibrated,None,false
InstructionPathogenStrike3,6207,Engineering,Calibrated,None,false
InstructionPathogenStrike4,6208,Engineering,Calibrated,None,false
InstructionVirulentBlade1,6209,Engineering,Calibrated,None,false
InstructionVirulentBlade2,6210,Engineering,Calibrated,None,false
InstructionVirulentBlade3,6211,Engineering,Calibrated,None,false
InstructionVolatileCompound1,6212,Engineering,Calibrated,None,false
InstructionVolatileCompound2,6213,Engineering,Calibrated,None,false
InstructionAssassinsStance,6214,Engineering,Calibrated,None,false
InstructionViralCascade,6215,Engineering,Calibrated,None,false
InstructionVeiledStrike1,6216,Engineering,Calibrated,None,false
InstructionVeiledStrike2,6217,Engineering,Calibrated,None,false
InstructionVeiledStrike3,6218,Engineering,Calibrated,None,false
InstructionVeiledStrike4,6219,Engineering,Calibrated,None,false
InstructionCripplingSlice1,6220,Engineering,Calibrated,None,false
InstructionCripplingSlice2,6221,Engineering,Calibrated,None,false
InstructionCripplingSlice3,6222,Engineering,Calibrated,None,false
InstructionBackstab1,6223,Engineering,Calibrated,None,false
InstructionBackstab2,6224,Engineering,Calibrated,None,false
InstructionShadowflowStance,6225,Engineering,Calibrated,None,false
InstructionEscapeArtist,6226,Engineering,Calibrated,None,false
