"Tab","Row","Style","Price","PerkName","SkillRequirements","CharacterType","Type","Description","CrossSkill","FP","STM","CastingTime","CooldownTime","DevStatus","AdditionalRequirements","Notes"
"Armor","5","General","2","Provoke I","Armor 5","All","Combat","Goads a single target into attacking you.","-","-","1 second","10 seconds","Implemented","No","Separate recast timer from Provoke II",""
"Armor","6","General","3","Provoke II","Armor 15","All","Combat","Goads all enemies within range into attacking you.","-","-","1 second","20 seconds","Implemented","No","Separate recast timer from Provoke I",""
"Armor","7","Heavy","2","Endure I","Armor 15","All","Trait","1% chance per MGT mod to prevent melee damage dealt from an enemy once per round. Must be wearing full heavy armor. (Max: 10%)","-","-","-","-","Not Started","No","",""
"Armor","8","Heavy","2","Endure II","Armor 30","All","Trait","2% chance per MGT mod to prevent melee damage dealt from an enemy once per round. Must be wearing full heavy armor. (Max: 20%)","-","-","-","-","Not Started","No","",""
"Armor","9","Heavy","2","Endure III","Armor 50","All","Trait","3% chance per MGT mod to prevent melee damage dealt from an enemy once per round. Must be wearing full heavy armor. (Max: 30%)","-","-","-","-","Not Started","No","",""
"Vibroblade","6","Defense","3","Shield Training","Vibroblade 5","All","Trait","When you successfully deflect an attack with a shield, gain +3% Evasion and +3% Enmity for 10 seconds.","Yes","-","-","-","-","Not Implemented","",""
"Vibroblade","7","Defense","2","Shield Bash I","Vibroblade 8","All","Combat","Bashes an enemy for 12 DMG and has a DC12 Will check to inflict Dazed for 3 seconds.","Yes","-","3","Queued","1 minute","Not Implemented","",""
"Vibroblade","8","Defense","2","Bulwark I","Vibroblade 10","All","Trait","Grants +15 Shield Deflection with shield equipped.","Yes","-","-","-","-","Not Implemented","",""
"Vibroblade","9","Defense","3","Fortified Position I","Vibroblade 15","All","Trait","Grants +2 Will, +2 Fortitude, +2 Reflex with shield equipped.","Yes","-","-","-","-","Not Implemented","",""
"Vibroblade","10","Defense","3","Shield Bash II","Vibroblade 18","All","Combat","Bashes an enemy for 24 DMG and has a DC14 Will check to inflict Dazed for 6 seconds.","Yes","-","5","Queued","1 minute","Not Implemented","",""
"Vibroblade","11","Defense","3","Alacrity","Vibroblade 20","All","Trait","Restore 4 STM your shield deflects an attack.","Yes","-","-","-","-","Not Implemented","",""
"Vibroblade","12","Defense","3","Defensive Stance I","Vibroblade 22","All","Stance","While active, grants +20% to Enmity generation, +15% Defense, +15% Force Defense, -20% Attack, and -20% Force Attack","Yes","-","-","2 seconds","3 minutes","Not Implemented","",""
"Vibroblade","13","Defense","4","Shield Wall","Vibroblade 25","All","Combat","Channel for up to 6s. Allies within 5m gain +15% Physical Defense, you gain +25% Enmity for 1 minute.","Yes","-","10","Channel","2 minutes","Not Implemented","",""
"Vibroblade","14","Defense","3","Bulwark II","Vibroblade 28","All","Trait","Grants +25 Shield Deflection with shield equipped total.","Yes","-","-","-","-","Not Implemented","",""
"Vibroblade","15","Defense","3","Guardian's Riposte","Vibroblade 30","All","Trait","Receive Guardian's Riposte after deflecting an attack with a shield. Your next attack within 12s deals +10 DMG.","Yes","-","-","-","-","Not Implemented","",""
"Vibroblade","16","Defense","3","Covering Strike","Vibroblade 32","All","Combat","Strike in a line for weapon DMG + 20. Enemies hit generate +25% Enmity toward you for 12s.","Yes","-","6","Instant","45 seconds","Not Implemented","",""
"Vibroblade","17","Defense","4","Shield Bash III","Vibroblade 35","All","Combat","Bashes an enemy for 36 DMG and has a DC16 Will check to inflict Stunned for 3 seconds.","Yes","-","8","Queued","1 minute","Not Implemented","",""
"Vibroblade","18","Defense","3","Fortified Position II","Vibroblade 38","All","Trait","Grants +4 Will, +4 Fortitude, +4 Reflex with shield equipped total.","Yes","-","-","-","-","Not Implemented","",""
"Vibroblade","19","Defense","4","Bulwark III","Vibroblade 40","All","Trait","Grants +35 Shield Deflection with shield equipped total.","Yes","-","-","-","-","Not Implemented","",""
"Vibroblade","20","Defense","4","Unbreakable","Vibroblade 42","All","Trait","When reduced below 25% HP with shield equipped, gain +40% Physical Defense for 10s. Once per 5min.","Yes","-","-","-","-","Not Implemented","",""
"Vibroblade","21","Defense","4","Defensive Stance II","Vibroblade 45","All","Stance","While active, grants +30% to Enmity generation, +20% Defense, +20% Force Defense, -20% Attack, and -20% Force Attack","Yes","-","-","2 seconds","3 minutes","Not Implemented","",""
"Vibroblade","22","Defense","4","Invincible","Vibroblade 50","All","Combat","You become invulnerable to physical damage for 30 seconds.","No","-","25","1 second","30 minutes","Not Implemented","",""
"Vibroblade","24","Offense","2","Savage Reflexes","Vibroblade 5","All","Trait","Auto-attacks have 10% chance to deal +8 DMG.","Yes","-","-","-","-","Not Implemented","",""
"Vibroblade","25","Offense","2","Hacking Blade I","Vibroblade 8","All","Combat","Your next attack deals an additional 8 DMG and has a DC10 Fortitude check to inflict Bleed for 30 seconds.","Yes","-","3","Queued","30 seconds","Not Implemented","",""
"Vibroblade","26","Offense","2","Riot Blade I","Vibroblade 10","All","Combat","Instantly deals weapon DMG + 15 to your target.","Yes","-","3","Instant","1 minute","Not Implemented","",""
"Vibroblade","27","Offense","3","Whirlwind Assault I","Vibroblade 12","All","Combat","Deal weapon DMG + 12 to all nearby enemies.","Yes","-","10","Instant","2 minutes","Not Implemented","",""
"Vibroblade","28","Offense","3","Berserker Stance I","Vibroblade 15","All","Stance","While active, grants +15% Attack, +10% Haste, -20% Defense, and -20% Force Defense.","Yes","-","-","2 seconds","3 minutes","Not Implemented","",""
"Vibroblade","29","Offense","3","Riot Blade II","Vibroblade 18","All","Combat","Instantly deals weapon DMG + 30 to your target.","Yes","-","5","Instant","1 minute","Not Implemented","",""
"Vibroblade","30","Offense","3","Hacking Blade II","Vibroblade 20","All","Combat","Your next attack deals an additional 18 DMG and has a DC15 Fortitude check to inflict Bleed for 60 seconds.","Yes","-","4","Queued","30 seconds","Not Implemented","",""
"Vibroblade","31","Offense","2","Rending Strike I","Vibroblade 22","All","Combat","Deals weapon DMG + 18. Fortitude DC12 check to inflict Exposed which reduces Defense by 15% for 10s.","Yes","-","5","Instant","1 minute","Not Implemented","",""
"Vibroblade","32","Offense","2","Savage Cleave","Vibroblade 25","All","Combat","Strike all enemies in front for weapon DMG + 25.","Yes","-","7","Instant","45 seconds","Not Implemented","",""
"Vibroblade","33","Offense","3","Riot Blade III","Vibroblade 28","All","Combat","Instantly deals weapon DMG + 45 to your target.","Yes","-","8","Instant","1 minute","Not Implemented","",""
"Vibroblade","34","Offense","3","Whirlwind Assault II","Vibroblade 30","All","Combat","Deal weapon DMG + 20 to all nearby enemies.","Yes","-","12","Instant","2 minutes","Not Implemented","",""
"Vibroblade","35","Offense","3","Executioner","Vibroblade 32","All","Trait","Deal +15% damage to targets below 30% HP.","Yes","-","-","-","-","Not Implemented","",""
"Vibroblade","36","Offense","4","Hacking Blade III","Vibroblade 35","All","Combat","Your next attack deals an additional 28 DMG and has a DC20 Fortitude check to inflict Bleed for 60 seconds.","Yes","-","5","Queued","30 seconds","Not Implemented","",""
"Vibroblade","37","Offense","3","Rending Strike II","Vibroblade 38","All","Combat","Deals weapon DMG + 32. Fortitude DC16 check to inflict Exposed which reduces Defense by 25% for 12s.","Yes","-","7","Instant","1 minute","Not Implemented","",""
"Vibroblade","38","Offense","3","Bloodlust","Vibroblade 40","All","Trait","Gain +10% Attack against bleeding targets.","Yes","-","-","-","-","Not Implemented","",""
"Vibroblade","39","Offense","3","Crimson Fury","Vibroblade 42","All","Trait","Each bleeding enemy within 10m grants you +3% Attack (max +15%).","Yes","-","-","-","-","Not Implemented","",""
"Vibroblade","40","Offense","3","Carve","Vibroblade 45","All","Combat","Deals weapon DMG + 35, applies Hemorrhage which increases the damage your target takes by 10% for 12 seconds","Yes","-","10","Instant","75 seconds","Not Implemented","",""
"Vibroblade","41","Offense","4","Berserker Stance II","Vibroblade 48","All","Stance","While active, grants +25% Attack, +15% Haste, -20% Defense, and -20% Force Defense.","Yes","-","-","2 seconds","3 minutes","Not Implemented","",""
"Vibroblade","42","Offense","4","Blood Frenzy","Vibroblade 50","All","Trait","Defeating an enemy restores 15 STM and grants +10% Haste for 30 seconds.","No","-","-","-","-","Not Implemented","",""
"Vibroknife","6","Shadow","2","Precision Strikes","Vibroknife 5","All","Trait","Critical hits deal +10% damage.","Yes","-","","-","-","Not Implemented","",""
"Vibroknife","7","Shadow","2","Cheap Shot I","Vibroknife 8","All","Combat","Deals weapon DMG + 8 to a single target. Fortitude DC10 check to inflict Blind for 6 seconds.","Yes","-","4","Instant","45 seconds","Not Implemented","",""
"Vibroknife","8","Shadow","2","Backstab I","Vibroknife 10","All","Combat","Deals weapon DMG + 20 from behind your target.","Yes","-","3","Instant","1 minute","Not Implemented","",""
"Vibroknife","9","Shadow","3","Deadly Precision","Vibroknife 12","All","Stance","While active, grants +15% critical hit chance, -20% evasion, and -15% defense.","Yes","-","","2 seconds","3 minutes","Not Implemented","",""
"Vibroknife","10","Shadow","2","Evasive Combat I","Vibroknife 15","All","Combat","Increases evasion by 10%, reduces enmity by 15%, and reduces attack by 15% for 30 seconds.","Yes","-","4","Instant","5 minutes","Not Implemented","",""
"Vibroknife","11","Shadow","3","Backstab II","Vibroknife 18","All","Combat","Deals weapon DMG + 40 from behind your target.","Yes","-","5","Instant","1 minute","Not Implemented","",""
"Vibroknife","12","Shadow","3","Cheap Shot II","Vibroknife 20","All","Combat","Deals weapon DMG + 16 to a single target. Fortitude DC14 check to inflict Blind for 9 seconds.","Yes","-","6","Instant","45 seconds","Not Implemented","",""
"Vibroknife","13","Shadow","3","Opportunist","Vibroknife 22","All","Trait","Grants +15% Critical Rate against targets not facing you.","Yes","-","","-","-","Not Implemented","",""
"Vibroknife","14","Shadow","3","Ambush Tactics","Vibroknife 25","All","Trait","After dealing a critical hit, your next attack within 8 seconds ignores 20% of defense.","Yes","-","","-","-","Not Implemented","",""
"Vibroknife","15","Shadow","3","Shadow Strike I","Vibroknife 28","All","Combat","Deals weapon DMG + 30 to a single target. Reflex DC15 check to inflict 30% Slow for 8 seconds.","Yes","-","7","Instant","1 minute","Not Implemented","",""
"Vibroknife","16","Shadow","4","Marked for Death","Vibroknife 30","All","Combat","You mark a single target. Your next 3 attacks against them deal +12 DMG each.","Yes","-","8","Instant","90 seconds","Not Implemented","",""
"Vibroknife","17","Shadow","3","Assassin's Focus","Vibroknife 32","All","Trait","After landing a critical hit, gain +5% Accuracy for 30 seconds.","Yes","-","","-","-","Not Implemented","",""
"Vibroknife","18","Shadow","4","Backstab III","Vibroknife 35","All","Combat","Deals weapon DMG + 60 from behind your target. Fortitude DC14 check to Knockdown for 3 seconds.","Yes","-","8","Instant","1 minute","Not Implemented","",""
"Vibroknife","19","Shadow","3","Evasive Combat II","Vibroknife 38","All","Combat","Increases evasion by 20%, reduces enmity by 25%, and reduces attack by 25% for 30 seconds.","Yes","-","8","Instant","5 minutes","Not Implemented","",""
"Vibroknife","20","Shadow","4","Smoke Bomb","Vibroknife 40","All","Combat","All enemies in selected area have a Fortitude DC16 check to inflict Smoke Bomb, reducing accuracy by 20% for 12 seconds.","Yes","-","10","2 seconds","30 seconds","Not Implemented","",""
"Vibroknife","21","Shadow","4","Shadow Strike II","Vibroknife 42","All","Combat","Deals weapon DMG + 48 to a single target. Reflex DC17 to inflict 40% Slow for 12 seconds.","Yes","-","10","Instant","1 minute","Not Implemented","",""
"Vibroknife","22","Shadow","3","Decoy","Vibroknife 45","All","Combat","For 12 seconds, enemies targeting you have -25% Accuracy.","Yes","-","12","1 second","30 seconds","Not Implemented","",""
"Vibroknife","23","Shadow","4","Vital Strike","Vibroknife 50","All","Combat","Deals weapon DMG + 55. Fortitude DC20 to inflict Vital Strike debuff which causes all physical attacks to ignore 10% of defense for 12 seconds.","No","-","25","Instant","90 seconds","Not Implemented","",""
"Vibroknife","25","Saboteur","2","Calculated Strikes","Vibroknife 5","All","Trait","Auto-attacks have 15% chance to reduce target's Accuracy by 10% for 6s.","Yes","-","","-","-","Not Implemented","",""
"Vibroknife","26","Saboteur","2","Enfeebling Strike I","Vibroknife 8","All","Combat","Deals weapon DMG + 12. Fortitude DC10 check to inflict Weakened which reduces Attack by 10% for 15 seconds.","Yes","-","3","Instant","45 seconds","Not Implemented","",""
"Vibroknife","27","Saboteur","2","Hamstring I","Vibroknife 10","All","Combat","Your next attack deals +8 DMG. Reflex DC10 check to inflict Hamstring, slowing attack speed by 20% for 12 seconds.","Yes","-","4","Queued","30 seconds","Not Implemented","",""
"Vibroknife","28","Saboteur","2","Toxic Coating I","Vibroknife 12","All","Combat","Your next attack deals +10 DMG. Fortitude DC10 check to inflict Toxin for 30 seconds. Toxin deals damage equal to 1% max HP per second.","Yes","-","4","Queued","45 seconds","Not Implemented","",""
"Vibroknife","29","Saboteur","3","Exploit Weakness","Vibroknife 15","All","Trait","Deal +12% damage to enemies affected by any debuff.","Yes","-","","-","-","Not Implemented","",""
"Vibroknife","30","Saboteur","3","Hamstring II","Vibroknife 18","All","Combat","Your next attack deals +18 DMG. Reflex DC14 check to inflict Hamstring, slowing attack speed by 20% for 12 seconds.","Yes","-","6","Queued","30 seconds","Not Implemented","",""
"Vibroknife","31","Saboteur","3","Enfeebling Strike II","Vibroknife 20","All","Combat","Deals weapon DMG + 24. Fortitude DC14 check to inflict Weakened which reduces Attack by 15% for 15 seconds.","Yes","-","5","Instant","45 seconds","Not Implemented","",""
"Vibroknife","32","Saboteur","3","Sap Vitality","Vibroknife 22","All","Combat","Deals weapon DMG + 20. Fortitude DC12 check to inflict Exhausted which reduces defense and force defense by 10% for 15 seconds.","Yes","-","5","Instant","1 minute","Not Implemented","",""
"Vibroknife","33","Saboteur","3","Crippling Precision","Vibroknife 25","All","Trait","Your critical hits reduce target's Evasion by 15% for 10s.","Yes","-","","-","-","Not Implemented","",""
"Vibroknife","34","Saboteur","3","Nerve Strike","Vibroknife 28","All","Combat","Deals weapon DMG + 22. Fortitude DC14 to inflict Disoriented which reduces Accuracy and Evasion by 15% for 12 seconds.","Yes","-","6","Instant","1 minute","Not Implemented","",""
"Vibroknife","35","Saboteur","4","Debilitating Stance","Vibroknife 30","All","Stance","While active, your attacks inflict Hindered which slows attack speed by 15% for 8 seconds but reduces your attack by 10%.","Yes","-","","2 seconds","3 minutes","Not Implemented","",""
"Vibroknife","36","Saboteur","3","Hamstring III","Vibroknife 32","All","Combat","Your next attack deals +28 DMG. Reflex DC18 check to inflict Hamstring, slowing attack speed by 20% for 12 seconds.","Yes","-","8","Queued","30 seconds","Not Implemented","",""
"Vibroknife","37","Saboteur","3","Enfeebling Strike III","Vibroknife 35","All","Combat","Deals weapon DMG + 36. Fortitude DC18 check to inflict Weakened which reduces attack by 20% for 15 seconds.","Yes","-","7","Instant","45 seconds","Not Implemented","",""
"Vibroknife","38","Saboteur","4","Sap Vitality II","Vibroknife 38","All","Combat","Deals weapon DMG + 35. Fortitude DC16 check to inflict Exhausted which reduces defense and force defense by 15% for 15 seconds.","Yes","-","8","Instant","1 minute","Not Implemented","",""
"Vibroknife","39","Saboteur","3","Toxic Coating II","Vibroknife 40","All","Combat","Your next attack deals +22 DMG. Fortitude DC15 check to inflict Toxin for 30 seconds. Toxin deals damage equal to 1% max HP per second.","Yes","-","6","Queued","45 seconds","Not Implemented","",""
"Vibroknife","40","Saboteur","3","Incapacitate","Vibroknife 42","All","Combat","Enemies within the area of effect (sphere) receive the Incapacitate debuff which reduces their evasion by 20% for 20 seconds.","Yes","-","10","2 seconds","2 minutes","Not Implemented","",""
"Vibroknife","41","Saboteur","2","Affliction Mastery","Vibroknife 45","All","Trait","Debuffs you apply last +30% longer.","Yes","-","","-","-","Not Implemented","",""
"Vibroknife","42","Saboteur","3","Cascade Failure","Vibroknife 48","All","Combat","All enemies within the area of effect (cone) take weapon DMG + 25. Fortitude DC15 check to inflict Vulnerable which reduces defense by 10% for 12 seconds.","Yes","-","10","Instant","90 seconds","Not Implemented","",""
"Vibroknife","43","Saboteur","4","Systemic Shutdown","Vibroknife 50","All","Combat","All enemies within the area of effect (sphere) take weapon DMG + 15 and an attempt to inflict Weakened, Hamstring, Exhausted, Disoriented, and Toxin is made.","No","-","25","3 seconds","90 seconds","Not Implemented","",""
"Lightsaber","6","Defense","2","Deflection Training I","Lightsaber 5","Force","Trait","Grants +15 Attack Deflection.","Yes","-","-","-","-","Not Implemented","",""
"Lightsaber","7","Defense","2","Reactive Deflection I","Lightsaber 8","Force","Trait","When you deflect an attack, restore 2 FP.","Yes","-","-","-","-","Not Implemented","",""
"Lightsaber","8","Defense","4","Taunting Deflection","Lightsaber 10","Force","Combat","Goads all nearby enemies into attacking you and grants the buff Taunting Deflection, which increases your attack deflection by 10 for 30 seconds.","Yes","-","5","Instant","30 seconds","Not Implemented","",""
"Lightsaber","9","Defense","3","Deflection Riposte","Lightsaber 12","Force","Trait","When you deflect an attack, your next attack receives +20% critical chance. Effect wears off after 15 seconds.","Yes","-","-","-","-","Not Implemented","",""
"Lightsaber","10","Defense","3","Deflection Training II","Lightsaber 15","Force","Trait","Grants +25 Attack Deflection.","Yes","-","-","-","-","Not Implemented","",""
"Lightsaber","11","Defense","3","Deflective Presence","Lightsaber 18","Force","Trait","When you deflect an attack, receive the Deflective Presence buff which improves your Enmity acquisition by 20% for 12 seconds.","Yes","-","-","-","-","Not Implemented","",""
"Lightsaber","12","Defense","3","Guardian's Influence","Lightsaber 20","Force","Combat","Allies within the area of effect (sphere) receive Deflecting Aura which increases their attack deflection by 15 for 1 minute. You do not receive this benefit.","Yes","-","7","2 seconds","5 minutes","Not Implemented","",""
"Lightsaber","13","Defense","3","Reactive Deflection II","Lightsaber 22","Force","Trait","When you deflect an attack, restore 4 FP.","Yes","-","-","-","-","Not Implemented","",""
"Lightsaber","14","Defense","3","Deflection Mastery","Lightsaber 25","Force","Trait","When you deflect an attack, your defense and force defense increase by 15% for 12 seconds.","Yes","-","-","-","-","Not Implemented","",""
"Lightsaber","15","Defense","3","Deflection Counter","Lightsaber 28","Force","Trait","After deflecting an attack, your next attack has no delay.","Yes","-","-","-","-","Not Implemented","",""
"Lightsaber","16","Defense","3","Punishing Strike","Lightsaber 30","Force","Combat","Deals weapon DMG + 20 to enemies within the area of effect (sphere) near you and gain increased enmity toward you.","Yes","-","8","Instant","90 seconds","Not Implemented","",""
"Lightsaber","17","Defense","4","Deflection Training III","Lightsaber 32","Force","Trait","Grants +35 Attack Deflection.","Yes","-","-","-","-","Not Implemented","",""
"Lightsaber","18","Defense","3","Overwhelming Defense","Lightsaber 35","Force","Trait","After deflecting an attack, your next attack deals +20 DMG.","Yes","-","-","-","-","Not Implemented","",""
"Lightsaber","19","Defense","4","Guardian's Challenge","Lightsaber 38","Force","Combat","All enemies within the area of effect (cone) take weapon DMG + 35 and gain increased enmity toward you.","Yes","-","10","Instant","90 seconds","Not Implemented","",""
"Lightsaber","20","Defense","4","Impenetrable Guard","Lightsaber 42","Force","Stance","While active, grants +15% attack deflection, +10% enmity generation, -20% attack, -20% force attack.","Yes","-","-","2 seconds","3 minutes","Not Implemented","",""
"Lightsaber","21","Defense","4","Thunderous Challenge","Lightsaber 45","Force","Trait","Deals weapon DMG + 35 to enemies within the area of effect (line) from your position and gain increased enmity toward you.","Yes","-","12","-","-","Not Implemented","",""
"Lightsaber","22","Defense","4","Guardian Master","Lightsaber 50","Force","Combat","Grants the ability Guardian's Wrath which guarantees all attacks toward you will be deflected for 30 seconds.",,,,,,,,
"Lightsaber","23","Additionally","increases your natural attack deflection cap to 75% when equipped with a lightsaber.""","No","-","25","2 seconds","30 minutes","Not Implemented","","","","","","",""
"Lightsaber","25","Offense","2","Versatile Strike I","Lightsaber 5","Force","Combat","Your next attack deals weapon DMG + 10 to your target. Fortitude DC10 check to inflict Sunder which reduces defense and force defense by 10% for 30 seconds.","Yes","-","3","Queued","45 seconds","Not Implemented","",""
"Lightsaber","26","Offense","2","Ferocity Stance","Lightsaber 8","Force","Stance","While active, grants -20% to offhand weapon delay, +10% attack, and -20% to evasion.","Yes","-","-","2 seconds","3 minutes","Not Implemented","",""
"Lightsaber","27","Offense","3","Versatile Strike II","Lightsaber 10","Force","Combat","Your next attack deals weapon DMG + 25 to your target. Fortitude DC15 check to inflict Sunder which reduces defense and force defense by 15% for 30 seconds.","Yes","-","5","Queued","45 seconds","Not Implemented","",""
"Lightsaber","28","Offense","2","Centering I","Lightsaber 12","Force","Combat","Reduces enmity by 25% and increases accuracy by 10% for 30 seconds.","Yes","-","-","-","-","Not Implemented","",""
"Lightsaber","29","Offense","2","Leg Slash","Lightsaber 15","Force","Combat","You deal weapon DMG + 10 and inflict Disoriented, reducing Accuracy and Evasion by 15% for 20 seconds.","Yes","-","9","1 second","60 seconds","Not Implemented","",""
"Lightsaber","30","Offense","2","Focused Stance","Lightsaber 18","Force","Stance","While active, your DMG is increased by your Might attribute when equipped with a one-handed weapon and no off-hand weapon.","Yes","-","-","2 seconds","3 minutes","Not Implemented","",""
"Lightsaber","31","Offense","3","Brutal Assault","Lightsaber 20","Force","Combat","Allies within the area of effect (sphere) receive Brutal Assault which increases their critical hit rate by 10% for 1 minute. You do not receive this benefit.","Yes","-","7","2 seconds","5 minutes","Not Implemented","",""
"Lightsaber","32","Offense","3","Second Wind","Lightsaber 22","Force","Combat","Restores STM equal to 50% of your max. Amount additionally increases at 1% per MGT, to a maximum of 75%.","Yes","15","-","3 seconds","5 minutes","Not Implemented","",""
"Lightsaber","33","Offense","3","Overwhelming Strike","Lightsaber 25","Force","Combat","You deal weapon DMG + 15 to all enemies in the area of effect (cone) in front of you.",,,,,,,,
"Lightsaber","34","Fortitude DC15 check to inflict Sunder which reduces defense and force defense by 15% for 30 seconds.""","Yes","-","10","-","-","Not Implemented","","","","","","","",""
"Lightsaber","35","Offense","3","Brutal Efficiency","Lightsaber 27","Force","Trait","Your attacks deal +15% damage to enemies afflicted by Sunder.","Yes","-","-","-","-","Not Implemented","",""
"Lightsaber","36","Offense","2","Purify","Lightsaber 30","Force","Combat","One debuff is removed from you. Willpower DC15 check on a nearby enemy to apply the debuff to them.","Yes","-","4","2 seconds","30 seconds","Not Implemented","",""
"Lightsaber","37","Offense","3","Versatile Strike III","Lightsaber 32","Force","Combat","Your next attack deals weapon DMG + 40 to your target. Fortitude DC18 check to inflict Sunder which reduces defense and force defense by 20% for 30 seconds.","Yes","-","8","Queued","45 seconds","Not Implemented","",""
"Lightsaber","38","Offense","3","Blade Blitz","Lightsaber 35","Force","Trait","After dealing a critical hit, your next attack has no delay.","Yes","-","-","-","-","Not Implemented","",""
"Lightsaber","39","Offense","3","Arc Strike","Lightsaber 38","Force","Combat","You deal weapon DMG + 20 to all enemies in the area of effect (cone) in front of you.","Yes","-","-","-","-","Not Implemented","",""
"Lightsaber","40","Offense","4","Surge Strike","Lightsaber 40","Force","Combat","Your next attack deals weapon DMG + 15. Willpower DC18 check to inflict Force Disruption, preventing the target from using Force abilities for 8 seconds.","Yes","-","12","Queued","30 seconds","Not Implemented","",""
"Lightsaber","41","Offense","3","Centering II","Lightsaber 42","Force","Combat","Reduces enmity by 50% and increases accuracy by 20% for 30 seconds.","Yes","-","5","Instant","1 minute","Not Implemented","",""
"Lightsaber","42","Offense","4","Ripple Slash","Lightsaber 45","Force","Combat","Your next attack deals weapon DMG + 30 to your target. Reflex DC15 check to inflict Disoriented on nearby enemies, reducing Accuracy and Evasion by 15% for 20 seconds.","Yes","-","10","Queued","2 minutes","Not Implemented","",""
"Lightsaber","43","Offense","4","Overcharge","Lightsaber 47","Force","Trait","Your Versatile Strike and Overwhelming Strike abilities now deal +10 DMG and increase their Sunder duration by 50%.","Yes","-","-","-","-","Not Implemented","",""
"Lightsaber","44","Offense","4","Saber Storm","Lightsaber 50","Force","Trait","Enemies within the area of effect (sphere) around you are dealt weapon DMG + 60. ",,,,,,,,
"Lightsaber","45","Inflicts Sunder which reduces defense and force defense by 25% for 30 seconds.""","No","-","25","2 seconds","30 minutes","Not Implemented","","","","","","","",""
"Heavy Vibroblade","6","Offense","2","Essence Tap","Heavy Vibroblade 5","All","Trait","When you take damage, gain +8% Attack for 15 seconds.","Yes","-","-","-","-","Not Implemented","",""
"Heavy Vibroblade","7","Offense","2","Soul Strike I","Heavy Vibroblade 8","All","Combat","Your next attack deals +15 DMG and heals you for 25% of damage dealt.","Yes","-","4","Queued","45 seconds","Not Implemented","",""
"Heavy Vibroblade","8","Offense","3","Essence Hunter","Heavy Vibroblade 12","All","Combat","Your next attack deals +18 DMG and has a DC15 Fortitude check to inflict Essence Drain, reducing the target's Attack by 15% for 12 seconds.","Yes","-","6","Queued","45 seconds","Not Implemented","",""
"Heavy Vibroblade","9","Offense","2","Sacrificial Blade","Heavy Vibroblade 15","All","Combat","Deal weapon DMG + 25 to a single target. Costs 8% max HP.","Yes","-","6","Instant","2 minutes","Not Implemented","",""
"Heavy Vibroblade","10","Offense","4","Soul Devourer","Heavy Vibroblade 18","All","Stance","While active, gain +35% Attack and +15% critical chance, ",,,,,,,,
"Heavy Vibroblade","11","but each attack you make deals 40% of the damage back to you. Damage reduced by 1% per Might. (Minimum 10%)""","Yes","-","-","2 seconds","3 minutes","Not Implemented","","","","","","","",""
"Heavy Vibroblade","12","Offense","3","Life Siphon","Heavy Vibroblade 20","All","Toggle","When below 50% HP, your attacks heal you for 15% of damage dealt and generate +20% enmity.","Yes","-","-","-","-","Not Implemented","",""
"Heavy Vibroblade","13","Offense","3","Vampiric Fury","Heavy Vibroblade 22","All","Trait","Critical hits restore HP equal to 40% of damage dealt. Amount healed increases by 1% per Might. (Maximum 75%)","Yes","-","-","-","-","Not Implemented","",""
"Heavy Vibroblade","14","Offense","3","Soul Burst","Heavy Vibroblade 25","All","Combat","Deal weapon DMG + 35 to all enemies within area of effect (cone). Costs 40% HP which is reduced by 1% per Might. (Minimum 10%)","Yes","-","12","Instant","3 minutes","Not Implemented","",""
"Heavy Vibroblade","15","Offense","4","Soul Strike II","Heavy Vibroblade 28","All","Combat","Your next attack deals +30 DMG and heals you for 40% of damage dealt.","Yes","-","10","Queued","45 seconds","Not Implemented","",""
"Heavy Vibroblade","16","Offense","3","Soul Amplification","Heavy Vibroblade 30","All","Trait","When you recover HP, gain +15% Attack for 15 seconds.","Yes","-","-","-","-","Not Implemented","",""
"Heavy Vibroblade","17","Offense","3","Soul Sacrifice","Heavy Vibroblade 32","All","Combat","Sacrifice 50% max HP to gain +35% Attack and +20% critical chance for 30 seconds. HP sacrificed decreases by 1% per Might. (Minimum 20%)","Yes","-","12","Instant","3 minutes","Not Implemented","",""
"Heavy Vibroblade","18","Offense","2","Soul Barrier","Heavy Vibroblade 35","All","Trait","When HP drops below 50% of maximum, a temporary shield forms which absorbs damage equal to 25% of max HP.","Yes","-","-","-","-","Not Implemented","",""
"Heavy Vibroblade","19","Offense","3","Soul Storm","Heavy Vibroblade 38","All","Combat","Sacrifice 40% HP to raise the Attack of all nearby allies in area of effect (sphere) to you by 35%. HP sacrificed decreases by 1% per Might. (Minimum 10%)","Yes","-","18","Instant","5 minutes","Not Implemented","",""
"Heavy Vibroblade","20","Offense","3","Blazing Spikes","Heavy Vibroblade 40","All","Toggle","While active, this effect delivers 10% of physical damage received back to the attacker. Damage dealt increases by 1% per Might. (Maximum 40%)","Yes","-","8","-","-","Not Implemented","",""
"Heavy Vibroblade","21","Offense","4","Bloodlust","Heavy Vibroblade 42","All","Combat","Sacrifice 40% HP in exchange for 20% of your maximum STM restored. Amount of STM restored increased by 1% per Might. (Maximum: 80%)","Yes","-","-","-","-","Not Implemented","",""
"Heavy Vibroblade","22","Offense","3","Soul Strike III","Heavy Vibroblade 45","All","Combat","Your next attack deals +45 DMG and heals you for 60% of damage dealt. Amount healed increased by 1% per Might. (Maximum 90%)","Yes","-","15","Queued","45 seconds","Not Implemented","",""
"Heavy Vibroblade","23","Offense","4","Soul Reaping","Heavy Vibroblade 48","All","Trait","Defeating an enemy restores 15% max HP and grants +20% Attack for 30 seconds.","Yes","-","-","-","-","Not Implemented","",""
"Heavy Vibroblade","24","Offense","4","Soul Ascension","Heavy Vibroblade 50","All","Combat","You receive the Soul Ascension effect which grants +35% Attack and heals you for 50% of physical damage dealt. This effect lasts for 20 seconds.","No","-","25","Instant","30 minutes","Not Implemented","",""
"Heavy Vibroblade","26","Defense","2","Fortress Strike I","Heavy Vibroblade 5","All","Combat","Your next attack deals weapon DMG + 10 and generates extra enmity. You gain +10% Physical Defense for 16 seconds.","Yes","-","-","Queued","-","Not Implemented","",""
"Heavy Vibroblade","27","Defense","2","Anger Strike","Heavy Vibroblade 8","All","Combat","Your next attack deals +12 DMG and generates extra enmity.","Yes","-","4","Queued","45 seconds","Not Implemented","",""
"Heavy Vibroblade","28","Defense","3","Bastion Stance","Heavy Vibroblade 12","All","Stance","While active, grants +20% to Enmity generation, +15% Defense, +15% Force Defense, -20% Attack, and -20% Force Attack","Yes","-","-","2 seconds","3 minutes","Not Implemented","",""
"Heavy Vibroblade","29","Defense","2","Crushing Blow","Heavy Vibroblade 15","All","Combat","Deal weapon DMG + 20 and generate significant enmity. Reduces the target's Defense by 15% for 16 seconds.","Yes","-","6","Instant","2 minutes","Not Implemented","",""
"Heavy Vibroblade","30","Defense","4","Flash","Heavy Vibroblade 18","All","Combat","Enemies within the area of effect (sphere) around you receive the Flash effect which reduces their accuracy by 20% for 30 seconds. You generate significant enmity toward these enemies.","Yes","-","-","-","-","Not Implemented","",""
"Heavy Vibroblade","31","Defense","3","Last Stand","Heavy Vibroblade 20","All","Trait","When reduced below 25% HP, perform a Fortitude DC15 check. If passed, gain a damage shield equal to 20% of maximum HP for 12 seconds. This can only trigger once per 10 minutes.","Yes","-","-","-","-","Not Implemented","",""
"Heavy Vibroblade","32","Defense","3","Unbreakable Will","Heavy Vibroblade 22","All","Trait","Grants +5% Attack Deflection. When attacks are deflected, you restore 10% of maximum STM. Deflection increases by 0.5% per Might. (Maximum: 20%)","Yes","-","-","-","-","Not Implemented","",""
"Heavy Vibroblade","33","Defense","2","Fortress Strike II","Heavy Vibroblade 25","All","Combat","Your next attack deals weapon DMG + 20 and generates extra enmity. You gain +20% Physical Defense for 16 seconds.","Yes","-","-","Queued","-","Not Implemented","",""
"Heavy Vibroblade","34","Defense","4","Guardian's Resolve","Heavy Vibroblade 28","All","Combat","Gain a damage absorption shield equal to 30% of your max HP for 30 seconds. While active, heal for 25% of damage absorbed.","Yes","-","10","Instant","90 seconds","Not Implemented","",""
"Heavy Vibroblade","35","Defense","3","Defensive Harmony","Heavy Vibroblade 30","All","Trait","HP restoration used on you is 20% more effective. 10% chance to restore 8 STM when healed. Chance increases by 1% per Might. (Maximum 40%)","Yes","-","-","-","-","Not Implemented","",""
"Heavy Vibroblade","36","Defense","4","Rampart","Heavy Vibroblade 32","All","Combat","All allies within the area of effect (sphere) from you receive a +25% defense bonus for 1 minute.","Yes","-","12","Instant","3 minutes","Not Implemented","",""
"Heavy Vibroblade","37","Defense","3","Earthshatter","Heavy Vibroblade 35","All","Combat","You deal weapon DMG + 20 to all enemies within the area of effect (line) from you. ",,,,,,,,
"Heavy Vibroblade","38","Fortitude DC16 check to inflict Force Disruption on each target which disables the use of force abilities for 12 seconds.""","Yes","-","-","-","-","Not Implemented","","","","","","","",""
"Heavy Vibroblade","39","Defense","3","Edge of Darkness","Heavy Vibroblade 38","All","Combat","You deal weapon DMG + 15 to all enemies within the area of effect (sphere) from you and generate extra enmity.","Yes","-","16","Instant","5 minutes","Not Implemented","",""
"Heavy Vibroblade","40","Defense","2","Critical Ward","Heavy Vibroblade 40","All","Trait","If you would receive a critical hit, perform a Fortitude DC18 check to downgrade the attack to a normal hit. The attack will do minimum damage to you.","Yes","-","-","-","-","Not Implemented","",""
"Heavy Vibroblade","41","Defense","4","Fortress Strike III","Heavy Vibroblade 42","All","Trait","Your next attack deals weapon DMG + 30 and generates extra enmity. You gain +30% Physical Defense for 16 seconds.","Yes","-","-","-","-","Not Implemented","",""
"Heavy Vibroblade","42","Defense","3","Blood Weapon","Heavy Vibroblade 45","All","Trait","2% of the combat damage you deal is restored to your HP.","Yes","-","14","Instant","2 minutes","Not Implemented","",""
"Heavy Vibroblade","43","Defense","4","Guardian's Reaping","Heavy Vibroblade 48","All","Trait","Defeating an enemy restores 20% max HP to you and grants +15% Physical Defense to all nearby allies for 25 seconds.","Yes","-","-","-","-","Not Implemented","",""
"Heavy Vibroblade","44","Defense","4","Absolute Defense","Heavy Vibroblade 50","All","Combat","All party members, excluding you, gain +40% Defense, +40% Force Defense, and immunity to Knockdown and Dazed for 15 seconds. Your HP, STM, and FP are restored by 25% of maximum.","No","-","25","Instant","30 minutes","Not Implemented","",""
"Spear","6","Disabler","2","Erosion Strike I","Spear 5","All","Trait","Your target makes a Will DC12 check when you damage them. ",,,,,,,,
"Spear","7","If they fail this check","they receive Force Erosion which reduces Force Defense by 10% for 12 seconds.""","Yes","-","-","-","-","Not Implemented","","","","","","",""
"Spear","8","Disabler","2","Disabling Strike I","Spear 8","All","Combat","Your next attack deals +12 DMG and has a DC12 Will check to inflict Force Disruption for 8 seconds.","Yes","-","4","Queued","3 seconds","Not Implemented","",""
"Spear","9","Disabler","3","Interruption Strike I","Spear 12","All","Combat","Your target's ability activation is interrupted.","Yes","-","5","Instant","-","Not Implemented","",""
"Spear","10","Additionally","target has a Will DC12 check to inflict Foggy Mind which increases activation times by 2 seconds for 30 seconds.""","Yes","-","-","-","-","Not Implemented","","","","","","",""
"Spear","11","Disabler","2","Perceptive Stance","Spear 15","All","Stance","While active, gain +10% critical chance and +15% critical damage. Additionally, attacks have a 10% chance to interrupt ability activation.",,,,,,,,
"Spear","12","Chance to interrupt increases by 1% per Might. (Maximum 30%)""","Yes","-","-","2 seconds","3 minutes","Not Implemented","","","","","","","",""
"Spear","13","Disabler","4","Force Piercing","Spear 18","All","Trait","Critical hit chance increases by 5%. Additionally, critical hits reduce FP by 10% of the damage dealt.","Yes","-","-","-","-","Not Implemented","",""
"Spear","14","Disabler","3","Force Suppression","Spear 20","All","Combat","Deals weapon DMG + 20 and reduces your target's Force Attack by 15% for 30 seconds.","Yes","-","-","Instant","30 seconds","Not Implemented","",""
"Spear","15","Disabler","2","Disabling Strike II","Spear 22","All","Combat","Your next attack deals +18 DMG and has a DC16 Will check to inflict Force Disruption for 8 seconds.","Yes","-","8","Queued","3 seconds","Not Implemented","",""
"Spear","16","Disabler","3","Disruption Field","Spear 25","All","Combat","Forms a disruption field at a targeted location. All enemies within the area of effect (sphere) lose 5% of FP per second. Field lasts for 20 seconds","Yes","-","10","Instant","3 minutes","Not Implemented","",""
"Spear","17","Disabler","4","Interruption Strike II","Spear 28","All","Combat","Your target's ability activation is interrupted.","Yes","-","7","Instant","-","Not Implemented","",""
"Spear","18","Additionally","target has a Will DC18 check to inflict Foggy Mind which increases activation times by 2 seconds for 30 seconds.""","Yes","-","-","-","-","Not Implemented","","","","","","",""
"Spear","19","Disabler","3","Force Nullification","Spear 30","All","Combat","Deal weapon DMG + 22 and completely disable all force abilities of the target for 8 seconds.","Yes","-","12","Instant","45 seconds","Not Implemented","",""
"Spear","20","Disabler","2","Erosion Strike II","Spear 32","All","Trait","The Force Erosion effect additionally reduces FP by 2 every second.","Yes","-","-","-","-","Not Implemented","",""
"Spear","21","Disabler","4","Total Force Denial","Spear 35","All","Combat","Deal weapon DMG + 28 to all enemies in area of effect (cone) and has a Will DC16 check to inflict Force Disruption for 12 seconds.","Yes","-","14","2 seconds","5 minutes","Not Implemented","",""
"Spear","22","Disabler","3","Fracture Strike","Spear 38","All","Combat","Deal weapon DMG + 12 to all enemies in area of effect (line). Will DC16 check to inflict Fractured Focus, which doubles the FP cost of abilities for 30 seconds.","Yes","-","-","-","-","Not Implemented","",""
"Spear","23","Disabler","3","Disabling Strike III","Spear 40","All","Combat","Your next attack deals +26 DMG and has a DC20 Will check to inflict Force Disruption for 8 seconds.","Yes","-","16","Queued","3 seconds","Not Implemented","",""
"Spear","24","Disabler","4","Disruption Expert","Spear 42","All","Trait","Your Force Disruption effects last 50% longer and reduce Force Defense by an additional 10%.","Yes","-","-","-","-","Not Implemented","",""
"Spear","25","Disabler","3","Force Warding I","Spear 45","All","Trait","Increases Force Evasion by 15%.","Yes","-","-","-","-","Not Implemented","",""
"Spear","26","Disabler","4","Force Warding II","Spear 48","All","Trait","When a Force ability is evaded, you receive the Force Warding buff which increases your Force Defense by 30% for 20 seconds and restores 15 STM. This can only trigger once every 30 seconds.","Yes","-","-","-","-","Not Implemented","",""
"Spear","27","Disabler","4","Forcebane","Spear 50","All","Combat","Enemies within the area of effect (sphere) receive the Forcebane debuff, losing 50% of current FP and preventing FP recovery for 8 seconds.","No","-","25","2 seconds","30 minutes","Not Implemented","",""
"Spear","29","Damage","3","Flanking I","Spear 5","All","Trait","Attacks from the side deal +10% damage.","Yes","-","-","-","-","Not Implemented","",""
"Spear","30","Damage","3","Lateral Strike I","Spear 8","All","Trait","Attacks from the side restore 2 STM. This can only trigger once every 4 seconds.","Yes","-","-","-","-","Not Implemented","",""
"Spear","31","Damage","3","Flanking Stance","Spear 12","All","Stance","While active, attacks from the side deal +20% damage and have +15% accuracy. Your defense and force defense are reduced by 25%.","Yes","-","-","2 seconds","3 minutes","Not Implemented","",""
"Spear","32","Damage","2","Side Assault I","Spear 15","All","Combat","Your next attack deals +12 DMG. If you are facing the side of your target, this increases to +16 DMG.","Yes","-","6","Queued","3 seconds","Not Implemented","",""
"Spear","33","Damage","4","Breach Strike","Spear 18","All","Combat","Deal weapon DMG + 10. Reflex DC14 check to inflict Breach, which reduces Evasion and Defense by 20% for 30 seconds.","Yes","-","10","Instant","45 seconds","Not Implemented","",""
"Spear","34","Damage","3","Flanking Barrage","Spear 20","All","Combat","Deal weapon DMG + 20 from the side to your target and reduce their Attack by 12% for 8 seconds.","Yes","-","8","Instant","2 minutes","Not Implemented","",""
"Spear","35","Damage","2","Lateral Strike II","Spear 22","All","Trait","Attacks from the side restore 6 STM. This can only trigger once every 4 seconds.","Yes","-","-","-","-","Not Implemented","",""
"Spear","36","Damage","3","Sweeping Flank","Spear 25","All","Combat","Deal weapon DMG + 18 to all enemies within area of effect (cone). Fortitude DC16 check to inflict Exposed, which reduces defense by 15% for 30 seconds.","Yes","-","10","2 seconds","60 seconds","Not Implemented","","Telegraph: Arc 120?"
"Spear","37","Damage","3","Improved Attentiveness","Spear 28","All","Combat","Your party members, excluding you, receive +25% to accuracy for 1 minute.","Yes","-","8","2 seconds","5 minutes","Not Implemented","",""
"Spear","38","Damage","3","Side Assault II","Spear 30","All","Combat","Your next attack deals +25 DMG. If you are facing the side of your target, this increases to +35 DMG.","Yes","-","12","Queued","3 seconds","Not Implemented","","Telegraph: Arc 240?"
"Spear","39","Damage","2","Flanking II","Spear 32","All","Trait","Attacks from the side have +10% accuracy and +8% critical chance.","Yes","-","-","-","-","Not Implemented","",""
"Spear","40","Damage","4","Opportunist's Flow","Spear 35","All","Trait","After dealing damage from a side attack, your next attack's delay is 20% quicker.","Yes","-","-","-","-","Not Implemented","",""
"Spear","41","Damage","3","Restoration Strike","Spear 38","All","Trait","Critical hit rate increases by 10%. Additionally, if you were at the side of your target, crticial hits have a 35% chance to restore 15 STM.","Yes","-","-","-","-","Not Implemented","",""
"Spear","42","Damage","2","Hampering Barrage","Spear 40","All","Combat","Deal weapon DMG + 30 to all enemies within area of effect (cone). Reflex DC16 check to inflict Disoriented for 12 seconds.","Yes","-","14","2 seconds","1 minute","Not Implemented","",""
"Spear","43","Damage","4","Side Assault III","Spear 42","All","Combat","Your next attack deals +35 DMG. If you are facing the side of your target, this increases to +50 DMG.","Yes","-","18","Queued","3 seconds","Not Implemented","","Telegraph: Arc 300?"
"Spear","44","Damage","3","Calming Stance","Spear 45","All","Stance","While active, your STM regenerates by 3 every second. Your attack, force attack, defense, and force defense are reduced by 40%.","Yes","-","-","2 seconds","3 minutes","Not Implemented","",""
"Spear","45","Damage","4","Adaptive Precision Strike","Spear 48","All","Trait","Attacks from the side have a 5% chance to bypass 35% of your target's Evasion. This chance increases by 1% per Perception. (Maximum 30%)","Yes","-","-","-","-","Not Implemented","",""
"Spear","46","Damage","4","Crippling Defense","Spear 50","All","Combat","All enemies within area of effect (sphere) around you receive Crippled Defense, reducing Defense by 35% for 15 seconds. Additionally restores 25 STM.","No","-","25","3 seconds","30 minutes","Not Implemented","",""
"Twin Blade","6","Cyclone","3","Cross Cut I","Twin Blade 5","All","Combat","Instantly attacks twice, each for weapon DMG + 8, and has a Reflex DC12 check to inflict Disoriented for 8 seconds.","Yes","-","3","Instant","1 minute","Not Implemented","",""
"Twin Blade","7","Cyclone","3","Spinning Whirl I","Twin Blade 8","All","Combat","Attacks up to 3 nearby enemies for weapon DMG + 10 each.","Yes","-","5","Instant","1 minute","Not Implemented","",""
"Twin Blade","8","Cyclone","3","Momentum","Twin Blade 12","All","Trait","Twin Blade abilities that hit 2 or more enemies grant +5% Haste for 8 seconds, up to +15%.","Yes","-","","-","-","Not Implemented","",""
"Twin Blade","9","Cyclone","2","Cyclone Stance","Twin Blade 15","All","Stance","While active, grants +15% Haste and +10% Attack, but reduces Defense by 20%.","Yes","-","","2 seconds","3 minutes","Not Implemented","",""
"Twin Blade","10","Cyclone","4","Cross Cut II","Twin Blade 18","All","Combat","Instantly attacks twice, each for weapon DMG + 17, and has a Reflex DC15 check to inflict Disoriented for 10 seconds.","Yes","-","5","Instant","1 minute","Not Implemented","",""
"Twin Blade","11","Cyclone","3","Spinning Whirl II","Twin Blade 20","All","Combat","Attacks up to 3 nearby enemies for weapon DMG + 18 each.","Yes","-","7","Instant","1 minute","Not Implemented","",""
"Twin Blade","12","Cyclone","2","Flowing Footwork","Twin Blade 22","All","Trait","After using a Twin Blade combat ability, gain +10% Evasion for 8 seconds.","Yes","-","","-","-","Not Implemented","",""
"Twin Blade","13","Cyclone","3","Blade Vortex I","Twin Blade 25","All","Combat","Deals weapon DMG + 18 to all nearby enemies.","Yes","-","8","Instant","75 seconds","Not Implemented","",""
"Twin Blade","14","Cyclone","3","Cross Cut III","Twin Blade 28","All","Combat","Instantly attacks twice, each for weapon DMG + 25, and has a Reflex DC18 check to inflict Disoriented for 12 seconds.","Yes","-","8","Instant","1 minute","Not Implemented","",""
"Twin Blade","15","Cyclone","3","Spinning Whirl III","Twin Blade 30","All","Combat","Attacks up to 3 nearby enemies for weapon DMG + 28 each.","Yes","-","10","Instant","1 minute","Not Implemented","",""
"Twin Blade","16","Cyclone","2","Momentum II","Twin Blade 32","All","Trait","Momentum can stack up to +25% Haste and restores 2 STM whenever a stack is gained.","Yes","-","","-","-","Not Implemented","",""
"Twin Blade","17","Cyclone","4","Blade Vortex II","Twin Blade 35","All","Combat","Deals weapon DMG + 26 to all nearby enemies and has a Fortitude DC15 check to inflict Exposed for 12 seconds.","Yes","-","10","Instant","75 seconds","Not Implemented","",""
"Twin Blade","18","Cyclone","3","Sweeping Advance","Twin Blade 38","All","Combat","Deals weapon DMG + 24 to enemies in a line. If this hits 3 or more enemies, restore 6 STM and gain +10% Haste for 8 seconds.","Yes","-","10","Instant","1 minute","Not Implemented","",""
"Twin Blade","19","Cyclone","2","Edge Rhythm","Twin Blade 40","All","Trait","Every third auto-attack with a twin blade deals +15 DMG to a nearby enemy.","Yes","-","","-","-","Not Implemented","",""
"Twin Blade","20","Cyclone","4","Cross Cut IV","Twin Blade 42","All","Combat","Instantly attacks twice, each for weapon DMG + 34. Reflex DC18 check to inflict Disoriented and Hamstring for 12 seconds.","Yes","-","12","Instant","1 minute","Not Implemented","",""
"Twin Blade","21","Cyclone","3","Storm Release","Twin Blade 45","All","Combat","Consume all Momentum stacks to deal weapon DMG + 15 per stack to all nearby enemies.","Yes","-","12","Instant","2 minutes","Not Implemented","",""
"Twin Blade","22","Cyclone","4","Cyclone Mastery","Twin Blade 48","All","Trait","Area Twin Blade abilities gain +10% critical chance and restore 1 STM per target hit, up to 5 STM.","Yes","-","","-","-","Not Implemented","",""
"Twin Blade","23","Cyclone","4","Tempest Bloom","Twin Blade 50","All","Combat","Channel for up to 6 seconds, striking all nearby enemies every 2 seconds for weapon DMG + 20. The final hit has a Reflex DC18 check to inflict Knockdown for 3 seconds.","No","-","25","Channel","30 minutes","Not Implemented","",""
"Twin Blade","25","Duelist","2","Centerline Guard","Twin Blade 5","All","Trait","Gain +10 Attack Deflection while wielding a twin blade. After deflecting an attack, your next attack within 8 seconds deals +8 DMG.","Yes","-","","-","-","Not Implemented","",""
"Twin Blade","26","Duelist","2","Split Guard Strike I","Twin Blade 8","All","Combat","Deals weapon DMG + 10 and grants +15% Defense for 10 seconds.","Yes","-","3","Instant","30 seconds","Not Implemented","",""
"Twin Blade","27","Duelist","3","Feinting Cut I","Twin Blade 12","All","Combat","Deals weapon DMG + 12 and has a Reflex DC12 check to inflict Weakened, reducing Attack by 10% for 12 seconds.","Yes","-","4","Instant","45 seconds","Not Implemented","",""
"Twin Blade","28","Duelist","2","Duelist Stance","Twin Blade 15","All","Stance","While active, single-target Twin Blade combat abilities deal +15% damage and grant +10 Attack Deflection for 6 seconds, but area Twin Blade abilities deal -15% damage.","Yes","-","","2 seconds","3 minutes","Not Implemented","",""
"Twin Blade","29","Duelist","4","Split Guard Strike II","Twin Blade 18","All","Combat","Deals weapon DMG + 22 and grants +20% Defense for 10 seconds.","Yes","-","5","Instant","30 seconds","Not Implemented","",""
"Twin Blade","30","Duelist","3","Mirror Step","Twin Blade 20","All","Trait","When hit by a target you damaged within the last 6 seconds, you have a 15% chance for your next Twin Blade ability to have no attack delay.","Yes","-","","-","-","Not Implemented","",""
"Twin Blade","31","Duelist","2","Feinting Cut II","Twin Blade 22","All","Combat","Deals weapon DMG + 22 and has a Reflex DC15 check to inflict Weakened, reducing Attack by 15% for 12 seconds.","Yes","-","6","Instant","45 seconds","Not Implemented","",""
"Twin Blade","32","Duelist","3","Binding Cross I","Twin Blade 25","All","Combat","Strikes twice for weapon DMG + 10 each. Reflex DC14 check to inflict Hamstring for 12 seconds.","Yes","-","8","Instant","1 minute","Not Implemented","",""
"Twin Blade","33","Duelist","4","Guarded Flow","Twin Blade 28","All","Trait","Using a single-target Twin Blade ability grants +8 Attack Deflection for 8 seconds.","Yes","-","","-","-","Not Implemented","",""
"Twin Blade","34","Duelist","3","Split Guard Strike III","Twin Blade 30","All","Combat","Deals weapon DMG + 34 and grants +25% Defense for 10 seconds.","Yes","-","8","Instant","30 seconds","Not Implemented","",""
"Twin Blade","35","Duelist","2","Punishing Angle","Twin Blade 32","All","Trait","Deal +12% damage to targets affected by Weakened or Hamstring.","Yes","-","","-","-","Not Implemented","",""
"Twin Blade","36","Duelist","4","Feinting Cut III","Twin Blade 35","All","Combat","Deals weapon DMG + 32 and has a Reflex DC18 check to inflict Weakened, reducing Attack by 20% for 15 seconds.","Yes","-","8","Instant","45 seconds","Not Implemented","",""
"Twin Blade","37","Duelist","3","Reversal Cut","Twin Blade 38","All","Combat","Can be used after you are hit. Deals weapon DMG + 40 and has a Reflex DC16 check to inflict Dazed for 3 seconds.","Yes","-","10","Instant","1 minute","Not Implemented","",""
"Twin Blade","38","Duelist","3","Precision Arc","Twin Blade 40","All","Trait","Single-target critical hits reduce the target's Defense by 10% for 10 seconds.","Yes","-","","-","-","Not Implemented","",""
"Twin Blade","39","Duelist","4","Binding Cross II","Twin Blade 42","All","Combat","Strikes twice for weapon DMG + 18 each. Reflex DC18 check to inflict Hamstring for 20 seconds and Exposed for 10 seconds.","Yes","-","12","Instant","1 minute","Not Implemented","",""
"Twin Blade","40","Duelist","3","Duelist's Challenge","Twin Blade 45","All","Combat","Mark a target for 20 seconds. You and the target deal +20% damage to each other, but you gain +20% Defense against that target.","Yes","-","12","Instant","2 minutes","Not Implemented","",""
"Twin Blade","41","Duelist","4","Perfect Balance","Twin Blade 48","All","Trait","Single-target Twin Blade abilities restore 3 STM. Area Twin Blade abilities restore 1 STM per target hit, up to 5 STM. This can only trigger once every 8 seconds.","Yes","-","","-","-","Not Implemented","",""
"Twin Blade","42","Duelist","4","Final Form","Twin Blade 50","All","Combat","For 20 seconds, single-target Twin Blade combat abilities deal +25% damage and you gain +25 Attack Deflection.","No","-","25","2 seconds","30 minutes","Not Implemented","",""
"Saberstaff","6","Tempest","3","Double Strike I","Saberstaff 5","Force","Combat","Instantly attacks twice, each for weapon DMG + 12.","Yes","-","3","Instant","1 minute","Not Implemented","",""
"Saberstaff","7","Tempest","3","Circle Slash I","Saberstaff 8","Force","Combat","Attacks up to 3 nearby enemies for weapon DMG + 10 each.","Yes","-","5","Instant","1 minute","Not Implemented","",""
"Saberstaff","8","Tempest","3","Force Momentum","Saberstaff 12","Force","Trait","Hitting 2 or more enemies with a saberstaff ability restores 2 FP and 2 STM. This can only trigger once every 4 seconds.","Yes","-","","-","-","Not Implemented","",""
"Saberstaff","9","Tempest","2","Tempest Stance","Saberstaff 15","Force","Stance","While active, grants +15% Haste and +10% Force Attack, but reduces Defense by 20%.","Yes","-","","2 seconds","3 minutes","Not Implemented","",""
"Saberstaff","10","Tempest","4","Double Strike II","Saberstaff 18","Force","Combat","Instantly attacks twice, each for weapon DMG + 21.","Yes","-","5","Instant","1 minute","Not Implemented","",""
"Saberstaff","11","Tempest","3","Circle Slash II","Saberstaff 20","Force","Combat","Attacks up to 3 nearby enemies for weapon DMG + 18 each.","Yes","-","7","Instant","1 minute","Not Implemented","",""
"Saberstaff","12","Tempest","2","Spinning Deflection I","Saberstaff 22","Force","Trait","Gain +10 Attack Deflection. After deflecting an attack, your next Circle Slash deals +8 DMG.","Yes","-","","-","-","Not Implemented","",""
"Saberstaff","13","Tempest","3","Maelstrom Arc I","Saberstaff 25","Force","Combat","Deals weapon DMG + 22 to enemies in a cone and has a Will DC14 check to inflict Disoriented for 12 seconds.","Yes","-","8","Instant","1 minute","Not Implemented","",""
"Saberstaff","14","Tempest","3","Double Strike III","Saberstaff 28","Force","Combat","Instantly attacks twice, each for weapon DMG + 29.","Yes","-","8","Instant","1 minute","Not Implemented","",""
"Saberstaff","15","Tempest","3","Circle Slash III","Saberstaff 30","Force","Combat","Attacks up to 3 nearby enemies for weapon DMG + 28 each.","Yes","-","10","Instant","1 minute","Not Implemented","",""
"Saberstaff","16","Tempest","2","Tempest Focus","Saberstaff 32","Force","Trait","Saberstaff combat abilities cost 2 less STM while your FP is above 50%.","Yes","-","","-","-","Not Implemented","",""
"Saberstaff","17","Tempest","4","Maelstrom Arc II","Saberstaff 35","Force","Combat","Deals weapon DMG + 32 to enemies in a cone and has a Will DC16 check to inflict Disoriented for 15 seconds.","Yes","-","10","Instant","1 minute","Not Implemented","",""
"Saberstaff","18","Tempest","3","Force Gyre","Saberstaff 38","Force","Combat","Deals weapon DMG + 24 to all nearby enemies and has a Will DC16 check to inflict Force Erosion for 12 seconds.","Yes","-","10","Instant","90 seconds","Not Implemented","",""
"Saberstaff","19","Tempest","2","Spinning Deflection II","Saberstaff 40","Force","Trait","Gain +20 Attack Deflection total. Deflecting an attack restores 4 FP.","Yes","-","","-","-","Not Implemented","",""
"Saberstaff","20","Tempest","4","Double Strike IV","Saberstaff 42","Force","Combat","Instantly attacks twice, each for weapon DMG + 38. Targets affected by Force Erosion take +15 DMG from each strike.","Yes","-","12","Instant","1 minute","Not Implemented","",""
"Saberstaff","21","Tempest","3","Tempest Release","Saberstaff 45","Force","Combat","Deals weapon DMG + 20 to all nearby enemies. Damage increases by +2 per 10 FP you currently have, up to +20 DMG.","Yes","-","12","Instant","2 minutes","Not Implemented","",""
"Saberstaff","22","Tempest","4","Flow of the Maelstrom","Saberstaff 48","Force","Trait","After hitting 3 or more enemies with one saberstaff ability, gain +15% Haste and +10 Attack Deflection for 12 seconds.","Yes","-","","-","-","Not Implemented","",""
"Saberstaff","23","Tempest","4","Saber Cyclone","Saberstaff 50","Force","Combat","Channel for up to 6 seconds, hitting all nearby enemies every 2 seconds for weapon DMG + 25 and restoring 3 FP per enemy hit.","No","-","25","Channel","30 minutes","Not Implemented","",""
"Saberstaff","25","Conduit","2","Conduit Training I","Saberstaff 5","Force","Trait","Gain +5% Force Defense and saberstaff attacks restore 1 FP. FP restoration can only trigger once every 4 seconds.","Yes","-","","-","-","Not Implemented","",""
"Saberstaff","26","Conduit","2","Focused Arc I","Saberstaff 8","Force","Combat","Deals weapon DMG + 10 and has a Will DC12 check to inflict Force Erosion for 12 seconds.","Yes","-","3","Instant","30 seconds","Not Implemented","",""
"Saberstaff","27","Conduit","3","Guarded Channel I","Saberstaff 12","Force","Combat","Gain +20 Attack Deflection and +20% Force Defense for 10 seconds.","Yes","-","6","Instant","1 minute","Not Implemented","",""
"Saberstaff","28","Conduit","2","Conduit Stance","Saberstaff 15","Force","Stance","While active, grants +15% Force Attack and +15% Force Defense, but reduces Attack by 15%.","Yes","-","","2 seconds","3 minutes","Not Implemented","",""
"Saberstaff","29","Conduit","4","Focused Arc II","Saberstaff 18","Force","Combat","Deals weapon DMG + 22 and has a Will DC15 check to inflict Force Erosion for 15 seconds.","Yes","-","5","Instant","30 seconds","Not Implemented","",""
"Saberstaff","30","Conduit","3","Conduit Training II","Saberstaff 20","Force","Trait","Saberstaff attacks restore 2 FP and your Force Defense bonus increases to +10% total.","Yes","-","","-","-","Not Implemented","",""
"Saberstaff","31","Conduit","2","Sever Focus I","Saberstaff 22","Force","Combat","Deals weapon DMG + 18 and has a Will DC14 check to inflict Fractured Focus for 20 seconds.","Yes","-","6","Instant","45 seconds","Not Implemented","",""
"Saberstaff","32","Conduit","3","Force Lens","Saberstaff 25","Force","Combat","Allies in an area of effect (sphere) gain +15% Force Defense for 45 seconds. You gain +10 Attack Deflection.","Yes","-","8","Instant","2 minutes","Not Implemented","",""
"Saberstaff","33","Conduit","4","Guarded Channel II","Saberstaff 28","Force","Combat","Gain +30 Attack Deflection and +30% Force Defense for 12 seconds.","Yes","-","8","Instant","1 minute","Not Implemented","",""
"Saberstaff","34","Conduit","3","Focused Arc III","Saberstaff 30","Force","Combat","Deals weapon DMG + 34 and has a Will DC18 check to inflict Force Erosion for 18 seconds.","Yes","-","8","Instant","30 seconds","Not Implemented","",""
"Saberstaff","35","Conduit","2","Energized Forms","Saberstaff 32","Force","Trait","Using a Force ability causes your next saberstaff attack within 8 seconds to deal +15 DMG. Using a saberstaff ability reduces the FP cost of your next Force ability by 2.","Yes","-","","-","-","Not Implemented","",""
"Saberstaff","36","Conduit","4","Sever Focus II","Saberstaff 35","Force","Combat","Deals weapon DMG + 28 and has a Will DC18 check to inflict Fractured Focus for 30 seconds.","Yes","-","8","Instant","45 seconds","Not Implemented","",""
"Saberstaff","37","Conduit","3","Conduit Flare","Saberstaff 38","Force","Combat","Deals weapon DMG + 20 to all nearby enemies and has a Will DC16 check to inflict Force Disruption for 8 seconds.","Yes","-","10","Instant","90 seconds","Not Implemented","",""
"Saberstaff","38","Conduit","3","Conduit Training III","Saberstaff 40","Force","Trait","Saberstaff attacks restore 3 FP and your Force Defense bonus increases to +15% total.","Yes","-","","-","-","Not Implemented","",""
"Saberstaff","39","Conduit","4","Guarded Channel III","Saberstaff 42","Force","Combat","Gain +40 Attack Deflection and +35% Force Defense for 15 seconds.","Yes","-","12","Instant","2 minutes","Not Implemented","",""
"Saberstaff","40","Conduit","3","Force Capacitor","Saberstaff 45","Force","Combat","For 20 seconds, 25% of STM spent on saberstaff abilities is restored as FP and 25% of FP spent on Force abilities is restored as STM.","Yes","-","10","Instant","3 minutes","Not Implemented","",""
"Saberstaff","41","Conduit","4","Balanced Attunement","Saberstaff 48","Force","Trait","While both FP and STM are above 50%, gain +10% Attack and +10% Force Attack.","Yes","-","","-","-","Not Implemented","",""
"Saberstaff","42","Conduit","4","Infinite Conduit","Saberstaff 50","Force","Combat","For 20 seconds, saberstaff attacks restore 5 FP and saberstaff combat abilities cost 3 less STM. The effect ends early if FP reaches zero.","No","-","25","2 seconds","30 minutes","Not Implemented","",""
"Katar","6","Iron Guard","2","Guard Training I","Katar 5","All","Trait","Dual wielding katars grants a 15% chance to guard against physical attacks, reducing that hit's damage by 20% and generating extra enmity.","Yes","-","","-","-","Not Implemented","",""
"Katar","7","Iron Guard","2","Guard Counter I","Katar 8","All","Combat","Your next attack deals weapon DMG + 8. If you guarded an attack within the last 8 seconds, this deals weapon DMG + 16 instead.","Yes","-","3","Queued","30 seconds","Not Implemented","",""
"Katar","8","Iron Guard","3","Twin Guard Stance","Katar 12","All","Stance","While active, grants +15% Defense and +20% Enmity generation, but reduces Attack by 15%.","Yes","-","","2 seconds","3 minutes","Not Implemented","",""
"Katar","9","Iron Guard","2","Guard Training II","Katar 15","All","Trait","Guard chance increases to 25% and guarded hits restore 2 STM.","Yes","-","","-","-","Not Implemented","",""
"Katar","10","Iron Guard","4","Iron Elbows","Katar 18","All","Combat","Deals weapon DMG + 15 to all nearby enemies and generates extra enmity.","Yes","-","7","Instant","1 minute","Not Implemented","",""
"Katar","11","Iron Guard","3","Redirecting Guard","Katar 20","All","Trait","When you guard an attack, your next katar attack within 10 seconds gains +10% critical chance and deals +10 DMG.","Yes","-","","-","-","Not Implemented","",""
"Katar","12","Iron Guard","2","Guard Counter II","Katar 22","All","Combat","Your next attack deals weapon DMG + 18. If you guarded an attack within the last 8 seconds, this deals weapon DMG + 30 instead.","Yes","-","5","Queued","30 seconds","Not Implemented","",""
"Katar","13","Iron Guard","3","Covering Claws","Katar 25","All","Combat","Strike enemies in a cone for weapon DMG + 20. Enemies hit generate +25% Enmity toward you for 12 seconds.","Yes","-","8","Instant","45 seconds","Not Implemented","",""
"Katar","14","Iron Guard","4","Guard Training III","Katar 28","All","Trait","Guard chance increases to 35% and guarded hits reduce physical damage by 30%.","Yes","-","","-","-","Not Implemented","",""
"Katar","15","Iron Guard","3","Twin Intercept","Katar 30","All","Combat","Target an ally within 6 meters. They gain a damage shield equal to 20% of your maximum HP and +15% Defense for 8 seconds. You gain extra enmity toward enemies near that ally.","Yes","-","10","Instant","2 minutes","Not Implemented","",""
"Katar","16","Iron Guard","2","Retaliatory Flow","Katar 32","All","Trait","After you guard a hit, your next Guard Counter within 8 seconds costs 2 less STM and deals +8 DMG.","Yes","-","","-","-","Not Implemented","",""
"Katar","17","Iron Guard","4","Whirling Guard","Katar 35","All","Combat","For 12 seconds, gain +20% guard chance and deal 8 DMG back to attackers whenever you guard a hit.","Yes","-","12","Instant","2 minutes","Not Implemented","",""
"Katar","18","Iron Guard","3","Guard Counter III","Katar 38","All","Combat","Your next attack deals weapon DMG + 28. If you guarded an attack within the last 8 seconds, this deals weapon DMG + 45 and has a Reflex DC16 check to inflict Dazed for 3 seconds.","Yes","-","8","Queued","45 seconds","Not Implemented","",""
"Katar","19","Iron Guard","3","Impenetrable Grip","Katar 40","All","Trait","While dual wielding katars, gain +20% resistance to Knockdown and Dazed effects. Guarded hits restore 4 STM.","Yes","-","","-","-","Not Implemented","",""
"Katar","20","Iron Guard","4","Iron Wall Stance","Katar 42","All","Stance","While active, grants +25% Defense, +20% Force Defense, and +30% Enmity generation, but reduces Attack by 25%.","Yes","-","","2 seconds","3 minutes","Not Implemented","",""
"Katar","21","Iron Guard","3","Breaker Reversal","Katar 45","All","Combat","After guarding an attack, your next katar attack deals weapon DMG + 35 and inflicts Exposed, reducing Defense by 15% for 12 seconds.","Yes","-","10","Instant","1 minute","Not Implemented","",""
"Katar","22","Iron Guard","4","Guardian Reflexes","Katar 48","All","Trait","When reduced below 35% HP, gain +25% guard chance for 12 seconds. This can only trigger once every 3 minutes.","Yes","-","","-","-","Not Implemented","",""
"Katar","23","Iron Guard","4","Adamantine Guard","Katar 50","All","Combat","For 20 seconds, gain +40% guard chance. Guarded hits reduce physical damage by 40% and generate greatly increased enmity.","No","-","25","1 second","30 minutes","Not Implemented","",""
"Katar","25","Venom Current","3","Striking Cobra I","Katar 5","All","Combat","Your next attack deals weapon DMG + 8 and has a Fortitude DC12 check to inflict Poison for 30 seconds.","Yes","-","3","Queued","30 seconds","Not Implemented","",""
"Katar","26","Venom Current","3","Static Palm I","Katar 8","All","Combat","Your next attack deals weapon DMG + 8 and has a Reflex DC12 check to inflict Disoriented for 8 seconds.","Yes","-","3","Queued","30 seconds","Not Implemented","",""
"Katar","27","Venom Current","3","Venom Rhythm","Katar 12","All","Trait","Attacks against poisoned targets have a 15% chance to deal +6 DMG.","Yes","-","","-","-","Not Implemented","",""
"Katar","28","Venom Current","2","Cobra Stance","Katar 15","All","Stance","While active, attacks have a 10% chance to inflict Poison for 30 seconds and you gain +10% Attack, but Defense is reduced by 15%.","Yes","-","","2 seconds","3 minutes","Not Implemented","",""
"Katar","29","Venom Current","4","Striking Cobra II","Katar 18","All","Combat","Your next attack deals weapon DMG + 18 and has a Fortitude DC15 check to inflict Poison for 60 seconds.","Yes","-","5","Queued","30 seconds","Not Implemented","",""
"Katar","30","Venom Current","3","Static Palm II","Katar 20","All","Combat","Your next attack deals weapon DMG + 18 and has a Reflex DC15 check to inflict Disoriented for 12 seconds.","Yes","-","5","Queued","30 seconds","Not Implemented","",""
"Katar","31","Venom Current","2","Toxic Tempo","Katar 22","All","Trait","Katar abilities deal +8% damage to targets affected by Poison or Disoriented.","Yes","-","","-","-","Not Implemented","",""
"Katar","32","Venom Current","3","Twin Fang Flurry","Katar 25","All","Combat","Strike twice for weapon DMG + 10 each. If the target is poisoned, the second strike has a Fortitude DC15 check to inflict Bleed for 30 seconds.","Yes","-","8","Instant","1 minute","Not Implemented","",""
"Katar","33","Venom Current","3","Venom Splash","Katar 28","All","Combat","Deals weapon DMG + 18 to enemies in a cone and has a Fortitude DC15 check to inflict Poison for 30 seconds.","Yes","-","8","Instant","1 minute","Not Implemented","",""
"Katar","34","Venom Current","3","Neural Shock","Katar 30","All","Combat","Deals weapon DMG + 20. If the target is Disoriented, they make a Reflex DC16 check or become Dazed for 3 seconds.","Yes","-","8","Instant","1 minute","Not Implemented","",""
"Katar","35","Venom Current","2","Cobra Reflexes","Katar 32","All","Trait","Critical hits against poisoned targets restore 4 STM.","Yes","-","","-","-","Not Implemented","",""
"Katar","36","Venom Current","4","Striking Cobra III","Katar 35","All","Combat","Your next attack deals weapon DMG + 28 and has a Fortitude DC20 check to inflict Poison for 60 seconds.","Yes","-","8","Queued","30 seconds","Not Implemented","",""
"Katar","37","Venom Current","3","Static Palm III","Katar 38","All","Combat","Your next attack deals weapon DMG + 28 and has a Reflex DC18 check to inflict Disoriented for 15 seconds. Poisoned targets also make a Reflex DC18 check or become Dazed for 3 seconds.","Yes","-","8","Queued","30 seconds","Not Implemented","",""
"Katar","38","Venom Current","2","Spreading Venom","Katar 40","All","Trait","When a poisoned target dies, the nearest enemy within 5 meters makes a Fortitude DC14 check or becomes poisoned for 30 seconds.","Yes","-","","-","-","Not Implemented","",""
"Katar","39","Venom Current","4","Current Overload","Katar 42","All","Combat","Deals weapon DMG + 35. If the target is Poisoned or Disoriented, consume one effect to deal +25 DMG and make a Reflex DC18 check to inflict Stunned for 3 seconds.","Yes","-","12","Instant","90 seconds","Not Implemented","",""
"Katar","40","Venom Current","3","Toxic Rush","Katar 45","All","Combat","Gain +20% Haste and +15% Attack for 20 seconds. Attacks against poisoned targets restore 2 STM during this effect.","Yes","-","10","Instant","2 minutes","Not Implemented","",""
"Katar","41","Venom Current","4","Neurotoxin Mastery","Katar 48","All","Trait","Poison effects you apply also reduce the target's Attack by 10%.","Yes","-","","-","-","Not Implemented","",""
"Katar","42","Venom Current","4","Serpent's Eclipse","Katar 50","All","Combat","All enemies in an area of effect (sphere) take weapon DMG + 25. Fortitude DC18 check to inflict Poison and Reflex DC18 check to inflict Disoriented. Enemies already affected by either effect take +30 DMG.","No","-","25","2 seconds","30 minutes","Not Implemented","",""
"Staff","6","Sentinel","2","Flurry Style","Staff 5","All","Trait","Staves use AGI to-hit and PER for damage. Staff attack delay is reduced by 10%.","Yes","-","","-","-","Not Implemented","",""
"Staff","7","Sentinel","2","Staff Parry I","Staff 8","All","Trait","Gain +10 Attack Deflection while wielding a staff.","Yes","-","","-","-","Not Implemented","",""
"Staff","8","Sentinel","3","Leg Sweep I","Staff 12","All","Combat","Deals weapon DMG + 6 and has a Reflex DC12 check to inflict Knockdown for 3 seconds.","Yes","-","4","Instant","45 seconds","Not Implemented","",""
"Staff","9","Sentinel","2","Sentinel Stance","Staff 15","All","Stance","While active, grants +15% Evasion and +15 Attack Deflection, but reduces Attack by 15%.","Yes","-","","2 seconds","3 minutes","Not Implemented","",""
"Staff","10","Sentinel","4","Staff Parry II","Staff 18","All","Trait","Gain +20 Attack Deflection total while wielding a staff.","Yes","-","","-","-","Not Implemented","",""
"Staff","11","Sentinel","3","Guarding Step","Staff 20","All","Combat","Gain +25% Evasion and +20% Defense for 8 seconds.","Yes","-","6","Instant","1 minute","Not Implemented","",""
"Staff","12","Sentinel","2","Leg Sweep II","Staff 22","All","Combat","Deals weapon DMG + 16 and has a Reflex DC15 check to inflict Knockdown for 3 seconds.","Yes","-","6","Instant","45 seconds","Not Implemented","",""
"Staff","13","Sentinel","3","Line Breaker","Staff 25","All","Combat","Deals weapon DMG + 18 to enemies in a line. Reflex DC14 check to inflict Disoriented for 12 seconds.","Yes","-","8","Instant","1 minute","Not Implemented","",""
"Staff","14","Sentinel","4","Staff Parry III","Staff 28","All","Trait","Gain +30 Attack Deflection total while wielding a staff. Deflecting attacks restores 2 STM.","Yes","-","","-","-","Not Implemented","",""
"Staff","15","Sentinel","3","Sentinel Guard","Staff 30","All","Combat","For 12 seconds, allies within 5 meters gain +10 Attack Deflection and you generate extra enmity.","Yes","-","10","Instant","2 minutes","Not Implemented","",""
"Staff","16","Sentinel","2","Flowing Defense","Staff 32","All","Trait","After dodging or deflecting an attack, your next Staff ability costs 2 less STM.","Yes","-","","-","-","Not Implemented","",""
"Staff","17","Sentinel","4","Leg Sweep III","Staff 35","All","Combat","Deals weapon DMG + 26 and has a Reflex DC18 check to inflict Knockdown for 4 seconds.","Yes","-","8","Instant","45 seconds","Not Implemented","",""
"Staff","18","Sentinel","3","Sweeping Guard","Staff 38","All","Combat","Deals weapon DMG + 18 to all nearby enemies. Reflex DC16 check to inflict Knockdown for 2 seconds. You gain +20% Defense for 10 seconds.","Yes","-","10","Instant","90 seconds","Not Implemented","",""
"Staff","19","Sentinel","3","Patient Sentinel","Staff 40","All","Trait","If you have not used a combat ability for 6 seconds, your next Staff ability gains +15% accuracy and deals +15 DMG.","Yes","-","","-","-","Not Implemented","",""
"Staff","20","Sentinel","4","Staff Parry IV","Staff 42","All","Trait","Gain +40 Attack Deflection total while wielding a staff. Deflecting attacks restores 4 STM.","Yes","-","","-","-","Not Implemented","",""
"Staff","21","Sentinel","3","Shelter Circle","Staff 45","All","Combat","Allies in an area of effect (sphere) gain +20% Defense and +20% Evasion for 15 seconds.","Yes","-","12","Instant","3 minutes","Not Implemented","",""
"Staff","22","Sentinel","4","Perfect Footwork","Staff 48","All","Trait","When reduced below 40% HP, gain +30% Evasion for 10 seconds. This can only trigger once every 3 minutes.","Yes","-","","-","-","Not Implemented","",""
"Staff","23","Sentinel","4","Unmoving Center","Staff 50","All","Combat","For 20 seconds, you cannot be Knocked down or Dazed, gain +50 Attack Deflection, and staff attacks generate extra enmity.","No","-","25","1 second","30 minutes","Not Implemented","",""
"Staff","25","Crusher","3","Crushing Style","Staff 5","All","Trait","You gain bonus damage with staves equal to your MGT modifier and +10% critical chance.","Yes","-","","-","-","Not Implemented","",""
"Staff","26","Crusher","3","Slam I","Staff 8","All","Combat","Deals weapon DMG + 8 and has a Fortitude DC12 check to inflict Blind for 8 seconds.","Yes","-","3","Instant","30 seconds","Not Implemented","",""
"Staff","27","Crusher","3","Crushing Mastery I","Staff 12","All","Trait","Critical staff hits deal +10% damage and restore 2 STM. This can only trigger once every 6 seconds.","Yes","-","","-","-","Not Implemented","",""
"Staff","28","Crusher","2","Crusher Stance","Staff 15","All","Stance","While active, grants +20% Attack and +15% critical chance, but reduces Defense by 20%.","Yes","-","","2 seconds","3 minutes","Not Implemented","",""
"Staff","29","Crusher","4","Slam II","Staff 18","All","Combat","Deals weapon DMG + 20 and has a Fortitude DC15 check to inflict Blind for 10 seconds.","Yes","-","5","Instant","30 seconds","Not Implemented","",""
"Staff","30","Crusher","3","Rib Breaker I","Staff 20","All","Combat","Deals weapon DMG + 18 and has a Fortitude DC14 check to inflict Weakened, reducing Attack by 10% for 15 seconds.","Yes","-","6","Instant","45 seconds","Not Implemented","",""
"Staff","31","Crusher","2","Heavy Hands","Staff 22","All","Trait","Staff combat abilities deal +10% damage to targets affected by Knockdown or Blind.","Yes","-","","-","-","Not Implemented","",""
"Staff","32","Crusher","3","Ground Quake I","Staff 25","All","Combat","Deals weapon DMG + 18 to nearby enemies. Reflex DC14 check to inflict Knockdown for 2 seconds.","Yes","-","8","Instant","1 minute","Not Implemented","",""
"Staff","33","Crusher","3","Slam III","Staff 28","All","Combat","Deals weapon DMG + 32 and has a Fortitude DC18 check to inflict Blind for 12 seconds.","Yes","-","8","Instant","30 seconds","Not Implemented","",""
"Staff","34","Crusher","3","Rib Breaker II","Staff 30","All","Combat","Deals weapon DMG + 30 and has a Fortitude DC16 check to inflict Weakened, reducing Attack by 15% for 15 seconds.","Yes","-","8","Instant","45 seconds","Not Implemented","",""
"Staff","35","Crusher","2","Crushing Mastery II","Staff 32","All","Trait","Bonus damage with staves increases to 2x your MGT modifier and critical chance increases by an additional 10%.","Yes","-","","-","-","Not Implemented","",""
"Staff","36","Crusher","4","Ground Quake II","Staff 35","All","Combat","Deals weapon DMG + 28 to nearby enemies. Reflex DC16 check to inflict Knockdown for 3 seconds.","Yes","-","10","Instant","1 minute","Not Implemented","",""
"Staff","37","Crusher","3","Skull Rattle","Staff 38","All","Combat","Deals weapon DMG + 34 and has a Fortitude DC16 check to inflict Dazed for 3 seconds.","Yes","-","10","Instant","90 seconds","Not Implemented","",""
"Staff","38","Crusher","2","Break Posture","Staff 40","All","Trait","Critical staff hits inflict Exposed, reducing Defense by 10% for 10 seconds.","Yes","-","","-","-","Not Implemented","",""
"Staff","39","Crusher","4","Rib Breaker III","Staff 42","All","Combat","Deals weapon DMG + 42 and has a Fortitude DC18 check to inflict Weakened, reducing Attack by 20% for 15 seconds.","Yes","-","10","Instant","45 seconds","Not Implemented","",""
"Staff","40","Crusher","3","Bonecrusher","Staff 45","All","Combat","Deals weapon DMG + 50. If the target is Knocked down, they make a Fortitude DC18 check or become Stunned for 3 seconds.","Yes","-","12","Instant","2 minutes","Not Implemented","",""
"Staff","41","Crusher","4","Crushing Mastery III","Staff 48","All","Trait","Staff critical hits deal +20% damage and restore 4 STM. This can only trigger once every 6 seconds.","Yes","-","","-","-","Not Implemented","",""
"Staff","42","Crusher","4","Worldbreaker","Staff 50","All","Combat","Strike the ground. Enemies in an area of effect (sphere) take weapon DMG + 45 and make a Reflex DC18 check or suffer Knockdown for 4 seconds.","No","-","25","2 seconds","30 minutes","Not Implemented","",""
"Pistol","6","Gunslinger","3","Quick Draw I","Pistol 5","All","Combat","Instantly deals weapon DMG + 12 to your target.","Yes","-","3","Instant","30 seconds","Not Implemented","",""
"Pistol","7","Gunslinger","3","Double Shot I","Pistol 8","All","Combat","Instantly attacks twice, each for weapon DMG + 7.","Yes","-","3","Instant","1 minute","Not Implemented","",""
"Pistol","8","Gunslinger","3","Rapid Shot I","Pistol 12","All","Trait","Reduces pistol attack delay by 10%.","Yes","-","","-","-","Not Implemented","",""
"Pistol","9","Gunslinger","2","Gunfighter Stance","Pistol 15","All","Stance","While active, grants +15% Attack and +10% Haste, but reduces Defense by 15%.","Yes","-","","2 seconds","3 minutes","Not Implemented","",""
"Pistol","10","Gunslinger","4","Quick Draw II","Pistol 18","All","Combat","Instantly deals weapon DMG + 24 to your target.","Yes","-","5","Instant","30 seconds","Not Implemented","",""
"Pistol","11","Gunslinger","3","Double Shot II","Pistol 20","All","Combat","Instantly attacks twice, each for weapon DMG + 15.","Yes","-","5","Instant","1 minute","Not Implemented","",""
"Pistol","12","Gunslinger","2","Deadeye Reload","Pistol 22","All","Trait","After using a pistol combat ability, your next auto-attack within 6 seconds deals +10 DMG.","Yes","-","","-","-","Not Implemented","",""
"Pistol","13","Gunslinger","3","Fan the Hammer I","Pistol 25","All","Combat","Fires at up to 3 enemies in a cone for weapon DMG + 12 each.","Yes","-","8","Instant","1 minute","Not Implemented","",""
"Pistol","14","Gunslinger","3","Quick Draw III","Pistol 28","All","Combat","Instantly deals weapon DMG + 36 to your target.","Yes","-","8","Instant","30 seconds","Not Implemented","",""
"Pistol","15","Gunslinger","3","Double Shot III","Pistol 30","All","Combat","Instantly attacks twice, each for weapon DMG + 24.","Yes","-","8","Instant","1 minute","Not Implemented","",""
"Pistol","16","Gunslinger","2","Rapid Shot II","Pistol 32","All","Trait","Reduces pistol attack delay by 20% total.","Yes","-","","-","-","Not Implemented","",""
"Pistol","17","Gunslinger","4","Fan the Hammer II","Pistol 35","All","Combat","Fires at up to 5 enemies in a cone for weapon DMG + 20 each.","Yes","-","10","Instant","75 seconds","Not Implemented","",""
"Pistol","18","Gunslinger","3","High Noon","Pistol 38","All","Trait","Your first pistol attack after entering combat gains +30% critical chance and deals +20 DMG.","Yes","-","","-","-","Not Implemented","",""
"Pistol","19","Gunslinger","2","Reload Tempo","Pistol 40","All","Trait","Defeating an enemy restores 10 STM and reduces Quick Draw cooldowns by 15 seconds.","Yes","-","","-","-","Not Implemented","",""
"Pistol","20","Gunslinger","4","Quick Draw IV","Pistol 42","All","Combat","Instantly deals weapon DMG + 50. Targets below 30% HP take an additional +20 DMG.","Yes","-","12","Instant","1 minute","Not Implemented","",""
"Pistol","21","Gunslinger","3","Gunslinger Focus","Pistol 45","All","Combat","For 20 seconds, Quick Draw and Double Shot abilities cost 2 less STM and deal +10 DMG.","Yes","-","10","Instant","2 minutes","Not Implemented","",""
"Pistol","22","Gunslinger","4","Rapid Shot III","Pistol 48","All","Trait","Reduces pistol attack delay by 30% total. Auto-attacks have a 10% chance to restore 2 STM.","Yes","-","","-","-","Not Implemented","",""
"Pistol","23","Gunslinger","4","Dead Man's Hand","Pistol 50","All","Combat","Fire six shots at your target and nearby enemies, each for weapon DMG + 10. Your target is prioritized and secondary targets cannot be hit more than twice.","No","-","25","2 seconds","30 minutes","Not Implemented","",""
"Pistol","25","Skirmisher","2","Mobile Footwork","Pistol 5","All","Trait","After using a pistol ability, gain +10% Evasion for 6 seconds.","Yes","-","","-","-","Not Implemented","",""
"Pistol","26","Skirmisher","2","Disarming Shot I","Pistol 8","All","Combat","Deals weapon DMG + 8 and has a Reflex DC12 check to inflict Weakened, reducing Attack by 10% for 12 seconds.","Yes","-","3","Instant","30 seconds","Not Implemented","",""
"Pistol","27","Skirmisher","3","Snap Roll I","Pistol 12","All","Combat","Gain +25% Evasion for 6 seconds and reduce your current enmity by 10%.","Yes","-","6","Instant","1 minute","Not Implemented","",""
"Pistol","28","Skirmisher","2","Skirmisher Stance","Pistol 15","All","Stance","While active, grants +15% Evasion and reduces Enmity generation by 20%, but reduces Attack by 10%.","Yes","-","","2 seconds","3 minutes","Not Implemented","",""
"Pistol","29","Skirmisher","4","Interrupting Shot I","Pistol 18","All","Combat","Interrupts your target's ability activation and has a Will DC12 check to inflict Foggy Mind for 12 seconds.","Yes","-","7","Instant","45 seconds","Not Implemented","",""
"Pistol","30","Skirmisher","3","Kiting Instinct","Pistol 20","All","Trait","When attacked in melee, you have a 20% chance to restore 3 STM and gain +10% Evasion for 6 seconds.","Yes","-","","-","-","Not Implemented","",""
"Pistol","31","Skirmisher","2","Disarming Shot II","Pistol 22","All","Combat","Deals weapon DMG + 18 and has a Reflex DC15 check to inflict Weakened, reducing Attack by 15% for 15 seconds.","Yes","-","5","Instant","30 seconds","Not Implemented","",""
"Pistol","32","Skirmisher","3","Ricochet Shot","Pistol 25","All","Combat","A shot bounces to up to 3 enemies for weapon DMG + 12 each. Each target has a Reflex DC14 check to avoid Blind for 6 seconds.","Yes","-","8","Instant","1 minute","Not Implemented","",""
"Pistol","33","Skirmisher","4","Snap Roll II","Pistol 28","All","Combat","Gain +35% Evasion for 8 seconds and your next pistol attack within 8 seconds deals +10 DMG.","Yes","-","8","Instant","1 minute","Not Implemented","",""
"Pistol","34","Skirmisher","3","Low Shot","Pistol 30","All","Combat","Deals weapon DMG + 20 and has a Reflex DC16 check to inflict Disoriented for 12 seconds.","Yes","-","8","Instant","1 minute","Not Implemented","",""
"Pistol","35","Skirmisher","2","Evasive Reload","Pistol 32","All","Trait","Using Snap Roll or Ricochet Shot reduces Disarming Shot cooldowns by 10 seconds.","Yes","-","","-","-","Not Implemented","",""
"Pistol","36","Skirmisher","4","Interrupting Shot II","Pistol 35","All","Combat","Deals weapon DMG + 20, interrupts your target's ability activation, and has a Will DC16 check to inflict Foggy Mind for 20 seconds.","Yes","-","10","Instant","45 seconds","Not Implemented","",""
"Pistol","37","Skirmisher","3","Point Blank Burst","Pistol 38","All","Combat","Deals weapon DMG + 18 to enemies in a cone. Reflex DC16 check to inflict Knockdown for 3 seconds.","Yes","-","10","Instant","90 seconds","Not Implemented","",""
"Pistol","38","Skirmisher","3","Duelist's Distance","Pistol 40","All","Trait","Deal +12% pistol damage to enemies within 8 meters that are not targeting you.","Yes","-","","-","-","Not Implemented","",""
"Pistol","39","Skirmisher","4","Disarming Shot III","Pistol 42","All","Combat","Deals weapon DMG + 32 and has a Reflex DC18 check to inflict Weakened, reducing Attack by 20% for 15 seconds.","Yes","-","8","Instant","30 seconds","Not Implemented","",""
"Pistol","40","Skirmisher","3","Smoke Round","Pistol 45","All","Combat","Enemies in the target area have a Fortitude DC16 check to avoid Blind for 12 seconds. You reduce enmity against affected enemies.","Yes","-","12","Instant","2 minutes","Not Implemented","",""
"Pistol","41","Skirmisher","4","Skirmisher's Nerve","Pistol 48","All","Trait","When reduced below 40% HP, your next pistol ability costs 0 STM and grants +20% Evasion for 8 seconds. This can only trigger once every 2 minutes.","Yes","-","","-","-","Not Implemented","",""
"Pistol","42","Skirmisher","4","Last Word","Pistol 50","All","Combat","Interrupts all enemies in a cone, deals weapon DMG + 35, and has a Reflex DC18 check to inflict Dazed for 3 seconds.","No","-","25","1 second","30 minutes","Not Implemented","",""
"Rifle","6","Marksman","3","Steady Aim I","Rifle 5","All","Trait","Rifle combat abilities gain +5% accuracy and +5% critical chance.","Yes","-","","-","-","Not Implemented","",""
"Rifle","7","Marksman","3","Aimed Shot I","Rifle 8","All","Combat","Deals weapon DMG + 18. If the target is farther than 8 meters away, deal an additional +10 DMG.","Yes","-","4","1 second","30 seconds","Not Implemented","",""
"Rifle","8","Marksman","3","Piercing Round I","Rifle 12","All","Combat","Deals weapon DMG + 14 and has a Fortitude DC12 check to inflict Sunder, reducing Defense by 10% for 12 seconds.","Yes","-","5","Instant","45 seconds","Not Implemented","",""
"Rifle","9","Marksman","2","Sniper Stance","Rifle 15","All","Stance","While active, grants +20% Attack and +15% critical damage, but reduces Evasion and Defense by 20%.","Yes","-","","2 seconds","3 minutes","Not Implemented","",""
"Rifle","10","Marksman","4","Aimed Shot II","Rifle 18","All","Combat","Deals weapon DMG + 32. If the target is farther than 8 meters away, deal an additional +16 DMG.","Yes","-","6","1 second","30 seconds","Not Implemented","",""
"Rifle","11","Marksman","3","Scope Calibration","Rifle 20","All","Trait","Rifle critical hits deal +15% damage.","Yes","-","","-","-","Not Implemented","",""
"Rifle","12","Marksman","2","Piercing Round II","Rifle 22","All","Combat","Deals weapon DMG + 26 and has a Fortitude DC15 check to inflict Sunder, reducing Defense by 15% for 12 seconds.","Yes","-","7","Instant","45 seconds","Not Implemented","",""
"Rifle","13","Marksman","3","Suppressive Line","Rifle 25","All","Combat","Deals weapon DMG + 22 to enemies in a line. Reflex DC14 check to inflict Disoriented for 12 seconds.","Yes","-","8","Instant","1 minute","Not Implemented","",""
"Rifle","14","Marksman","3","Aimed Shot III","Rifle 28","All","Combat","Deals weapon DMG + 46. If the target is farther than 8 meters away, deal an additional +24 DMG.","Yes","-","8","1 second","30 seconds","Not Implemented","",""
"Rifle","15","Marksman","3","Expose Weak Point","Rifle 30","All","Combat","Deals weapon DMG + 20 and marks the target for 12 seconds. Physical attacks against the marked target deal +10% damage.","Yes","-","8","Instant","75 seconds","Not Implemented","",""
"Rifle","16","Marksman","2","Steady Aim II","Rifle 32","All","Trait","Aimed Shot cooldowns are reduced by 5 seconds and gain an additional +10% accuracy.","Yes","-","","-","-","Not Implemented","",""
"Rifle","17","Marksman","4","Breach Round","Rifle 35","All","Combat","Deals weapon DMG + 35 and ignores 25% of the target's Defense.","Yes","-","10","Instant","90 seconds","Not Implemented","",""
"Rifle","18","Marksman","3","Dead Center","Rifle 38","All","Trait","Rifle critical hits restore 4 STM and cause your next Aimed Shot within 8 seconds to deal +10 DMG. This can only trigger once every 6 seconds.","Yes","-","","-","-","Not Implemented","",""
"Rifle","19","Marksman","2","Piercing Round III","Rifle 40","All","Combat","Deals weapon DMG + 38 and has a Fortitude DC18 check to inflict Sunder, reducing Defense by 20% for 15 seconds.","Yes","-","8","Instant","45 seconds","Not Implemented","",""
"Rifle","20","Marksman","4","Headshot","Rifle 42","All","Combat","Deals weapon DMG + 60. Targets below 50% HP make a Fortitude DC18 check or become Dazed for 3 seconds.","Yes","-","14","1.5 seconds","2 minutes","Not Implemented","",""
"Rifle","21","Marksman","3","Kill Zone","Rifle 45","All","Combat","For 20 seconds, repeated attacks against the same target stack +4% rifle damage, up to +20%. Switching targets clears this bonus.","Yes","-","10","Instant","2 minutes","Not Implemented","",""
"Rifle","22","Marksman","4","Ballistic Mastery","Rifle 48","All","Trait","Rifle abilities against Exposed or Sundered targets ignore an additional 15% Defense.","Yes","-","","-","-","Not Implemented","",""
"Rifle","23","Marksman","4","One Shot","Rifle 50","All","Combat","Deals weapon DMG + 100 to one target. If this defeats the target, restore 25 STM and gain +15% Attack for 15 seconds.","No","-","25","2 seconds","30 minutes","Not Implemented","",""
"Rifle","25","Pacification","2","Tranquilizer Shot I","Rifle 5","All","Combat","Your next attack tranquilizes the target for up to 8 seconds. Damage breaks the effect prematurely.","Yes","-","4","Queued","1 minute","Not Implemented","",""
"Rifle","26","Pacification","2","Crippling Shot I","Rifle 8","All","Combat","Your next attack deals weapon DMG + 12 and has a Reflex DC12 check to inflict Disoriented for 12 seconds.","Yes","-","4","Queued","30 seconds","Not Implemented","",""
"Rifle","27","Pacification","3","Pinning Fire I","Rifle 12","All","Combat","Deals weapon DMG + 10 and has a Reflex DC12 check to inflict Dazed for 2 seconds.","Yes","-","5","Instant","45 seconds","Not Implemented","",""
"Rifle","28","Pacification","2","Spotter Stance","Rifle 15","All","Stance","While active, grants +15% Accuracy and +15% Evasion against ranged attacks, but reduces Haste by 10%.","Yes","-","","2 seconds","3 minutes","Not Implemented","",""
"Rifle","29","Pacification","4","Tranquilizer Shot II","Rifle 18","All","Combat","Your next attack tranquilizes the target for up to 14 seconds. Damage breaks the effect prematurely.","Yes","-","6","Queued","1 minute","Not Implemented","",""
"Rifle","30","Pacification","3","Crippling Shot II","Rifle 20","All","Combat","Your next attack deals weapon DMG + 22 and has a Reflex DC15 check to inflict Disoriented for 15 seconds.","Yes","-","6","Queued","30 seconds","Not Implemented","",""
"Rifle","31","Pacification","2","Soft Target","Rifle 22","All","Trait","Deal +10% rifle damage to enemies affected by Disoriented, Dazed, or tranquilizer effects.","Yes","-","","-","-","Not Implemented","",""
"Rifle","32","Pacification","3","Tranq Cone I","Rifle 25","All","Combat","Tranquilizes up to 3 enemies in a cone for up to 8 seconds. Damage breaks the effect prematurely.","Yes","-","10","Instant","2 minutes","Not Implemented","",""
"Rifle","33","Pacification","4","Pinning Fire II","Rifle 28","All","Combat","Deals weapon DMG + 18 to enemies in a line. Reflex DC14 check to inflict Knockdown for 3 seconds.","Yes","-","8","Instant","1 minute","Not Implemented","",""
"Rifle","34","Pacification","3","Overwatch","Rifle 30","All","Combat","Deal weapon DMG + 20 and interrupt your target's current ability activation. Will DC16 check to inflict Foggy Mind for 12 seconds.","Yes","-","10","Instant","2 minutes","Not Implemented","",""
"Rifle","35","Pacification","2","Field Sedatives","Rifle 32","All","Trait","After a tranquilizer effect ends, the target's Attack is reduced by 10% for 10 seconds.","Yes","-","","-","-","Not Implemented","",""
"Rifle","36","Pacification","4","Crippling Shot III","Rifle 35","All","Combat","Your next attack deals weapon DMG + 34 and has a Reflex DC18 check to inflict Disoriented for 20 seconds.","Yes","-","8","Queued","30 seconds","Not Implemented","",""
"Rifle","37","Pacification","3","Tranq Cone II","Rifle 38","All","Combat","Tranquilizes up to 5 enemies in a cone for up to 10 seconds. Damage breaks the effect prematurely.","Yes","-","12","Instant","2 minutes","Not Implemented","",""
"Rifle","38","Pacification","3","Containment Net","Rifle 40","All","Trait","Enemies affected by your Disoriented effects suffer an additional -10% Evasion and -10% Attack.","Yes","-","","-","-","Not Implemented","",""
"Rifle","39","Pacification","4","Neutralizing Shot","Rifle 42","All","Combat","Deals weapon DMG + 30 and has a Will DC18 check to remove one beneficial combat effect and inflict Disoriented for 12 seconds.","Yes","-","10","Instant","90 seconds","Not Implemented","",""
"Rifle","40","Pacification","3","Pacification Field","Rifle 45","All","Combat","Creates a field for 15 seconds. Enemies inside suffer -10% Attack and make a Will DC15 check every 5 seconds or become Dazed for 2 seconds.","Yes","-","14","Instant","3 minutes","Not Implemented","",""
"Rifle","41","Pacification","4","Veteran Tracker","Rifle 48","All","Trait","Rifle damage increases by 15% against enemies affected by any control effect.","Yes","-","","-","-","Not Implemented","",""
"Rifle","42","Pacification","4","Stasis Volley","Rifle 50","All","Combat","All enemies in a cone take weapon DMG + 25 and are tranquilized for up to 12 seconds. Damage breaks the effect prematurely.","No","-","25","2 seconds","30 minutes","Not Implemented","",""
"Throwing","6","Bombardier","3","Explosive Toss I","Throwing 5","All","Combat","Your next attack damages up to 3 creatures within 3 meters of your target for weapon DMG + 8.","Yes","-","4","Queued","45 seconds","Not Implemented","",""
"Throwing","7","Bombardier","3","Flash Toss I","Throwing 8","All","Combat","Deals weapon DMG + 6 to enemies in the target area. Fortitude DC12 check to inflict Blind for 6 seconds.","Yes","-","4","Instant","45 seconds","Not Implemented","",""
"Throwing","8","Bombardier","3","Shrapnel Casing I","Throwing 12","All","Trait","Explosive Toss abilities have a Reflex DC12 check to inflict Bleed for 15 seconds.","Yes","-","","-","-","Not Implemented","",""
"Throwing","9","Bombardier","2","Bombardier Stance","Throwing 15","All","Stance","While active, Throwing area abilities deal +15% damage, but Defense is reduced by 15%.","Yes","-","","2 seconds","3 minutes","Not Implemented","",""
"Throwing","10","Bombardier","4","Explosive Toss II","Throwing 18","All","Combat","Your next attack damages up to 3 creatures within 3 meters of your target for weapon DMG + 16.","Yes","-","6","Queued","45 seconds","Not Implemented","",""
"Throwing","11","Bombardier","3","Concussive Toss I","Throwing 20","All","Combat","Deals weapon DMG + 14 to enemies in the target area. Reflex DC14 check to inflict Dazed for 2 seconds.","Yes","-","6","Instant","1 minute","Not Implemented","",""
"Throwing","12","Bombardier","2","Cluster Pouch","Throwing 22","All","Trait","Throwing combat abilities that hit 3 or more targets restore 4 STM.","Yes","-","","-","-","Not Implemented","",""
"Throwing","13","Bombardier","3","Fireburst Toss","Throwing 25","All","Combat","Deals weapon DMG + 20 to enemies in the target area and has a Fortitude DC15 check to inflict Exposed for 12 seconds.","Yes","-","8","Instant","1 minute","Not Implemented","",""
"Throwing","14","Bombardier","3","Explosive Toss III","Throwing 28","All","Combat","Your next attack damages up to 3 creatures within 3 meters of your target for weapon DMG + 26.","Yes","-","8","Queued","45 seconds","Not Implemented","",""
"Throwing","15","Bombardier","3","Concussive Toss II","Throwing 30","All","Combat","Deals weapon DMG + 26 to enemies in the target area. Reflex DC16 check to inflict Dazed for 3 seconds.","Yes","-","8","Instant","1 minute","Not Implemented","",""
"Throwing","16","Bombardier","2","Shrapnel Casing II","Throwing 32","All","Trait","Bleed from Explosive Toss abilities lasts 30 seconds and Explosive Toss ignores 10% Defense.","Yes","-","","-","-","Not Implemented","",""
"Throwing","17","Bombardier","4","Cluster Storm","Throwing 35","All","Combat","Throw three explosives at the target area. Each explosive deals weapon DMG + 12 to nearby enemies.","Yes","-","12","Instant","2 minutes","Not Implemented","",""
"Throwing","18","Bombardier","3","Flash Toss II","Throwing 38","All","Combat","Deals weapon DMG + 22 to enemies in the target area. Fortitude DC16 check to inflict Blind for 10 seconds.","Yes","-","10","Instant","45 seconds","Not Implemented","",""
"Throwing","19","Bombardier","2","Bombardier's Rhythm","Throwing 40","All","Trait","Each enemy hit by a Throwing area ability grants +2% Attack for 10 seconds, up to +20%.","Yes","-","","-","-","Not Implemented","",""
"Throwing","20","Bombardier","4","Explosive Toss IV","Throwing 42","All","Combat","Your next attack damages up to 3 creatures within 3 meters of your target for weapon DMG + 38 and has a Fortitude DC16 check to inflict Exposed for 15 seconds.","Yes","-","10","Queued","45 seconds","Not Implemented","",""
"Throwing","21","Bombardier","3","Saturation Toss","Throwing 45","All","Combat","Creates a target area for 12 seconds. Enemies inside take weapon DMG + 10 every 4 seconds.","Yes","-","12","Instant","2 minutes","Not Implemented","",""
"Throwing","22","Bombardier","4","Volatile Payload","Throwing 48","All","Trait","Critical hits with Explosive Toss abilities have a Reflex DC16 check to inflict Knockdown for 2 seconds.","Yes","-","","-","-","Not Implemented","",""
"Throwing","23","Bombardier","4","Rain of Steel","Throwing 50","All","Combat","All enemies in a large area of effect (sphere) take weapon DMG + 35 and suffer Bleed for 60 seconds. Reflex DC18 check halves the bonus damage.","No","-","25","2 seconds","30 minutes","Not Implemented","",""
"Throwing","25","Deadeye","2","Piercing Toss I","Throwing 5","All","Combat","Your next attack deals weapon DMG + 12 and has a Reflex DC12 check to inflict Bleed for 30 seconds.","Yes","-","4","Queued","30 seconds","Not Implemented","",""
"Throwing","26","Deadeye","2","Pinning Toss I","Throwing 8","All","Combat","Your next attack deals weapon DMG + 8 and has a Reflex DC12 check to inflict Disoriented for 12 seconds.","Yes","-","4","Queued","30 seconds","Not Implemented","",""
"Throwing","27","Deadeye","3","Returning Grip","Throwing 12","All","Trait","After using a Throwing combat ability, your next auto-attack within 8 seconds deals +8 DMG.","Yes","-","","-","-","Not Implemented","",""
"Throwing","28","Deadeye","2","Deadeye Stance","Throwing 15","All","Stance","While active, grants +15% accuracy and +15% critical chance, but reduces Evasion by 20%.","Yes","-","","2 seconds","3 minutes","Not Implemented","",""
"Throwing","29","Deadeye","4","Piercing Toss II","Throwing 18","All","Combat","Your next attack deals weapon DMG + 21 and has a Reflex DC15 check to inflict Bleed for 60 seconds.","Yes","-","6","Queued","30 seconds","Not Implemented","",""
"Throwing","30","Deadeye","3","Marking Toss","Throwing 20","All","Combat","Deals weapon DMG + 18 and marks the target for 12 seconds. Throwing damage against the marked target is increased by 10%.","Yes","-","6","Instant","1 minute","Not Implemented","",""
"Throwing","31","Deadeye","2","Pinning Toss II","Throwing 22","All","Combat","Your next attack deals weapon DMG + 18 and has a Reflex DC15 check to inflict Disoriented for 15 seconds.","Yes","-","6","Queued","30 seconds","Not Implemented","",""
"Throwing","32","Deadeye","3","Ricochet Toss I","Throwing 25","All","Combat","Your thrown weapon hits the target and up to 2 additional enemies for weapon DMG + 15 each.","Yes","-","8","Instant","1 minute","Not Implemented","",""
"Throwing","33","Deadeye","4","Bleeder's Eye","Throwing 28","All","Trait","Deal +12% Throwing damage to bleeding targets.","Yes","-","","-","-","Not Implemented","",""
"Throwing","34","Deadeye","3","Piercing Toss III","Throwing 30","All","Combat","Your next attack deals weapon DMG + 34 and has a Reflex DC18 check to inflict Bleed for 60 seconds.","Yes","-","8","Queued","30 seconds","Not Implemented","",""
"Throwing","35","Deadeye","2","Marked Tempo","Throwing 32","All","Trait","Critical hits against your marked target restore 6 STM.","Yes","-","","-","-","Not Implemented","",""
"Throwing","36","Deadeye","4","Pinning Toss III","Throwing 35","All","Combat","Your next attack deals weapon DMG + 30 and has a Reflex DC18 check to inflict Disoriented for 20 seconds and reduce Evasion by an additional 15%.","Yes","-","8","Queued","30 seconds","Not Implemented","",""
"Throwing","37","Deadeye","3","Severing Toss","Throwing 38","All","Combat","Deals weapon DMG + 32 and has a Fortitude DC16 check to inflict Hamstring for 15 seconds.","Yes","-","10","Instant","1 minute","Not Implemented","",""
"Throwing","38","Deadeye","3","Ricochet Toss II","Throwing 40","All","Combat","Your thrown weapon hits the target and up to 4 additional enemies for weapon DMG + 24 each.","Yes","-","10","Instant","1 minute","Not Implemented","",""
"Throwing","39","Deadeye","4","Deep Wound","Throwing 42","All","Trait","Bleed effects you apply deal +25% damage and last 10 seconds longer.","Yes","-","","-","-","Not Implemented","",""
"Throwing","40","Deadeye","3","Finishing Toss","Throwing 45","All","Combat","Deals weapon DMG + 40. Targets below 30% HP take an additional +30 DMG.","Yes","-","10","Instant","90 seconds","Not Implemented","",""
"Throwing","41","Deadeye","4","Deadeye Mastery","Throwing 48","All","Trait","Throwing abilities against bleeding or disoriented targets have +15% critical chance.","Yes","-","","-","-","Not Implemented","",""
"Throwing","42","Deadeye","4","Perfect Throw","Throwing 50","All","Combat","Deals weapon DMG + 80 to one target. If the target is bleeding, also inflict Hemorrhage, increasing damage taken by 10% for 15 seconds.","No","-","25","1 second","30 minutes","Not Implemented","",""
"Force","5","Universal","1","Force Push I","-","Force","Combat","Attempt to knockdown a target for 2 seconds with an 8DC fortitude check. If resisted, target is slowed for 2 seconds.",,,,,,,,
"Force","6","DC scales with WIL.""","1","-","-","30 seconds","Implemented","","","","","","","","",""
"Force","7","Universal","2","Force Push II","Force 5","Force","Combat","Attempt to knockdown a target for 2 seconds with a 12DC fortitude check. If resisted, target is slowed for 2 seconds.",,,,,,,,
"Force","8","DC scales with WIL.""","2","-","-","30 seconds","Implemented","","","","","","","","",""
"Force","9","Universal","2","Force Push III","Force 20","Force","Combat","Attempt to knockdown a target for 2 seconds with a 14DC fortitude check. If resisted, target is slowed for 2 seconds.",,,,,,,,
"Force","10","DC scales with WIL.""","3","-","-","30 seconds","Implemented","","","","","","","","",""
"Force","11","Universal","3","Force Push IV","Force 30","Force","Combat","Attempt to knockdown a target for 2 seconds with a 16DC fortitude check. If resisted, target is slowed for 2 seconds.",,,,,,,,
"Force","12","DC scales with WIL.""","4","-","-","30 seconds","Implemented","","","","","","","","",""
"Force","13","Universal","2","Burst of Speed I","Force 10","Force","Combat","Increases the speed of your target by 15% and increases evasion by 5 for ten minutes","2","-","2 seconds","20 seconds","Implemented","","",""
"Force","14","Universal","2","Burst of Speed II","Force 25","Force","Combat","Increases the speed of your target by 25% and increases evasion by 10 for ten minutes","3","-","2 seconds","20 seconds","Implemented","","",""
"Force","15","Universal","2","Throw Lightsaber I","-","Force","Combat","Throw your equipped one-handed lightsaber or one-handed vibroblade up to 15m for DMG equal to the average of your Willpower and Perception scores. Can hit up to 1 targets along the path thrown.","1","1","1.5 seconds","18 seconds","Implemented","","",""
"Force","16","Universal","2","Throw Lightsaber II","Force 15","Force","Combat","Throw your equipped one-handed lightsaber or one-handed vibroblade up to 15m for 20 DMG, scaling with your Willpower and Perception scores. Can hit up to 2 targets along the path thrown.","2","1","1.5 seconds","18 seconds","Implemented","","",""
"Force","17","Universal","2","Throw Lightsaber III","Force 40","Force","Combat","Throw your equipped one-handed lightsaber or one-handed vibroblade up to 15m for 40 DMG, scaling with your Willpower and Perception scores. Can hit up to 3 targets along the path thrown.","2","2","1.5 seconds","18 seconds","Implemented","","",""
"Force","18","Universal","2","Force Stun I","Force 10","Force","Combat","Attempt to tranquilize a single target for six seconds with a 12DC will check. If resisted, target gets -10 to Accuracy and Evasion.","4","-","-","5 minutes","Implemented","","",""
"Force","19","Universal","2","Force Stun II","Force 25","Force","Combat","Target and nearest other enemy within 10m is Tranquilized for six seconds with a 12DC will check. If resisted, target gets -10 to Accuracy and Evasion.","6","-","-","5 minutes","Implemented","","",""
"Force","20","Universal","3","Force Stun III","Force 40","Force","Combat","Target and all other enemies within 10m are Tranquilized for six seconds with a 12DC will check. If resisted, target gets -10 to Accuracy and Evasion.","8","-","-","5 minutes","Implemented","","",""
"Force","21","Universal","1","Comprehend Speech I","Force 5","Force","Concentration","The caster counts has having 5 extra ranks in all languages for the purpose of understanding others speaking, so long as they concentrate.","2","-","-","12 seconds","Implemented","","",""
"Force","22","Universal","1","Comprehend Speech II","Force 15","Force","Concentration","The caster counts has having 10 extra ranks in all languages for the purpose of understanding others speaking, so long as they concentrate.","3","-","-","12 seconds","Implemented","","",""
"Force","23","Universal","1","Comprehend Speech III","Force 25","Force","Concentration","The caster counts has having 15 extra ranks in all languages for the purpose of understanding others speaking, so long as they concentrate.","4","-","-","12 seconds","Implemented","","",""
"Force","24","Universal","1","Comprehend Speech IV","Force 35","Force","Concentration","The caster counts has having 20 extra ranks in all languages for the purpose of understanding others speaking, so long as they concentrate.","5","-","-","12 seconds","Implemented","","",""
"Force","25","Universal","2","Battle Insight I","Force 20","Force","Combat","The caster gets -10 Accuracy & Evasion but nearby party members get +6 Accuracy & Evasion for 30 seconds.","3","-","-","1 minute","Implemented","","",""
"Force","26","Universal","2","Battle Insight II","Force 40","Force","Combat","The caster gets -16 Accuracy & Evasion but nearby party members get +12 Accuracy & Evasion for 30 seconds.","5","-","-","1 minute","Implemented","","",""
"Force","27","Universal","2","Mind Trick I","Force 20","Force","Combat","Attempt to confuse a single non-mechanical target with a 12DC will check for six seconds.","3","-","-","1 minute","Implemented","","",""
"Force","28","Universal","2","Mind Trick II","Force 40","Force","Combat","Attempt to confuse all hostile non-mechanical targets within 10m with a 12DC will check for six seconds.","5","-","-","1 minute","Implemented","","",""
"Force","29","Universal","2","Premonition I","Force 25","Force","Concentration","Grants 15% concealment to other party members while concentrating.","4","-","-","1 minute","Implemented","","",""
"Force","30","Universal","2","Premonition II","Force 45","Force","Concentration","Grants 25% concealment to other party members while concentrating.","6","-","-","1 minute","Implemented","","",""
"Force","31","Universal","1","Throw Rock I","Force 10","Force","Combat","Telekinetically launches a chunk of the environment at the enemy. Deals physical DMG equal to your Willpower Score to a single target.","1","-","2 seconds","12 seconds","Implemented","","",""
"Force","32","Universal","2","Throw Rock II","Force 20","Force","Combat","Telekinetically launches a chunk of the environment at the enemy. Deals 10 physical DMG, scaling with your Willpower Score, to a single target.","2","-","2 seconds","12 seconds","Implemented","","",""
"Force","33","Universal","2","Throw Rock III","Force 30","Force","Combat","Telekinetically launches a chunk of the environment at the enemy. Deals 15 physical DMG, scaling with your Willpower Score, to a single target.","3","-","2 seconds","12 seconds","Implemented","","",""
"Force","34","Universal","2","Throw Rock IV","Force 40","Force","Combat","Telekinetically launches a chunk of the environment at the enemy. Deals 20 physical DMG, scaling with your Willpower Score, to a single target.","4","-","2 seconds","12 seconds","Implemented","","",""
"Force","35","Universal","3","Throw Rock V","Force 50","Force","Combat","Telekinetically launches a chunk of the environment at the enemy. Deals 25 physical DMG, scaling with your Willpower Score, to a single target.","5","-","2 seconds","12 seconds","Implemented","","",""
"Force","36","Universal","2","Force Inspiration I","Force 25","Force","Combat","Increases the MGT, AGI, and WIL of a single target by 1 for 15 minutes. Does not stack with Combat Enhancement.","5","-","2 seconds","30 seconds","Implemented","","",""
"Force","37","Universal","3","Force Inspiration II","Force 35","Force","Combat","Increases the MGT, AGI, and WIL of a single target by 2 for 15 minutes. Does not stack with Combat Enhancement.","6","-","2 seconds","30 seconds","Implemented","","",""
"Force","38","Universal","4","Force Inspiration III","Force 45","Force","Combat","Increases the MGT, AGI, and WIL of a single target by 3 for 15 minutes. Does not stack with Combat Enhancement.","7","-","2 seconds","30 seconds","Implemented","","",""
"Force","39","Universal","3","Force Mind I","Force 20","Force","Combat","Grants Stamina Point regeneration based on your Willpower Score, at the cost of your Willpower.","","-","-","3 minutes","Implemented","","",""
"Force","40","Universal","4","Force Mind II","Force 40","Force","Combat","Grants Stamina Point regeneration based on your Willpower Score, at the cost of your Willpower.","","-","-","3 minutes","Implemented","","",""
"Force","41","Universal","3","Force Leap I","Force 15","Force","Combat","Leap to a distant target instantly, inflicting 8 DMG and stunning for 2 seconds.","3","-","0.5s","30 seconds","Implemented","","",""
"Force","42","Universal","3","Force Leap II","Force 30","Force","Combat","Leap to a distant target instantly, inflicting 15 DMG and stunning for 2 seconds.","4","-","0.5s","30 seconds","Implemented","","",""
"Force","43","Universal","3","Force Leap III","Force 45","Force","Combat","Leap to a distant target instantly, inflicting 23 DMG and stunning for 2 seconds.","5","-","0.5s","30 seconds","Implemented","","",""
"Force","44","Dark Side","3","Force Body I","Force 20","Force","Combat","Grants FP regeneration based on your Willpower Score, at the cost of your Vitality.","","-","-","3 minutes","Implemented","","",""
"Force","45","Dark Side","4","Force Body II","Force 40","Force","Combat","Grants FP regeneration based on your Willpower Score, at the cost of your Vitality.","","-","-","3 minutes","Implemented","","",""
"Force","47","Light Side","2","Disturbance I","Force 10","Force","Combat","Deals DMG equal to your Willpower Score to a single target and reduces target's accuracy by 10 with an 8DC fortitude check for one minute.","","-","2 seconds","6 seconds","Implemented","Cannot purchase Force Spark","",""
"Force","48","Light Side","2","Disturbance II","Force 25","Force","Combat","Deals 15 DMG, scaling with your Willpower Score, to a single target and reduces target's accuracy by 20 with a 12DC fortitude check for one minute.","1","-","2 seconds","6 seconds","Implemented","Cannot purchase Force Spark","",""
"Force","49","Light Side","2","Disturbance III","Force 45","Force","Combat","Deals 30 DMG, scaling with your Willpower Score, to a single target and reduces target's accuracy by 30 with a 14DC fortitude check for one minute.","2","-","2 seconds","6 seconds","Implemented","Cannot purchase Force Spark","",""
"Force","50","Light Side","2","Force Heal I","Force 5","Force","Concentration","Heals a single target for 10 HP, scaling with your Willpower Score, every six seconds.","3","-","2 seconds","12 seconds","Implemented","Cannot purchase Force Drain","",""
"Force","51","Light Side","2","Force Heal II","Force 15","Force","Concentration","Heals a single target for 20 HP, scaling with your Willpower Score, every six seconds.","4","-","2 seconds","12 seconds","Implemented","Cannot purchase Force Drain","",""
"Force","52","Light Side","2","Force Heal III","Force 25","Force","Concentration","Heals a single target for 30 HP, scaling with your Willpower Score, every six seconds.","5","-","2 seconds","12 seconds","Implemented","Cannot purchase Force Drain","",""
"Force","53","Light Side","3","Force Heal IV","Force 35","Force","Concentration","Heals a single target for 40 HP, scaling with your Willpower Score, every six seconds.","6","-","2 seconds","12 seconds","Implemented","Cannot purchase Force Drain","",""
"Force","54","Light Side","3","Force Heal V","Force 45","Force","Concentration","Heals a single target for 50 HP, scaling with your Willpower Score, every six seconds.","7","-","2 seconds","12 seconds","Implemented","Cannot purchase Force Drain","",""
"Force","55","Light Side","2","Force Burst I","Force 20","Force","Combat","Deals DMG equal to your Willpower Score to target and nearby enemies.","1","-","2 seconds","30 seconds","Implemented","Cannot purchase Force Lightning","",""
"Force","56","Light Side","2","Force Burst II","Force 30","Force","Combat","Deals 10 DMG, scaling with your Willpower Score, to target and nearby enemies.","3","-","2 seconds","30 seconds","Implemented","Cannot purchase Force Lightning","",""
"Force","57","Light Side","3","Force Burst III","Force 40","Force","Combat","Deals 20 DMG, scaling with your Willpower Score, to target and nearby enemies.","5","-","2 seconds","30 seconds","Implemented","Cannot purchase Force Lightning","",""
"Force","58","Light Side","3","Force Burst IV","Force 50","Force","Combat","Deals 30 DMG, scaling with your Willpower Score, to target and nearby enemies.","7","-","2 seconds","30 seconds","Implemented","Cannot purchase Force Lightning","",""
"Force","59","Light Side","2","Benevolence I","Force 10","Force","Combat","Restores 30 HP to a single target. If your target is not yourself, you will heal significantly more and restore FP and STM while providing minor regeneration. ",,,,,,,,
"Force","60","This comes at the cost of an increased FP cost. It will also drain your stamina","though a lack of stamina won't prevent this added effect.""","2","-","2 seconds","8 seconds","Implemented","Cannot purchase Creeping Terror","","","","","","",""
"Force","61","Light Side","2","Benevolence II","Force 20","Force","Combat","Restores 60 HP to a single target. If your target is not yourself, you will heal significantly more and restore FP and STM while providing minor regeneration. ",,,,,,,,
"Force","62","This comes at the cost of an increased FP cost. It will also drain your stamina","though a lack of stamina won't prevent this added effect.""","4","-","2 seconds","8 seconds","Implemented","Cannot purchase Creeping Terror","","","","","","",""
"Force","63","Light Side","3","Benevolence III","Force 30","Force","Combat","Restores 90 HP to a single target. If your target is not yourself, you will heal significantly more and restore FP and STM while providing minor regeneration. ",,,,,,,,
"Force","64","This comes at the cost of an increased FP cost. It will also drain your stamina","though a lack of stamina won't prevent this added effect.""","6","-","2 seconds","8 seconds","Implemented","Cannot purchase Creeping Terror","","","","","","",""
"Force","65","Light Side","2","Force Valor I","Force 20","Force","Combat","Increases your target's physical defense by 10 for 15 minutes.","4","-","-","30 seconds","Implemented","Cannot purchase Force Rage","",""
"Force","66","Light Side","3","Force Valor II","Force 40","Force","Combat","Increases your target's physical defense by 20 for 15 minutes.","6","-","-","30 seconds","Implemented","Cannot purchase Force Rage","",""
"Force","68","Dark Side","2","Force Spark I","Force 10","Force","Combat","Deals DMG equal to your Willpower Score to a single target and reduces target's evasion by 2 with an 8DC fortitude check for one minute. Consumes FP, but if none remain, will consume Health instead.","3","-","2 seconds","6 seconds","Implemented","Cannot purchase Disturbance","",""
"Force","69","Dark Side","2","Force Spark II","Force 25","Force","Combat","Deals 15 DMG, scaling with your Willpower Score, to a single target and reduces target's evasion by 4 with a 12DC fortitude check for one minute. Consumes FP, but if none remain, will consume Health instead.","4","-","2 seconds","6 seconds","Implemented","Cannot purchase Disturbance","",""
"Force","70","Dark Side","2","Force Spark III","Force 45","Force","Combat","Deals 30 DMG, scaling with your Willpower Score, to a single target and reduces target's evasion by 6 with a 14DC fortitude check for one minute. Consumes FP, but if none remain, will consume Health instead.","5","-","2 seconds","6 seconds","Implemented","Cannot purchase Disturbance","",""
"Force","71","Dark Side","2","Force Drain I","Force 5","Force","Concentration","Attempts to steal 10 HP from a target every six seconds with a 14DC will check.","2","-","2 seconds","12 seconds","Implemented","Cannot purchase Force Heal","",""
"Force","72","Dark Side","2","Force Drain II","Force 15","Force","Concentration","Attempts to steal 15 HP from a target every six seconds with a 14DC will check.","3","-","2 seconds","12 seconds","Implemented","Cannot purchase Force Heal","",""
"Force","73","Dark Side","2","Force Drain III","Force 25","Force","Concentration","Attempts to steal 20 HP from a target every six seconds with a 14DC will check.","4","-","2 seconds","12 seconds","Implemented","Cannot purchase Force Heal","",""
"Force","74","Dark Side","3","Force Drain IV","Force 35","Force","Concentration","Attempts to steal 25 HP from a target every six seconds with a 14DC will check.","5","-","2 seconds","12 seconds","Implemented","Cannot purchase Force Heal","",""
"Force","75","Dark Side","3","Force Drain V","Force 45","Force","Concentration","Attempts to steal 30 HP from a target every six seconds with a 14DC will check.","6","-","2 seconds","12 seconds","Implemented","Cannot purchase Force Heal","",""
"Force","76","Dark Side","2","Force Lightning I","Force 20","Force","Combat","Deals DMG equal to your Willpower Score to up to 5 targets in a radius. Consumes FP, but if none remain, will consume HP instead.","3","-","2 seconds","30 seconds","Implemented","Cannot purchase Force Burst","",""
"Force","77","Dark Side","2","Force Lightning II","Force 30","Force","Combat","Deals 10 DMG, scaling with your Willpower Score, to up to 5 targets in a radius. Consumes FP, but if none remain, will consume HP instead.","5","-","2 seconds","30 seconds","Implemented","Cannot purchase Force Burst","",""
"Force","78","Dark Side","3","Force Lightning III","Force 40","Force","Combat","Deals 20 DMG, scaling with your Willpower Score, to up to 5 targets in a radius. Consumes FP, but if none remain, will consume HP instead.","7","-","2 seconds","30 seconds","Implemented","Cannot purchase Force Burst","",""
"Force","79","Dark Side","3","Force Lightning IV","Force 50","Force","Combat","Deals 30 DMG, scaling with your Willpower Score, to up to 5 targets in a radius. Consumes FP, but if none remain, will consume HP instead.","9","-","2 seconds","30 seconds","Implemented","Cannot purchase Force Burst","",""
"Force","80","Dark Side","2","Creeping Terror I","Force 10","Force","Combat","Attempts to Entangle a target for 6 seconds with an 8DC will check and inflicts Terror which deals DMG equal to half your Willpower Score every six seconds for 24 seconds.","4","-","2 seconds","30 seconds","Implemented","Cannot purchase Benevolence","",""
"Force","81","Dark Side","2","Creeping Terror II","Force 20","Force","Combat","Attempts to Entangle a target for 6 seconds with a 12DC will check and inflicts Terror which deals 12 DMG equal to your Willpower Score every six seconds for 24 seconds.","6","-","2 seconds","30 seconds","Implemented","Cannot purchase Benevolence","",""
"Force","82","Dark Side","3","Creeping Terror III","Force 30","Force","Combat","Attempts to Entangle a target for 6 seconds with a 14DC will check and inflicts Terror which deals 16 DMG equal to your Willpower Score * 1.5 every six seconds for 24 seconds.","8","-","2 seconds","30 seconds","Implemented","Cannot purchase Benevolence","",""
"Force","83","Dark Side","2","Force Rage I","Force 20","Force","Combat","Increases your target's Attack by 10 for 15 minutes.","4","-","-","30 seconds","Implemented","Cannot purchase Force Valor","",""
"Force","84","Dark Side","3","Force Rage II","Force 40","Force","Combat","Increases your target's Attack by 20 for 15 minutes.","6","-","-","30 seconds","Implemented","Cannot purchase Force Valor","",""
"Devices","6","General","1","Demolition Expert I","Devices 10","Standard","Trait","10% chance to use a Devices ability without consuming explosives.","-","","-","-","Implemented","","",""
"Devices","7","General","2","Demolition Expert II","Devices 25","Standard","Trait","20% chance to use a Devices ability without consuming explosives.","-","","-","-","Implemented","","",""
"Devices","8","General","3","Demolition Expert III","Devices 40","Standard","Trait","30% chance to use a Devices ability without consuming explosives.","-","","-","-","Implemented","","",""
"Devices","9","Grenades","2","Frag Grenade I","-","Standard","Combat","Deals fire DMG equal to your Perception Score to all creatures within range of explosion. Consumes explosives on use.","-","2","2 seconds","12 seconds","Implemented","","",""
"Devices","10","Grenades","3","Frag Grenade II","Devices 15","Standard","Combat","Deals 20 fire DMG, scaling with your Perception Score, to all creatures within range of explosion. Also has an 8DC reflex check to inflict Bleeding. Consumes explosives on use.","-","3","2 seconds","12 seconds","Implemented","","",""
"Devices","11","Grenades","3","Frag Grenade III","Devices 35","Standard","Combat","Deals 40 fire DMG, scaling with your Perception Score, to all creatures within range of explosion. Also has a 12DC reflex check to inflict Bleeding. Consumes explosives on use.","-","4","2 seconds","12 seconds","Implemented","","",""
"Devices","12","Grenades","2","Concussion Grenade I","Devices 5","Standard","Combat","Deals electrical DMG equal to your Perception Score to all creatures within range of explosion. Consumes explosives on use.","-","2","2 seconds","24 seconds","Implemented","","",""
"Devices","13","Grenades","3","Concussion Grenade II","Devices 30","Standard","Combat","Deals 15 electrical DMG, scaling with your Perception Score, to all creatures within range of explosion. Also has an 8DC reflex check to inflict Knockdown for 3 seconds. Consumes explosives on use.","-","3","2 seconds","24 seconds","Implemented","","",""
"Devices","14","Grenades","3","Concussion Grenade III","Devices 45","Standard","Combat","Deals 30 electrical DMG, scaling with your Perception Score, to all creatures within range of explosion. Also has a 12DC reflex check to inflict Knockdown for 3 seconds. Consumes explosives on use.","-","4","2 seconds","24 seconds","Implemented","","",""
"Devices","15","Grenades","2","Flashbang Grenade I","Devices 10","Standard","Combat","Reduces Accuracy by 10 on all enemies within range of explosion for 20 seconds. Consumes explosives on use.","-","1","2 seconds","24 seconds","Implemented","","",""
"Devices","16","Grenades","2","Flashbang Grenade II","Devices 30","Standard","Combat","Reduces Accuracy by 20 on all enemies within range of explosion for 20 seconds. Consumes explosives on use.","-","2","2 seconds","24 seconds","Implemented","","",""
"Devices","17","Grenades","2","Flashbang Grenade III","Devices 45","Standard","Combat","Reduces Accuracy by 30 on all enemies within range of explosion for 20 seconds. Consumes explosives on use.","-","3","2 seconds","24 seconds","Implemented","","",""
"Devices","18","Grenades","2","Ion Grenade I","Devices 5","Standard","Combat","Deals electrical DMG equal to your Perception Score to all enemies within range of explosion. Deals bonus damage to droids. Consumes explosives on use.","-","1","2 seconds","12 seconds","Implemented","","",""
"Devices","19","Grenades","3","Ion Grenade II","Devices 20","Standard","Combat","Deals 8 electrical DMG, scaling with your Perception Score, to all enemies within range of explosion. Deals bonus damage to droids. Also has a 10DC fortitude check to inflict stun to droids for 6 seconds. Consumes explosives on use.","-","2","2 seconds","12 seconds","Implemented","","",""
"Devices","20","Grenades","3","Ion Grenade III","Devices 35","Standard","Combat","Deals 14 electrical DMG, scaling with your Perception Score, to all enemies within range of explosion. Deals bonus damage to droids. Also has a 14DC fortitude check to inflict stun to droids for 6 seconds. Consumes explosives on use.","-","3","2 seconds","12 seconds","Implemented","","",""
"Devices","21","Grenades","2","Kolto Grenade I","Devices 4","Standard","Combat","Grants 6 HP regeneration to all party members within range of explosion for 45 seconds. Consumes explosives on use.","-","3","2 seconds","30 seconds","Implemented","","",""
"Devices","22","Grenades","3","Kolto Grenade II","Devices 25","Standard","Combat","Grants 14 HP regeneration to all party members within range of explosion for 45 seconds. Consumes explosives on use.","-","5","2 seconds","30 seconds","Implemented","","",""
"Devices","23","Grenades","3","Kolto Grenade III","Devices 40","Standard","Combat","Grants 24 HP regeneration to all party members within range of explosion for 45 seconds. Consumes explosives on use.","-","7","2 seconds","30 seconds","Implemented","","",""
"Devices","24","Grenades","2","Adhesive Grenade I","Devices 25","Standard","Combat","Inflicts slow on all enemies within range of explosion for 4 seconds. Consumes explosives on use.","-","3","2 seconds","24 seconds","Implemented","","",""
"Devices","25","Grenades","3","Adhesive Grenade II","Devices 40","Standard","Combat","Inflicts slow on all enemies within range of explosion for 6 seconds. Also has an 8DC fortitude check to inflict immobilize instead. Consumes explosives on use.","-","4","2 seconds","24 seconds","Implemented","","",""
"Devices","26","Grenades","3","Adhesive Grenade III","Devices 50","Standard","Combat","Inflicts slow on all enemies within range of explosion for 8 seconds. Also has a 12DC fortitude check to inflict immobilize instead. Consumes explosives on use.","-","5","2 seconds","24 seconds","Implemented","","",""
"Devices","28","Bombs","2","Smoke Bomb I","Devices 8","Standard","Combat","Creates a smokescreen at the explosion site, granting invisibility to all creatures who enter the area of effect for 20 seconds. Consumes explosives on use.","-","3","3 seconds","1 minute","Implemented","","",""
"Devices","29","Bombs","3","Smoke Bomb II","Devices 28","Standard","Combat","Creates a smokescreen at the explosion site, granting invisibility to all creatures who enter the area of effect for 40 seconds. Consumes explosives on use.","-","4","3 seconds","1 minute","Implemented","","",""
"Devices","30","Bombs","3","Smoke Bomb III","Devices 48","Standard","Combat","Creates a smokescreen at the explosion site, granting invisibility to all creatures who enter the area of effect for 60 seconds. Consumes explosives on use.","-","5","3 seconds","1 minute","Implemented","","",""
"Devices","31","Bombs","2","Kolto Bomb I","Devices 10","Standard","Combat","Creates a Kolto field at the explosion site, granting 4 HP regeneration to all creatures who enter the area of effect for 20 seconds. Consumes explosives on use.","-","5","3 seconds","1 minute","Implemented","","",""
"Devices","32","Bombs","3","Kolto Bomb II","Devices 24","Standard","Combat","Creates a Kolto field at the explosion site, granting 12 HP regeneration to all creatures who enter the area of effect for 40 seconds. Consumes explosives on use.","-","7","3 seconds","1 minute","Implemented","","",""
"Devices","33","Bombs","3","Kolto Bomb III","Devices 44","Standard","Combat","Creates a Kolto field at the explosion site, granting 20 HP regeneration to all creatures who enter the area of effect for 60 seconds. Consumes explosives on use.","-","9","3 seconds","1 minute","Implemented","","",""
"Devices","34","Bombs","2","Incendiary Bomb I","Devices 13","Standard","Combat","Creates a fire field at the explosion site, dealing 4 fire DMG, scaling with your Perception Score, to all creatures who enter the area of effect for 20 seconds. Consumes explosives on use.","-","3","3 seconds","1 minute","Implemented","","",""
"Devices","35","Bombs","3","Incendiary Bomb II","Devices 33","Standard","Combat","Creates a fire field at the explosion site, dealing 10 fire DMG, scaling with your Perception Score, to all creatures who enter the area of effect for 40 seconds. Consumes explosives on use.","-","4","3 seconds","1 minute","Implemented","","",""
"Devices","36","Bombs","3","Incendiary Bomb III","Devices 43","Standard","Combat","Creates a fire field at the explosion site, dealing 16 fire DMG, scaling with your Perception Score, to all creatures who enter the area of effect for 60 seconds. Consumes explosives on use.","-","5","3 seconds","1 minute","Implemented","","",""
"Devices","37","Bombs","2","Gas Bomb I","Devices 16","Standard","Combat","Creates a poison field at the explosion site, dealing 4 poison DMG, scaling with your Perception Score, to all creatures who enter the area of effect for 18 seconds. Consumes explosives on use.","-","4","3 seconds","1 minute","Implemented","","",""
"Devices","38","Bombs","3","Gas Bomb II","Devices 34","Standard","Combat","Creates a poison field at the explosion site, dealing 12 poison DMG, scaling with your Perception Score, to all creatures who enter the area of effect for 30 seconds. Consumes explosives on use.","-","5","3 seconds","1 minute","Implemented","","",""
"Devices","39","Bombs","3","Gas Bomb III","Devices 46","Standard","Combat","Creates a poison field at the explosion site, dealing 16 poison DMG, scaling with your Perception Score, to all creatures who enter the area of effect for 48 seconds. Consumes explosives on use.","-","6","3 seconds","1 minute","Implemented","","",""
"Devices","41","Electronics","2","Stealth Generator I","Devices 15","Standard","Combat","Grants invisibility to the user for 30 seconds.","-","4","2 seconds","6 minutes","Implemented","","",""
"Devices","42","Electronics","3","Stealth Generator II","Devices 30","Standard","Combat","Grants invisibility to the user for 60 seconds.","-","6","2 seconds","6 minutes","Implemented","","",""
"Devices","43","Electronics","3","Stealth Generator III","Devices 45","Standard","Combat","Grants invisibility to the user for 2 minutes.","-","8","2 seconds","6 minutes","Implemented","","",""
"Devices","44","Electronics","2","Flamethrower I","Devices 5","Standard","Combat","Deals 3 fire DMG to all targets within a cone in front of the user.","-","3","2 seconds","12 seconds","Implemented","","",""
"Devices","45","Electronics","3","Flamethrower II","Devices 20","Standard","Combat","Deals 5 fire DMG to all targets within a cone in front of the user. Also has an 8DC reflex check to inflict Burning.","-","4","2 seconds","12 seconds","Implemented","","",""
"Devices","46","Electronics","3","Flamethrower III","Devices 40","Standard","Combat","Deals 8 fire DMG to all targets within a cone in front of the user. Also has a 12DC reflex check to inflict Burning.","-","5","2 seconds","12 seconds","Implemented","","",""
"Devices","47","Electronics","2","Wrist Rocket I","Devices 10","Standard","Combat","Inflicts 8 fire DMG to a single target.","-","2","0.5 seconds","24 seconds","Implemented","","",""
"Devices","48","Electronics","3","Wrist Rocket II","Devices 25","Standard","Combat","Inflicts 12 fire DMG to a single target. Also has an 8DC fortitude check to inflict Knockdown for 3 seconds.","-","3","0.5 seconds","24 seconds","Implemented","","",""
"Devices","49","Electronics","3","Wrist Rocket III","Devices 40","Standard","Combat","Inflicts 20 fire DMG to a single target. Also has a 12DC fortitude check to inflict Knockdown for 3 seconds.","-","4","0.5 seconds","24 seconds","Implemented","","",""
"Devices","50","Electronics","2","Deflector Shield I","Devices 20","Standard","Combat","Grants 5% of maximum HP as temporary HP to the user for 3 minutes.","-","5","3 seconds","10 minutes","Implemented","","",""
"Devices","51","Electronics","3","Deflector Shield II","Devices 35","Standard","Combat","Grants 10% of maximum HP as temporary HP to the user for 5 minutes.","-","7","3 seconds","10 minutes","Implemented","","",""
"Devices","52","Electronics","3","Deflector Shield III","Devices 45","Standard","Combat","Grants 15% of maximum HP as temporary HP to the user and all nearby party members for 5 minutes.","-","9","3 seconds","10 minutes","Implemented","","",""
"Beast Mastery","7","Training","3","Tame I","","All","Combat","Enables you to tame & train creatures between levels 0 and 10. Also grants 'Call Beast' ability.","-","10","18 seconds","2 minutes","Implemented","","",""
"Beast Mastery","8","Training","3","Tame II","","All","Combat","Enables you to tame & train creatures between levels 0 and 20.","-","10","18 seconds","2 minutes","Implemented","","",""
"Beast Mastery","9","Training","4","Tame III","","All","Combat","Enables you to tame & train creatures between levels 0 and 30.","-","10","18 seconds","2 minutes","Implemented","","",""
"Beast Mastery","10","Training","5","Tame IV","","All","Combat","Enables you to tame & train creatures between levels 0 and 40.","-","10","18 seconds","2 minutes","Implemented","","",""
"Beast Mastery","11","Training","5","Tame V","","All","Combat","Enables you to tame & train creatures between levels 0 and 50.","-","10","18 seconds","2 minutes","Implemented","","",""
"Beast Mastery","12","Training","1","Reward I","","All","Combat","Restores 50 HP to your pet. Consumes a treat item on use.","-","6","-","18 seconds","Implemented","","",""
"Beast Mastery","13","Training","2","Reward II","","All","Combat","Restores 90 HP to your pet. Consumes a treat item on use.","-","8","-","18 seconds","Implemented","","",""
"Beast Mastery","14","Training","2","Reward III","","All","Combat","Restores 130 HP to your pet. Consumes a treat item on use.","-","10","-","18 seconds","Implemented","","",""
"Beast Mastery","15","Training","1","Stabling I","","All","Trait","Permits you to store up to two beasts at a stable.","-","","-","-","Implemented","","",""
"Beast Mastery","16","Training","1","Stabling II","","All","Trait","Permits you to store up to three beasts at a stable.","-","","-","-","Implemented","","",""
"Beast Mastery","17","Training","1","Stabling III","","All","Trait","Permits you to store up to four beasts at a stable.","-","","-","-","Implemented","","",""
"Beast Mastery","18","Training","1","Stabling IV","","All","Trait","Permits you to store up to five beasts at a stable.","-","","-","-","Implemented","","",""
"Beast Mastery","19","Training","1","Stabling V","","All","Trait","Permits you to store up to six beasts at a stable.","-","","-","-","Implemented","","",""
"Beast Mastery","20","Training","2","Snarl","","All","Combat","Transfers 50% of your enmity to your pet.","-","3","1 second","30 seconds","Implemented","","",""
"Beast Mastery","21","Training","2","Growl","","All","Combat","Transfers 50% of your pet's enmity to you.","-","3","1 second","30 seconds","Implemented","","",""
"Beast Mastery","22","Training","2","Soothe Pet","","All","Combat","Removes debuffs from your pet.","-","2","1 second","3 minutes","Implemented","","",""
"Beast Mastery","23","Training","1","Revive Beast I","","All","Combat","Revives your pet with 1 HP.","-","15","4 seconds","5 minutes","Implemented","","",""
"Beast Mastery","24","Training","2","Revive Beast II","","All","Combat","Revives your pet with (10+SOC)% HP.","-","17","4 seconds","5 minutes","Implemented","","",""
"Beast Mastery","25","Training","3","Revive Beast III","","All","Combat","Revives your pet with (30+SOC*2)% HP.","-","19","4 seconds","5 minutes","Implemented","","",""
"Beast Mastery","27","Bioengineer","2","DNA Manipulation I","","All","Trait","Enables you to harvest DNA from creatures between levels 0 and 10 and use incubators.","-","","-","-","Implemented","","",""
"Beast Mastery","28","Bioengineer","2","DNA Manipulation II","","All","Trait","Enables you to harvest DNA from creatures between levels 0 and 20.","-","","-","-","Implemented","","",""
"Beast Mastery","29","Bioengineer","2","DNA Manipulation III","","All","Trait","Enables you to harvest DNA from creatures between levels 0 and 30.","-","","-","-","Implemented","","",""
"Beast Mastery","30","Bioengineer","3","DNA Manipulation IV","","All","Trait","Enables you to harvest DNA from creatures between levels 0 and 40.","-","","-","-","Implemented","","",""
"Beast Mastery","31","Bioengineer","3","DNA Manipulation V","","All","Trait","Enables you to harvest DNA from creatures between levels 0 and 50.","-","","-","-","Implemented","","",""
"Beast Mastery","32","Bioengineer","2","Incubation Processing I","","All","Trait","Reduces incubation time by 10%.","-","","-","-","Implemented","","",""
"Beast Mastery","33","Bioengineer","2","Incubation Processing II","","All","Trait","Reduces incubation time by 20%.","-","","-","-","Implemented","","",""
"Beast Mastery","34","Bioengineer","3","Incubation Processing III","","All","Trait","Reduces incubation time by 30%.","-","","-","-","Implemented","","",""
"Beast Mastery","35","Bioengineer","3","Incubation Processing IV","","All","Trait","Reduces incubation time by 40%.","-","","-","-","Implemented","","",""
"Beast Mastery","36","Bioengineer","2","Erratic Genius I","","All","Trait","Increases the mutation chance by 2%.","-","","-","-","Implemented","","",""
"Beast Mastery","37","Bioengineer","3","Erratic Genius II","","All","Trait","Increases the mutation chance by 4%.","-","","-","-","Implemented","","",""
"Beast Mastery","38","Bioengineer","3","Erratic Genius III","","All","Trait","Increases the mutation chance by 8%.","-","","-","-","Implemented","","",""
"Beast Mastery","39","Bioengineer","2","Incubation Management I","","All","Trait","Increases the maximum number of concurrent incubation jobs by 1, for a total of 2.","-","","-","-","Implemented","","",""
"Beast Mastery","40","Bioengineer","3","Incubation Management II","","All","Trait","Increases the maximum number of concurrent incubation jobs by 1, for a total of 3.","-","","-","-","Implemented","","",""
"Beast Mastery","43","Style","","Perk Name","","","Type","Description","FP","","Casting Time","Cooldown Time","Dev Status","Additional Requirements","Notes",""
"Beast Mastery","44","General","2","Diseased Touch I","5","","Combat","The beast's next attack deals an additional 8 poison DMG and has a DC8 Fortitude check to inflict Disease for 30 seconds.","-","3","-","1 minute","Implemented","","",""
"Beast Mastery","45","General","2","Diseased Touch II","15","","Combat","The beast's next attack deals an additional 11 poison DMG and has a DC10 Fortitude check to inflict Disease for 30 seconds.","-","4","-","1 minute","Implemented","","",""
"Beast Mastery","46","General","2","Diseased Touch III","25","","Combat","The beast's next attack deals an additional 14 poison DMG and has a DC12 Fortitude check to inflict Disease for 30 seconds.","-","5","-","1 minute","Implemented","","",""
"Beast Mastery","47","General","2","Diseased Touch IV","35","","Combat","The beast's next attack deals an additional 17 poison DMG and has a DC14 Fortitude check to inflict Disease for 30 seconds.","-","6","-","1 minute","Implemented","","",""
"Beast Mastery","48","General","2","Diseased Touch V","45","","Combat","The beast's next attack deals an additional 20 poison DMG and has a DC16 Fortitude check to inflict Disease for 30 seconds.","-","7","-","1 minute","Implemented","","",""
"Beast Mastery","49","General","2","Clip I","5","","Combat","The beast's next attack deals an additional 10 physical DMG and has a DC8 Fortitude check to inflict Stun for 3 seconds.","-","3","-","1 minute","Implemented","","",""
"Beast Mastery","50","General","2","Clip II","15","","Combat","The beast's next attack deals an additional 12 physical DMG and has a DC10 Fortitude check to inflict Stun for 3 seconds.","-","4","-","1 minute","Implemented","","",""
"Beast Mastery","51","General","2","Clip III","25","","Combat","The beast's next attack deals an additional 14 physical DMG and has a DC12 Fortitude check to inflict Stun for 3 seconds.","-","5","-","1 minute","Implemented","","",""
"Beast Mastery","52","General","2","Clip IV","35","","Combat","The beast's next attack deals an additional 16 physical DMG and has a DC14 Fortitude check to inflict Stun for 3 seconds.","-","6","-","1 minute","Implemented","","",""
"Beast Mastery","53","General","2","Clip V","45","","Combat","The beast's next attack deals an additional 18 physical DMG and has a DC16 Fortitude check to inflict Stun for 3 seconds.","-","7","-","1 minute","Implemented","","",""
"Beast Mastery","54","General","2","Spinning Claw I","5","","Combat","The beast attacks up to 3 nearby enemies for 8 physical DMG each.","-","4","-","2 minutes","Implemented","","",""
"Beast Mastery","55","General","2","Spinning Claw II","15","","Combat","The beast attacks up to 3 nearby enemies for 12 physical DMG each.","-","5","-","2 minutes","Implemented","","",""
"Beast Mastery","56","General","2","Spinning Claw III","25","","Combat","The beast attacks up to 3 nearby enemies for 15 physical DMG each.","-","6","-","2 minutes","Implemented","","",""
"Beast Mastery","57","General","2","Spinning Claw IV","35","","Combat","The beast attacks up to 3 nearby enemies for 18 physical DMG each.","-","7","-","2 minutes","Implemented","","",""
"Beast Mastery","58","General","2","Spinning Claw V","45","","Combat","The beast attacks up to 3 nearby enemies for 21 physical DMG each.","-","8","-","2 minutes","Implemented","","",""
"Beast Mastery","59","General","3","Beast Speed I","15","","Trait","The beast's attack delay reduces by 10%.","-","","-","-","Implemented","","",""
"Beast Mastery","60","General","3","Beast Speed II","30","","Trait","The beast's attack delay reduces by 20%.","-","","-","-","Implemented","","",""
"Beast Mastery","61","General","3","Beast Speed III","45","","Trait","The beast's attack delay reduces by 30%.","-","","-","-","Implemented","","",""
"Beast Mastery","63","Damage","1","Bite I","5","","Combat","The beast's next attack deals an additional 12 physical DMG.","-","3","-","30 seconds","Implemented","","",""
"Beast Mastery","64","Damage","1","Bite II","15","","Combat","The beast's next attack deals an additional 16 physical DMG.","-","4","-","30 seconds","Implemented","","",""
"Beast Mastery","65","Damage","1","Bite III","25","","Combat","The beast's next attack deals an additional 20 physical DMG.","-","5","-","30 seconds","Implemented","","",""
"Beast Mastery","66","Damage","2","Bite IV","35","","Combat","The beast's next attack deals an additional 24 physical DMG.","-","6","-","30 seconds","Implemented","","",""
"Beast Mastery","67","Damage","2","Bite V","45","","Combat","The beast's next attack deals an additional 28 physical DMG.","-","7","-","30 seconds","Implemented","","",""
"Beast Mastery","68","Damage","2","Flame Breath I","5","","Combat","Deals 8 fire DMG to all targets within a cone in front of the beast.","-","4","2 seconds","1 minute","Implemented","","",""
"Beast Mastery","69","Damage","2","Flame Breath II","15","","Combat","Deals 12 fire DMG to all targets within a cone in front of the beast.","-","5","2 seconds","1 minute","Implemented","","",""
"Beast Mastery","70","Damage","2","Flame Breath III","25","","Combat","Deals 16 fire DMG to all targets within a cone in front of the beast. Also has an 8DC reflex check to inflict Burning.","-","6","2 seconds","1 minute","Implemented","","",""
"Beast Mastery","71","Damage","3","Flame Breath IV","35","","Combat","Deals 20 fire DMG to all targets within a cone in front of the beast. Also has a 12DC reflex check to inflict Burning.","-","7","2 seconds","1 minute","Implemented","","",""
"Beast Mastery","72","Damage","3","Flame Breath V","45","","Combat","Deals 24 fire DMG to all targets within a cone in front of the beast. Also has a 14DC reflex check to inflict Burning.","-","8","2 seconds","1 minute","Implemented","","",""
"Beast Mastery","73","Damage","1","Shocking Slash I","5","","Combat","Deals 8 electrical DMG to all targets within a cone in front of the beast.","-","4","2 seconds","1 minute","Implemented","","",""
"Beast Mastery","74","Damage","1","Shocking Slash II","15","","Combat","Deals 12 electrical DMG to all targets within a cone in front of the beast.","-","5","2 seconds","1 minute","Implemented","","",""
"Beast Mastery","75","Damage","1","Shocking Slash III","25","","Combat","Deals 16 electrical DMG to all targets within a cone in front of the beast. Also has an 8DC reflex check to inflict Shock.","-","6","2 seconds","1 minute","Implemented","","",""
"Beast Mastery","76","Damage","2","Shocking Slash IV","35","","Combat","Deals 20 electrical DMG to all targets within a cone in front of the beast. Also has a 12DC reflex check to inflict Shock.","-","7","2 seconds","1 minute","Implemented","","",""
"Beast Mastery","77","Damage","2","Shocking Slash V","45","","Combat","Deals 24 electrical DMG to all targets within a cone in front of the beast. Also has a 14DC reflex check to inflict Shock.","-","8","2 seconds","1 minute","Implemented","","",""
"Beast Mastery","79","Tank","1","Bolster Armor I","5","","Combat","Increases the beast's physical defense by 5 for 5 minutes.","-","3","2 seconds","1 minute","Implemented","","",""
"Beast Mastery","80","Tank","1","Bolster Armor II","15","","Combat","Increases the beast's physical defense by 10 for 5 minutes.","-","3","2 seconds","1 minute","Implemented","","",""
"Beast Mastery","81","Tank","1","Bolster Armor III","25","","Combat","Increases the beast's physical defense by 15 for 5 minutes.","-","3","2 seconds","1 minute","Implemented","","",""
"Beast Mastery","82","Tank","2","Bolster Armor IV","35","","Combat","Increases the beast's physical defense by 20 for 5 minutes.","-","4","2 seconds","1 minute","Implemented","","",""
"Beast Mastery","83","Tank","2","Bolster Armor V","45","","Combat","Increases the beast's physical defense by 25 for 5 minutes.","-","5","2 seconds","1 minute","Implemented","","",""
"Beast Mastery","84","Tank","1","Anger I","5","","Combat","Goads a single target into attacking the beast.","-","1","1 second","30 seconds","Implemented","","",""
"Beast Mastery","85","Tank","1","Anger II","15","","Combat","Goads a single target into attacking the beast.","-","1","1 second","30 seconds","Implemented","","",""
"Beast Mastery","86","Tank","1","Anger III","25","","Combat","Goads a single target into attacking the beast.","-","1","1 second","30 seconds","Implemented","","",""
"Beast Mastery","87","Tank","2","Anger IV","35","","Combat","Goads all enemies within range into attacking the beast.","-","2","1 second","40 seconds","Implemented","","",""
"Beast Mastery","88","Tank","2","Anger V","45","","Combat","Goads all enemies within range into attacking the beast.","-","2","1 second","40 seconds","Implemented","","",""
"Beast Mastery","89","Tank","2","Focus Attention I","5","","Trait","The beast's enmity generation is increased by 10%.","-","","-","-","Implemented","","",""
"Beast Mastery","90","Tank","2","Focus Attention II","15","","Trait","The beast's enmity generation is increased by 20%.","-","","-","-","Implemented","","",""
"Beast Mastery","91","Tank","2","Focus Attention III","25","","Trait","The beast's enmity generation is increased by 30%.","-","","-","-","Implemented","","",""
"Beast Mastery","92","Tank","3","Focus Attention IV","35","","Trait","The beast's enmity generation is increased by 40%.","-","","-","-","Implemented","","",""
"Beast Mastery","93","Tank","3","Focus Attention V","45","","Trait","The beast's enmity generation is increased by 50%.","-","","-","-","Implemented","","",""
"Beast Mastery","95","Balanced","1","Claw I","5","","Combat","The beast's next attack deals an additional 8 physical DMG and has a DC8 Fortitude check to inflict Bleed for 30 seconds.","-","3","-","1 minute","Implemented","","",""
"Beast Mastery","96","Balanced","1","Claw II","15","","Combat","The beast's next attack deals an additional 11 physical DMG and has a DC10 Fortitude check to inflict Bleed for 30 seconds.","-","4","-","1 minute","Implemented","","",""
"Beast Mastery","97","Balanced","1","Claw III","25","","Combat","The beast's next attack deals an additional 14 physical DMG and has a DC12 Fortitude check to inflict Bleed for 30 seconds.","-","5","-","1 minute","Implemented","","",""
"Beast Mastery","98","Balanced","2","Claw IV","35","","Combat","The beast's next attack deals an additional 17 physical DMG and has a DC14 Fortitude check to inflict Bleed for 30 seconds.","-","6","-","1 minute","Implemented","","",""
"Beast Mastery","99","Balanced","2","Claw V","45","","Combat","The beast's next attack deals an additional 20 physical DMG and has a DC16 Fortitude check to inflict Bleed for 30 seconds.","-","7","-","1 minute","Implemented","","",""
"Beast Mastery","100","Balanced","1","Bolster Attack I","5","","Combat","Increases the beast's attack by 5 for 5 minutes.","-","3","2 seconds","1 minute","Implemented","","",""
"Beast Mastery","101","Balanced","1","Bolster Attack II","15","","Combat","Increases the beast's attack by 10 for 5 minutes.","-","3","2 seconds","1 minute","Implemented","","",""
"Beast Mastery","102","Balanced","1","Bolster Attack III","25","","Combat","Increases the beast's attack by 15 for 5 minutes.","-","3","2 seconds","1 minute","Implemented","","",""
"Beast Mastery","103","Balanced","2","Bolster Attack IV","35","","Combat","Increases the beast's attack by 20 for 5 minutes.","-","4","2 seconds","1 minute","Implemented","","",""
"Beast Mastery","104","Balanced","2","Bolster Attack V","45","","Combat","Increases the beast's attack by 25 for 5 minutes.","-","5","2 seconds","1 minute","Implemented","","",""
"Beast Mastery","105","Balanced","4","Hasten I","25","","Combat","Reduces attack delay by 20% for 30 seconds.","-","5","1 second","2 minutes","Implemented","","",""
"Beast Mastery","106","Balanced","4","Hasten II","35","","Combat","Reduces attack delay by 30% for 30 seconds.","-","6","1 second","2 minutes","Implemented","","",""
"Beast Mastery","107","Balanced","4","Hasten III","45","","Combat","Reduces attack delay by 40% for 30 seconds.","-","7","1 second","2 minutes","Implemented","","",""
"Beast Mastery","109","Bruiser","1","Poison Breath I","5","","Combat","Deals 8 poison DMG to all targets within a cone in front of the beast.","-","4","2 seconds","1 minute","Implemented","","",""
"Beast Mastery","110","Bruiser","1","Poison Breath II","15","","Combat","Deals 12 poison DMG to all targets within a cone in front of the beast.","-","5","2 seconds","1 minute","Implemented","","",""
"Beast Mastery","111","Bruiser","1","Poison Breath III","25","","Combat","Deals 16 poison DMG to all targets within a cone in front of the beast. Also has an 8DC reflex check to inflict Poison.","-","6","2 seconds","1 minute","Implemented","","",""
"Beast Mastery","112","Bruiser","2","Poison Breath IV","35","","Combat","Deals 20 poison DMG to all targets within a cone in front of the beast. Also has a 12DC reflex check to inflict Poison.","-","7","2 seconds","1 minute","Implemented","","",""
"Beast Mastery","113","Bruiser","2","Poison Breath V","45","","Combat","Deals 24 poison DMG to all targets within a cone in front of the beast. Also has a 14DC reflex check to inflict Poison.","-","8","2 seconds","1 minute","Implemented","","",""
"Beast Mastery","114","Bruiser","1","Ice Breath I","5","","Combat","Deals 8 ice DMG to all targets within a cone in front of the beast.","-","4","2 seconds","1 minute","Implemented","","",""
"Beast Mastery","115","Bruiser","1","Ice Breath II","15","","Combat","Deals 12 ice DMG to all targets within a cone in front of the beast.","-","5","2 seconds","1 minute","Implemented","","",""
"Beast Mastery","116","Bruiser","1","Ice Breath III","25","","Combat","Deals 16 ice DMG to all targets within a cone in front of the beast. Also has an 8DC reflex check to inflict Freezing.","-","6","2 seconds","1 minute","Implemented","","",""
"Beast Mastery","117","Bruiser","2","Ice Breath IV","35","","Combat","Deals 20 ice DMG to all targets within a cone in front of the beast. Also has a 12DC reflex check to inflict Freezing.","-","7","2 seconds","1 minute","Implemented","","",""
"Beast Mastery","118","Bruiser","2","Ice Breath V","45","","Combat","Deals 24 ice DMG to all targets within a cone in front of the beast. Also has a 14DC reflex check to inflict Freezing.","-","8","2 seconds","1 minute","Implemented","","",""
"Beast Mastery","119","Bruiser","4","Endurance Link I","25","","Trait","Grants a 10% chance to restore 1 STM to the Beastmaster when the beast lands an attack on an enemy.","-","","-","-","Implemented","","",""
"Beast Mastery","120","Bruiser","4","Endurance Link II","35","","Trait","Grants a 20% chance to restore 1 STM to the Beastmaster when the beast lands an attack on an enemy.","-","","-","-","Implemented","","",""
"Beast Mastery","121","Bruiser","4","Endurance Link III","45","","Trait","Grants a 30% chance to restore 1 STM to the Beastmaster when the beast lands an attack on an enemy.","-","","-","-","Implemented","","",""
"Beast Mastery","123","Evasion","1","Evasive Maneuver I","5","","Combat","Increases the beast's evasion by 5 for 5 minutes.","-","3","2 seconds","1 minute","Implemented","","",""
"Beast Mastery","124","Evasion","1","Evasive Maneuver II","15","","Combat","Increases the beast's evasion by 10 for 5 minutes.","-","3","2 seconds","1 minute","Implemented","","",""
"Beast Mastery","125","Evasion","1","Evasive Maneuver III","25","","Combat","Increases the beast's evasion by 15 for 5 minutes.","-","3","2 seconds","1 minute","Implemented","","",""
"Beast Mastery","126","Evasion","2","Evasive Maneuver IV","35","","Combat","Increases the beast's evasion by 20 for 5 minutes.","-","4","2 seconds","1 minute","Implemented","","",""
"Beast Mastery","127","Evasion","2","Evasive Maneuver V","45","","Combat","Increases the beast's evasion by 25 for 5 minutes.","-","5","2 seconds","1 minute","Implemented","","",""
"Beast Mastery","128","Evasion","1","Assault I","5","","Combat","The beast's next attack deals an additional 10 physical DMG and increases the beast's evasion by 10 for 30 seconds.","-","4","1 second","1 minute","Implemented","","",""
"Beast Mastery","129","Evasion","1","Assault II","15","","Combat","The beast's next attack deals an additional 14 physical DMG and increases the beast's evasion by 10 for 30 seconds.","-","5","1 second","1 minute","Implemented","","",""
"Beast Mastery","130","Evasion","1","Assault III","25","","Combat","The beast's next attack deals an additional 16 physical DMG and increases the beast's evasion by 10 for 30 seconds.","-","6","1 second","1 minute","Implemented","","",""
"Beast Mastery","131","Evasion","2","Assault IV","35","","Combat","The beast's next attack deals an additional 22 physical DMG and increases the beast's evasion by 10 for 30 seconds.","-","7","1 second","1 minute","Implemented","","",""
"Beast Mastery","132","Evasion","2","Assault V","45","","Combat","The beast's next attack deals an additional 26 physical DMG and increases the beast's evasion by 10 for 30 seconds.","-","8","1 second","1 minute","Implemented","","",""
"Beast Mastery","133","Evasion","4","Sniff I","25","","Trait","Increases the chance to find rare items by 8.","-","","-","-","Implemented","","",""
"Beast Mastery","134","Evasion","4","Sniff II","35","","Trait","Increases the chance to find rare items by 15.","-","","-","-","Implemented","","",""
"Beast Mastery","135","Evasion","4","Sniff III","45","","Trait","Increases the chance to find rare items by 25.","-","","-","-","Implemented","","",""
"Beast Mastery","137","Force","1","Force Touch I","5","","Combat","The beast's next attack deals an additional 12 force DMG.","3","","-","30 seconds","Implemented","","",""
"Beast Mastery","138","Force","1","Force Touch II","15","","Combat","The beast's next attack deals an additional 16 force DMG.","4","","-","30 seconds","Implemented","","",""
"Beast Mastery","139","Force","1","Force Touch III","25","","Combat","The beast's next attack deals an additional 20 force DMG.","5","","-","30 seconds","Implemented","","",""
"Beast Mastery","140","Force","2","Force Touch IV","35","","Combat","The beast's next attack deals an additional 24 force DMG.","6","","-","30 seconds","Implemented","","",""
"Beast Mastery","141","Force","2","Force Touch V","45","","Combat","The beast's next attack deals an additional 28 force DMG.","7","","-","30 seconds","Implemented","","",""
"Beast Mastery","142","Force","1","Innervate I","5","","Combat","The beast restores 30 HP to a single target.","3","","2 seconds","30 seconds","Implemented","","",""
"Beast Mastery","143","Force","1","Innervate II","15","","Combat","The beast restores 40 HP to a single target.","4","","2 seconds","30 seconds","Implemented","","",""
"Beast Mastery","144","Force","1","Innervate III","25","","Combat","The beast restores 60 HP to a single target.","5","","3 seconds","30 seconds","Implemented","","",""
"Beast Mastery","145","Force","2","Innervate IV","35","","Combat","The beast restores 80 HP to a single target.","6","","3 seconds","30 seconds","Implemented","","",""
"Beast Mastery","146","Force","2","Innervate V","45","","Combat","The beast restores 120 HP to a single target.","7","","4 seconds","30 seconds","Implemented","","",""
"Beast Mastery","147","Force","4","Force Link I","25","","Trait","Grants a 10% chance to restore 1 FP to the Beastmaster when the beast lands an attack on an enemy.","-","","-","-","Implemented","","",""
"Beast Mastery","148","Force","4","Force Link II","35","","Trait","Grants a 20% chance to restore 1 FP to the Beastmaster when the beast lands an attack on an enemy.","-","","-","-","Implemented","","",""
"Beast Mastery","149","Force","4","Force Link III","45","","Trait","Grants a 30% chance to restore 1 FP to the Beastmaster when the beast lands an attack on an enemy.","-","","-","-","Implemented","","",""
"Piloting","6","Shipwright","1","Starships I","-","All","Trait","Enables you to pilot tier 1 starships.","-","-","-","-","Implemented","","",""
"Piloting","7","Shipwright","1","Starships II","Piloting 10","All","Trait","Enables you to pilot tier 2 starships.","-","-","-","-","Implemented","","",""
"Piloting","8","Shipwright","2","Starships III","Piloting 20","All","Trait","Enables you to pilot tier 3 starships.","-","-","-","-","Implemented","","",""
"Piloting","9","Shipwright","3","Starships IV","Piloting 30","All","Trait","Enables you to pilot tier 4 starships.","-","-","-","-","Implemented","","",""
"Piloting","10","Shipwright","4","Starships V","Piloting 40","All","Trait","Enables you to pilot tier 5 starships.","-","-","-","-","Implemented","","",""
"Piloting","11","Shipwright","1","Defensive Modules I","-","All","Trait","Enables you to attach tier 1 defensive modules on starships.","-","-","-","-","Implemented","","",""
"Piloting","12","Shipwright","1","Defensive Modules II","Piloting 10","All","Trait","Enables you to attach tier 2 defensive modules on starships.","-","-","-","-","Implemented","","",""
"Piloting","13","Shipwright","2","Defensive Modules III","Piloting 20","All","Trait","Enables you to attach tier 3 defensive modules on starships.","-","-","-","-","Implemented","","",""
"Piloting","14","Shipwright","3","Defensive Modules IV","Piloting 30","All","Trait","Enables you to attach tier 4 defensive modules on starships.","-","-","-","-","Implemented","","",""
"Piloting","15","Shipwright","3","Defensive Modules V","Piloting 40","All","Trait","Enables you to attach tier 5 defensive modules on starships.","-","-","-","-","Implemented","","",""
"Piloting","16","Shipwright","1","Offensive Modules I","-","All","Trait","Enables you to attach tier 1 offensive modules on starships.","-","-","-","-","Implemented","","",""
"Piloting","17","Shipwright","1","Offensive Modules II","Piloting 10","All","Trait","Enables you to attach tier 2 offensive modules on starships.","-","-","-","-","Implemented","","",""
"Piloting","18","Shipwright","2","Offensive Modules III","Piloting 20","All","Trait","Enables you to attach tier 3 offensive modules on starships.","-","-","-","-","Implemented","","",""
"Piloting","19","Shipwright","3","Offensive Modules IV","Piloting 30","All","Trait","Enables you to attach tier 4 offensive modules on starships.","-","-","-","-","Implemented","","",""
"Piloting","20","Shipwright","3","Offensive Modules V","Piloting 40","All","Trait","Enables you to attach tier 5 offensive modules on starships.","-","-","-","-","Implemented","","",""
"Piloting","21","Shipwright","5","Energy Management I","Piloting 20","All","Trait","Reduces energy consumption of modules by 20%.","-","-","-","-","Implemented","","",""
"Piloting","22","Shipwright","5","Energy Management II","Piloting 40","All","Trait","Reduces energy consumption of modules by 40%.","-","-","-","-","Implemented","","",""
"Piloting","23","Shipwright","1","Mining Modules I","-","All","Trait","Enables you to attach tier 1 mining modules on starships.","-","-","-","-","Implemented","","",""
"Piloting","24","Shipwright","1","Mining Modules II","Piloting 10","All","Trait","Enables you to attach tier 2 mining modules on starships.","-","-","-","-","Implemented","","",""
"Piloting","25","Shipwright","2","Mining Modules III","Piloting 20","All","Trait","Enables you to attach tier 3 mining modules on starships.","-","-","-","-","Implemented","","",""
"Piloting","26","Shipwright","3","Mining Modules IV","Piloting 30","All","Trait","Enables you to attach tier 4 mining modules on starships.","-","-","-","-","Implemented","","",""
"Piloting","27","Shipwright","3","Mining Modules V","Piloting 40","All","Trait","Enables you to attach tier 5 mining modules on starships.","-","-","-","-","Implemented","","",""
"Piloting","28","Shipwright","5","Starship Mining I","Piloting 20","All","Trait","Mining yield improves by 1 unit per cycle.","-","-","-","-","Implemented","","",""
"Piloting","29","Shipwright","5","Starship Mining II","Piloting 40","All","Trait","Mining yield improves by 2 units per cycle.","-","-","-","-","Implemented","","",""
"Piloting","30","Shipwright","3","Intuitive Piloting","-","All","Trait","Allows for Willpower to be used in place of Perception for starship module effectiveness.","-","-","-","-","Implemented","","",""
"Leadership","5","Mayor","2","City Management I","Leadership 5","All","Trait","Enables you to become mayor of a city. ",,,,,,,,
"Leadership","6","You can manage cities up to rank 2 (Village).""","-","-","-","-","Implemented","","","","","","","","",""
"Leadership","7","Mayor","3","City Management II","Leadership 10","All","Trait","You can manage cities up to rank 3 (Township).","-","-","-","-","Implemented","","",""
"Leadership","8","Mayor","4","City Management III","Leadership 15","All","Trait","You can manage cities up to rank 4 (City).","-","-","-","-","Implemented","","",""
"Leadership","9","Mayor","5","City Management IV","Leadership 20","All","Trait","You can manage cities up to rank 5 (Metropolis).","-","-","-","-","Implemented","","",""
"Leadership","10","Mayor","3","Upkeep I","Leadership 10","All","Trait","Weekly maintenance fees are reduced by 5%.","-","-","-","-","Implemented","","",""
"Leadership","11","Mayor","3","Upkeep II","Leadership 20","All","Trait","Weekly maintenance fees are reduced by 10%.","-","-","-","-","Implemented","","",""
"Leadership","13","Diplomat","2","Guild Relations I","Leadership 5","All","Trait","Improves GP and credit rewards from guild tasks by 5%.","-","-","-","-","Implemented","","",""
"Leadership","14","Diplomat","2","Guild Relations II","Leadership 10","All","Trait","Improves GP and credit rewards from guild tasks by 10%.","-","-","-","-","Implemented","","",""
"Leadership","15","Diplomat","3","Guild Relations III","Leadership 15","All","Trait","Improves GP and credit rewards from guild tasks by 15%.","-","-","-","-","Implemented","","",""
"Leadership","16","Diplomat","3","Guild Relations IV","Leadership 20","All","Trait","Improves GP and credit rewards from guild tasks by 20%.","-","-","-","-","Implemented","","",""
"Leadership","18","Leader","2","Shout Range I","Leadership 25","All","Trait","Increases the range of your shouts to 12.5 meters.","-","-","-","-","Implemented","","",""
"Leadership","19","Leader","2","Shout Range II","Leadership 50","All","Trait","Increases the range of your shouts to 17.5 meters.","-","-","-","-","Implemented","","",""
"Leadership","20","Note on Auras:","","One Aura can be active at a time by default. An additional Aura can be activated for every 5 SOC after 10, to a maximum of 4 at a time.","","","","","","","","","","","",""
"Leadership","21","Shout","2","Rousing Shout I","Leadership 15","All","Combat","Revives an unconscious target with 1 HP.","-","-","8 seconds","5 minutes","Implemented","","",""
"Leadership","22","Shout","2","Rousing Shout II","Leadership 30","All","Combat","Revives an unconscious target with (SOC)% HP.","-","-","8 seconds","5 minutes","Implemented","","",""
"Leadership","23","Shout","2","Rousing Shout II","Leadership 45","All","Combat","Revives an unconscious target with (2*SOC)% HP.","-","-","8 seconds","5 minutes","Implemented","","",""
"Leadership","24","Shout","1","Dedication I","-","All","Aura","Improves XP gain of all party members by (10+SOC)%","-","-","4 seconds","1 minute","Implemented","","",""
"Leadership","25","Shout","2","Dedication II","Leadership 10","All","Aura","Improves XP gain of all party members by (10+2SOC)%","-","-","4 seconds","1 minute","Implemented","","",""
"Leadership","26","Shout","2","Dedication III","Leadership 30","All","Aura","Improves XP gain of all party members by (10+3SOC)%","-","-","4 seconds","1 minute","Implemented","","",""
"Leadership","27","Shout","2","Soldier's Speed I","Leadership 5","All","Aura","Improves evasion of other nearby party members by SOC/2.","-","-","4 seconds","1 minute","Implemented","","",""
"Leadership","28","Shout","2","Soldier's Speed II","Leadership 20","All","Aura","Improves evasion of other nearby members by SOC.","-","-","4 seconds","1 minute","Implemented","","",""
"Leadership","29","Shout","2","Soldier's Speed III","Leadership 40","All","Aura","Improves evasion of other nearby party members by 1.5*SOC.","-","-","4 seconds","1 minute","Implemented","","",""
"Leadership","30","Shout","2","Soldier's Strike I","Leadership 5","All","Aura","Improves Attack of other nearby party members by SOC.","-","-","4 seconds","1 minute","Implemented","","",""
"Leadership","31","Shout","2","Soldier's Strike II","Leadership 20","All","Aura","Improves Attack of other nearby members by SOC*1.5.","-","-","4 seconds","1 minute","Implemented","","",""
"Leadership","32","Shout","2","Soldier's Strike III","Leadership 40","All","Aura","Improves Attack of other nearby party members by SOC*2.","-","-","4 seconds","1 minute","Implemented","","",""
"Leadership","33","Shout","3","Charge I","Leadership 10","All","Aura","Increases the movement speed of all nearby party members by 15%.","-","-","4 seconds","1 minute","Implemented","","",""
"Leadership","34","Shout","3","Charge II","Leadership 35","All","Aura","Increases the movement speed of all nearby party members by 30%.","-","-","4 seconds","1 minute","Implemented","","",""
"Leadership","35","Shout","2","Soldier's Precision I","Leadership 10","All","Aura","Improves Accuracy of other nearby party members by SOC/2.","-","-","4 seconds","1 minute","Implemented","","",""
"Leadership","36","Shout","2","Soldier's Precision II","Leadership 25","All","Aura","Improves Accuracy of other nearby members by SOC.","-","-","4 seconds","1 minute","Implemented","","",""
"Leadership","37","Shout","2","Soldier's Precision III","Leadership 45","All","Aura","Improves Accuracy of other nearby party members by 1.5*SOC.","-","-","4 seconds","1 minute","Implemented","","",""
"Leadership","38","Shout","3","Shocking Shout","Leadership 25","Standard","Combat","Attempts to stun all nearby enemies for 2 seconds with a 14DC will check. (Max: 6 targets)","-","-","0.5 seconds","2 minutes","Implemented","","",""
"Leadership","39","Shout","2","Rejuvenation I","Leadership 15","All","Aura","Grants 1 STM regeneration to other nearby party members every six seconds.","-","-","4 seconds","3 minutes","Implemented","","",""
"Leadership","40","Shout","2","Rejuvenation II","Leadership 35","All","Aura","Grants 2 STM regeneration to other nearby party members every six seconds.","-","-","4 seconds","3 minutes","Implemented","","",""
"Leadership","41","Shout","2","Rejuvenation III","Leadership 45","All","Aura","Grants 3 STM regeneration to other nearby party members every six seconds.","-","-","4 seconds","3 minutes","Implemented","","",""
"Leadership","42","Shout","2","Frenzied Shout I","-","All","Aura","Reduces physical defense of all nearby enemies by SOC.","-","-","4 seconds","2 minutes","Implemented","","",""
"Leadership","43","Shout","2","Frenzied Shout II","Leadership 15","All","Aura","Reduces physical defense of all nearby enemies by SOC*1.5.","-","-","4 seconds","2 minutes","Implemented","","",""
"Leadership","44","Shout","2","Frenzied Shout III","Leadership 35","All","Aura","Reduces physical defense of all nearby enemies by SOC*2.","-","-","4 seconds","2 minutes","Implemented","","",""
"First Aid","5","General","2","Ranged Healing I","First Aid 5","All","Trait","Increases the range you can use First Aid abilities by 1 meter.","-","","-","-","Implemented","","",""
"First Aid","6","General","3","Ranged Healing II","First Aid 15","All","Trait","Increases the range you can use First Aid abilities by 2 meters.","-","","-","-","Implemented","","",""
"First Aid","7","General","4","Ranged Healing III","First Aid 25","Standard","Trait","Increases the range you can use First Aid abilities by 3 meters.","-","","-","-","Implemented","","",""
"First Aid","8","General","5","Ranged Healing IV","First Aid 35","Standard","Trait","Increases the range you can use First Aid abilities by 4 meters.","-","","-","-","Implemented","","",""
"First Aid","9","General","1","Frugal Medic I","First Aid 10","All","Trait","10% chance to use a First Aid ability without consuming supplies or stim packs.","-","","-","-","Implemented","","",""
"First Aid","10","General","2","Frugal Medic II","First Aid 25","Standard","Trait","20% chance to use a First Aid ability without consuming supplies or stim packs.","-","","-","-","Implemented","","",""
"First Aid","11","General","2","Frugal Medic III","First Aid 40","Standard","Trait","30% chance to use a First Aid ability without consuming supplies or stim packs.","-","","-","-","Implemented","","",""
"First Aid","13","Recovery","1","Med Kit I","-","All","Combat","Restores 30 HP to a single target. Consumes medical supplies on use.","-","4","2 seconds","6 seconds","Implemented","","",""
"First Aid","14","Recovery","2","Med Kit II","First Aid 10","All","Combat","Restores 50 HP to a single target. Consumes medical supplies on use.","-","5","2 seconds","6 seconds","Implemented","","",""
"First Aid","15","Recovery","3","Med Kit III","First Aid 20","All","Combat","Restores 80 HP to a single target. Consumes medical supplies on use.","-","6","2 seconds","6 seconds","Implemented","","",""
"First Aid","16","Recovery","4","Med Kit IV","First Aid 30","All","Combat","Restores 110 HP to a single target. Consumes medical supplies on use.","-","7","2 seconds","6 seconds","Implemented","","",""
"First Aid","17","Recovery","4","Med Kit V","First Aid 40","All","Combat","Restores 140 HP to a single target. Consumes medical supplies on use.","-","8","2 seconds","6 seconds","Implemented","","",""
"First Aid","18","Recovery","3","Kolto Recovery I","First Aid 15","Standard","Combat","Restores HP to all allies within 3 meters of you. Consumes medical supplies on use.","-","5","2 seconds","30 seconds","Implemented","","",""
"First Aid","19","Recovery","4","Kolto Recovery II","First Aid 30","Standard","Combat","Restores HP to all allies within 3 meters of you. Consumes medical supplies on use.","-","6","2 seconds","30 seconds","Implemented","","",""
"First Aid","20","Recovery","5","Kolto Recovery III","First Aid 45","Standard","Combat","Restores HP to all allies within 3 meters of you. Consumes medical supplies on use.","-","7","2 seconds","30 seconds","Implemented","","",""
"First Aid","21","Recovery","4","Resuscitation I","First Aid 15","All","Combat","Revives a single target back from the brink of death with 1 HP. Consumes medical supplies on use.","-","10","6 seconds","3 minutes","Implemented","","",""
"First Aid","22","Recovery","4","Resuscitation II","First Aid 30","Standard","Combat","Revives an unconscious target with (WIL)% HP. Consumes medical supplies on use.","-","10","6 seconds","3 minutes","Implemented","","",""
"First Aid","23","Recovery","4","Resuscitation III","First Aid 40","Standard","Combat","Revives an unconscious target with (2*WIL)% HP. Consumes medical supplies on use.","-","10","6 seconds","3 minutes","Implemented","","",""
"First Aid","24","Recovery","2","Treatment Kit I","First Aid 5","All","Combat","Removes bleed and poison from a single target. Consumes medical supplies on use.","-","3","2 seconds","6 seconds","Implemented","","",""
"First Aid","25","Recovery","2","Treatment Kit II","First Aid 15","Standard","Combat","Removes bleed, poison, shock, disease and burn from a single target. Consumes medical supplies on use.","-","3","2 seconds","6 seconds","Implemented","","",""
"First Aid","26","Recovery","2","Adrenal Stim I","First Aid 10","Standard","Combat","Restores STM at the cost of one's Willpower. Consumes stim pack on use.","-","","2 seconds","3 minutes","Implemented","","",""
"First Aid","27","Recovery","2","Adrenal Stim II","First Aid 25","Standard","Combat","Restores STM at the cost of one's Willpower. Consumes stim pack on use.","-","","2 seconds","3 minutes","Implemented","","",""
"First Aid","28","Recovery","3","Adrenal Stim III","First Aid 50","Standard","Combat","Restores STM at the cost of one's Willpower. Consumes stim pack on use.","-","","2 seconds","3 minutes","Implemented","","",""
"First Aid","30","Stim","2","Stasis Field I","First Aid 20","Standard","Combat","Increase your target's Evasion by 10 for 15 minutes. Consumes stim pack on use.","-","5","2 seconds","30 seconds","Implemented","","",""
"First Aid","31","Stim","3","Stasis Field II","First Aid 30","Standard","Combat","Increase your target's Evasion by 20 for 15 minutes. Consumes stim pack on use.","-","6","2 seconds","30 seconds","Implemented","","",""
"First Aid","32","Stim","4","Stasis Field III","First Aid 40","Standard","Combat","Increase your target's Evasion by 30 for 15 minutes. Consumes stim pack on use.","-","7","2 seconds","30 seconds","Implemented","","",""
"First Aid","33","Stim","3","Combat Enhancement I","First Aid 25","Standard","Combat","Increases the MGT, PER, and VIT of a single target by 1 for 15 minutes. Consumes stim pack on use. Does not stack with Force Inspiration.","-","5","2 seconds","30 seconds","Implemented","","",""
"First Aid","34","Stim","3","Combat Enhancement II","First Aid 35","Standard","Combat","Increases the MGT, PER, and VIT of a single target by 2 for 15 minutes. Consumes stim pack on use. Does not stack with Force Inspiration.","-","6","2 seconds","30 seconds","Implemented","","",""
"First Aid","35","Stim","4","Combat Enhancement III","First Aid 45","Standard","Combat","Increases the MGT, PER, and VIT of a single target by 3 for 15 minutes. Consumes stim pack on use. Does not stack with Force Inspiration.","-","7","2 seconds","30 seconds","Implemented","","",""
"First Aid","36","Stim","2","Shielding I","First Aid 5","Standard","Combat","Improves a single target's physical defense by 5 for 15 minutes. Consumes stim pack on use.","-","3","2 seconds","30 seconds","Implemented","","",""
"First Aid","37","Stim","3","Shielding II","First Aid 15","Standard","Combat","Improves a single target's physical defense by 10 for 15 minutes. Consumes stim pack on use.","-","4","2 seconds","30 seconds","Implemented","","",""
"First Aid","38","Stim","3","Shielding III","First Aid 30","Standard","Combat","Improves a single target's physical defense by 15 for 15 minutes. Consumes stim pack on use.","-","5","2 seconds","30 seconds","Implemented","","",""
"First Aid","39","Stim","4","Shielding IV","First Aid 45","Standard","Combat","Improves a single target's physical defense by 20 for 15 minutes. Consumes stim pack on use.","-","6","2 seconds","30 seconds","Implemented","","",""
"First Aid","40","Stim","3","Infusion I","First Aid 25","Standard","Combat","Grants your target regeneration which heals 20 HP every six seconds for 24 seconds. Consumes stim pack on use.","-","6","2 seconds","1 minute","Implemented","","",""
"First Aid","41","Stim","4","Infusion II","First Aid 45","Standard","Combat","Grants your target regeneration which heals 40 HP every six seconds for 24 seconds. Consumes stim pack on use.","-","8","2 seconds","1 minute","Implemented","","",""
"Espionage","6","General","2","Back Attack I","-","All","Trait","Melee DMG dealt from behind a target is increased by 2.","-","-","-","-","Implemented","","",""
"Espionage","7","General","2","Back Attack II","Espionage 10","All","Trait","Melee DMG dealt from behind a target is increased by 4.","-","-","-","-","Implemented","","",""
"Espionage","8","General","2","Back Attack III","Espionage 20","All","Trait","Melee DMG dealt from behind a target is increased by 6.","-","-","-","-","Implemented","","",""
"Espionage","9","General","2","Back Attack IV","Espionage 30","All","Trait","Melee DMG dealt from behind a target is increased by 8.","-","-","-","-","Implemented","","",""
"Espionage","10","General","2","Back Attack V","Espionage 40","All","Trait","Melee DMG dealt from behind a target is increased by 10.","-","-","-","-","Implemented","","",""
"Espionage","11","General","2","Tactical Escape I","Espionage 25","All","Combat","Reduces your enmity by 5% per Perception past 10, to a maximum of 50%.","-","15","6 seconds","3 minutes","Implemented","","",""
"Espionage","12","General","3","Tactical Escape II","Espionage 50","All","Combat","Reduces your enmity by 10% per Perception past 10, to a maximum of 99%.","-","30","6 seconds","3 minutes","Implemented","","",""
"Espionage","14","Poisons","1","Poisoncraft I","Espionage 5","All","Trait","Grants ability to craft tier 1 poisons to be applied to weapons.","-","-","-","-","Not Started","","",""
"Espionage","15","Poisons","1","Poisoncraft II","Espionage 15","All","Trait","Grants ability to craft tier 2 poisons to be applied to weapons.","-","-","-","-","Not Started","","",""
"Espionage","16","Poisons","1","Poisoncraft III","Espionage 25","All","Trait","Grants ability to craft tier 3 poisons to be applied to weapons.","-","-","-","-","Not Started","","",""
"Espionage","17","Poisons","2","Poisoncraft IV","Espionage 35","All","Trait","Grants ability to craft tier 4 poisons to be applied to weapons.","-","-","-","-","Not Started","","",""
"Espionage","18","Poisons","2","Poisoncraft V","Espionage 45","All","Trait","Grants ability to craft tier 5 poisons to be applied to weapons.","-","-","-","-","Not Started","","",""
"Espionage","19","Poisons","2","Poison Expertise I","Espionage 30","All","Trait","Improves poisons applied to your weapons by 2% per Perception past 10, to a maximum of 20%.","-","-","-","-","Not Started","","",""
"Espionage","20","Poisons","2","Poison Expertise II","Espionage 50","All","Trait","Improves poisons applied to your weapons by 4% per Perception past 10, to a maximum of 40%.","-","-","-","-","Not Started","","",""
"Espionage","22","Utility","1","Slicing I","-","All","Trait","Tier 1 locks can be picked and hacked.","-","-","-","-","Not Started","","",""
"Espionage","23","Utility","1","Slicing II","Espionage 10","All","Trait","Tier 2 locks can be picked and hacked.","-","-","-","-","Not Started","","",""
"Espionage","24","Utility","2","Slicing III","Espionage 20","All","Trait","Tier 3 locks can be picked and hacked.","-","-","-","-","Not Started","","",""
"Espionage","25","Utility","3","Slicing IV","Espionage 30","All","Trait","Tier 4 locks can be picked and hacked.","-","-","-","-","Not Started","","",""
"Espionage","26","Utility","3","Slicing V","Espionage 40","All","Trait","Tier 5 locks can be picked and hacked.","-","-","-","-","Not Started","","",""
"Espionage","27","Utility","1","Trapcraft I","Espionage 5","All","Trait","Grants ability to craft, use and disarm tier 1 traps.","-","-","-","-","Not Started","","",""
"Espionage","28","Utility","1","Trapcraft II","Espionage 15","All","Trait","Grants ability to craft, use and disarm tier 2 traps.","-","-","-","-","Not Started","","",""
"Espionage","29","Utility","1","Trapcraft III","Espionage 25","All","Trait","Grants ability to craft, use and disarm tier 3 traps.","-","-","-","-","Not Started","","",""
"Espionage","30","Utility","2","Trapcraft IV","Espionage 35","All","Trait","Grants ability to craft, use and disarm tier 4 traps.","-","-","-","-","Not Started","","",""
"Espionage","31","Utility","2","Trapcraft V","Espionage 45","All","Trait","Grants ability to craft, use and disarm tier 5 traps.","-","-","-","-","Not Started","","",""
"Espionage","32","Utility","1","Trap Management I","Espionage 20","All","Trait","Increases the maximum number of concurrent traps to 2.","-","-","-","-","Not Started","","",""
"Espionage","33","Utility","1","Trap Management II","Espionage 40","All","Trait","Increases the maximum number of concurrent traps to 3.","-","-","-","-","Not Started","","",""
"Espionage","35","Stealth","1","Stealth I","-","All","Trait","Increases Stealth by 2. Stamina drains while ability is active.","-","-","-","-","Not Started","","",""
"Espionage","36","Stealth","2","Stealth II","Espionage 10","All","Trait","Increases Stealth by 4. Stamina drains while ability is active.","-","-","-","-","Not Started","","",""
"Espionage","37","Stealth","2","Stealth III","Espionage 20","All","Trait","Increases Stealth by 6. Stamina drains while ability is active.","-","-","-","-","Not Started","","",""
"Espionage","38","Stealth","2","Stealth IV","Espionage 30","All","Trait","Increases Stealth by 8. Stamina drains while ability is active.","-","-","-","-","Not Started","","",""
"Espionage","39","Stealth","2","Stealth V","Espionage 40","All","Trait","Increases Stealth by 10. Stamina drains while ability is active.","-","-","-","-","Not Started","","",""
"Smithery","6","Durability?""","Dev Status","Additional Requirements","Notes","","","","","","","","","","",""
"Smithery","7","General","0","Basic Synthesis","-","All","Action","Increases progress by 10. (90% success rate)","0","Yes","Implemented","","Automatically given to all characters.","","",""
"Smithery","8","General","1","Rapid Synthesis","Smithery 10","All","Action","Increases progress by 30. (75% success rate)","6","Yes","Implemented","","","","",""
"Smithery","9","General","1","Careful Synthesis","Smithery 30","All","Action","Increases progress by 80. (50% success rate)","10","Yes","Implemented","","","","",""
"Smithery","10","General","1","Basic Touch","Smithery 5","All","Action","Increases quality by 10. (90% success rate)","3","Yes","Implemented","","","","",""
"Smithery","11","General","1","Standard Touch","Smithery 15","All","Action","Increases quality by 30. (75% success rate)","6","Yes","Implemented","","","","",""
"Smithery","12","General","1","Precise Touch","Smithery 35","All","Action","Increases quality by 80. (50% success rate)","10","Yes","Implemented","","","","",""
"Smithery","13","General","1","Master's Mend","Smithery 10","All","Action","Restores item durability by 30.","10","No","Implemented","","","","",""
"Smithery","14","General","1","Steady Hand","Smithery 20","All","Action","Increases success rate of next synthesis ability to 100%.",,,,,,,,
"Smithery","15","Passive grants +21 synthesis progress per successful synthesis while crafting""","12","No","Implemented","","","","","","","","","","",""
"Smithery","16","General","1","Muscle Memory","Smithery 40","All","Action","Increases success rate of next touch ability to 100%.",,,,,,,,
"Smithery","17","Passively grants +115 quality per successful touch while crafting.""","12","No","Implemented","","","","","","","","","","",""
"Smithery","18","General","1","Veneration","Smithery 25","All","Action","Reduces CP cost of Synthesis abilities by 50% for the next four actions.",,,,,,,,
"Smithery","19","Passively grants +31 maximum CP while crafting.""","8","Yes","Implemented","","","","","","","","","","",""
"Smithery","20","General","1","Waste Not","Smithery 8","All","Action","Reduces loss of durability by 50% for the next four actions.","4","No","Implemented","","","","",""
"Smithery","22","General","2","Smithery Equipment I","Smithery 5","All","Trait","Grants the ability to equip tier 1 Smithery equipment.","-","-","Implemented","","","","",""
"Smithery","23","General","3","Smithery Equipment II","Smithery 15","All","Trait","Grants the ability to equip tier 2 Smithery equipment.","-","-","Implemented","","","","",""
"Smithery","24","General","4","Smithery Equipment III","Smithery 25","All","Trait","Grants the ability to equip tier 3 Smithery equipment.","-","-","Implemented","","","","",""
"Smithery","25","General","4","Smithery Equipment IV","Smithery 35","All","Trait","Grants the ability to equip tier 4 Smithery equipment.","-","-","Implemented","","","","",""
"Smithery","26","General","5","Smithery Equipment V","Smithery 45","All","Trait","Grants the ability to equip tier 5 Smithery equipment.","-","-","Implemented","","","","",""
"Smithery","28","Weaponsmith","2","Weapon Blueprints I","-","All","Trait","Grants access to tier 1 weapon blueprints.","-","-","Implemented","","","","",""
"Smithery","29","Weaponsmith","3","Weapon Blueprints II","Smithery 10","All","Trait","Grants access to tier 2 weapon blueprints.","-","-","Implemented","","","","",""
"Smithery","30","Weaponsmith","4","Weapon Blueprints III","Smithery 20","All","Trait","Grants access to tier 3 weapon blueprints.","-","-","Implemented","","","","",""
"Smithery","31","Weaponsmith","5","Weapon Blueprints IV","Smithery 30","All","Trait","Grants access to tier 4 weapon blueprints.","-","-","Implemented","","","","",""
"Smithery","32","Weaponsmith","6","Weapon Blueprints V","Smithery 40","All","Trait","Grants access to tier 5 weapon blueprints.","-","-","Implemented","","","","",""
"Smithery","34","Armorsmith","1","Armor Blueprints I","-","All","Trait","Grants access to tier 1 Armor blueprints.","-","-","Implemented","","","","",""
"Smithery","35","Armorsmith","1","Armor Blueprints II","Smithery 10","All","Trait","Grants access to tier 2 Armor blueprints.","-","-","Implemented","","","","",""
"Smithery","36","Armorsmith","2","Armor Blueprints III","Smithery 20","All","Trait","Grants access to tier 3 Armor blueprints.","-","-","Implemented","","","","",""
"Smithery","37","Armorsmith","3","Armor Blueprints IV","Smithery 30","All","Trait","Grants access to tier 4 Armor blueprints.","-","-","Implemented","","","","",""
"Smithery","38","Armorsmith","3","Armor Blueprints V","Smithery 40","All","Trait","Grants access to tier 5 Armor blueprints.","-","-","Implemented","","","","",""
"Smithery","40","Armorsmith","1","Accessory Blueprints I","-","All","Trait","Grants access to tier 1 Accessory blueprints.","-","-","Implemented","","","","",""
"Smithery","41","Armorsmith","1","Accessory Blueprints II","Smithery 10","All","Trait","Grants access to tier 2 Accessory blueprints.","-","-","Implemented","","","","",""
"Smithery","42","Armorsmith","2","Accessory Blueprints III","Smithery 20","All","Trait","Grants access to tier 3 Accessory blueprints.","-","-","Implemented","","","","",""
"Smithery","43","Armorsmith","3","Accessory Blueprints IV","Smithery 30","All","Trait","Grants access to tier 4 Accessory blueprints.","-","-","Implemented","","","","",""
"Smithery","44","Armorsmith","3","Accessory Blueprints V","Smithery 40","All","Trait","Grants access to tier 5 Accessory blueprints.","-","-","Implemented","","","","",""
"Engineering","6","Durability?""","Dev Status","Additional ",,,,,,,,,,,,
"Engineering","8","General","0","Basic Synthesis","-","All","Action","Increases progress by 10. (90% success rate)","0","Yes","Implemented","","Automatically given to all characters.","","",""
"Engineering","9","General","1","Rapid Synthesis","Engineering 10","All","Action","Increases progress by 30. (75% success rate)","6","Yes","Implemented","","","","",""
"Engineering","10","General","1","Careful Synthesis","Engineering 30","All","Action","Increases progress by 80. (50% success rate)","10","Yes","Implemented","","","","",""
"Engineering","11","General","1","Basic Touch","Engineering 5","All","Action","Increases quality by 10. (90% success rate)","3","Yes","Implemented","","","","",""
"Engineering","12","General","1","Standard Touch","Engineering 15","All","Action","Increases quality by 30. (75% success rate)","6","Yes","Implemented","","","","",""
"Engineering","13","General","1","Precise Touch","Engineering 35","All","Action","Increases quality by 80. (50% success rate)","10","Yes","Implemented","","","","",""
"Engineering","14","General","1","Master's Mend","Engineering 10","All","Action","Restores item durability by 30.","10","No","Implemented","","","","",""
"Engineering","15","General","1","Steady Hand","Engineering 20","All","Action","Increases success rate of next synthesis ability to 100%.",,,,,,,,
"Engineering","16","Passive grants +21 synthesis progress per successful synthesis while crafting""","12","No","Implemented","","","","","","","","","","",""
"Engineering","17","General","1","Muscle Memory","Engineering 40","All","Action","Increases success rate of next touch ability to 100%.",,,,,,,,
"Engineering","18","Passively grants +115 quality per successful touch while crafting.""","12","No","Implemented","","","","","","","","","","",""
"Engineering","19","General","1","Veneration","Engineering 25","All","Action","Reduces CP cost of Synthesis abilities by 50% for the next four actions.",,,,,,,,
"Engineering","20","Passively grants +31 maximum CP while crafting.""","8","Yes","Implemented","","","","","","","","","","",""
"Engineering","21","General","1","Waste Not","Engineering 8","All","Action","Reduces loss of durability by 50% for the next four actions.","4","No","Implemented","","","","",""
"Engineering","23","General","2","Engineering Equipment I","Engineering 5","All","Trait","Grants the ability to equip tier 1 Engineering equipment.","-","-","Implemented","","","","",""
"Engineering","24","General","3","Engineering Equipment II","Engineering 15","All","Trait","Grants the ability to equip tier 2 Engineering equipment.","-","-","Implemented","","","","",""
"Engineering","25","General","4","Engineering Equipment III","Engineering 25","All","Trait","Grants the ability to equip tier 3 Engineering equipment.","-","-","Implemented","","","","",""
"Engineering","26","General","4","Engineering Equipment IV","Engineering 35","All","Trait","Grants the ability to equip tier 4 Engineering equipment.","-","-","Implemented","","","","",""
"Engineering","27","General","5","Engineering Equipment V","Engineering 45","All","Trait","Grants the ability to equip tier 5 Engineering equipment.","-","-","Implemented","","","","",""
"Engineering","29","Engineering","2","Starship Blueprints I","-","All","Trait","Grants access to tier 1 Ship and Module blueprints.","-","-","Implemented","","","","",""
"Engineering","30","Engineering","2","Starship Blueprints II","Engineering 10","All","Trait","Grants access to tier 2 Ship and Module blueprints.","-","-","Implemented","","","","",""
"Engineering","31","Engineering","2","Starship Blueprints III","Engineering  20","All","Trait","Grants access to tier 3 Ship and Module blueprints.","-","-","Implemented","","","","",""
"Engineering","32","Engineering","3","Starship Blueprints IV","Engineering  30","All","Trait","Grants access to tier 4 Ship and Module blueprints.","-","-","Implemented","","","","",""
"Engineering","33","Engineering","3","Starship Blueprints V","Engineering  40","All","Trait","Grants access to tier 5 Ship and Module blueprints.","-","-","Implemented","","","","",""
"Engineering","35","Engineering","1","Enhancement Blueprints I","-","All","Trait","Grants access to tier 1 Enhancement blueprints.","-","-","Implemented","","","","",""
"Engineering","36","Engineering","1","Enhancement Blueprints II","Engineering 10","All","Trait","Grants access to tier 2 Enhancement blueprints.","-","-","Implemented","","","","",""
"Engineering","37","Engineering","2","Enhancement Blueprints III","Engineering  20","All","Trait","Grants access to tier 3 Enhancement blueprints.","-","-","Implemented","","","","",""
"Engineering","38","Engineering","3","Enhancement Blueprints IV","Engineering  30","All","Trait","Grants access to tier 4 Enhancement blueprints.","-","-","Implemented","","","","",""
"Engineering","39","Engineering","3","Enhancement Blueprints V","Engineering  40","All","Trait","Grants access to tier 5 Enhancement blueprints.","-","-","Implemented","","","","",""
"Engineering","41","Droidcraft","1","Droid Equipment Blueprints I","-","All","Trait","Grants access to tier 1 Droid equipment blueprints.","-","-","Implemented","","","","",""
"Engineering","42","Droidcraft","1","Droid Equipment Blueprints II","Engineering 10","All","Trait","Grants access to tier 2 Droid equipment blueprints.","-","-","Implemented","","","","",""
"Engineering","43","Droidcraft","2","Droid Equipment Blueprints III","Engineering  20","All","Trait","Grants access to tier 3 Droid equipment blueprints.","-","-","Implemented","","","","",""
"Engineering","44","Droidcraft","3","Droid Equipment Blueprints IV","Engineering  30","All","Trait","Grants access to tier 4 Droid equipment blueprints.","-","-","Implemented","","","","",""
"Engineering","45","Droidcraft","3","Droid Equipment Blueprints V","Engineering  40","All","Trait","Grants access to tier 5 Droid equipment blueprints.","-","-","Implemented","","","","",""
"Engineering","47","Droidcraft","3","Droid Assembly I","-","All","Trait","Enables the construction and programming of tier 1 droids.","-","-","Implemented","","","","",""
"Engineering","48","Droidcraft","3","Droid Assembly II","Engineering 10","All","Trait","Enables the construction and programming of tier 2 droids.","-","-","Implemented","","","","",""
"Engineering","49","Droidcraft","3","Droid Assembly III","Engineering  20","All","Trait","Enables the construction and programming of tier 3 droids.","-","-","Implemented","","","","",""
"Engineering","50","Droidcraft","3","Droid Assembly IV","Engineering  30","All","Trait","Enables the construction and programming of tier 4 droids.","-","-","Implemented","","","","",""
"Engineering","51","Droidcraft","3","Droid Assembly V","Engineering  40","All","Trait","Enables the construction and programming of tier 5 droids.","-","-","Implemented","","","","",""
"Fabrication","6","Durability?""","Dev Status","Additional ",,,,,,,,,,,,
"Fabrication","8","General","0","Basic Synthesis","-","All","Action","Increases progress by 10. (90% success rate)","0","Yes","Implemented","","Automatically given to all characters.","","",""
"Fabrication","9","General","1","Rapid Synthesis","Fabrication 10","All","Action","Increases progress by 30. (75% success rate)","6","Yes","Implemented","","","","",""
"Fabrication","10","General","1","Careful Synthesis","Fabrication 30","All","Action","Increases progress by 80. (50% success rate)","10","Yes","Implemented","","","","",""
"Fabrication","11","General","1","Basic Touch","Fabrication 5","All","Action","Increases quality by 10. (90% success rate)","3","Yes","Implemented","","","","",""
"Fabrication","12","General","1","Standard Touch","Fabrication 15","All","Action","Increases quality by 30. (75% success rate)","6","Yes","Implemented","","","","",""
"Fabrication","13","General","1","Precise Touch","Fabrication 35","All","Action","Increases quality by 80. (50% success rate)","10","Yes","Implemented","","","","",""
"Fabrication","14","General","1","Master's Mend","Fabrication 10","All","Action","Restores item durability by 30.","10","No","Implemented","","","","",""
"Fabrication","15","General","1","Steady Hand","Fabrication 20","All","Action","Increases success rate of next synthesis ability to 100%.",,,,,,,,
"Fabrication","16","Passive grants +21 synthesis progress per successful synthesis while crafting""","12","No","Implemented","","","","","","","","","","",""
"Fabrication","17","General","1","Muscle Memory","Fabrication 40","All","Action","Increases success rate of next touch ability to 100%.",,,,,,,,
"Fabrication","18","Passively grants +115 quality per successful touch while crafting.""","12","No","Implemented","","","","","","","","","","",""
"Fabrication","19","General","1","Veneration","Fabrication 25","All","Action","Reduces CP cost of Synthesis abilities by 50% for the next four actions.",,,,,,,,
"Fabrication","20","Passively grants +31 maximum CP while crafting.""","8","Yes","Implemented","","","","","","","","","","",""
"Fabrication","21","General","1","Waste Not","Fabrication 8","All","Action","Reduces loss of durability by 50% for the next four actions.","4","No","Implemented","","","","",""
"Fabrication","23","General","2","Fabrication Equipment I","Fabrication 5","All","Trait","Grants the ability to equip tier 1 Fabrication equipment.","-","-","Implemented","","","","",""
"Fabrication","24","General","3","Fabrication Equipment II","Fabrication 15","All","Trait","Grants the ability to equip tier 2 Fabrication equipment.","-","-","Implemented","","","","",""
"Fabrication","25","General","4","Fabrication Equipment III","Fabrication 25","All","Trait","Grants the ability to equip tier 3 Fabrication equipment.","-","-","Implemented","","","","",""
"Fabrication","26","General","4","Fabrication Equipment IV","Fabrication 35","All","Trait","Grants the ability to equip tier 4 Fabrication equipment.","-","-","Implemented","","","","",""
"Fabrication","27","General","5","Fabrication Equipment V","Fabrication 45","All","Trait","Grants the ability to equip tier 5 Fabrication equipment.","-","-","Implemented","","","","",""
"Fabrication","29","Fabrication","1","Furniture Blueprints I","-","All","Trait","Grants access to tier 1 Furniture blueprints.","-","-","Implemented","","","","",""
"Fabrication","30","Fabrication","1","Furniture Blueprints II","Fabrication 10","All","Trait","Grants access to tier 2 Furniture blueprints.","-","-","Implemented","","","","",""
"Fabrication","31","Fabrication","2","Furniture Blueprints III","Fabrication 20","All","Trait","Grants access to tier 3 Furniture blueprints.","-","-","Implemented","","","","",""
"Fabrication","32","Fabrication","3","Furniture Blueprints IV","Fabrication 30","All","Trait","Grants access to tier 4 Furniture blueprints.","-","-","Implemented","","","","",""
"Fabrication","33","Fabrication","3","Furniture Blueprints V","Fabrication 40","All","Trait","Grants access to tier 5 Furniture blueprints.","-","-","Implemented","","","","",""
"Fabrication","35","Fabrication","6","Structure Blueprints I","Fabrication 20","All","Trait","Grants access to tier 1 Structure blueprints.","-","-","Implemented","","","","",""
"Fabrication","36","Fabrication","6","Structure Blueprints II","Fabrication 40","All","Trait","Grants access to tier 2 Structure blueprints.","-","-","Implemented","","","","",""
"Fabrication","38","Invention","2","Research I","Fabrication 10","All","Trait","Grants ability to research tier 1 blueprints.","-","-","Implemented","","","","",""
"Fabrication","39","Invention","2","Research II","Fabrication 20","All","Trait","Grants ability to research tier 2 blueprints.","-","-","Implemented","","","","",""
"Fabrication","40","Invention","3","Research III","Fabrication 30","All","Trait","Grants ability to research tier 3 blueprints.","-","-","Implemented","","","","",""
"Fabrication","41","Invention","3","Research IV","Fabrication 40","All","Trait","Grants ability to research tier 4 blueprints.","-","-","Implemented","","","","",""
"Fabrication","42","Invention","3","Research V","Fabrication 50","All","Trait","Grants ability to research tier 5 blueprints.","-","-","Implemented","","","","",""
"Fabrication","43","Invention","3","Scientific Networking I","Fabrication 25","All","Trait","Blueprints are created with an additional licensed run.","-","-","Implemented","","","","",""
"Fabrication","44","Invention","3","Scientific Networking II","Fabrication 50","All","Trait","Blueprints are created with an additional licensed run.","-","-","Implemented","","","","",""
"Fabrication","45","Invention","2","Research Projects I","Fabrication 25","All","Trait","Increases the maximum number of concurrent research jobs by 1, for a total of 2.","-","-","Not Started","","","","",""
"Fabrication","46","Invention","3","Research Projects II","Fabrication 50","All","Trait","Increases the maximum number of concurrent research jobs by 1, for a total of 3.","-","-","Not Started","","","","",""
"Agriculture","6","Durability?""","Dev Status","Additional ",,,,,,,,,,,,
"Agriculture","8","Cooking","0","Basic Synthesis","-","All","Action","Increases progress by 10. (90% success rate)","0","Yes","Implemented","","Automatically given to all characters.","","",""
"Agriculture","9","Cooking","1","Rapid Synthesis","Agriculture 10","All","Action","Increases progress by 30. (75% success rate)","6","Yes","Implemented","","","","",""
"Agriculture","10","Cooking","1","Careful Synthesis","Agriculture 30","All","Action","Increases progress by 80. (50% success rate)","10","Yes","Implemented","","","","",""
"Agriculture","11","Cooking","1","Basic Touch","Agriculture 5","All","Action","Increases quality by 10. (90% success rate)","3","Yes","Implemented","","","","",""
"Agriculture","12","Cooking","1","Standard Touch","Agriculture 15","All","Action","Increases quality by 30. (75% success rate)","6","Yes","Implemented","","","","",""
"Agriculture","13","Cooking","1","Precise Touch","Agriculture 35","All","Action","Increases quality by 80. (50% success rate)","10","Yes","Implemented","","","","",""
"Agriculture","14","Cooking","1","Master's Mend","Agriculture 10","All","Action","Restores item durability by 30.","10","No","Implemented","","","","",""
"Agriculture","15","Cooking","1","Steady Hand","Agriculture 20","All","Action","Increases success rate of next synthesis ability to 100%.",,,,,,,,
"Agriculture","16","Passive grants +21 synthesis progress per successful synthesis while crafting""","12","No","Implemented","","","","","","","","","","",""
"Agriculture","17","Cooking","1","Muscle Memory","Agriculture 40","All","Action","Increases success rate of next touch ability to 100%.",,,,,,,,
"Agriculture","18","Passively grants +115 quality per successful touch while crafting.""","12","No","Implemented","","","","","","","","","","",""
"Agriculture","19","Cooking","1","Veneration","Agriculture 25","All","Action","Reduces CP cost of Synthesis abilities by 50% for the next four actions.",,,,,,,,
"Agriculture","20","Passively grants +31 maximum CP while crafting.""","8","Yes","Implemented","","","","","","","","","","",""
"Agriculture","21","Cooking","1","Waste Not","Agriculture 8","All","Action","Reduces loss of durability by 50% for the next four actions.","4","No","Implemented","","","","",""
"Agriculture","23","General","2","Agriculture Equipment I","Agriculture 5","All","Trait","Grants the ability to equip tier 1 Agriculture equipment.","-","-","Implemented","","","","",""
"Agriculture","24","General","3","Agriculture Equipment II","Agriculture 15","All","Trait","Grants the ability to equip tier 2 Agriculture equipment.","-","-","Implemented","","","","",""
"Agriculture","25","General","4","Agriculture Equipment III","Agriculture 25","All","Trait","Grants the ability to equip tier 3 Agriculture equipment.","-","-","Implemented","","","","",""
"Agriculture","26","General","4","Agriculture Equipment IV","Agriculture 35","All","Trait","Grants the ability to equip tier 4 Agriculture equipment.","-","-","Implemented","","","","",""
"Agriculture","27","General","5","Agriculture Equipment V","Agriculture 45","All","Trait","Grants the ability to equip tier 5 Agriculture equipment.","-","-","Implemented","","","","",""
"Agriculture","29","Cooking","1","Cooking Recipes I","-","All","Trait","Grants access to tier 1 Cooking recipes.","-","-","Implemented","","","","",""
"Agriculture","30","Cooking","1","Cooking Recipes II","Agriculture 10","All","Trait","Grants access to tier 2 Cooking recipes.","-","-","Implemented","","","","",""
"Agriculture","31","Cooking","2","Cooking Recipes III","Agriculture 20","All","Trait","Grants access to tier 3 Cooking recipes.","-","-","Implemented","","","","",""
"Agriculture","32","Cooking","3","Cooking Recipes IV","Agriculture 30","All","Trait","Grants access to tier 4 Cooking recipes.","-","-","Implemented","","","","",""
"Agriculture","33","Cooking","3","Cooking Recipes V","Agriculture 40","All","Trait","Grants access to tier 5 Cooking recipes.","-","-","Implemented","","","","",""
"Agriculture","35","Fishing","1","Fishing Rods I","-","All","Trait","Grants the ability to equip tier 1 Fishing Rods.","-","-","Implemented","","","","",""
"Agriculture","36","Fishing","1","Fishing Rods II","Agriculture 10","All","Trait","Grants the ability to equip tier 2 Fishing Rods.","-","-","Implemented","","","","",""
"Agriculture","37","Fishing","1","Fishing Rods III","Agriculture 20","All","Trait","Grants the ability to equip tier 3 Fishing Rods.","-","-","Implemented","","","","",""
"Agriculture","38","Fishing","1","Fishing Rods IV","Agriculture 30","All","Trait","Grants the ability to equip tier 4 Fishing Rods.","-","-","Implemented","","","","",""
"Agriculture","39","Fishing","2","Fishing Rods V","Agriculture 40","All","Trait","Grants the ability to equip tier 5 Fishing Rods.","-","-","Implemented","","","","",""
"Agriculture","41","Farming","1","Crop Management I","-","All","Trait","Grants the ability to plant and maintain tier 1 crops.","-","-","Not Started","","","","",""
"Agriculture","42","Farming","1","Crop Management II","Agriculture 10","All","Trait","Grants the ability to plant and maintain tier 2 crops.","-","-","Not Started","","","","",""
"Agriculture","43","Farming","1","Crop Management III","Agriculture 20","All","Trait","Grants the ability to plant and maintain tier 3 crops.","-","-","Not Started","","","","",""
"Agriculture","44","Farming","1","Crop Management IV","Agriculture 30","All","Trait","Grants the ability to plant and maintain tier 4 crops.","-","-","Not Started","","","","",""
"Agriculture","45","Farming","2","Crop Management V","Agriculture 40","All","Trait","Grants the ability to plant and maintain tier 5 crops.","-","-","Not Started","","","","",""
"Gathering","6","General","3","Treasure Hunter I","Gathering 15","All","Trait","Increases the chance to find rare items by 10.","-","-","-","-","Implemented","","",""
"Gathering","7","General","3","Treasure Hunter II","Gathering 30","All","Trait","Increases the chance to find rare items by 20.","-","-","-","-","Implemented","","",""
"Gathering","8","General","4","Treasure Hunter III","Gathering 45","All","Trait","Increases the chance to find rare items by 30.","-","-","-","-","Implemented","","",""
"Gathering","9","General","3","Creditfinder I","Gathering 20","All","Trait","Increases the amount of credits found by 20%.","-","-","-","-","Implemented","","",""
"Gathering","10","General","3","Creditfinder II","Gathering 40","All","Trait","Increases the amount of credits found by 40%.","-","-","-","-","Implemented","","",""
"Gathering","11","General","4","Creditfinder III","Gathering 50","All","Trait","Increases the amount of credits found by 60%.","-","-","-","-","Implemented","","",""
"Gathering","12","Harvesting","1","Harvesting I","-","All","Trait","You can use tier 1 harvesters.","-","-","-","-","Implemented","","",""
"Gathering","13","Harvesting","1","Harvesting II","Gathering 10","All","Trait","You can use tier 2 harvesters.","-","-","-","-","Implemented","","",""
"Gathering","14","Harvesting","2","Harvesting III","Gathering 20","All","Trait","You can use tier 3 harvesters.","-","-","-","-","Implemented","","",""
"Gathering","15","Harvesting","3","Harvesting IV","Gathering 30","All","Trait","You can use tier 4 harvesters.","-","-","-","-","Implemented","","",""
"Gathering","16","Harvesting","3","Harvesting V","Gathering 40","All","Trait","You can use tier 5 harvesters.","-","-","-","-","Implemented","","",""
"Gathering","17","Harvesting","1","Refining I","-","All","Trait","You can refine Veldite and Tilarium.","-","-","-","-","Implemented","","",""
"Gathering","18","Harvesting","1","Refining II","Gathering 10","All","Trait","You can refine Veldite, Tilarium, Scordspar, and Currian.","-","-","-","-","Implemented","","",""
"Gathering","19","Harvesting","2","Refining III","Gathering 20","All","Trait","You can refine Veldite, Tilarium, Scordspar, Currian, Plagionite, and Idalia.","-","-","-","-","Implemented","","",""
"Gathering","20","Harvesting","3","Refining IV","Gathering 30","All","Trait","You can refine Veldite, Tilarium, Scordspar, Currian, Plagionite, Idailia, Keromber, and Barinium.","-","-","-","-","Implemented","","",""
"Gathering","21","Harvesting","3","Refining V","Gathering 40","All","Trait","You can refine Veldite, Tilarium, Scordspar, Currian, Plagionite, Idailia, Keromber, Barinium, Jasioclase, and Gostian.","-","-","-","-","Implemented","","",""
"Gathering","22","Harvesting","1","Refinery Management I","-","All","Trait","Power cores refine one additional item.","-","-","-","-","Implemented","","",""
"Gathering","23","Harvesting","1","Refinery Management II","Gathering 10","All","Trait","Power cores refine two additional items.","-","-","-","-","Implemented","","",""
"Gathering","24","Harvesting","2","Refinery Management III","Gathering 20","All","Trait","Power cores refine three additional items.","-","-","-","-","Implemented","","",""
"Gathering","25","Harvesting","2","Refinery Management IV","Gathering 30","All","Trait","Power cores refine four additional items.","-","-","-","-","Implemented","","",""
"Gathering","26","Harvesting","2","Refinery Management V","Gathering 40","All","Trait","Power cores refine five additional items.","-","-","-","-","Implemented","","",""
"Gathering","27","Harvesting","2","Refinery Management VI","Gathering 45","All","Trait","Power cores refine six additional items.","-","-","-","-","Implemented","","",""
"Gathering","28","Scavenging","1","Scavenging I","-","All","Trait","You can scavenge tier 1 resources.","-","-","-","-","Implemented","","",""
"Gathering","29","Scavenging","1","Scavenging II","Gathering 10","All","Trait","You can scavenge tier 2 resources.","-","-","-","-","Implemented","","",""
"Gathering","30","Scavenging","2","Scavenging III","Gathering 20","All","Trait","You can scavenge tier 3 resources.","-","-","-","-","Implemented","","",""
"Gathering","31","Scavenging","3","Scavenging IV","Gathering 30","All","Trait","You can scavenge tier 4 resources.","-","-","-","-","Implemented","","",""
"Gathering","32","Scavenging","3","Scavenging V","Gathering 40","All","Trait","You can scavenge tier 5 resources.","-","-","-","-","Implemented","","",""
"Gathering","33","Scavenging","1","Hard Look I","-","All","Trait","Grants a 10% chance to search a second time at each search site.","-","-","-","-","Implemented","","",""
"Gathering","34","Scavenging","1","Hard Look II","Gathering 10","All","Trait","Grants a 20% chance to search a second time at each search site.","-","-","-","-","Implemented","","",""
"Gathering","35","Scavenging","2","Hard Look III","Gathering 20","All","Trait","Grants a 30% chance to search a second time at each search site.","-","-","-","-","Implemented","","",""
"Gathering","36","Scavenging","3","Hard Look IV","Gathering 30","All","Trait","Grants a 40% chance to search a second time at each search site.","-","-","-","-","Implemented","","",""
"Gathering","37","Scavenging","3","Hard Look V","Gathering 40","All","Trait","Grants a 50% chance to search a second time at each search site.","-","-","-","-","Implemented","","",""
