"Verdict","Scope","Tab","BibleRow","Style","BiblePrice","CodePrice","PerkName","BibleSkillRequirements","CodeRequirements","BibleCharacterType","BibleType","BiblePrimaryStat","BibleSecondaryStat","BibleScalingSource","BibleCrossSkill","BibleFP","BibleSTM","BibleCastingTime","BibleCooldownTime","BibleDevStatus","BibleAdditionalRequirements","BibleNotes","BibleDescription","CodeDescription","CodePerk","GrantedFeats","AbilityEvidence","FeatDescriptionEvidence","SpellDescriptionEvidence","Findings"
"PASS","Scoped implemented","Armor","8","General","2.0","2","Provoke I","Armor 5","Armor 5","All","Combat","VIT","None","Explicit Code","","-","-","1 second","6 seconds","Implemented","No","Replaced by Provoke II at rank 2; lower-rank active ability feat is removed. Droid instruction AI slots: 1.","Goads a single target into attacking you. Enmity generated increases by 1% per VIT.","Goads a single target into attacking you. Enmity generated increases by 1% per VIT.","Provoke/General/Provoke rank 1","Provoke1","Provoke1: ProvokeAbilityDefinition.cs name='Provoke I' level=1 skill=Invalid activation=Casted FP=- STM=- cast=1 cooldown=6","Provoke1: PASS exact Bible text TLK 82924","Provoke1: PASS exact Bible text TLK 82924",""
"PASS","Scoped implemented","Armor","9","General","3.0","3","Provoke II","Armor 15","Armor 15","All","Combat","VIT","None","Explicit Code","","-","-","1 second","12 seconds","Implemented","No","Replacement tier: selected target must receive the full single-target effect before nearby enemies are added. Droid instruction AI slots: 2.","Goads the selected target and all other enemies within 8m of it into attacking you.
Enmity generated increases by 1% per VIT.","Goads the selected target and all other enemies within 8m of it into attacking you. Enmity generated increases by 1% per VIT.","Provoke/General/Provoke rank 2","Provoke2","Provoke2: ProvokeAbilityDefinition.cs name='Provoke II' level=2 skill=Invalid activation=Casted FP=- STM=- cast=1 cooldown=12","Provoke2: PASS exact Bible text TLK 82926","Provoke2: PASS exact Bible text TLK 82926",""
"PASS","Scoped implemented","Armor","10","General","2.0","2","Dual Wield I","Armor 5","Armor 5","All","Trait","None","None","None","","-","-","-","-","Implemented","","Mixed weapon types are valid; legal off-hand behavior is handled by the combat system.","Off-hand attack delay is reduced by 10% when making off-hand attacks.","Off-hand attack delay is reduced by 10% when making off-hand attacks.","DualWield/General/Dual Wield rank 1","DualWieldTrait","DualWieldTrait: no active ability definition","DualWieldTrait: PASS exact Bible text TLK 4067","-",""
"PASS","Scoped implemented","Armor","11","General","3.0","3","Dual Wield II","Armor 25","Armor 25","All","Trait","None","None","None","","-","-","-","-","Implemented","","Mixed weapon types are valid; legal off-hand behavior is handled by the combat system.","Off-hand attack delay is reduced by 20% total when making off-hand attacks.","Off-hand attack delay is reduced by 20% total when making off-hand attacks.","DualWield/General/Dual Wield rank 2","","-","-","-",""
"PASS","Scoped implemented","Armor","12","General","4.0","4","Dual Wield III","Armor 40","Armor 40","All","Trait","None","None","None","","-","-","-","-","Implemented","","Mixed weapon types are valid; legal off-hand behavior is handled by the combat system.","Off-hand attack delay is reduced by 30% total when making off-hand attacks.","Off-hand attack delay is reduced by 30% total when making off-hand attacks.","DualWield/General/Dual Wield rank 3","","-","-","-",""
"PASS","Scoped implemented","Armor","13","General","2.0","2","Alertness I","Armor 5","Armor 5","All","Trait","None","None","None","","-","-","-","-","Implemented","","Counter to Espionage Stealth for characters without Espionage investment. Flat Detection: at equal SP a dedicated stealth build wins the opposed check; Detection equipment and Detect mode close the gap.","Increases Detection by 10, improving your chance to notice stealthed creatures.","Increases Detection by 10, improving your chance to notice stealthed creatures.","Alertness/General/Alertness rank 1","AlertnessTrait","AlertnessTrait: no active ability definition","AlertnessTrait: PASS exact Bible text TLK 6100","-",""
"PASS","Scoped implemented","Armor","14","General","3.0","3","Alertness II","Armor 25","Armor 25","All","Trait","None","None","None","","-","-","-","-","Implemented","","Counter to Espionage Stealth for characters without Espionage investment. Flat Detection: at equal SP a dedicated stealth build wins the opposed check; Detection equipment and Detect mode close the gap.","Increases Detection by 15, improving your chance to notice stealthed creatures.","Increases Detection by 15, improving your chance to notice stealthed creatures.","Alertness/General/Alertness rank 2","","-","-","-",""
"PASS","Scoped implemented","Armor","15","General","4.0","4","Alertness III","Armor 40","Armor 40","All","Trait","None","None","None","","-","-","-","-","Implemented","","Counter to Espionage Stealth for characters without Espionage investment. Flat Detection: at equal SP a dedicated stealth build wins the opposed check; Detection equipment and Detect mode close the gap.","Increases Detection by 20, improving your chance to notice stealthed creatures.","Increases Detection by 20, improving your chance to notice stealthed creatures.","Alertness/General/Alertness rank 3","","-","-","-",""
"PASS","Scoped implemented","Vibroblade","9","Frenzy","2.0","2","Riot Blade I","Vibroblade 2","Vibroblade 2","All","Combat","MGT","PER","Combat Formula","Yes","-","3.0","Queued","18 seconds","Implemented","","","On your next hit, deal weapon DMG + 10.","On your next hit, deal weapon DMG + 10.","RiotBlade/VibrobladeOffense/Riot Blade rank 1","RiotBlade1","RiotBlade1: RiotBladeAbilityDefinition.cs name='Riot Blade I' level=1 skill=Vibroblade activation=Weapon FP=- STM=3 cast=0 cooldown=18","RiotBlade1: PASS exact Bible text TLK 1624","RiotBlade1: PASS exact Bible text TLK 1624",""
"PASS","Scoped implemented","Vibroblade","10","Frenzy","2.0","2","Executioner I","Vibroblade 5","Vibroblade 5","All","Trait","None","None","None","Yes","-","-","-","-","Implemented","","","Deal +8% damage to targets below 25% HP.","Deal +8% damage to targets below 25% HP.","Executioner/VibrobladeOffense/Executioner rank 1","ExecutionerTrait","ExecutionerTrait: no active ability definition","ExecutionerTrait: PASS exact Bible text TLK 4205","-",""
"PASS","Scoped implemented","Vibroblade","11","Frenzy","2.0","2","Rundown I","Vibroblade 8","Vibroblade 8","All","Trait","None","None","None","Yes","-","-","-","-","Implemented","","","Each consecutive melee attack against the same target grants Rundown, giving +1 DMG to auto-attack against that target, up to five stacks.","Each consecutive melee attack against the same target grants Rundown, giving +1 DMG to auto-attack against that target, up to five stacks.","Rundown/VibrobladeOffense/Rundown rank 1","RundownTrait","RundownTrait: no active ability definition","RundownTrait: PASS exact Bible text TLK 5502","-",""
"PASS","Scoped implemented","Vibroblade","12","Frenzy","2.0","2","Savage Cleave I","Vibroblade 10","Vibroblade 10","All","Combat","MGT","PER","Combat Formula","Yes","-","4.0","Instant","24 seconds","Implemented","","","Deal weapon DMG + 10 in a 5m radius around you.","Deal weapon DMG + 10 in a 5m radius around you.","SavageCleave/VibrobladeOffense/Savage Cleave rank 1","SavageCleave1","SavageCleave1: SavageCleaveAbilityDefinition.cs name='Savage Cleave I' level=1 skill=Vibroblade activation=Casted FP=- STM=4 cast=0 cooldown=24","SavageCleave1: PASS exact Bible text TLK 1640","SavageCleave1: PASS exact Bible text TLK 1640",""
"PASS","Scoped implemented","Vibroblade","13","Frenzy","2.0","2","Riot Blade II","Vibroblade 12","Vibroblade 12","All","Combat","MGT","PER","Combat Formula","Yes","-","4.0","Queued","18 seconds","Implemented","","","On your next hit, deal weapon DMG + 15.","On your next hit, deal weapon DMG + 15.","RiotBlade/VibrobladeOffense/Riot Blade rank 2","RiotBlade2","RiotBlade2: RiotBladeAbilityDefinition.cs name='Riot Blade II' level=2 skill=Vibroblade activation=Weapon FP=- STM=4 cast=0 cooldown=18","RiotBlade2: PASS exact Bible text TLK 5289","RiotBlade2: PASS exact Bible text TLK 5289",""
"PASS","Scoped implemented","Vibroblade","14","Frenzy","4.0","4","Savage Reflexes","Vibroblade 15","Vibroblade 15","All","Trait","None","None","None","Yes","-","-","-","-","Implemented","","","Auto-attacks have a 15% chance to deal +10 DMG.","Auto-attacks have a 15% chance to deal +10 DMG.","SavageReflexes/VibrobladeOffense/Savage Reflexes rank 1","SavageReflexesTrait","SavageReflexesTrait: no active ability definition","SavageReflexesTrait: PASS exact Bible text TLK 4210","-",""
"PASS","Scoped implemented","Vibroblade","15","Frenzy","3.0","3","Rending Strike I","Vibroblade 18","Vibroblade 18","All","Combat","MGT","PER","Combat Formula","Yes","-","8.0","Instant","45 seconds","Implemented","","","Deals weapon DMG + 18. Inflicts Exposed which reduces Defense by 15% for 30 seconds.","Deals weapon DMG + 18. Inflicts Exposed which reduces Defense by 15% for 30 seconds.","RendingStrike/VibrobladeOffense/Rending Strike rank 1","RendingStrike1","RendingStrike1: RendingStrikeAbilityDefinition.cs name='Rending Strike I' level=1 skill=Invalid activation=Casted FP=- STM=8 cast=0 cooldown=45","RendingStrike1: PASS exact Bible text TLK 5282","RendingStrike1: PASS exact Bible text TLK 5282",""
"PASS","Scoped implemented","Vibroblade","16","Frenzy","4.0","4","Berserker Stance","Vibroblade 20","Vibroblade 20","All","Stance","None","None","None","Yes","-","-","2 seconds","30 seconds","Implemented","","","While active, grants +25% Attack, +15% Haste, -20% Defense, and -20% Force Defense.","While active, grants +25% Attack, +15% Haste, -20% Defense, and -20% Force Defense.","BerserkerStance/VibrobladeOffense/Berserker Stance rank 1","BerserkerStance1","BerserkerStance1: BerserkerStanceAbilityDefinition.cs name='Berserker Stance' level=1 skill=Invalid activation=Casted FP=- STM=- cast=2 cooldown=30","BerserkerStance1: PASS exact Bible text TLK 81800","BerserkerStance1: PASS exact Bible text TLK 81800",""
"PASS","Scoped implemented","Vibroblade","17","Frenzy","4.0","4","Rundown II","Vibroblade 22","Vibroblade 22","All","Trait","None","None","None","Yes","-","-","-","-","Implemented","","","Each consecutive melee attack against the same target grants Rundown, giving +2 DMG to auto-attack against that target, up to five stacks.","Each consecutive melee attack against the same target grants Rundown, giving +2 DMG to auto-attack against that target, up to five stacks.","Rundown/VibrobladeOffense/Rundown rank 2","","-","-","-",""
"PASS","Scoped implemented","Vibroblade","18","Frenzy","4.0","4","Follow-Through","Vibroblade 25","Vibroblade 25","All","Trait","MGT","PER","Combat Formula","Yes","-","-","-","-","Implemented","","","Every third melee auto-attack deals an additional +10 Damage.","Every third melee auto-attack deals an additional +10 Damage.","FollowThrough/VibrobladeOffense/Follow-Through rank 1","FollowThroughTrait","FollowThroughTrait: no active ability definition","FollowThroughTrait: PASS exact Bible text TLK 5504","-",""
"PASS","Scoped implemented","Vibroblade","19","Frenzy","3.0","3","Riot Blade III","Vibroblade 28","Vibroblade 28","All","Combat","MGT","PER","Combat Formula","Yes","-","5.0","Queued","18 seconds","Implemented","","","On your next hit, deal weapon DMG + 20.","On your next hit, deal weapon DMG + 20.","RiotBlade/VibrobladeOffense/Riot Blade rank 3","RiotBlade3","RiotBlade3: RiotBladeAbilityDefinition.cs name='Riot Blade III' level=3 skill=Vibroblade activation=Weapon FP=- STM=5 cast=0 cooldown=18","RiotBlade3: PASS exact Bible text TLK 1626","RiotBlade3: PASS exact Bible text TLK 1626",""
"PASS","Scoped implemented","Vibroblade","20","Frenzy","4.0","4","Savage Cleave II","Vibroblade 30","Vibroblade 30","All","Combat","MGT","PER","Combat Formula","Yes","-","6.0","Instant","24 seconds","Implemented","","","Deal weapon DMG + 15 in a 5m radius around you and restore 2 STM per secondary target hit.","Deal weapon DMG + 15 in a 5m radius around you and restore 2 STM per secondary target hit.","SavageCleave/VibrobladeOffense/Savage Cleave rank 2","SavageCleave2","SavageCleave2: SavageCleaveAbilityDefinition.cs name='Savage Cleave II' level=2 skill=Vibroblade activation=Casted FP=- STM=6 cast=0 cooldown=24","SavageCleave2: PASS exact Bible text TLK 4223","SavageCleave2: PASS exact Bible text TLK 4223",""
"PASS","Scoped implemented","Vibroblade","21","Frenzy","3.0","3","Rending Strike II","Vibroblade 32","Vibroblade 32","All","Combat","MGT","PER","Combat Formula","Yes","-","10.0","Instant","45 seconds","Implemented","","","Deals weapon DMG + 32. Inflicts Exposed which reduces Defense by 15% for 30 seconds.","Deals weapon DMG + 32. Inflicts Exposed which reduces Defense by 15% for 30 seconds.","RendingStrike/VibrobladeOffense/Rending Strike rank 2","RendingStrike2","RendingStrike2: RendingStrikeAbilityDefinition.cs name='Rending Strike II' level=2 skill=Invalid activation=Casted FP=- STM=10 cast=0 cooldown=45","RendingStrike2: PASS exact Bible text TLK 5283","RendingStrike2: PASS exact Bible text TLK 5283",""
"PASS","Scoped implemented","Vibroblade","22","Frenzy","2.0","2","Executioner II","Vibroblade 35","Vibroblade 35","All","Trait","None","None","None","Yes","-","-","-","-","Implemented","","","Deal +10% damage to targets below 25% HP.","Deal +10% damage to targets below 25% HP.","Executioner/VibrobladeOffense/Executioner rank 2","","-","-","-",""
"PASS","Scoped implemented","Vibroblade","23","Frenzy","4.0","4","Savage Cleave III","Vibroblade 38","Vibroblade 38","All","Combat","MGT","PER","Combat Formula","Yes","-","8.0","Instant","24 seconds","Implemented","","","Deal weapon DMG + 20 in a 5m radius around you and restore 2 STM per secondary target hit.","Deal weapon DMG + 20 in a 5m radius around you and restore 2 STM per secondary target hit.","SavageCleave/VibrobladeOffense/Savage Cleave rank 3","SavageCleave3","SavageCleave3: SavageCleaveAbilityDefinition.cs name='Savage Cleave III' level=3 skill=Vibroblade activation=Casted FP=- STM=8 cast=0 cooldown=24","SavageCleave3: PASS exact Bible text TLK 5506","SavageCleave3: PASS exact Bible text TLK 5506",""
"PASS","Scoped implemented","Vibroblade","24","Frenzy","5.0","5","Riot Blade IV","Vibroblade 40","Vibroblade 40","All","Combat","MGT","PER","Combat Formula","Yes","-","6.0","Queued","18 seconds","Implemented","","","On your next hit, deal weapon DMG + 25.","On your next hit, deal weapon DMG + 25.","RiotBlade/VibrobladeOffense/Riot Blade rank 4","RiotBlade4","RiotBlade4: RiotBladeAbilityDefinition.cs name='Riot Blade IV' level=4 skill=Vibroblade activation=Weapon FP=- STM=6 cast=0 cooldown=18","RiotBlade4: PASS exact Bible text TLK 5508","RiotBlade4: PASS exact Bible text TLK 5508",""
"PASS","Scoped implemented","Vibroblade","25","Frenzy","4.0","4","Rundown III","Vibroblade 45","Vibroblade 45","All","Trait","None","None","None","Yes","-","-","-","-","Implemented","","","Each consecutive melee attack against the same target grants Rundown, giving +3 DMG to auto-attack against that target, up to five stacks.","Each consecutive melee attack against the same target grants Rundown, giving +3 DMG to auto-attack against that target, up to five stacks.","Rundown/VibrobladeOffense/Rundown rank 3","","-","-","-",""
"PASS","Scoped implemented","Vibroblade","26","Frenzy","6.0","6","Blood Frenzy","Vibroblade 50","Vibroblade 50; Quest blood_frenzy_mastery","All","Capstone","None","None","None","Yes","-","-","-","-","Implemented","Blood Frenzy final quest","","Defeating an enemy restores 10 STM and grants +8% Haste for 30 seconds.","Defeating an enemy restores 10 STM and grants +8% Haste for 30 seconds.","BloodFrenzy/VibrobladeOffense/Blood Frenzy rank 1","BloodFrenzyTrait","BloodFrenzyTrait: no active ability definition","BloodFrenzyTrait: PASS exact Bible text TLK 4202","-",""
"PASS","Scoped implemented","Vibroblade","29","Bulwark","2.0","2","Shield Bash I","Vibroblade 2","Vibroblade 2","All","Combat","MGT","PER","Combat Formula","Yes","-","3.0","Queued","20 seconds","Implemented","","","On your next hit, deal weapon DMG and an additional instance of damage equal to 4% of your Physical Defense.","On your next hit, deal weapon DMG and an additional instance of damage equal to 4% of your Physical Defense.","ShieldBash/VibrobladeDefense/Shield Bash rank 1","ShieldBash1","ShieldBash1: ShieldBashAbilityDefinition.cs name='Shield Bash I' level=1 skill=Vibroblade activation=Weapon FP=- STM=3 cast=0 cooldown=20","ShieldBash1: PASS exact Bible text TLK 5286","ShieldBash1: PASS exact Bible text TLK 5286",""
"PASS","Scoped implemented","Vibroblade","30","Bulwark","2.0","2","Shield Training","Vibroblade 5","Vibroblade 5","All","Trait","None","None","None","Yes","-","-","-","-","Implemented","","","When you deflect an attack with a shield, reduce the active cooldown of Shield Bash by 2 seconds.","When you deflect an attack with a shield, reduce the active cooldown of Shield Bash by 2 seconds.","ShieldTraining/VibrobladeDefense/Shield Training rank 1","ShieldTrainingTrait","ShieldTrainingTrait: no active ability definition","ShieldTrainingTrait: PASS exact Bible text TLK 5239","-",""
"PASS","Scoped implemented","Vibroblade","31","Bulwark","2.0","2","Bulwark I","Vibroblade 8","Vibroblade 8","All","Trait","None","None","None","Yes","-","-","-","-","Implemented","","","Grants +15 Shield Deflection and +8% Physical Defense while a shield is equipped.","Grants +15 Shield Deflection and +8% Physical Defense while a shield is equipped.","Bulwark/VibrobladeDefense/Bulwark rank 1","BulwarkTrait","BulwarkTrait: no active ability definition","BulwarkTrait: PASS exact Bible text TLK 192542","-",""
"PASS","Scoped implemented","Vibroblade","32","Bulwark","2.0","2","Covering Strike I","Vibroblade 10","Vibroblade 10","All","Combat","MGT","PER","Combat Formula","Yes","-","6.0","Instant","30 seconds","Implemented","","","Strike all enemies within 5m for weapon DMG + 15. Enemies hit generate +25% Enmity toward you for 30 seconds.","Strike all enemies within 5m for weapon DMG + 15. Enemies hit generate +25% Enmity toward you for 30 seconds.","CoveringStrike/VibrobladeDefense/Covering Strike rank 1","CoveringStrike1","CoveringStrike1: CoveringStrikeAbilityDefinition.cs name='Covering Strike I' level=1 skill=Vibroblade activation=Casted FP=- STM=6 cast=0 cooldown=30","CoveringStrike1: PASS exact Bible text TLK 192543","CoveringStrike1: PASS exact Bible text TLK 192543",""
"PASS","Scoped implemented","Vibroblade","33","Bulwark","2.0","2","Shield Bash II","Vibroblade 12","Vibroblade 12","All","Combat","MGT","PER","Combat Formula","Yes","-","5.0","Queued","20 seconds","Implemented","","","On your next hit, deal weapon DMG and an additional instance of damage equal to 6% of your Physical Defense.","On your next hit, deal weapon DMG and an additional instance of damage equal to 6% of your Physical Defense.","ShieldBash/VibrobladeDefense/Shield Bash rank 2","ShieldBash2","ShieldBash2: ShieldBashAbilityDefinition.cs name='Shield Bash II' level=2 skill=Vibroblade activation=Weapon FP=- STM=5 cast=0 cooldown=20","ShieldBash2: PASS exact Bible text TLK 5287","ShieldBash2: PASS exact Bible text TLK 5287",""
"PASS","Scoped implemented","Vibroblade","34","Bulwark","4.0","4","Fortification","Vibroblade 15","Vibroblade 15","All","Trait","None","None","None","Yes","-","-","-","-","Implemented","","","Grants +15 Mind Resistance rating, +15 Trauma Resistance rating, and +15 Mobility Resistance rating.","Grants +15 Mind Resistance rating, +15 Trauma Resistance rating, and +15 Mobility Resistance rating.","Fortification/VibrobladeDefense/Fortification rank 1","FortificationTrait","FortificationTrait: no active ability definition","FortificationTrait: PASS exact Bible text TLK 4206","-",""
"PASS","Scoped implemented","Vibroblade","35","Bulwark","3.0","3","Shield Wall I","Vibroblade 18","Vibroblade 18","All","Combat","MGT","PER","Combat Formula","Yes","-","10.0","30 seconds","45 seconds","Implemented","","","Channel for up to 30 seconds. While channeling you and any allies within 5m gain 20% damage reduction.","Channel for up to 30 seconds. While channeling you and any allies within 5m gain 20% damage reduction.","ShieldWall/VibrobladeDefense/Shield Wall rank 1","ShieldWall1","ShieldWall1: ShieldWallAbilityDefinition.cs name='Shield Wall I' level=1 skill=Invalid activation=Casted FP=- STM=10 cast=30 cooldown=45","ShieldWall1: PASS exact Bible text TLK 1664","ShieldWall1: PASS exact Bible text TLK 1664",""
"PASS","Scoped implemented","Vibroblade","36","Bulwark","4.0","4","Defensive Stance","Vibroblade 20","Vibroblade 20","All","Stance","None","None","None","Yes","-","-","2 seconds","30 seconds","Implemented","","","While active, grants +30% Enmity generation, +20% Defense and +20% Force Defense, -20% Attack, and -20% Force Attack.","While active, grants +30% Enmity generation, +20% Defense and +20% Force Defense, -20% Attack, and -20% Force Attack.","DefensiveStance/VibrobladeDefense/Defensive Stance rank 1","DefensiveStance1","DefensiveStance1: DefensiveStanceAbilityDefinition.cs name='Defensive Stance' level=1 skill=Invalid activation=Casted FP=- STM=- cast=2 cooldown=30","DefensiveStance1: PASS exact Bible text TLK 5509","DefensiveStance1: PASS exact Bible text TLK 5509",""
"PASS","Scoped implemented","Vibroblade","37","Bulwark","4.0","4","Bulwark II","Vibroblade 22","Vibroblade 22","All","Trait","None","None","None","Yes","-","-","-","-","Implemented","","","Grants +25 Shield Deflection and +10% Physical Defense while a shield is equipped.","Grants +25 Shield Deflection and +10% Physical Defense while a shield is equipped.","Bulwark/VibrobladeDefense/Bulwark rank 2","","-","-","-",""
"PASS","Scoped implemented","Vibroblade","38","Bulwark","4.0","4","Alacrity","Vibroblade 25","Vibroblade 25","All","Trait","None","None","None","Yes","-","-","-","-","Implemented","","","Restore 4 STM when your shield deflects an attack. This can only trigger once every 6 seconds.","Restore 4 STM when your shield deflects an attack. This can only trigger once every 6 seconds.","Alacrity/VibrobladeDefense/Alacrity rank 1","AlacrityTrait","AlacrityTrait: no active ability definition","AlacrityTrait: PASS exact Bible text TLK 4208","-",""
"PASS","Scoped implemented","Vibroblade","39","Bulwark","3.0","3","Shield Bash III","Vibroblade 28","Vibroblade 28","All","Combat","MGT","PER","Combat Formula","Yes","-","6.0","Queued","20 seconds","Implemented","","","On your next hit, deal weapon DMG and an additional instance of damage equal to 8% of your Physical Defense.","On your next hit, deal weapon DMG and an additional instance of damage equal to 8% of your Physical Defense.","ShieldBash/VibrobladeDefense/Shield Bash rank 3","ShieldBash3","ShieldBash3: ShieldBashAbilityDefinition.cs name='Shield Bash III' level=3 skill=Vibroblade activation=Weapon FP=- STM=6 cast=0 cooldown=20","ShieldBash3: PASS exact Bible text TLK 5288","ShieldBash3: PASS exact Bible text TLK 5288",""
"PASS","Scoped implemented","Vibroblade","40","Bulwark","4.0","4","Covering Strike II","Vibroblade 30","Vibroblade 30","All","Combat","MGT","PER","Combat Formula","Yes","-","6.0","Instant","30 seconds","Implemented","","","Strike all enemies within 5m for weapon DMG + 25. Enemies hit generate +25% Enmity toward you for 30 seconds.","Strike all enemies within 5m for weapon DMG + 25. Enemies hit generate +25% Enmity toward you for 30 seconds.","CoveringStrike/VibrobladeDefense/Covering Strike rank 2","CoveringStrike2","CoveringStrike2: CoveringStrikeAbilityDefinition.cs name='Covering Strike II' level=2 skill=Vibroblade activation=Casted FP=- STM=6 cast=0 cooldown=30","CoveringStrike2: PASS exact Bible text TLK 4268","CoveringStrike2: PASS exact Bible text TLK 4268",""
"PASS","Scoped implemented","Vibroblade","41","Bulwark","3.0","3","Shield Wall II","Vibroblade 32","Vibroblade 32","All","Combat","MGT","PER","Combat Formula","Yes","-","10.0","30 seconds","45 seconds","Implemented","","","Channel for up to 30 seconds. While channeling you and any allies within 5m gain 35% damage reduction.","Channel for up to 30 seconds. While channeling you and any allies within 5m gain 35% damage reduction.","ShieldWall/VibrobladeDefense/Shield Wall rank 2","ShieldWall2","ShieldWall2: ShieldWallAbilityDefinition.cs name='Shield Wall II' level=2 skill=Invalid activation=Casted FP=- STM=10 cast=30 cooldown=45","ShieldWall2: PASS exact Bible text TLK 4270","ShieldWall2: PASS exact Bible text TLK 4270",""
"PASS","Scoped implemented","Vibroblade","42","Bulwark","2.0","2","Unbreakable","Vibroblade 35","Vibroblade 35","All","Trait","None","None","None","Yes","-","-","-","-","Implemented","","","When reduced below 25% HP, gain 40% Physical Defense for 30 seconds. Once per 3 minutes.","When reduced below 25% HP, gain 40% Physical Defense for 30 seconds. Once per 3 minutes.","Unbreakable/VibrobladeDefense/Unbreakable rank 1","UnbreakableTrait","UnbreakableTrait: no active ability definition","UnbreakableTrait: PASS exact Bible text TLK 5240","-",""
"PASS","Scoped implemented","Vibroblade","43","Bulwark","4.0","4","Covering Strike III","Vibroblade 38","Vibroblade 38","All","Combat","MGT","PER","Combat Formula","Yes","-","8.0","Instant","30 seconds","Implemented","","","Strike all enemies within 5m for weapon DMG + 30. Enemies hit generate +25% Enmity toward you for 30 seconds.","Strike all enemies within 5m for weapon DMG + 30. Enemies hit generate +25% Enmity toward you for 30 seconds.","CoveringStrike/VibrobladeDefense/Covering Strike rank 3","CoveringStrike3","CoveringStrike3: CoveringStrikeAbilityDefinition.cs name='Covering Strike III' level=3 skill=Vibroblade activation=Casted FP=- STM=8 cast=0 cooldown=30","CoveringStrike3: PASS exact Bible text TLK 4272","CoveringStrike3: PASS exact Bible text TLK 4272",""
"PASS","Scoped implemented","Vibroblade","44","Bulwark","5.0","5","Shield Bash IV","Vibroblade 40","Vibroblade 40","All","Combat","MGT","PER","Combat Formula","Yes","-","8.0","Queued","20 seconds","Implemented","","","On your next hit, deal weapon DMG and an additional instance of damage equal to 10% of your Physical Defense.","On your next hit, deal weapon DMG and an additional instance of damage equal to 10% of your Physical Defense.","ShieldBash/VibrobladeDefense/Shield Bash rank 4","ShieldBash4","ShieldBash4: ShieldBashAbilityDefinition.cs name='Shield Bash IV' level=4 skill=Vibroblade activation=Weapon FP=- STM=8 cast=0 cooldown=20","ShieldBash4: PASS exact Bible text TLK 4274","ShieldBash4: PASS exact Bible text TLK 4274",""
"PASS","Scoped implemented","Vibroblade","45","Bulwark","4.0","4","Bulwark III","Vibroblade 45","Vibroblade 45","All","Trait","None","None","None","Yes","-","-","-","-","Implemented","","","Grants +35 Shield Deflection and +12% Physical Defense while a shield is equipped.","Grants +35 Shield Deflection and +12% Physical Defense while a shield is equipped.","Bulwark/VibrobladeDefense/Bulwark rank 3","","-","-","-",""
"PASS","Scoped implemented","Vibroblade","46","Bulwark","6.0","6","Invincible","Vibroblade 50","Vibroblade 50; Quest invincible_mastery","All","Capstone","MGT","PER","Combat Formula","Yes","-","15.0","1 second","90 seconds","Implemented","","","For 45 seconds, you take 50% less physical damage and are immune to Knockdown and Dazed.","For 45 seconds, you take 50% less physical damage and are immune to Knockdown and Dazed.","Invincible/VibrobladeDefense/Invincible rank 1","Invincible1","Invincible1: InvincibleAbilityDefinition.cs name='Invincible' level=1 skill=Invalid activation=Casted FP=- STM=15 cast=1 cooldown=90","Invincible1: PASS exact Bible text TLK 3819","Invincible1: PASS exact Bible text TLK 3819",""
"PASS","Scoped implemented","Vibroknife","9","Shadow","2.0","2","Pathogen Strike I","Vibroknife 2","Vibroknife 2","All","Combat","MGT","PER","Combat Formula","Yes","-","3.0","Queued","12 seconds","Implemented","","","Deals weapon DMG + 6. Extends your Venom and Infection effects on the target by 4 seconds.","Deals weapon DMG + 6. Extends your Venom and Infection effects on the target by 4 seconds.","PathogenStrike/VibroknifeShadow/Pathogen Strike rank 1","PathogenStrike1","PathogenStrike1: PathogenStrikeAbilityDefinition.cs name='Pathogen Strike I' level=1 skill=Vibroknife activation=Weapon FP=- STM=3 cast=0 cooldown=12","PathogenStrike1: PASS exact Bible text TLK 5969","PathogenStrike1: PASS exact Bible text TLK 5969",""
"PASS","Scoped implemented","Vibroknife","10","Shadow","2.0","2","Hypermetabolize","Vibroknife 5","Vibroknife 5","All","Trait","None","None","None","Yes","-","-","-","-","Implemented","","","Reduces incoming healing on targets affected by your Venom by 15%.","Reduces incoming healing on targets affected by your Venom by 15%.","Hypermetabolize/VibroknifeShadow/Hypermetabolize rank 1","HypermetabolizeTrait","HypermetabolizeTrait: no active ability definition","HypermetabolizeTrait: PASS exact Bible text TLK 5977","-",""
"PASS","Scoped implemented","Vibroknife","11","Shadow","2.0","2","Debilitate I","Vibroknife 8","Vibroknife 8","All","Trait","None","None","None","Yes","-","-","-","-","Implemented","","","Your hostile combat abilities deal +4 DMG to targets affected by your Venom.","Your hostile combat abilities deal +4 DMG to targets affected by your Venom.","Debilitate/VibroknifeShadow/Debilitate rank 1","DebilitateTrait","DebilitateTrait: no active ability definition","DebilitateTrait: PASS exact Bible text TLK 5978","-",""
"PASS","Scoped implemented","Vibroknife","12","Shadow","2.0","2","Virulent Blade I","Vibroknife 10","Vibroknife 10","All","Combat","MGT","PER","Combat Formula","Yes","-","4.0","Queued","30 seconds","Implemented","","","Deals weapon DMG + 9. Inflicts Venom for 30 seconds.","Deals weapon DMG + 9. Inflicts Venom for 30 seconds.","VirulentBlade/VibroknifeShadow/Virulent Blade rank 1","VirulentBlade1","VirulentBlade1: VirulentBladeAbilityDefinition.cs name='Virulent Blade I' level=1 skill=Vibroknife activation=Weapon FP=- STM=4 cast=0 cooldown=30","VirulentBlade1: PASS exact Bible text TLK 5970","VirulentBlade1: PASS exact Bible text TLK 5970",""
"PASS","Scoped implemented","Vibroknife","13","Shadow","2.0","2","Pathogen Strike II","Vibroknife 12","Vibroknife 12","All","Combat","MGT","PER","Combat Formula","Yes","-","4.0","Queued","12 seconds","Implemented","","","Deals weapon DMG + 12. Extends your Venom and Infection effects on the target by 4 seconds.","Deals weapon DMG + 12. Extends your Venom and Infection effects on the target by 4 seconds.","PathogenStrike/VibroknifeShadow/Pathogen Strike rank 2","PathogenStrike2","PathogenStrike2: PathogenStrikeAbilityDefinition.cs name='Pathogen Strike II' level=2 skill=Vibroknife activation=Weapon FP=- STM=4 cast=0 cooldown=12","PathogenStrike2: PASS exact Bible text TLK 5971","PathogenStrike2: PASS exact Bible text TLK 5971",""
"PASS","Scoped implemented","Vibroknife","14","Shadow","4.0","4","Infection","Vibroknife 15","Vibroknife 15","All","Trait","None","None","None","Yes","-","-","-","-","Implemented","","","Successfully landing an attack or hostile combat ability on a target affected by your Venom applies a stack of Infection. Infection deals 2 Poison DMG per stack every 6 seconds, max 5 stacks. Stacks last 18 seconds.","Successfully landing an attack or hostile combat ability on a target affected by your Venom applies a stack of Infection. Infection deals 2 Poison DMG per stack every 6 seconds, max 5 stacks. Stacks last 18 seconds.","Infection/VibroknifeShadow/Infection rank 1","InfectionTrait","InfectionTrait: no active ability definition","InfectionTrait: PASS exact Bible text TLK 5979","-",""
"PASS","Scoped implemented","Vibroknife","15","Shadow","3.0","3","Volatile Compound I","Vibroknife 18","Vibroknife 18","All","Combat","MGT","PER","Combat Formula","Yes","-","6.0","Instant","45 seconds","Implemented","","","Deals weapon DMG + 20 and inflicts -15 Poison Resistance for 30 seconds.","Deals weapon DMG + 20 and inflicts -15 Poison Resistance for 30 seconds.","VolatileCompound/VibroknifeShadow/Volatile Compound rank 1","VolatileCompound1","VolatileCompound1: VolatileCompoundAbilityDefinition.cs name='Volatile Compound I' level=1 skill=Vibroknife activation=Casted FP=- STM=6 cast=0 cooldown=45","VolatileCompound1: PASS exact Bible text TLK 5936","VolatileCompound1: PASS exact Bible text TLK 5936",""
"PASS","Scoped implemented","Vibroknife","16","Shadow","4.0","4","Assassin's Stance","Vibroknife 20","Vibroknife 20","All","Stance","None","None","None","Yes","-","-","2 seconds","30 seconds","Implemented","","","While active, grants +20% Poison Damage, but reduces Attack by 10%.","While active, grants +20% Poison Damage, but reduces Attack by 10%.","AssassinsStance/VibroknifeShadow/Assassin's Stance rank 1","AssassinsStance1","AssassinsStance1: AssassinsStanceAbilityDefinition.cs name='Assassin's Stance' level=1 skill=Vibroknife activation=Casted FP=- STM=- cast=2 cooldown=30","AssassinsStance1: PASS exact Bible text TLK 5938","AssassinsStance1: PASS exact Bible text TLK 5938",""
"PASS","Scoped implemented","Vibroknife","17","Shadow","4.0","4","Debilitate II","Vibroknife 22","Vibroknife 22","All","Trait","None","None","None","Yes","-","-","-","-","Implemented","","","Your hostile combat abilities deal +8 DMG to targets affected by your Venom.","Your hostile combat abilities deal +8 DMG to targets affected by your Venom.","Debilitate/VibroknifeShadow/Debilitate rank 2","","-","-","-",""
"PASS","Scoped implemented","Vibroknife","18","Shadow","4.0","4","Venom Tempo","Vibroknife 25","Vibroknife 25","All","Trait","None","None","None","Yes","-","-","-","-","Implemented","","","After successfully landing a hostile combat ability, your next auto-attack comes out instantly.","After successfully landing a hostile combat ability, your next auto-attack comes out instantly.","VenomTempo/VibroknifeShadow/Venom Tempo rank 1","VenomTempoTrait","VenomTempoTrait: no active ability definition","VenomTempoTrait: PASS exact Bible text TLK 5917","-",""
"PASS","Scoped implemented","Vibroknife","19","Shadow","3.0","3","Pathogen Strike III","Vibroknife 28","Vibroknife 28","All","Combat","MGT","PER","Combat Formula","Yes","-","5.0","Queued","12 seconds","Implemented","","","Deals weapon DMG + 16. Extends your Venom and Infection effects on the target by 6 seconds.","Deals weapon DMG + 16. Extends your Venom and Infection effects on the target by 6 seconds.","PathogenStrike/VibroknifeShadow/Pathogen Strike rank 3","PathogenStrike3","PathogenStrike3: PathogenStrikeAbilityDefinition.cs name='Pathogen Strike III' level=3 skill=Vibroknife activation=Weapon FP=- STM=5 cast=0 cooldown=12","PathogenStrike3: PASS exact Bible text TLK 5972","PathogenStrike3: PASS exact Bible text TLK 5972",""
"PASS","Scoped implemented","Vibroknife","20","Shadow","4.0","4","Virulent Blade II","Vibroknife 30","Vibroknife 30","All","Combat","MGT","PER","Combat Formula","Yes","-","6.0","Queued","30 seconds","Implemented","","","Deals weapon DMG + 12. Inflicts Venom for 30 seconds.","Deals weapon DMG + 12. Inflicts Venom for 30 seconds.","VirulentBlade/VibroknifeShadow/Virulent Blade rank 2","VirulentBlade2","VirulentBlade2: VirulentBladeAbilityDefinition.cs name='Virulent Blade II' level=2 skill=Vibroknife activation=Weapon FP=- STM=6 cast=0 cooldown=30","VirulentBlade2: PASS exact Bible text TLK 5973","VirulentBlade2: PASS exact Bible text TLK 5973",""
"PASS","Scoped implemented","Vibroknife","21","Shadow","3.0","3","Volatile Compound II","Vibroknife 32","Vibroknife 32","All","Combat","MGT","PER","Combat Formula","Yes","-","8.0","Instant","45 seconds","Implemented","","","Deals weapon DMG + 30 and inflicts -25 Poison Resistance for 30 seconds.","Deals weapon DMG + 30 and inflicts -25 Poison Resistance for 30 seconds.","VolatileCompound/VibroknifeShadow/Volatile Compound rank 2","VolatileCompound2","VolatileCompound2: VolatileCompoundAbilityDefinition.cs name='Volatile Compound II' level=2 skill=Vibroknife activation=Casted FP=- STM=8 cast=0 cooldown=45","VolatileCompound2: PASS exact Bible text TLK 5944","VolatileCompound2: PASS exact Bible text TLK 5944",""
"PASS","Scoped implemented","Vibroknife","22","Shadow","2.0","2","Propagation","Vibroknife 35","Vibroknife 35","All","Trait","None","None","None","Yes","-","-","-","-","Implemented","","","Every third auto-attack on a target affected by your Venom deals an additional +15 Poison DMG.","Every third auto-attack on a target affected by your Venom deals an additional +15 Poison DMG.","Propagation/VibroknifeShadow/Propagation rank 1","PropagationTrait","PropagationTrait: no active ability definition","PropagationTrait: PASS exact Bible text TLK 5980","-",""
"PASS","Scoped implemented","Vibroknife","23","Shadow","4.0","4","Virulent Blade III","Vibroknife 38","Vibroknife 38","All","Combat","MGT","PER","Combat Formula","Yes","-","8.0","Queued","30 seconds","Implemented","","","Deals weapon DMG + 16. Inflicts Venom for 30 seconds.","Deals weapon DMG + 16. Inflicts Venom for 30 seconds.","VirulentBlade/VibroknifeShadow/Virulent Blade rank 3","VirulentBlade3","VirulentBlade3: VirulentBladeAbilityDefinition.cs name='Virulent Blade III' level=3 skill=Vibroknife activation=Weapon FP=- STM=8 cast=0 cooldown=30","VirulentBlade3: PASS exact Bible text TLK 5974","VirulentBlade3: PASS exact Bible text TLK 5974",""
"PASS","Scoped implemented","Vibroknife","24","Shadow","5.0","5","Pathogen Strike IV","Vibroknife 40","Vibroknife 40","All","Combat","MGT","PER","Combat Formula","Yes","-","6.0","Queued","12 seconds","Implemented","","","Deals weapon DMG + 19. Extends your Venom and Infection effects on the target by 6 seconds.","Deals weapon DMG + 19. Extends your Venom and Infection effects on the target by 6 seconds.","PathogenStrike/VibroknifeShadow/Pathogen Strike rank 4","PathogenStrike4","PathogenStrike4: PathogenStrikeAbilityDefinition.cs name='Pathogen Strike IV' level=4 skill=Vibroknife activation=Weapon FP=- STM=6 cast=0 cooldown=12","PathogenStrike4: PASS exact Bible text TLK 5975","PathogenStrike4: PASS exact Bible text TLK 5975",""
"PASS","Scoped implemented","Vibroknife","25","Shadow","4.0","4","Debilitate III","Vibroknife 45","Vibroknife 45","All","Trait","None","None","None","Yes","-","-","-","-","Implemented","","","Your hostile combat abilities deal +12 DMG to targets affected by your Venom.","Your hostile combat abilities deal +12 DMG to targets affected by your Venom.","Debilitate/VibroknifeShadow/Debilitate rank 3","","-","-","-",""
"PASS","Scoped implemented","Vibroknife","26","Shadow","6.0","6","Viral Cascade","Vibroknife 50","Vibroknife 50; Quest vital_rupture_mastery","All","Capstone","MGT","PER","Combat Formula","Yes","-","15.0","2 seconds","90 seconds","Implemented","","","Deals weapon DMG + 30, deals an additional +20 DMG if the target is inflicted with your Venom and +8 DMG per stack of your Infection on the target. Consumes your Venom and Infection stacks from the target.","Deals weapon DMG + 30, deals an additional +20 DMG if the target is inflicted with your Venom and +8 DMG per stack of your Infection on the target. Consumes your Venom and Infection stacks from the target.","ViralCascade/VibroknifeShadow/Viral Cascade rank 1","ViralCascade1","ViralCascade1: ViralCascadeAbilityDefinition.cs name='Viral Cascade' level=1 skill=Vibroknife activation=Casted FP=- STM=15 cast=2 cooldown=90","ViralCascade1: PASS exact Bible text TLK 5976","ViralCascade1: PASS exact Bible text TLK 5976",""
"PASS","Scoped implemented","Vibroknife","29","Cutthroat","2.0","2","Veiled Strike I","Vibroknife 2","Vibroknife 2","All","Combat","MGT","PER","Combat Formula","Yes","-","5.0","Queued","18 seconds","Implemented","","","On your next attack, deal +6 DMG and an additional +6 DMG if the target is inflicted with Exposed.","On your next attack, deal +6 DMG and an additional +6 DMG if the target is inflicted with Exposed.","VeiledStrike/VibroknifeSaboteur/Veiled Strike rank 1","VeiledStrike1","VeiledStrike1: VeiledStrikeAbilityDefinition.cs name='Veiled Strike I' level=1 skill=Vibroknife activation=Weapon FP=- STM=5 cast=0 cooldown=18","VeiledStrike1: PASS exact Bible text TLK 5952","VeiledStrike1: PASS exact Bible text TLK 5952",""
"PASS","Scoped implemented","Vibroknife","30","Cutthroat","2.0","2","Butcher's Tempo","Vibroknife 5","Vibroknife 5","All","Trait","None","None","None","Yes","-","-","-","-","Implemented","","","After using a hostile combat ability, gain +5% Attack for 18 seconds, stacking up to 15%.","After using a hostile combat ability, gain +5% Attack for 18 seconds, stacking up to 15%.","ButchersTempo/VibroknifeSaboteur/Butcher's Tempo rank 1","ButchersTempoTrait","ButchersTempoTrait: no active ability definition","ButchersTempoTrait: PASS exact Bible text TLK 5921","-",""
"PASS","Scoped implemented","Vibroknife","31","Cutthroat","2.0","2","First Strike I","Vibroknife 8","Vibroknife 8","All","Trait","None","None","None","Yes","-","-","-","-","Implemented","","","Entering combat grants 3 stacks of First Strike. Each stack is consumed by a successfully landed hostile combat ability to deal +8 DMG. Once all stacks are consumed, First Strike recharges once every 90 seconds.","Entering combat grants 3 stacks of First Strike. Each stack is consumed by a successfully landed hostile combat ability to deal +8 DMG. Once all stacks are consumed, First Strike recharges once every 90 seconds.","FirstStrike/VibroknifeSaboteur/First Strike rank 1","FirstStrikeTrait","FirstStrikeTrait: no active ability definition","FirstStrikeTrait: PASS exact Bible text TLK 5981","-",""
"PASS","Scoped implemented","Vibroknife","32","Cutthroat","2.0","2","Crippling Slice I","Vibroknife 10","Vibroknife 10","All","Combat","MGT","PER","Combat Formula","Yes","-","4.0","Instant","25 seconds","Implemented","","","Deals weapon DMG + 10 and inflicts Exposed for 30 seconds.","Deals weapon DMG + 10 and inflicts Exposed for 30 seconds.","CripplingSlice/VibroknifeSaboteur/Crippling Slice rank 1","CripplingSlice1","CripplingSlice1: CripplingSliceAbilityDefinition.cs name='Crippling Slice I' level=1 skill=Vibroknife activation=Casted FP=- STM=4 cast=0 cooldown=25","CripplingSlice1: PASS exact Bible text TLK 5983","CripplingSlice1: PASS exact Bible text TLK 5983",""
"PASS","Scoped implemented","Vibroknife","33","Cutthroat","2.0","2","Veiled Strike II","Vibroknife 12","Vibroknife 12","All","Combat","MGT","PER","Combat Formula","Yes","-","6.0","Queued","18 seconds","Implemented","","","On your next attack, deal +10 DMG and an additional +8 DMG if the target is inflicted with Exposed.","On your next attack, deal +10 DMG and an additional +8 DMG if the target is inflicted with Exposed.","VeiledStrike/VibroknifeSaboteur/Veiled Strike rank 2","VeiledStrike2","VeiledStrike2: VeiledStrikeAbilityDefinition.cs name='Veiled Strike II' level=2 skill=Vibroknife activation=Weapon FP=- STM=6 cast=0 cooldown=18","VeiledStrike2: PASS exact Bible text TLK 5956","VeiledStrike2: PASS exact Bible text TLK 5956",""
"PASS","Scoped implemented","Vibroknife","34","Cutthroat","4.0","4","Venatic Recovery","Vibroknife 15","Vibroknife 15","All","Trait","None","None","None","Yes","-","-","-","-","Implemented","","","Your first attack in combat restores 15 STM. This can trigger once every 60 seconds.","Your first attack in combat restores 15 STM. This can trigger once every 60 seconds.","VenaticRecovery/VibroknifeSaboteur/Venatic Recovery rank 1","VenaticRecoveryTrait","VenaticRecoveryTrait: no active ability definition","VenaticRecoveryTrait: PASS exact Bible text TLK 5925","-",""
"PASS","Scoped implemented","Vibroknife","35","Cutthroat","3.0","3","Backstab I","Vibroknife 18","Vibroknife 18","All","Combat","MGT","PER","Combat Formula","Yes","-","8.0","Instant","45 seconds","Implemented","","","Deals weapon DMG + 20. If you are behind your target, deal an additional +10 DMG and inflict Knockdown for 6 seconds.","Deals weapon DMG + 20. If you are behind your target, deal an additional +10 DMG and inflict Knockdown for 6 seconds.","Backstab/VibroknifeSaboteur/Backstab rank 1","Backstab1","Backstab1: BackstabAbilityDefinition.cs name='Backstab I' level=1 skill=Vibroknife activation=Casted FP=- STM=8 cast=0 cooldown=45","Backstab1: PASS exact Bible text TLK 5966","Backstab1: PASS exact Bible text TLK 5966",""
"PASS","Scoped implemented","Vibroknife","36","Cutthroat","4.0","4","Shadowflow Stance","Vibroknife 20","Vibroknife 20","All","Stance","None","None","None","Yes","-","-","2 seconds","30 seconds","Implemented","","","While active, your Vibroknife auto-attacks inflict Hamstring for 18 seconds, but your Defense is reduced by 20%.","While active, your Vibroknife auto-attacks inflict Hamstring for 18 seconds, but your Defense is reduced by 20%.","ShadowflowStance/VibroknifeSaboteur/Shadowflow Stance rank 1","ShadowflowStance1","ShadowflowStance1: ShadowflowStanceAbilityDefinition.cs name='Shadowflow Stance' level=1 skill=Vibroknife activation=Casted FP=- STM=- cast=2 cooldown=30","ShadowflowStance1: PASS exact Bible text TLK 5967","ShadowflowStance1: PASS exact Bible text TLK 5967",""
"PASS","Scoped implemented","Vibroknife","37","Cutthroat","4.0","4","First Strike II","Vibroknife 22","Vibroknife 22","All","Trait","None","None","None","Yes","-","-","-","-","Implemented","","","Entering combat grants 3 stacks of First Strike. Each stack is consumed by a successfully landed hostile combat ability to deal +12 DMG. Once all stacks are consumed, First Strike recharges once every 90 seconds.","Entering combat grants 3 stacks of First Strike. Each stack is consumed by a successfully landed hostile combat ability to deal +12 DMG. Once all stacks are consumed, First Strike recharges once every 90 seconds.","FirstStrike/VibroknifeSaboteur/First Strike rank 2","","-","-","-",""
"PASS","Scoped implemented","Vibroknife","38","Cutthroat","4.0","4","Cheap Shot","Vibroknife 25","Vibroknife 25","All","Trait","None","None","None","Yes","-","-","-","-","Implemented","","","Auto-attacks and hostile combat abilities deal an additional +10 DMG to targets inflicted with Dazed, Stunned, or Knockdown, or while you are Stealthed or Invisible.","Auto-attacks and hostile combat abilities deal an additional +10 DMG to targets inflicted with Dazed, Stunned, or Knockdown, or while you are Stealthed or Invisible.","CheapShot/VibroknifeSaboteur/Cheap Shot rank 1","CheapShotTrait","CheapShotTrait: no active ability definition","CheapShotTrait: PASS exact Bible text TLK 5926","-",""
"PASS","Scoped implemented","Vibroknife","39","Cutthroat","3.0","3","Veiled Strike III","Vibroknife 28","Vibroknife 28","All","Combat","MGT","PER","Combat Formula","Yes","-","7.0","Queued","18 seconds","Implemented","","","On your next attack, deal +14 DMG and an additional +10 DMG if the target is inflicted with Exposed.","On your next attack, deal +14 DMG and an additional +10 DMG if the target is inflicted with Exposed.","VeiledStrike/VibroknifeSaboteur/Veiled Strike rank 3","VeiledStrike3","VeiledStrike3: VeiledStrikeAbilityDefinition.cs name='Veiled Strike III' level=3 skill=Vibroknife activation=Weapon FP=- STM=7 cast=0 cooldown=18","VeiledStrike3: PASS exact Bible text TLK 5958","VeiledStrike3: PASS exact Bible text TLK 5958",""
"PASS","Scoped implemented","Vibroknife","40","Cutthroat","4.0","4","Crippling Slice II","Vibroknife 30","Vibroknife 30","All","Combat","MGT","PER","Combat Formula","Yes","-","5.0","Instant","25 seconds","Implemented","","","Deals weapon DMG + 20 and inflicts Exposed for 30 seconds.","Deals weapon DMG + 20 and inflicts Exposed for 30 seconds.","CripplingSlice/VibroknifeSaboteur/Crippling Slice rank 2","CripplingSlice2","CripplingSlice2: CripplingSliceAbilityDefinition.cs name='Crippling Slice II' level=2 skill=Vibroknife activation=Casted FP=- STM=5 cast=0 cooldown=25","CripplingSlice2: PASS exact Bible text TLK 5984","CripplingSlice2: PASS exact Bible text TLK 5984",""
"PASS","Scoped implemented","Vibroknife","41","Cutthroat","3.0","3","Backstab II","Vibroknife 32","Vibroknife 32","All","Combat","MGT","PER","Combat Formula","Yes","-","10.0","Instant","45 seconds","Implemented","","","Deals weapon DMG + 25. If you are behind your target, deal an additional +20 DMG and inflict Knockdown for 6 seconds.","Deals weapon DMG + 25. If you are behind your target, deal an additional +20 DMG and inflict Knockdown for 6 seconds.","Backstab/VibroknifeSaboteur/Backstab rank 2","Backstab2","Backstab2: BackstabAbilityDefinition.cs name='Backstab II' level=2 skill=Vibroknife activation=Casted FP=- STM=10 cast=0 cooldown=45","Backstab2: PASS exact Bible text TLK 5968","Backstab2: PASS exact Bible text TLK 5968",""
"PASS","Scoped implemented","Vibroknife","42","Cutthroat","2.0","2","Hobbled","Vibroknife 35","Vibroknife 35","All","Trait","None","None","None","Yes","-","-","-","-","Implemented","","","Exposed and Disoriented debuffs you apply also drain 6 STM from the target. This can trigger once every 12 seconds.","Exposed and Disoriented debuffs you apply also drain 6 STM from the target. This can trigger once every 12 seconds.","Hobbled/VibroknifeSaboteur/Hobbled rank 1","HobbledTrait","HobbledTrait: no active ability definition","HobbledTrait: PASS exact Bible text TLK 5982","-",""
"PASS","Scoped implemented","Vibroknife","43","Cutthroat","4.0","4","Crippling Slice III","Vibroknife 38","Vibroknife 38","All","Combat","MGT","PER","Combat Formula","Yes","-","6.0","Instant","25 seconds","Implemented","","","Deals weapon DMG + 28 and inflicts Exposed for 30 seconds.","Deals weapon DMG + 28 and inflicts Exposed for 30 seconds.","CripplingSlice/VibroknifeSaboteur/Crippling Slice rank 3","CripplingSlice3","CripplingSlice3: CripplingSliceAbilityDefinition.cs name='Crippling Slice III' level=3 skill=Vibroknife activation=Casted FP=- STM=6 cast=0 cooldown=25","CripplingSlice3: PASS exact Bible text TLK 5985","CripplingSlice3: PASS exact Bible text TLK 5985",""
"PASS","Scoped implemented","Vibroknife","44","Cutthroat","5.0","5","Veiled Strike IV","Vibroknife 40","Vibroknife 40","All","Combat","MGT","PER","Combat Formula","Yes","-","8.0","Queued","18 seconds","Implemented","","","On your next attack, deal +16 DMG and an additional +12 DMG if the target is inflicted with Exposed.","On your next attack, deal +16 DMG and an additional +12 DMG if the target is inflicted with Exposed.","VeiledStrike/VibroknifeSaboteur/Veiled Strike rank 4","VeiledStrike4","VeiledStrike4: VeiledStrikeAbilityDefinition.cs name='Veiled Strike IV' level=4 skill=Vibroknife activation=Weapon FP=- STM=8 cast=0 cooldown=18","VeiledStrike4: PASS exact Bible text TLK 5964","VeiledStrike4: PASS exact Bible text TLK 5964",""
"PASS","Scoped implemented","Vibroknife","45","Cutthroat","4.0","4","First Strike III","Vibroknife 45","Vibroknife 45","All","Trait","None","None","None","Yes","-","-","-","-","Implemented","","","Entering combat grants 3 stacks of First Strike. Each stack is consumed by a successfully landed hostile combat ability to deal +16 DMG. Once all stacks are consumed, First Strike recharges once every 90 seconds.","Entering combat grants 3 stacks of First Strike. Each stack is consumed by a successfully landed hostile combat ability to deal +16 DMG. Once all stacks are consumed, First Strike recharges once every 90 seconds.","FirstStrike/VibroknifeSaboteur/First Strike rank 3","","-","-","-",""
"PASS","Scoped implemented","Vibroknife","46","Cutthroat","6.0","6","Escape Artist","Vibroknife 50","Vibroknife 50; Quest systemic_shutdown_mastery","All","Capstone","MGT","PER","Combat Formula","Yes","-","10.0","1 second","90 seconds","Implemented","","","Deals weapon DMG + 30 and Blinds the target for 12 seconds and grants Invisibility for 30 seconds.","Deals weapon DMG + 30 and Blinds the target for 12 seconds and grants Invisibility for 30 seconds.","EscapeArtist/VibroknifeSaboteur/Escape Artist rank 1","EscapeArtist1","EscapeArtist1: EscapeArtistAbilityDefinition.cs name='Escape Artist' level=1 skill=Vibroknife activation=Casted FP=- STM=10 cast=1 cooldown=90","EscapeArtist1: PASS exact Bible text TLK 5965","EscapeArtist1: PASS exact Bible text TLK 5965",""
"PASS","Scoped implemented","Lightsaber","9","Severance","2.0","2","Force Sheath I","Lightsaber 2","Lightsaber 2; Character Type ForceSensitive","Force","Combat","MGT","PER","Combat Formula","Yes","4.0","2.0","Queued","16 seconds","Implemented","","","On your next hit, deal + 12 Force DMG.","On your next hit, deal + 12 Force DMG.","ForceSheath/LightsaberDefense/Force Sheath rank 1","ForceSheath1","ForceSheath1: ForceSheathAbilityDefinition.cs name='Force Sheath I' level=1 skill=Lightsaber activation=Weapon FP=4 STM=2 cast=0 cooldown=16","ForceSheath1: PASS exact Bible text TLK 6039","ForceSheath1: PASS exact Bible text TLK 6039",""
"PASS","Scoped implemented","Lightsaber","10","Severance","2.0","2","Overpower I","Lightsaber 5","Lightsaber 5; Character Type ForceSensitive","Force","Trait","None","None","None","Yes","-","-","-","-","Implemented","","","Spending at least 5 FP on a hostile combat ability increases your Force Attack by 3% for 30 seconds, stacking up to 9%.","Spending at least 5 FP on a hostile combat ability increases your Force Attack by 3% for 30 seconds, stacking up to 9%.","Overpower/LightsaberDefense/Overpower rank 1","OverpowerTrait","OverpowerTrait: no active ability definition","OverpowerTrait: PASS exact Bible text TLK 6021","-",""
"PASS","Scoped implemented","Lightsaber","11","Severance","2.0","2","Fast Strikes","Lightsaber 8","Lightsaber 8; Character Type ForceSensitive","Force","Trait","None","None","None","Yes","-","-","-","-","Implemented","","","After landing a critical hit, your next auto-attack within 16 seconds is quickened to your fastest possible swing speed.","After landing a critical hit, your next auto-attack within 16 seconds is quickened to your fastest possible swing speed.","FastStrikes/LightsaberDefense/Fast Strikes rank 1","FastStrikesTrait","FastStrikesTrait: no active ability definition","FastStrikesTrait: PASS exact Bible text TLK 6023","-",""
"PASS","Scoped implemented","Lightsaber","12","Severance","2.0","2","Shattering Strike I","Lightsaber 10","Lightsaber 10; Character Type ForceSensitive","Force","Combat","MGT","PER","Combat Formula","Yes","6.0","4.0","Instant","24 seconds","Implemented","","","Deals weapon DMG + 18 and inflicts Sunder, reducing Defense and Force Defense by 10% for 30 seconds.","Deals weapon DMG + 18 and inflicts Sunder, reducing Defense and Force Defense by 10% for 30 seconds.","ShatteringStrike/LightsaberDefense/Shattering Strike rank 1","ShatteringStrike1","ShatteringStrike1: ShatteringStrikeAbilityDefinition.cs name='Shattering Strike I' level=1 skill=Lightsaber activation=Casted FP=6 STM=4 cast=0 cooldown=24","ShatteringStrike1: PASS exact Bible text TLK 6041","ShatteringStrike1: PASS exact Bible text TLK 6041",""
"PASS","Scoped implemented","Lightsaber","13","Severance","2.0","2","Sundering Sweep I","Lightsaber 12","Lightsaber 12; Character Type ForceSensitive","Force","Combat","MGT","PER","Combat Formula","Yes","6.0","4.0","Instant","24 seconds","Implemented","","","Deals weapon DMG + 8 to enemies within 3m of you. If at least one struck enemy already has Sunder, spreads Sunder from that enemy to one other enemy in melee range for 30 seconds.","Deals weapon DMG + 8 to enemies within 3m of you. If at least one struck enemy already has Sunder, spreads Sunder from that enemy to one other enemy in melee range for 30 seconds.","SunderingSweep/LightsaberDefense/Sundering Sweep rank 1","SunderingSweep1","SunderingSweep1: SunderingSweepAbilityDefinition.cs name='Sundering Sweep I' level=1 skill=Lightsaber activation=Casted FP=6 STM=4 cast=0 cooldown=24","SunderingSweep1: PASS exact Bible text TLK 6043","SunderingSweep1: PASS exact Bible text TLK 6043",""
"PASS","Scoped implemented","Lightsaber","14","Severance","4.0","4","Weak Points","Lightsaber 15","Lightsaber 15; Character Type ForceSensitive","Force","Trait","None","None","None","Yes","-","-","-","-","Implemented","","","Gain + 10% Critical Rate against Sundered targets.","Gain + 10% Critical Rate against Sundered targets.","WeakPoints/LightsaberDefense/Weak Points rank 1","WeakPointsTrait","WeakPointsTrait: no active ability definition","WeakPointsTrait: PASS exact Bible text TLK 6025","-",""
"PASS","Scoped implemented","Lightsaber","15","Severance","3.0","3","Force Sheath II","Lightsaber 18","Lightsaber 18; Character Type ForceSensitive","Force","Combat","MGT","PER","Combat Formula","Yes","5.0","3.0","Queued","16 seconds","Implemented","","","On your next hit, deal + 17 Force DMG.","On your next hit, deal + 17 Force DMG.","ForceSheath/LightsaberDefense/Force Sheath rank 2","ForceSheath2","ForceSheath2: ForceSheathAbilityDefinition.cs name='Force Sheath II' level=2 skill=Lightsaber activation=Weapon FP=5 STM=3 cast=0 cooldown=16","ForceSheath2: PASS exact Bible text TLK 6045","ForceSheath2: PASS exact Bible text TLK 6045",""
"PASS","Scoped implemented","Lightsaber","16","Severance","4.0","4","Imbuement Stance","Lightsaber 20","Lightsaber 20; Character Type ForceSensitive","Force","Stance","None","None","None","Yes","-","-","2 seconds","30 seconds","Implemented","","","While active, your hostile auto-attacks deal Force damage instead of physical and cost 2 FP each.","While active, your hostile auto-attacks deal Force damage instead of physical and cost 2 FP each.","ImbuementStance/LightsaberDefense/Imbuement Stance rank 1","ImbuementStance1","ImbuementStance1: ImbuementStanceAbilityDefinition.cs name='Imbuement Stance' level=1 skill=Lightsaber activation=Casted FP=- STM=- cast=2 cooldown=30","ImbuementStance1: PASS exact Bible text TLK 6047","ImbuementStance1: PASS exact Bible text TLK 6047",""
"PASS","Scoped implemented","Lightsaber","17","Severance","4.0","4","Overpower II","Lightsaber 22","Lightsaber 22; Character Type ForceSensitive","Force","Trait","None","None","None","Yes","-","-","-","-","Implemented","","","Spending at least 5 FP on a hostile combat ability increases your Force Attack by 10% for 30 seconds.","Spending at least 5 FP on a hostile combat ability increases your Force Attack by 10% for 30 seconds.","Overpower/LightsaberDefense/Overpower rank 2","","-","-","-",""
"PASS","Scoped implemented","Lightsaber","18","Severance","4.0","4","High Ground","Lightsaber 25","Lightsaber 25; Character Type ForceSensitive","Force","Trait","None","None","None","Yes","-","-","-","-","Implemented","","","Landing an auto-attack on any Sundered target restores 2 FP.","Landing an auto-attack on any Sundered target restores 2 FP.","HighGround/LightsaberDefense/High Ground rank 1","HighGroundTrait","HighGroundTrait: no active ability definition","HighGroundTrait: PASS exact Bible text TLK 6027","-",""
"PASS","Scoped implemented","Lightsaber","19","Severance","3.0","3","Shattering Strike II","Lightsaber 28","Lightsaber 28; Character Type ForceSensitive","Force","Combat","MGT","PER","Combat Formula","Yes","8.0","6.0","Instant","24 seconds","Implemented","","","Deals weapon DMG + 28 and inflicts Sunder, reducing Defense and Force Defense by 12% for 30 seconds.","Deals weapon DMG + 28 and inflicts Sunder, reducing Defense and Force Defense by 12% for 30 seconds.","ShatteringStrike/LightsaberDefense/Shattering Strike rank 2","ShatteringStrike2","ShatteringStrike2: ShatteringStrikeAbilityDefinition.cs name='Shattering Strike II' level=2 skill=Lightsaber activation=Casted FP=8 STM=6 cast=0 cooldown=24","ShatteringStrike2: PASS exact Bible text TLK 6049","ShatteringStrike2: PASS exact Bible text TLK 6049",""
"PASS","Scoped implemented","Lightsaber","20","Severance","4.0","4","Sundering Sweep II","Lightsaber 30","Lightsaber 30; Character Type ForceSensitive","Force","Combat","MGT","PER","Combat Formula","Yes","8.0","5.0","Instant","24 seconds","Implemented","","","Deals weapon DMG + 12 to enemies within 3m of you. If at least one struck enemy already has Sunder, spreads Sunder from that enemy to one other enemy in melee range for 30 seconds.","Deals weapon DMG + 12 to enemies within 3m of you. If at least one struck enemy already has Sunder, spreads Sunder from that enemy to one other enemy in melee range for 30 seconds.","SunderingSweep/LightsaberDefense/Sundering Sweep rank 2","SunderingSweep2","SunderingSweep2: SunderingSweepAbilityDefinition.cs name='Sundering Sweep II' level=2 skill=Lightsaber activation=Casted FP=8 STM=5 cast=0 cooldown=24","SunderingSweep2: PASS exact Bible text TLK 6051","SunderingSweep2: PASS exact Bible text TLK 6051",""
"PASS","Scoped implemented","Lightsaber","21","Severance","3.0","3","Force Sheath III","Lightsaber 32","Lightsaber 32; Character Type ForceSensitive","Force","Combat","MGT","PER","Combat Formula","Yes","6.0","4.0","Queued","16 seconds","Implemented","","","On your next hit, deal + 23 Force DMG.","On your next hit, deal + 23 Force DMG.","ForceSheath/LightsaberDefense/Force Sheath rank 3","ForceSheath3","ForceSheath3: ForceSheathAbilityDefinition.cs name='Force Sheath III' level=3 skill=Lightsaber activation=Weapon FP=6 STM=4 cast=0 cooldown=16","ForceSheath3: PASS exact Bible text TLK 6053","ForceSheath3: PASS exact Bible text TLK 6053",""
"PASS","Scoped implemented","Lightsaber","22","Severance","2.0","2","Focus Shift","Lightsaber 35","Lightsaber 35; Character Type ForceSensitive","Force","Trait","None","None","None","Yes","-","-","-","-","Implemented","","","Gain + 15% Attack while below 30% FP.","Gain + 15% Attack while below 30% FP.","FocusShift/LightsaberDefense/Focus Shift rank 1","FocusShiftTrait","FocusShiftTrait: no active ability definition","FocusShiftTrait: PASS exact Bible text TLK 6029","-",""
"PASS","Scoped implemented","Lightsaber","23","Severance","4.0","4","Sundering Sweep III","Lightsaber 38","Lightsaber 38; Character Type ForceSensitive","Force","Combat","MGT","PER","Combat Formula","Yes","10.0","6.0","Instant","24 seconds","Implemented","","","Deals weapon DMG + 16 to enemies within 3m of you. If at least one struck enemy already has Sunder, spreads Sunder from that enemy to one other enemy in melee range for 30 seconds.","Deals weapon DMG + 16 to enemies within 3m of you. If at least one struck enemy already has Sunder, spreads Sunder from that enemy to one other enemy in melee range for 30 seconds.","SunderingSweep/LightsaberDefense/Sundering Sweep rank 3","SunderingSweep3","SunderingSweep3: SunderingSweepAbilityDefinition.cs name='Sundering Sweep III' level=3 skill=Lightsaber activation=Casted FP=10 STM=6 cast=0 cooldown=24","SunderingSweep3: PASS exact Bible text TLK 6055","SunderingSweep3: PASS exact Bible text TLK 6055",""
"PASS","Scoped implemented","Lightsaber","24","Severance","5.0","5","Force Sheath IV","Lightsaber 40","Lightsaber 40; Character Type ForceSensitive","Force","Combat","MGT","PER","Combat Formula","Yes","7.0","5.0","Queued","18 seconds","Implemented","","","On your next hit, deal + 30 Force DMG.","On your next hit, deal + 30 Force DMG.","ForceSheath/LightsaberDefense/Force Sheath rank 4","ForceSheath4","ForceSheath4: ForceSheathAbilityDefinition.cs name='Force Sheath IV' level=4 skill=Lightsaber activation=Weapon FP=7 STM=5 cast=0 cooldown=18","ForceSheath4: PASS exact Bible text TLK 6057","ForceSheath4: PASS exact Bible text TLK 6057",""
"PASS","Scoped implemented","Lightsaber","25","Severance","4.0","4","Overpower III","Lightsaber 45","Lightsaber 45; Character Type ForceSensitive","Force","Trait","None","None","None","Yes","-","-","-","-","Implemented","","","Spending at least 5 FP on a hostile combat ability increases your Force Attack by 15% for 30 seconds.","Spending at least 5 FP on a hostile combat ability increases your Force Attack by 15% for 30 seconds.","Overpower/LightsaberDefense/Overpower rank 3","","-","-","-",""
"PASS","Scoped implemented","Lightsaber","26","Severance","6.0","6","Epicenter","Lightsaber 50","Lightsaber 50; Character Type ForceSensitive; Quest saber_storm_mastery","Force","Capstone","MGT","PER","Combat Formula","Yes","15.0","10.0","3 seconds","90 seconds","Implemented","","","Inflicts Knockdown on enemies within 6m of you for 6 seconds, dealing 25 Force DMG and inflicting Sunder. Enemies that already had Sunder when struck take an additional 15 Force DMG.","Inflicts Knockdown on enemies within 6m of you for 6 seconds, dealing 25 Force DMG and inflicting Sunder. Enemies that already had Sunder when struck take an additional 15 Force DMG.","Epicenter/LightsaberDefense/Epicenter rank 1","Epicenter1","Epicenter1: EpicenterAbilityDefinition.cs name='Epicenter' level=1 skill=Lightsaber activation=Casted FP=15 STM=10 cast=3 cooldown=90","Epicenter1: PASS exact Bible text TLK 6059","Epicenter1: PASS exact Bible text TLK 6059",""
"PASS","Scoped implemented","Lightsaber","29","Ward","2.0","2","Saber Ward I","Lightsaber 2","Lightsaber 2; Character Type ForceSensitive","Force","Combat","MGT","PER","Combat Formula","Yes","2.0","3.0","Instant","18 seconds","Implemented","","","For 30 seconds, convert 15% of incoming physical damage to Force damage and gain + 3% Defense and + 4% Force Defense. Only the highest rank of Saber Ward applies.","For 30 seconds, convert 15% of incoming physical damage to Force damage and gain + 3% Defense and + 4% Force Defense. Only the highest rank of Saber Ward applies.","SaberWard/LightsaberOffense/Saber Ward rank 1","SaberWard1","SaberWard1: SaberWardAbilityDefinition.cs name='Saber Ward I' level=1 skill=Lightsaber activation=Casted FP=2 STM=3 cast=0 cooldown=18","SaberWard1: PASS exact Bible text TLK 6061","SaberWard1: PASS exact Bible text TLK 6061",""
"PASS","Scoped implemented","Lightsaber","30","Ward","2.0","2","Mental Fortress I","Lightsaber 5","Lightsaber 5; Character Type ForceSensitive","Force","Trait","None","None","None","Yes","-","-","-","-","Implemented","","","Gain + 10% Force Defense.","Gain + 10% Force Defense.","MentalFortress/LightsaberOffense/Mental Fortress rank 1","MentalFortressTrait","MentalFortressTrait: no active ability definition","MentalFortressTrait: PASS exact Bible text TLK 6031","-",""
"PASS","Scoped implemented","Lightsaber","31","Ward","2.0","2","Deflecting Return I","Lightsaber 8","Lightsaber 8; Character Type ForceSensitive","Force","Trait","None","None","None","Yes","-","-","-","-","Implemented","","","Gain +5 Ranged Deflection. When your Ranged Deflection negates a directly targeted ranged weapon auto-attack, reflect 20% of the attack's damage back to its source, up to 50% of your normal weapon damage. Triggers at most once every 6 seconds.","Gain +5 Ranged Deflection. When your Ranged Deflection negates a directly targeted ranged weapon auto-attack, reflect 20% of the attack's damage back to its source, up to 50% of your normal weapon damage. Triggers at most once every 6 seconds.","DeflectingReturn/LightsaberOffense/Deflecting Return rank 1","DeflectingReturnTrait","DeflectingReturnTrait: no active ability definition","DeflectingReturnTrait: PASS exact Bible text TLK 6033","-",""
"PASS","Scoped implemented","Lightsaber","32","Ward","2.0","2","Saber Ward II","Lightsaber 10","Lightsaber 10; Character Type ForceSensitive","Force","Combat","MGT","PER","Combat Formula","Yes","3.0","5.0","Instant","18 seconds","Implemented","","","For 30 seconds, convert 20% of incoming physical damage to Force damage and gain + 4% Defense and + 5% Force Defense. Only the highest rank of Saber Ward applies.","For 30 seconds, convert 20% of incoming physical damage to Force damage and gain + 4% Defense and + 5% Force Defense. Only the highest rank of Saber Ward applies.","SaberWard/LightsaberOffense/Saber Ward rank 2","SaberWard2","SaberWard2: SaberWardAbilityDefinition.cs name='Saber Ward II' level=2 skill=Lightsaber activation=Casted FP=3 STM=5 cast=0 cooldown=18","SaberWard2: PASS exact Bible text TLK 6063","SaberWard2: PASS exact Bible text TLK 6063",""
"PASS","Scoped implemented","Lightsaber","33","Ward","2.0","2","Guardian's Challenge I","Lightsaber 12","Lightsaber 12; Character Type ForceSensitive","Force","Combat","MGT","PER","Combat Formula","Yes","1.0","4.0","Instant","24 seconds","Implemented","","","Deals weapon DMG + 12 to enemies in an 8m x 3m line. For each struck enemy that damaged you within the last 30 seconds, gain +20% Enmity toward it for 30 seconds.","Deals weapon DMG + 12 to enemies in an 8m x 3m line. For each struck enemy that damaged you within the last 30 seconds, gain +20% Enmity toward it for 30 seconds.","GuardiansChallenge/LightsaberOffense/Guardian's Challenge rank 1","GuardiansChallenge1","GuardiansChallenge1: GuardiansChallengeAbilityDefinition.cs name='Guardian's Challenge I' level=1 skill=Lightsaber activation=Casted FP=1 STM=4 cast=0 cooldown=24","GuardiansChallenge1: PASS exact Bible text TLK 6076","GuardiansChallenge1: PASS exact Bible text TLK 6076",""
"PASS","Scoped implemented","Lightsaber","34","Ward","4.0","4","Surrounded, Not Outmatched","Lightsaber 15","Lightsaber 15; Character Type ForceSensitive","Force","Trait","None","None","None","Yes","-","-","-","-","Implemented","","","Each distinct enemy attacking you grants a stack of Embattled, up to 5 stacks. Each stack grants + 2% Defense and + 2% Force Defense.","Each distinct enemy attacking you grants a stack of Embattled, up to 5 stacks. Each stack grants + 2% Defense and + 2% Force Defense.","SurroundedNotOutmatched/LightsaberOffense/Surrounded, Not Outmatched rank 1","SurroundedNotOutmatchedTrait","SurroundedNotOutmatchedTrait: no active ability definition","SurroundedNotOutmatchedTrait: PASS exact Bible text TLK 6035","-",""
"PASS","Scoped implemented","Lightsaber","35","Ward","3.0","3","Force Link","Lightsaber 18","Lightsaber 18; Character Type ForceSensitive","Force","Combat","MGT","PER","Combat Formula","Yes","3.0","4.0","Instant","24 seconds","Implemented","","","Target ally becomes your Link for 45 seconds. While within 20m, 45% of the Link's incoming damage is redirected to you as Force damage. Only one ward or guard link may protect a target.","Target ally becomes your Link for 45 seconds. While within 20m, 45% of the Link's incoming damage is redirected to you as Force damage. Only one ward or guard link may protect a target.","SaberForceLink/LightsaberOffense/Force Link rank 1","ForceLink1","ForceLink1: ForceLinkAbilityDefinition.cs name='Force Link' level=1 skill=Lightsaber activation=Casted FP=3 STM=4 cast=0 cooldown=24","ForceLink1: PASS exact Bible text TLK 6077","ForceLink1: no spell row",""
"PASS","Scoped implemented","Lightsaber","36","Ward","4.0","4","Immovable Stance","Lightsaber 20","Lightsaber 20; Character Type ForceSensitive","Force","Stance","None","None","None","Yes","-","-","2 seconds","30 seconds","Implemented","","","While active, generate + 30% Enmity and gain + 8 Mobility Resistance, but your Attack and Force Attack are reduced by 25%.","While active, generate + 30% Enmity and gain + 8 Mobility Resistance, but your Attack and Force Attack are reduced by 25%.","ImmovableStance/LightsaberOffense/Immovable Stance rank 1","ImmovableStance1","ImmovableStance1: ImmovableStanceAbilityDefinition.cs name='Immovable Stance' level=1 skill=Lightsaber activation=Casted FP=- STM=- cast=2 cooldown=30","ImmovableStance1: PASS exact Bible text TLK 6065","ImmovableStance1: PASS exact Bible text TLK 6065",""
"PASS","Scoped implemented","Lightsaber","37","Ward","4.0","4","Mental Fortress II","Lightsaber 22","Lightsaber 22; Character Type ForceSensitive","Force","Trait","None","None","None","Yes","-","-","-","-","Implemented","","","Gain + 12% Force Defense.","Gain + 12% Force Defense.","MentalFortress/LightsaberOffense/Mental Fortress rank 2","","-","-","-",""
"PASS","Scoped implemented","Lightsaber","38","Ward","4.0","4","Deflecting Return II","Lightsaber 25","Lightsaber 25; Character Type ForceSensitive","Force","Trait","None","None","None","Yes","-","-","-","-","Implemented","","","Gain +8 Ranged Deflection. When your Ranged Deflection negates a directly targeted ranged weapon auto-attack, reflect 30% of the attack's damage back to its source, up to 75% of your normal weapon damage. Triggers at most once every 6 seconds.","Gain +8 Ranged Deflection. When your Ranged Deflection negates a directly targeted ranged weapon auto-attack, reflect 30% of the attack's damage back to its source, up to 75% of your normal weapon damage. Triggers at most once every 6 seconds.","DeflectingReturn/LightsaberOffense/Deflecting Return rank 2","","-","-","-",""
"PASS","Scoped implemented","Lightsaber","39","Ward","3.0","3","Saber Ward III","Lightsaber 28","Lightsaber 28; Character Type ForceSensitive","Force","Combat","MGT","PER","Combat Formula","Yes","4.0","8.0","Instant","18 seconds","Implemented","","","For 30 seconds, convert 25% of incoming physical damage to Force damage and gain + 5% Defense and + 7% Force Defense. Only the highest rank of Saber Ward applies.","For 30 seconds, convert 25% of incoming physical damage to Force damage and gain + 5% Defense and + 7% Force Defense. Only the highest rank of Saber Ward applies.","SaberWard/LightsaberOffense/Saber Ward rank 3","SaberWard3","SaberWard3: SaberWardAbilityDefinition.cs name='Saber Ward III' level=3 skill=Lightsaber activation=Casted FP=4 STM=8 cast=0 cooldown=18","SaberWard3: PASS exact Bible text TLK 6067","SaberWard3: PASS exact Bible text TLK 6067",""
"PASS","Scoped implemented","Lightsaber","40","Ward","4.0","4","Reprisal I","Lightsaber 30","Lightsaber 30; Character Type ForceSensitive","Force","Combat","MGT","PER","Combat Formula","Yes","2.0","6.0","Instant","30 seconds","Implemented","","","Deals weapon DMG + 16. If the target has damaged you within the last 30 seconds, inflict Dazed for 15 seconds.","Deals weapon DMG + 16. If the target has damaged you within the last 30 seconds, inflict Dazed for 15 seconds.","Reprisal/LightsaberOffense/Reprisal rank 1","Reprisal1","Reprisal1: ReprisalAbilityDefinition.cs name='Reprisal I' level=1 skill=Lightsaber activation=Casted FP=2 STM=6 cast=0 cooldown=30","Reprisal1: PASS exact Bible text TLK 6069","Reprisal1: PASS exact Bible text TLK 6069",""
"PASS","Scoped implemented","Lightsaber","41","Ward","3.0","3","Guardian's Challenge II","Lightsaber 32","Lightsaber 32; Character Type ForceSensitive","Force","Combat","MGT","PER","Combat Formula","Yes","2.0","8.0","Instant","24 seconds","Implemented","","","Deals weapon DMG + 24 to enemies in an 8m x 3m line. For each struck enemy that damaged you within the last 30 seconds, gain +30% Enmity toward it for 30 seconds.","Deals weapon DMG + 24 to enemies in an 8m x 3m line. For each struck enemy that damaged you within the last 30 seconds, gain +30% Enmity toward it for 30 seconds.","GuardiansChallenge/LightsaberOffense/Guardian's Challenge rank 2","GuardiansChallenge2","GuardiansChallenge2: GuardiansChallengeAbilityDefinition.cs name='Guardian's Challenge II' level=2 skill=Lightsaber activation=Casted FP=2 STM=8 cast=0 cooldown=24","GuardiansChallenge2: PASS exact Bible text TLK 6078","GuardiansChallenge2: PASS exact Bible text TLK 6078",""
"PASS","Scoped implemented","Lightsaber","42","Ward","2.0","2","Center of the Storm","Lightsaber 35","Lightsaber 35; Character Type ForceSensitive","Force","Trait","None","None","None","Yes","-","-","-","-","Implemented","","","While you have 3 or more stacks of Embattled, gain + 10 Mobility Resistance and increase Deflecting Return's reflected damage by 4%.","While you have 3 or more stacks of Embattled, gain + 10 Mobility Resistance and increase Deflecting Return's reflected damage by 4%.","CenterOfTheStorm/LightsaberOffense/Center of the Storm rank 1","CenterOfTheStormTrait","CenterOfTheStormTrait: no active ability definition","CenterOfTheStormTrait: PASS exact Bible text TLK 6037","-",""
"PASS","Scoped implemented","Lightsaber","43","Ward","4.0","4","Reprisal II","Lightsaber 38","Lightsaber 38; Character Type ForceSensitive","Force","Combat","MGT","PER","Combat Formula","Yes","3.0","9.0","Instant","30 seconds","Implemented","","","Deals weapon DMG + 30. If the target has damaged you within the last 30 seconds, inflict Dazed for 15 seconds.","Deals weapon DMG + 30. If the target has damaged you within the last 30 seconds, inflict Dazed for 15 seconds.","Reprisal/LightsaberOffense/Reprisal rank 2","Reprisal2","Reprisal2: ReprisalAbilityDefinition.cs name='Reprisal II' level=2 skill=Lightsaber activation=Casted FP=3 STM=9 cast=0 cooldown=30","Reprisal2: PASS exact Bible text TLK 6071","Reprisal2: PASS exact Bible text TLK 6071",""
"PASS","Scoped implemented","Lightsaber","44","Ward","5.0","5","Saber Ward IV","Lightsaber 40","Lightsaber 40; Character Type ForceSensitive","Force","Combat","MGT","PER","Combat Formula","Yes","5.0","12.0","Instant","18 seconds","Implemented","","","For 30 seconds, convert 30% of incoming physical damage to Force damage and gain + 6% Defense and + 9% Force Defense. Only the highest rank of Saber Ward applies.","For 30 seconds, convert 30% of incoming physical damage to Force damage and gain + 6% Defense and + 9% Force Defense. Only the highest rank of Saber Ward applies.","SaberWard/LightsaberOffense/Saber Ward rank 4","SaberWard4","SaberWard4: SaberWardAbilityDefinition.cs name='Saber Ward IV' level=4 skill=Lightsaber activation=Casted FP=5 STM=12 cast=0 cooldown=18","SaberWard4: PASS exact Bible text TLK 6073","SaberWard4: PASS exact Bible text TLK 6073",""
"PASS","Scoped implemented","Lightsaber","45","Ward","4.0","4","Deflecting Return III","Lightsaber 45","Lightsaber 45; Character Type ForceSensitive","Force","Trait","None","None","None","Yes","-","-","-","-","Implemented","","","Gain +12 Ranged Deflection. When your Ranged Deflection negates a directly targeted ranged weapon auto-attack, reflect 40% of the attack's damage back to its source, up to 100% of your normal weapon damage. Triggers at most once every 6 seconds.","Gain +12 Ranged Deflection. When your Ranged Deflection negates a directly targeted ranged weapon auto-attack, reflect 40% of the attack's damage back to its source, up to 100% of your normal weapon damage. Triggers at most once every 6 seconds.","DeflectingReturn/LightsaberOffense/Deflecting Return rank 3","","-","-","-",""
"PASS","Scoped implemented","Lightsaber","46","Ward","6.0","6","Aegis Eternal","Lightsaber 50","Lightsaber 50; Character Type ForceSensitive; Quest guardian_master_mastery","Force","Capstone","MGT","PER","Combat Formula","Yes","8.0","15.0","2 seconds","90 seconds","Implemented","","","For 30 seconds, enter Perfect Aegis, replacing Saber Ward: convert 40% of incoming physical damage to Force damage and gain + 8% Defense, + 12% Force Defense, and + 25% Enmity. Embattled is treated as 5 stacks and Deflecting Return reflects 50% of damage, up to 125% of your normal weapon damage.","For 30 seconds, enter Perfect Aegis, replacing Saber Ward: convert 40% of incoming physical damage to Force damage and gain + 8% Defense, + 12% Force Defense, and + 25% Enmity. Embattled is treated as 5 stacks and Deflecting Return reflects 50% of damage, up to 125% of your normal weapon damage.","AegisEternal/LightsaberOffense/Aegis Eternal rank 1","AegisEternal1","AegisEternal1: AegisEternalAbilityDefinition.cs name='Aegis Eternal' level=1 skill=Lightsaber activation=Casted FP=8 STM=15 cast=2 cooldown=90","AegisEternal1: PASS exact Bible text TLK 6075","AegisEternal1: PASS exact Bible text TLK 6075",""
"PASS","Scoped implemented","Heavy Vibroblade","9","Immortal","2.0","2","Fortress Strike I","Heavy Vibroblade 2","HeavyVibroblade 2","All","Combat","MGT","PER","Combat Formula","Yes","-","4.0","Instant","18 seconds","Implemented","","","Your next attack deals weapon DMG + 10 and generates +350 Enmity plus damage dealt as Enmity. You gain +10% Physical Defense for 30 seconds.","Your next attack deals weapon DMG + 10 and generates +350 Enmity plus damage dealt as Enmity. You gain +10% Physical Defense for 30 seconds.","FortressStrike/HeavyVibrobladeDefense/Fortress Strike rank 1","FortressStrike1","FortressStrike1: FortressStrikeAbilityDefinition.cs name='Fortress Strike I' level=1 skill=HeavyVibroblade activation=Weapon FP=- STM=4 cast=0 cooldown=18","FortressStrike1: PASS exact Bible text TLK 5280","FortressStrike1: PASS exact Bible text TLK 5280",""
"PASS","Scoped implemented","Heavy Vibroblade","10","Immortal","2.0","2","Anger Strike","Heavy Vibroblade 5","HeavyVibroblade 5","All","Trait","None","None","None","Yes","-","-","-","-","Implemented","","","Heavy Vibroblade Defense attacks generate +150 Enmity, and your next attack within 30 seconds after using a Heavy Vibroblade Defense ability deals +12 DMG.","Heavy Vibroblade Defense attacks generate +150 Enmity, and your next attack within 30 seconds after using a Heavy Vibroblade Defense ability deals +12 DMG.","AngerStrike/HeavyVibrobladeDefense/Anger Strike rank 1","AngerStrikeTrait","AngerStrikeTrait: no active ability definition","AngerStrikeTrait: PASS exact Bible text TLK 5225","-",""
"PASS","Scoped implemented","Heavy Vibroblade","11","Immortal","2.0","2","Crushing Blow","Heavy Vibroblade 8","HeavyVibroblade 8","All","Trait","None","None","None","Yes","-","-","-","-","Implemented","","","Heavy Vibroblade Defense attacks reduce affected targets' Defense by 15% for 30 seconds and generate +350 Enmity.","Heavy Vibroblade Defense attacks reduce affected targets' Defense by 15% for 30 seconds and generate +350 Enmity.","CrushingBlow/HeavyVibrobladeDefense/Crushing Blow rank 1","CrushingBlowTrait","CrushingBlowTrait: no active ability definition","CrushingBlowTrait: PASS exact Bible text TLK 5227","-",""
"PASS","Scoped implemented","Heavy Vibroblade","12","Immortal","2.0","2","Flash","Heavy Vibroblade 10","HeavyVibroblade 10","All","Combat","MGT","PER","Combat Formula","Yes","-","8.0","Instant","45 seconds","Implemented","","","Enemies within a 5m sphere around you receive the Flash effect, reducing physical and Force ability hit chance by 20% for 30 seconds. You generate +650 bonus Enmity toward these enemies.","Enemies within a 5m sphere around you receive the Flash effect, reducing physical and Force ability hit chance by 20% for 30 seconds. You generate +650 bonus Enmity toward these enemies.","Flash/HeavyVibrobladeDefense/Flash rank 1","Flash1","Flash1: FlashAbilityDefinition.cs name='Flash' level=1 skill=HeavyVibroblade activation=Casted FP=- STM=8 cast=0 cooldown=45","Flash1: PASS exact Bible text TLK 3782","Flash1: PASS exact Bible text TLK 3782",""
"PASS","Scoped implemented","Heavy Vibroblade","13","Immortal","2.0","2","Fortress Strike II","Heavy Vibroblade 12","HeavyVibroblade 12","All","Combat","MGT","PER","Combat Formula","Yes","-","7.0","Instant","18 seconds","Implemented","","","Your next attack deals weapon DMG + 20 and generates +450 Enmity plus damage dealt as Enmity. You gain +20% Physical Defense for 30 seconds.","Your next attack deals weapon DMG + 20 and generates +450 Enmity plus damage dealt as Enmity. You gain +20% Physical Defense for 30 seconds.","FortressStrike/HeavyVibrobladeDefense/Fortress Strike rank 2","FortressStrike2","FortressStrike2: FortressStrikeAbilityDefinition.cs name='Fortress Strike II' level=2 skill=HeavyVibroblade activation=Weapon FP=- STM=7 cast=0 cooldown=18","FortressStrike2: PASS exact Bible text TLK 5281","FortressStrike2: PASS exact Bible text TLK 5281",""
"PASS","Scoped implemented","Heavy Vibroblade","14","Immortal","4.0","4","Defensive Harmony","Heavy Vibroblade 15","HeavyVibroblade 15","All","Trait","None","None","None","Yes","-","-","-","-","Implemented","","","HP restoration used on you is 20% more effective. 10% chance to restore 8 STM when healed. Chance increases by 1% per MGT. (Maximum 40%)","HP restoration used on you is 20% more effective. 10% chance to restore 8 STM when healed. Chance increases by 1% per MGT. (Maximum 40%)","DefensiveHarmony/HeavyVibrobladeDefense/Defensive Harmony rank 1","DefensiveHarmonyTrait","DefensiveHarmonyTrait: no active ability definition","DefensiveHarmonyTrait: PASS exact Bible text TLK 4108","-",""
"PASS","Scoped implemented","Heavy Vibroblade","15","Immortal","3.0","3","Earthshatter I","Heavy Vibroblade 18","HeavyVibroblade 18","All","Combat","MGT","PER","Combat Formula","Yes","-","12.0","Instant","45 seconds","Implemented","","","You deal weapon DMG + 20 to all enemies in an 8m x 2.5m line from you. Inflicts Force Disruption on each target which disables the use of force abilities for 30 seconds.","You deal weapon DMG + 20 to all enemies in an 8m x 2.5m line from you. Inflicts Force Disruption on each target which disables the use of force abilities for 30 seconds.","Earthshatter/HeavyVibrobladeDefense/Earthshatter rank 1","Earthshatter1","Earthshatter1: EarthshatterAbilityDefinition.cs name='Earthshatter I' level=1 skill=HeavyVibroblade activation=Casted FP=- STM=12 cast=0 cooldown=45","Earthshatter1: PASS exact Bible text TLK 5278","Earthshatter1: PASS exact Bible text TLK 5278",""
"PASS","Scoped implemented","Heavy Vibroblade","16","Immortal","4.0","4","Bastion Stance","Heavy Vibroblade 20","HeavyVibroblade 20","All","Stance","None","None","None","Yes","-","-","2 seconds","30 seconds","Implemented","","","While active, grants +20% to Enmity generation, +15% Defense, +15% Force Defense, -20% Attack, and -20% Force Attack.","While active, grants +20% to Enmity generation, +15% Defense, +15% Force Defense, -20% Attack, and -20% Force Attack.","BastionStance/HeavyVibrobladeDefense/Bastion Stance rank 1","BastionStance1","BastionStance1: BastionStanceAbilityDefinition.cs name='Bastion Stance' level=1 skill=HeavyVibroblade activation=Casted FP=- STM=- cast=2 cooldown=30","BastionStance1: PASS exact Bible text TLK 81798","BastionStance1: PASS exact Bible text TLK 81798",""
"PASS","Scoped implemented","Heavy Vibroblade","17","Immortal","4.0","4","Last Stand","Heavy Vibroblade 22","HeavyVibroblade 22","All","Trait","None","None","None","Yes","-","-","-","-","Implemented","","","When reduced below 25% HP, gain Temporary HP equal to 20% of maximum HP for 30 seconds. This can only trigger once per 10 minutes.","When reduced below 25% HP, gain Temporary HP equal to 20% of maximum HP for 30 seconds. This can only trigger once per 10 minutes.","LastStand/HeavyVibrobladeDefense/Last Stand rank 1","LastStandTrait","LastStandTrait: no active ability definition","LastStandTrait: PASS exact Bible text TLK 5232","-",""
"PASS","Scoped implemented","Heavy Vibroblade","18","Immortal","4.0","4","Guardian's Resolve","Heavy Vibroblade 25","HeavyVibroblade 25","All","Trait","None","None","None","Yes","-","-","-","-","Implemented","","","When a Heavy Vibroblade Defense ability grants you Physical Defense or reduces incoming damage, you also gain Temporary HP equal to 12% of maximum HP for 30 seconds. You heal for 15% of damage absorbed by this Temporary HP. This can trigger once every 30 seconds.","When a Heavy Vibroblade Defense ability grants you Physical Defense or reduces incoming damage, you also gain Temporary HP equal to 12% of maximum HP for 30 seconds. You heal for 15% of damage absorbed by this Temporary HP. This can trigger once every 30 seconds.","GuardiansResolve/HeavyVibrobladeDefense/Guardian's Resolve rank 1","GuardiansResolveTrait","GuardiansResolveTrait: no active ability definition","GuardiansResolveTrait: PASS exact Bible text TLK 5231","-",""
"PASS","Scoped implemented","Heavy Vibroblade","19","Immortal","3.0","3","Rampart","Heavy Vibroblade 28","HeavyVibroblade 28","All","Combat","MGT","PER","Combat Formula","Yes","-","12.0","Instant","60 seconds","Implemented","","","All allies within a 5m sphere take 15% less physical damage for 1 minute.","All allies within a 5m sphere take 15% less physical damage for 1 minute.","Rampart/HeavyVibrobladeDefense/Rampart rank 1","Rampart1","Rampart1: RampartAbilityDefinition.cs name='Rampart' level=1 skill=HeavyVibroblade activation=Casted FP=- STM=12 cast=0 cooldown=60","Rampart1: PASS exact Bible text TLK 2982","Rampart1: PASS exact Bible text TLK 2982",""
"PASS","Scoped implemented","Heavy Vibroblade","20","Immortal","4.0","4","Fortress Strike III","Heavy Vibroblade 30","HeavyVibroblade 30","All","Combat","MGT","PER","Combat Formula","Yes","-","10.0","Instant","18 seconds","Implemented","","","Your next attack deals weapon DMG + 30 and generates +550 Enmity plus damage dealt as Enmity. You gain +30% Physical Defense for 30 seconds.","Your next attack deals weapon DMG + 30 and generates +550 Enmity plus damage dealt as Enmity. You gain +30% Physical Defense for 30 seconds.","FortressStrike/HeavyVibrobladeDefense/Fortress Strike rank 3","FortressStrike3","FortressStrike3: FortressStrikeAbilityDefinition.cs name='Fortress Strike III' level=3 skill=HeavyVibroblade activation=Weapon FP=- STM=10 cast=0 cooldown=18","FortressStrike3: PASS exact Bible text TLK 5290","FortressStrike3: PASS exact Bible text TLK 5290",""
"PASS","Scoped implemented","Heavy Vibroblade","21","Immortal","3.0","3","Earthshatter II","Heavy Vibroblade 32","HeavyVibroblade 32","All","Combat","MGT","PER","Combat Formula","Yes","-","12.0","Instant","45 seconds","Implemented","","","You deal weapon DMG + 35 to all enemies in an 8m x 2.5m line from you. Inflicts Force Disruption on each target which disables the use of force abilities for 30 seconds and generates +350 Enmity.","You deal weapon DMG + 35 to all enemies in an 8m x 2.5m line from you. Inflicts Force Disruption on each target which disables the use of force abilities for 30 seconds and generates +350 Enmity.","Earthshatter/HeavyVibrobladeDefense/Earthshatter rank 2","Earthshatter2","Earthshatter2: EarthshatterAbilityDefinition.cs name='Earthshatter II' level=2 skill=HeavyVibroblade activation=Casted FP=- STM=12 cast=0 cooldown=45","Earthshatter2: PASS exact Bible text TLK 5279","Earthshatter2: PASS exact Bible text TLK 5279",""
"PASS","Scoped implemented","Heavy Vibroblade","22","Immortal","2.0","2","Critical Ward","Heavy Vibroblade 35","HeavyVibroblade 35","All","Trait","None","None","None","Yes","-","-","-","-","Implemented","","","If you would receive a critical hit, downgrade the attack to a normal hit. The attack will do minimum damage to you. This can trigger once every 16 seconds, reduced by 0.5 seconds per MGT to a minimum of 12 seconds.","If you would receive a critical hit, downgrade the attack to a normal hit. The attack will do minimum damage to you. This can trigger once every 16 seconds, reduced by 0.5 seconds per MGT to a minimum of 12 seconds.","CriticalWard/HeavyVibrobladeDefense/Critical Ward rank 1","CriticalWardTrait","CriticalWardTrait: no active ability definition","CriticalWardTrait: PASS exact Bible text TLK 5226","-",""
"PASS","Scoped implemented","Heavy Vibroblade","23","Immortal","4.0","4","Unbreakable Will","Heavy Vibroblade 38","HeavyVibroblade 38","All","Trait","None","None","None","Yes","-","-","-","-","Implemented","","Melee Deflection contributes nothing while a shield is equipped because Shield Deflection completely replaces it.","Gain +4 Melee Deflection, increased by +1 per 4 MGT to a maximum of +8. When your Melee Deflection negates a melee weapon auto-attack, restore 4 STM. This can trigger once every 6 seconds.","Gain +4 Melee Deflection, increased by +1 per 4 MGT to a maximum of +8. When your Melee Deflection negates a melee weapon auto-attack, restore 4 STM. This can trigger once every 6 seconds.","UnbreakableWill/HeavyVibrobladeDefense/Unbreakable Will rank 1","UnbreakableWillTrait","UnbreakableWillTrait: no active ability definition","UnbreakableWillTrait: PASS exact Bible text TLK 4115","-",""
"PASS","Scoped implemented","Heavy Vibroblade","24","Immortal","5.0","5","Blood Weapon","Heavy Vibroblade 40","HeavyVibroblade 40","All","Trait","None","None","None","Yes","-","-","-","-","Implemented","","","While you have a Heavy Vibroblade Defense Physical Defense or damage-reduction buff, restore HP equal to 1% of combat damage you deal.","While you have a Heavy Vibroblade Defense Physical Defense or damage-reduction buff, restore HP equal to 1% of combat damage you deal.","BloodWeapon/HeavyVibrobladeDefense/Blood Weapon rank 1","BloodWeaponTrait","BloodWeaponTrait: no active ability definition","BloodWeaponTrait: PASS exact Bible text TLK 3891","-",""
"PASS","Scoped implemented","Heavy Vibroblade","25","Immortal","4.0","4","Guardian's Reaping","Heavy Vibroblade 45","HeavyVibroblade 45","All","Trait","None","None","None","Yes","-","-","-","-","Implemented","","","Defeating an enemy restores 12% max HP to you and grants +10% Physical Defense to all allies within 5m for 30 seconds.","Defeating an enemy restores 12% max HP to you and grants +10% Physical Defense to all allies within 5m for 30 seconds.","GuardiansReaping/HeavyVibrobladeDefense/Guardian's Reaping rank 1","GuardiansReapingTrait","GuardiansReapingTrait: no active ability definition","GuardiansReapingTrait: PASS exact Bible text TLK 5230","-",""
"PASS","Scoped implemented","Heavy Vibroblade","26","Immortal","6.0","6","Absolute Defense","Heavy Vibroblade 50","HeavyVibroblade 50; Quest absolute_defense_mastery","All","Capstone","MGT","PER","Combat Formula","Yes","-","15.0","Instant","90 seconds","Implemented","","","For 45 seconds, party members within 5m including you take 15% less physical and Force damage and are immune to Knockdown and Dazed.","For 45 seconds, party members within 5m including you take 15% less physical and Force damage and are immune to Knockdown and Dazed.","AbsoluteDefense/HeavyVibrobladeDefense/Absolute Defense rank 1","AbsoluteDefense1","AbsoluteDefense1: AbsoluteDefenseAbilityDefinition.cs name='Absolute Defense' level=1 skill=HeavyVibroblade activation=Casted FP=- STM=15 cast=0 cooldown=90","AbsoluteDefense1: PASS exact Bible text TLK 80959","AbsoluteDefense1: PASS exact Bible text TLK 80959",""
"PASS","Scoped implemented","Heavy Vibroblade","29","Berserker","2.0","2","Soul Strike I","Heavy Vibroblade 2","HeavyVibroblade 2","All","Combat","MGT","PER","Combat Formula","Yes","-","4.0","Instant","24 seconds","Implemented","","","Your next attack deals +15 DMG and heals you for 15% of damage dealt.","Your next attack deals +15 DMG and heals you for 15% of damage dealt.","SoulStrike/HeavyVibrobladeOffense/Soul Strike rank 1","SoulStrike1","SoulStrike1: SoulStrikeAbilityDefinition.cs name='Soul Strike I' level=1 skill=HeavyVibroblade activation=Weapon FP=- STM=4 cast=0 cooldown=24","SoulStrike1: PASS exact Bible text TLK 1697","SoulStrike1: PASS exact Bible text TLK 1697",""
"PASS","Scoped implemented","Heavy Vibroblade","30","Berserker","2.0","2","Essence Tap","Heavy Vibroblade 5","HeavyVibroblade 5","All","Trait","None","None","None","Yes","-","-","-","-","Implemented","","","When you take damage, gain +8% Attack for 30 seconds.","When you take damage, gain +8% Attack for 30 seconds.","EssenceTap/HeavyVibrobladeOffense/Essence Tap rank 1","EssenceTapTrait","EssenceTapTrait: no active ability definition","EssenceTapTrait: PASS exact Bible text TLK 5229","-",""
"PASS","Scoped implemented","Heavy Vibroblade","31","Berserker","2.0","2","Essence Hunter","Heavy Vibroblade 8","HeavyVibroblade 8","All","Trait","None","None","None","Yes","-","-","-","-","Implemented","","","Heavy Vibroblade Offense weapon abilities also inflict Essence Drain, reducing the target's Attack by 15% for 30 seconds.","Heavy Vibroblade Offense weapon abilities also inflict Essence Drain, reducing the target's Attack by 15% for 30 seconds.","EssenceHunter/HeavyVibrobladeOffense/Essence Hunter rank 1","EssenceHunterTrait","EssenceHunterTrait: no active ability definition","EssenceHunterTrait: PASS exact Bible text TLK 5228","-",""
"PASS","Scoped implemented","Heavy Vibroblade","32","Berserker","2.0","2","Sacrificial Blade","Heavy Vibroblade 10","HeavyVibroblade 10","All","Combat","MGT","PER","Combat Formula","Yes","-","6.0","Instant","45 seconds","Implemented","","","Deal weapon DMG + 25 to a single target. Costs 8% max HP.","Deal weapon DMG + 25 to a single target. Costs 8% max HP.","SacrificialBlade/HeavyVibrobladeOffense/Sacrificial Blade rank 1","SacrificialBlade1","SacrificialBlade1: SacrificialBladeAbilityDefinition.cs name='Sacrificial Blade' level=1 skill=HeavyVibroblade activation=Casted FP=- STM=6 cast=0 cooldown=45","SacrificialBlade1: PASS exact Bible text TLK 1632","SacrificialBlade1: PASS exact Bible text TLK 1632",""
"PASS","Scoped implemented","Heavy Vibroblade","33","Berserker","2.0","2","Soul Strike II","Heavy Vibroblade 12","HeavyVibroblade 12","All","Combat","MGT","PER","Combat Formula","Yes","-","10.0","Instant","24 seconds","Implemented","","","Your next attack deals +30 DMG and heals you for 25% of damage dealt.","Your next attack deals +30 DMG and heals you for 25% of damage dealt.","SoulStrike/HeavyVibrobladeOffense/Soul Strike rank 2","SoulStrike2","SoulStrike2: SoulStrikeAbilityDefinition.cs name='Soul Strike II' level=2 skill=HeavyVibroblade activation=Weapon FP=- STM=10 cast=0 cooldown=24","SoulStrike2: PASS exact Bible text TLK 1699","SoulStrike2: PASS exact Bible text TLK 1699",""
"PASS","Scoped implemented","Heavy Vibroblade","34","Berserker","4.0","4","Life Siphon","Heavy Vibroblade 15","HeavyVibroblade 15","All","Trait","None","None","None","Yes","-","-","-","-","Implemented","","","When below 40% HP, your attacks heal you for 8% of damage dealt.","When below 40% HP, your attacks heal you for 8% of damage dealt.","LifeSiphon/HeavyVibrobladeOffense/Life Siphon rank 1","LifeSiphonTrait","LifeSiphonTrait: no active ability definition","LifeSiphonTrait: PASS exact Bible text TLK 82880","-",""
"PASS","Scoped implemented","Heavy Vibroblade","35","Berserker","3.0","3","Soul Burst","Heavy Vibroblade 18","HeavyVibroblade 18","All","Combat","MGT","PER","Combat Formula","Yes","-","12.0","Instant","60 seconds","Implemented","","","Deal weapon DMG + 35 to all enemies in a 5m x 5m cone. Costs 40% HP which is reduced by 1% per MGT. (Minimum 10%)","Deal weapon DMG + 35 to all enemies in a 5m x 5m cone. Costs 40% HP which is reduced by 1% per MGT. (Minimum 10%)","SoulBurst/HeavyVibrobladeOffense/Soul Burst rank 1","SoulBurst1","SoulBurst1: SoulBurstAbilityDefinition.cs name='Soul Burst' level=1 skill=HeavyVibroblade activation=Casted FP=- STM=12 cast=0 cooldown=60","SoulBurst1: PASS exact Bible text TLK 3009","SoulBurst1: PASS exact Bible text TLK 3009",""
"PASS","Scoped implemented","Heavy Vibroblade","36","Berserker","4.0","4","Soul Devourer","Heavy Vibroblade 20","HeavyVibroblade 20","All","Stance","None","None","None","Yes","-","-","2 seconds","30 seconds","Implemented","","","While active, gain +25% Attack and +10% critical chance, but each attack you make deals 45% of the damage back to you. Damage reduced by 1% per MGT. (Minimum 20%)","While active, gain +25% Attack and +10% critical chance, but each attack you make deals 45% of the damage back to you. Damage reduced by 1% per MGT. (Minimum 20%)","SoulDevourer/HeavyVibrobladeOffense/Soul Devourer rank 1","SoulDevourer1","SoulDevourer1: SoulDevourerAbilityDefinition.cs name='Soul Devourer' level=1 skill=HeavyVibroblade activation=Casted FP=- STM=- cast=2 cooldown=30","SoulDevourer1: PASS exact Bible text TLK 3806","SoulDevourer1: PASS exact Bible text TLK 3806",""
"PASS","Scoped implemented","Heavy Vibroblade","37","Berserker","4.0","4","Vampiric Fury","Heavy Vibroblade 22","HeavyVibroblade 22","All","Trait","None","None","None","Yes","-","-","-","-","Implemented","","","Critical hits restore HP equal to 12% of damage dealt, increased by 1 percentage point per 2 MGT to a maximum of 25%. This can trigger once every 8 seconds.","Critical hits restore HP equal to 12% of damage dealt, increased by 1 percentage point per 2 MGT to a maximum of 25%. This can trigger once every 8 seconds.","VampiricFury/HeavyVibrobladeOffense/Vampiric Fury rank 1","VampiricFuryTrait","VampiricFuryTrait: no active ability definition","VampiricFuryTrait: PASS exact Bible text TLK 4116","-",""
"PASS","Scoped implemented","Heavy Vibroblade","38","Berserker","4.0","4","Soul Amplification","Heavy Vibroblade 25","HeavyVibroblade 25","All","Trait","None","None","None","Yes","-","-","-","-","Implemented","","","When you recover HP, gain +10% Attack for 30 seconds.","When you recover HP, gain +10% Attack for 30 seconds.","SoulAmplification/HeavyVibrobladeOffense/Soul Amplification rank 1","SoulAmplificationTrait","SoulAmplificationTrait: no active ability definition","SoulAmplificationTrait: PASS exact Bible text TLK 5233","-",""
"PASS","Scoped implemented","Heavy Vibroblade","39","Berserker","3.0","3","Soul Strike III","Heavy Vibroblade 28","HeavyVibroblade 28","All","Combat","MGT","PER","Combat Formula","Yes","-","15.0","Instant","24 seconds","Implemented","","","Your next attack deals +45 DMG and heals you for 30% of damage dealt. Amount healed increases by 1 percentage point per 2 MGT to a maximum of 40%.","Your next attack deals +45 DMG and heals you for 30% of damage dealt. Amount healed increases by 1 percentage point per 2 MGT to a maximum of 40%.","SoulStrike/HeavyVibrobladeOffense/Soul Strike rank 3","SoulStrike3","SoulStrike3: SoulStrikeAbilityDefinition.cs name='Soul Strike III' level=3 skill=HeavyVibroblade activation=Weapon FP=- STM=15 cast=0 cooldown=24","SoulStrike3: PASS exact Bible text TLK 4042","SoulStrike3: PASS exact Bible text TLK 4042",""
"PASS","Scoped implemented","Heavy Vibroblade","40","Berserker","4.0","4","Soul Storm","Heavy Vibroblade 30","HeavyVibroblade 30","All","Combat","MGT","PER","Combat Formula","Yes","-","18.0","Instant","90 seconds","Implemented","","","Sacrifice 40% HP to increase the damage of all allies within a 5m sphere by 20% for 1 minute. HP sacrificed decreases by 1 percentage point per MGT. (Minimum 10%)","Sacrifice 40% HP to increase the damage of all allies within a 5m sphere by 20% for 1 minute. HP sacrificed decreases by 1 percentage point per MGT. (Minimum 10%)","SoulStorm/HeavyVibrobladeOffense/Soul Storm rank 1","SoulStorm1","SoulStorm1: SoulStormAbilityDefinition.cs name='Soul Storm' level=1 skill=HeavyVibroblade activation=Casted FP=- STM=18 cast=0 cooldown=90","SoulStorm1: PASS exact Bible text TLK 3012","SoulStorm1: PASS exact Bible text TLK 3012",""
"PASS","Scoped implemented","Heavy Vibroblade","41","Berserker","3.0","3","Blazing Spikes","Heavy Vibroblade 32","HeavyVibroblade 32","All","Toggle","MGT","PER","Combat Formula","Yes","-","8.0","Instant","-","Implemented","","","While active, this effect delivers 10% of physical damage received back to the attacker. Damage dealt increases by 1% per MGT. (Maximum 40%)","While active, this effect delivers 10% of physical damage received back to the attacker. Damage dealt increases by 1% per MGT. (Maximum 40%)","BlazingSpikes/HeavyVibrobladeOffense/Blazing Spikes rank 1","BlazingSpikes1","BlazingSpikes1: BlazingSpikesAbilityDefinition.cs name='Blazing Spikes' level=1 skill=HeavyVibroblade activation=Casted FP=- STM=8 cast=0 cooldown=-","BlazingSpikes1: PASS exact Bible text TLK 1789","BlazingSpikes1: PASS exact Bible text TLK 1789",""
"PASS","Scoped implemented","Heavy Vibroblade","42","Berserker","2.0","2","Soul Sacrifice","Heavy Vibroblade 35","HeavyVibroblade 35","All","Trait","None","None","None","Yes","-","-","-","-","Implemented","","","After you spend HP on a Heavy Vibroblade Offense ability, gain +15% Attack and +5% critical chance for 30 seconds. The HP cost reduction scales with MGT.","After you spend HP on a Heavy Vibroblade Offense ability, gain +15% Attack and +5% critical chance for 30 seconds. The HP cost reduction scales with MGT.","SoulSacrifice/HeavyVibrobladeOffense/Soul Sacrifice rank 1","SoulSacrificeTrait","SoulSacrificeTrait: no active ability definition","SoulSacrificeTrait: PASS exact Bible text TLK 5237","-",""
"PASS","Scoped implemented","Heavy Vibroblade","43","Berserker","4.0","4","Soul Barrier","Heavy Vibroblade 38","HeavyVibroblade 38","All","Trait","None","None","None","Yes","-","-","-","-","Implemented","","","When HP drops below 50% of maximum, a temporary shield forms which absorbs damage equal to 25% of max HP for 30 seconds. This can only trigger once every 3 minutes.","When HP drops below 50% of maximum, a temporary shield forms which absorbs damage equal to 25% of max HP for 30 seconds. This can only trigger once every 3 minutes.","SoulBarrier/HeavyVibrobladeOffense/Soul Barrier rank 1","SoulBarrierTrait","SoulBarrierTrait: no active ability definition","SoulBarrierTrait: PASS exact Bible text TLK 5235","-",""
"PASS","Scoped implemented","Heavy Vibroblade","44","Berserker","5.0","5","Bloodlust","Heavy Vibroblade 40","HeavyVibroblade 40","All","Trait","None","None","None","Yes","-","-","-","-","Implemented","","","After you spend HP on a Heavy Vibroblade Offense ability, restore 15% of maximum STM, increased by 1 percentage point per MGT to a maximum of 35%. This can trigger once every 30 seconds.","After you spend HP on a Heavy Vibroblade Offense ability, restore 15% of maximum STM, increased by 1 percentage point per MGT to a maximum of 35%. This can trigger once every 30 seconds.","Bloodlust/HeavyVibrobladeOffense/Bloodlust rank 1","BloodlustTrait","BloodlustTrait: no active ability definition","BloodlustTrait: PASS exact Bible text TLK 3890","-",""
"PASS","Scoped implemented","Heavy Vibroblade","45","Berserker","4.0","4","Soul Reaping","Heavy Vibroblade 45","HeavyVibroblade 45","All","Trait","None","None","None","Yes","-","-","-","-","Implemented","","","Defeating an enemy restores 10% max HP and grants +15% Attack for 30 seconds.","Defeating an enemy restores 10% max HP and grants +15% Attack for 30 seconds.","SoulReaping/HeavyVibrobladeOffense/Soul Reaping rank 1","SoulReapingTrait","SoulReapingTrait: no active ability definition","SoulReapingTrait: PASS exact Bible text TLK 5236","-",""
"PASS","Scoped implemented","Heavy Vibroblade","46","Berserker","6.0","6","Soul Ascension","Heavy Vibroblade 50","HeavyVibroblade 50; Quest soul_ascension_mastery","All","Capstone","None","None","None","Yes","-","-","-","-","Implemented","","","Defeating an enemy after spending HP on a Heavy Vibroblade Offense ability grants +8% Attack and heals you for 8% of physical damage dealt for 30 seconds.","Defeating an enemy after spending HP on a Heavy Vibroblade Offense ability grants +8% Attack and heals you for 8% of physical damage dealt for 30 seconds.","SoulAscension/HeavyVibrobladeOffense/Soul Ascension rank 1","SoulAscensionTrait","SoulAscensionTrait: no active ability definition","SoulAscensionTrait: PASS exact Bible text TLK 5234","-",""
"PASS","Scoped implemented","Spear","9","Disabler","2.0","2","Disabling Strike I","Spear 2","Spear 2","All","Combat","MGT","PER","Combat Formula","Yes","-","3.0","Instant","18 seconds","Implemented","","","Deals weapon DMG + 8. Inflicts Foggy Mind for 30 seconds, increasing ability costs.","Deals weapon DMG + 8. Inflicts Foggy Mind for 30 seconds, increasing ability costs.","DisablingStrike/SpearDisabler/Disabling Strike rank 1","DisablingStrike1","DisablingStrike1: DisablingStrikeAbilityDefinition.cs name='Disabling Strike I' level=1 skill=Spear activation=Casted FP=- STM=3 cast=0 cooldown=18","DisablingStrike1: PASS exact Bible text TLK 5057","DisablingStrike1: PASS exact Bible text TLK 5057",""
"PASS","Scoped implemented","Spear","10","Disabler","2.0","2","Erosion Strike","Spear 5","Spear 5","All","Trait","None","None","None","Yes","-","-","-","-","Implemented","","","Your hostile combat abilities drain 2 FP and 2 STM from targets affected by Foggy Mind.","Your hostile combat abilities drain 2 FP and 2 STM from targets affected by Foggy Mind.","ErosionStrike/SpearDisabler/Erosion Strike rank 1","ErosionStrikeTrait","ErosionStrikeTrait: no active ability definition","ErosionStrikeTrait: PASS exact Bible text TLK 4675","-",""
"PASS","Scoped implemented","Spear","11","Disabler","2.0","2","Force Warding I","Spear 8","Spear 8","All","Trait","None","None","None","Yes","-","-","-","-","Implemented","","","After taking Force damage, reflect 10% of the pre-mitigation damage to the attacker and gain +5 Force Defense for 30 seconds.","After taking Force damage, reflect 10% of the pre-mitigation damage to the attacker and gain +5 Force Defense for 30 seconds.","ForceWarding/SpearDisabler/Force Warding rank 1","ForceWardingTrait","ForceWardingTrait: no active ability definition","ForceWardingTrait: PASS exact Bible text TLK 5146","-",""
"PASS","Scoped implemented","Spear","12","Disabler","2.0","2","Interruption Strike I","Spear 10","Spear 10","All","Combat","MGT","PER","Combat Formula","Yes","-","4.0","Instant","24 seconds","Implemented","","","Deals weapon DMG + 12. If the target is using an ability, also drains 4 FP and STM.","Deals weapon DMG + 12. If the target is using an ability, also drains 4 FP and STM.","InterruptionStrike/SpearDisabler/Interruption Strike rank 1","InterruptionStrike1","InterruptionStrike1: InterruptionStrikeAbilityDefinition.cs name='Interruption Strike I' level=1 skill=Spear activation=Casted FP=- STM=4 cast=0 cooldown=24","InterruptionStrike1: PASS exact Bible text TLK 4388","InterruptionStrike1: PASS exact Bible text TLK 4388",""
"PASS","Scoped implemented","Spear","13","Disabler","2.0","2","Disabling Strike II","Spear 12","Spear 12","All","Combat","MGT","PER","Combat Formula","Yes","-","5.0","Instant","18 seconds","Implemented","","","Deals weapon DMG + 18. Inflicts Foggy Mind for 30 seconds, increasing ability costs.","Deals weapon DMG + 18. Inflicts Foggy Mind for 30 seconds, increasing ability costs.","DisablingStrike/SpearDisabler/Disabling Strike rank 2","DisablingStrike2","DisablingStrike2: DisablingStrikeAbilityDefinition.cs name='Disabling Strike II' level=2 skill=Spear activation=Casted FP=- STM=5 cast=0 cooldown=18","DisablingStrike2: PASS exact Bible text TLK 5058","DisablingStrike2: PASS exact Bible text TLK 5058",""
"PASS","Scoped implemented","Spear","14","Disabler","4.0","4","Force Piercing","Spear 15","Spear 15","All","Trait","None","None","None","Yes","-","-","-","-","Implemented","","","Your hostile combat abilities ignore 10% Force Defense against targets affected by Force Disruption or Foggy Mind.","Your hostile combat abilities ignore 10% Force Defense against targets affected by Force Disruption or Foggy Mind.","ForcePiercing/SpearDisabler/Force Piercing rank 1","ForcePiercingTrait","ForcePiercingTrait: no active ability definition","ForcePiercingTrait: PASS exact Bible text TLK 4677","-",""
"PASS","Scoped implemented","Spear","15","Disabler","3.0","3","Disruption Field I","Spear 18","Spear 18","All","Combat","MGT","PER","Combat Formula","Yes","-","6.0","Instant","30 seconds","Implemented","","","Deals weapon DMG + 16 to enemies within 5m of you and inflicts Force Disruption for 30 seconds.","Deals weapon DMG + 16 to enemies within 5m of you and inflicts Force Disruption for 30 seconds.","DisruptionField/SpearDisabler/Disruption Field rank 1","DisruptionField1","DisruptionField1: DisruptionFieldAbilityDefinition.cs name='Disruption Field I' level=1 skill=Spear activation=Casted FP=- STM=6 cast=0 cooldown=30","DisruptionField1: PASS exact Bible text TLK 6142","DisruptionField1: PASS exact Bible text TLK 6142",""
"PASS","Scoped implemented","Spear","16","Disabler","4.0","4","Perceptive Stance","Spear 20","Spear 20","All","Stance","None","None","None","Yes","-","-","2 seconds","30 seconds","Implemented","","","While active, hostile abilities you land drain 2 FP and 2 STM, but your Defense is reduced by 10%.","While active, hostile abilities you land drain 2 FP and 2 STM, but your Defense is reduced by 10%.","PerceptiveStance/SpearDisabler/Perceptive Stance rank 1","PerceptiveStance1","PerceptiveStance1: PerceptiveStanceAbilityDefinition.cs name='Perceptive Stance' level=1 skill=Spear activation=Casted FP=- STM=- cast=2 cooldown=30","PerceptiveStance1: PASS exact Bible text TLK 4392","PerceptiveStance1: PASS exact Bible text TLK 4392",""
"PASS","Scoped implemented","Spear","17","Disabler","4.0","4","Force Warding II","Spear 22","Spear 22","All","Trait","None","None","None","Yes","-","-","-","-","Implemented","","","After taking Force damage, reflect 15% of the pre-mitigation damage to the attacker and gain +5 Force Defense for 30 seconds.","After taking Force damage, reflect 15% of the pre-mitigation damage to the attacker and gain +5 Force Defense for 30 seconds.","ForceWarding/SpearDisabler/Force Warding rank 2","","-","-","-",""
"PASS","Scoped implemented","Spear","18","Disabler","4.0","4","Disruption Expert","Spear 25","Spear 25","All","Trait","None","None","None","Yes","-","-","-","-","Implemented","","","Foggy Mind, Force Disruption, and ability-cost debuffs you apply last 25% longer.","Foggy Mind, Force Disruption, and ability-cost debuffs you apply last 25% longer.","DisruptionExpert/SpearDisabler/Disruption Expert rank 1","DisruptionExpertTrait","DisruptionExpertTrait: no active ability definition","DisruptionExpertTrait: PASS exact Bible text TLK 4678","-",""
"PASS","Scoped implemented","Spear","19","Disabler","3.0","3","Disabling Strike III","Spear 28","Spear 28","All","Combat","MGT","PER","Combat Formula","Yes","-","8.0","Instant","18 seconds","Implemented","","","Deals weapon DMG + 28. Inflicts Foggy Mind for 30 seconds, increasing ability costs.","Deals weapon DMG + 28. Inflicts Foggy Mind for 30 seconds, increasing ability costs.","DisablingStrike/SpearDisabler/Disabling Strike rank 3","DisablingStrike3","DisablingStrike3: DisablingStrikeAbilityDefinition.cs name='Disabling Strike III' level=3 skill=Spear activation=Casted FP=- STM=8 cast=0 cooldown=18","DisablingStrike3: PASS exact Bible text TLK 5060","DisablingStrike3: PASS exact Bible text TLK 5060",""
"PASS","Scoped implemented","Spear","20","Disabler","4.0","4","Interruption Strike II","Spear 30","Spear 30","All","Combat","MGT","PER","Combat Formula","Yes","-","8.0","Instant","24 seconds","Implemented","","","Deals weapon DMG + 24. If the target is using an ability, also drains 7 FP and STM.","Deals weapon DMG + 24. If the target is using an ability, also drains 7 FP and STM.","InterruptionStrike/SpearDisabler/Interruption Strike rank 2","InterruptionStrike2","InterruptionStrike2: InterruptionStrikeAbilityDefinition.cs name='Interruption Strike II' level=2 skill=Spear activation=Casted FP=- STM=8 cast=0 cooldown=24","InterruptionStrike2: PASS exact Bible text TLK 4394","InterruptionStrike2: PASS exact Bible text TLK 4394",""
"PASS","Scoped implemented","Spear","21","Disabler","3.0","3","Disruption Field II","Spear 32","Spear 32","All","Combat","MGT","PER","Combat Formula","Yes","-","9.0","Instant","30 seconds","Implemented","","","Deals weapon DMG + 30 to enemies within 5m of you and inflicts Force Disruption for 30 seconds.","Deals weapon DMG + 30 to enemies within 5m of you and inflicts Force Disruption for 30 seconds.","DisruptionField/SpearDisabler/Disruption Field rank 2","DisruptionField2","DisruptionField2: DisruptionFieldAbilityDefinition.cs name='Disruption Field II' level=2 skill=Spear activation=Casted FP=- STM=9 cast=0 cooldown=30","DisruptionField2: PASS exact Bible text TLK 6143","DisruptionField2: PASS exact Bible text TLK 6143",""
"PASS","Scoped implemented","Spear","22","Disabler","2.0","2","Fracture Strike","Spear 35","Spear 35","All","Trait","None","None","None","Yes","-","-","-","-","Implemented","","","Your hostile combat abilities deal +10% damage to targets affected by control effects you applied.","Your hostile combat abilities deal +10% damage to targets affected by control effects you applied.","FractureStrike/SpearDisabler/Fracture Strike rank 1","FractureStrikeTrait","FractureStrikeTrait: no active ability definition","FractureStrikeTrait: PASS exact Bible text TLK 4793","-",""
"PASS","Scoped implemented","Spear","23","Disabler","4.0","4","Interruption Strike III","Spear 38","Spear 38","All","Combat","MGT","PER","Combat Formula","Yes","-","10.0","Instant","24 seconds","Implemented","","","Deals weapon DMG + 36. If the target is using an ability, also drains 10 FP and STM.","Deals weapon DMG + 36. If the target is using an ability, also drains 10 FP and STM.","InterruptionStrike/SpearDisabler/Interruption Strike rank 3","InterruptionStrike3","InterruptionStrike3: InterruptionStrikeAbilityDefinition.cs name='Interruption Strike III' level=3 skill=Spear activation=Casted FP=- STM=10 cast=0 cooldown=24","InterruptionStrike3: PASS exact Bible text TLK 4398","InterruptionStrike3: PASS exact Bible text TLK 4398",""
"PASS","Scoped implemented","Spear","24","Disabler","5.0","5","Disabling Strike IV","Spear 40","Spear 40","All","Combat","MGT","PER","Combat Formula","Yes","-","12.0","Instant","18 seconds","Implemented","","","Deals weapon DMG + 38. Inflicts Foggy Mind for 30 seconds, increasing ability costs.","Deals weapon DMG + 38. Inflicts Foggy Mind for 30 seconds, increasing ability costs.","DisablingStrike/SpearDisabler/Disabling Strike rank 4","DisablingStrike4","DisablingStrike4: DisablingStrikeAbilityDefinition.cs name='Disabling Strike IV' level=4 skill=Spear activation=Casted FP=- STM=12 cast=0 cooldown=18","DisablingStrike4: PASS exact Bible text TLK 5062","DisablingStrike4: PASS exact Bible text TLK 5062",""
"PASS","Scoped implemented","Spear","25","Disabler","4.0","4","Force Warding III","Spear 45","Spear 45","All","Trait","None","None","None","Yes","-","-","-","-","Implemented","","","After taking Force damage, reflect 20% of the pre-mitigation damage to the attacker and gain +5 Force Defense for 30 seconds.","After taking Force damage, reflect 20% of the pre-mitigation damage to the attacker and gain +5 Force Defense for 30 seconds.","ForceWarding/SpearDisabler/Force Warding rank 3","","-","-","-",""
"PASS","Scoped implemented","Spear","26","Disabler","6.0","6","Forcebane","Spear 50","Spear 50; Quest forcebane_mastery","All","Capstone","MGT","PER","Combat Formula","Yes","-","15.0","2 seconds","90 seconds","Implemented","","","Deals weapon DMG + 25 to enemies within 5m of you. Enemies hit suffer Foggy Mind, Force Disruption, and -20% Ability Accuracy for 45 seconds.","Deals weapon DMG + 25 to enemies within 5m of you. Enemies hit suffer Foggy Mind, Force Disruption, and -20% Ability Accuracy for 45 seconds.","Forcebane/SpearDisabler/Forcebane rank 1","Forcebane1","Forcebane1: ForcebaneAbilityDefinition.cs name='Forcebane' level=1 skill=Spear activation=Casted FP=- STM=15 cast=2 cooldown=90","Forcebane1: PASS exact Bible text TLK 4401","Forcebane1: PASS exact Bible text TLK 4401",""
"PASS","Scoped implemented","Spear","29","Vigor","2.0","2","Vigor Thrust I","Spear 2","Spear 2","All","Combat","MGT","PER","Combat Formula","Yes","-","3.0","Instant","18 seconds","Implemented","","","Deals weapon DMG + 8 and grants +6% Evasion for 30 seconds.","Deals weapon DMG + 8 and grants +6% Evasion for 30 seconds.","VigorThrust/SpearDamage/Vigor Thrust rank 1","VigorThrust1","VigorThrust1: VigorThrustAbilityDefinition.cs name='Vigor Thrust I' level=1 skill=Spear activation=Casted FP=- STM=3 cast=0 cooldown=18","VigorThrust1: PASS exact Bible text TLK 6144","VigorThrust1: PASS exact Bible text TLK 6144",""
"PASS","Scoped implemented","Spear","30","Vigor","2.0","2","Lateral Footwork","Spear 5","Spear 5","All","Trait","None","None","None","Yes","-","-","-","-","Implemented","","","After using a Spear ability, gain +10% Evasion for 30 seconds.","After using a Spear ability, gain +10% Evasion for 30 seconds.","LateralFootwork/SpearDamage/Lateral Footwork rank 1","LateralFootworkTrait","LateralFootworkTrait: no active ability definition","LateralFootworkTrait: PASS exact Bible text TLK 6148","-",""
"PASS","Scoped implemented","Spear","31","Vigor","2.0","2","High Guard I","Spear 8","Spear 8","All","Trait","None","None","None","Yes","-","-","-","-","Implemented","","","Hostile combat abilities costing at least 8 STM deal +6 DMG and grant +3% Evasion for 30 seconds.","Hostile combat abilities costing at least 8 STM deal +6 DMG and grant +3% Evasion for 30 seconds.","HighGuard/SpearDamage/High Guard rank 1","HighGuardTrait","HighGuardTrait: no active ability definition","HighGuardTrait: PASS exact Bible text TLK 5148","-",""
"PASS","Scoped implemented","Spear","32","Vigor","2.0","2","Sweeping Flank I","Spear 10","Spear 10","All","Combat","MGT","PER","Combat Formula","Yes","-","4.0","Instant","24 seconds","Implemented","","","Deals weapon DMG + 12 to enemies within 5m. If you are beside or behind a target, that target takes +10 DMG.","Deals weapon DMG + 12 to enemies within 5m. If you are beside or behind a target, that target takes +10 DMG.","SweepingFlank/SpearDamage/Sweeping Flank rank 1","SweepingFlank1","SweepingFlank1: SweepingFlankAbilityDefinition.cs name='Sweeping Flank I' level=1 skill=Spear activation=Casted FP=- STM=4 cast=0 cooldown=24","SweepingFlank1: PASS exact Bible text TLK 4405","SweepingFlank1: PASS exact Bible text TLK 4405",""
"PASS","Scoped implemented","Spear","33","Vigor","2.0","2","Vigor Thrust II","Spear 12","Spear 12","All","Combat","MGT","PER","Combat Formula","Yes","-","5.0","Instant","18 seconds","Implemented","","","Deals weapon DMG + 18 and grants +8% Evasion for 30 seconds.","Deals weapon DMG + 18 and grants +8% Evasion for 30 seconds.","VigorThrust/SpearDamage/Vigor Thrust rank 2","VigorThrust2","VigorThrust2: VigorThrustAbilityDefinition.cs name='Vigor Thrust II' level=2 skill=Spear activation=Casted FP=- STM=5 cast=0 cooldown=18","VigorThrust2: PASS exact Bible text TLK 6145","VigorThrust2: PASS exact Bible text TLK 6145",""
"PASS","Scoped implemented","Spear","34","Vigor","4.0","4","Improved Attentiveness","Spear 15","Spear 15","All","Trait","None","None","None","Yes","-","-","-","-","Implemented","","","After you evade an attack, gain +10% Accuracy for 30 seconds.","After you evade an attack, gain +10% Accuracy for 30 seconds.","ImprovedAttentiveness/SpearDamage/Improved Attentiveness rank 1","ImprovedAttentivenessTrait","ImprovedAttentivenessTrait: no active ability definition","ImprovedAttentivenessTrait: PASS exact Bible text TLK 5149","-",""
"PASS","Scoped implemented","Spear","35","Vigor","3.0","3","Hampering Barrage I","Spear 18","Spear 18","All","Combat","MGT","PER","Combat Formula","Yes","-","6.0","Instant","30 seconds","Implemented","","","Deals weapon DMG + 16 in a 5m x 5m cone and inflicts Hamstring for 30 seconds.","Deals weapon DMG + 16 in a 5m x 5m cone and inflicts Hamstring for 30 seconds.","HamperingBarrage/SpearDamage/Hampering Barrage rank 1","HamperingBarrage1","HamperingBarrage1: HamperingBarrageAbilityDefinition.cs name='Hampering Barrage I' level=1 skill=Spear activation=Casted FP=- STM=6 cast=0 cooldown=30","HamperingBarrage1: PASS exact Bible text TLK 6149","HamperingBarrage1: PASS exact Bible text TLK 6149",""
"PASS","Scoped implemented","Spear","36","Vigor","4.0","4","Vigor Stance","Spear 20","Spear 20","All","Stance","None","None","None","Yes","-","-","2 seconds","30 seconds","Implemented","","","While active, all outgoing damage is increased by 10%. Using any hostile combat ability costs 2 additional STM and grants +8% Evasion for 30 seconds.","While active, all outgoing damage is increased by 10%. Using any hostile combat ability costs 2 additional STM and grants +8% Evasion for 30 seconds.","VigorStance/SpearDamage/Vigor Stance rank 1","VigorStance1","VigorStance1: VigorStanceAbilityDefinition.cs name='Vigor Stance' level=1 skill=Spear activation=Casted FP=- STM=- cast=2 cooldown=30","VigorStance1: PASS exact Bible text TLK 6169","VigorStance1: PASS exact Bible text TLK 6169",""
"PASS","Scoped implemented","Spear","37","Vigor","4.0","4","High Guard II","Spear 22","Spear 22","All","Trait","None","None","None","Yes","-","-","-","-","Implemented","","","Hostile combat abilities costing at least 8 STM deal +10 DMG and grant +5% Evasion for 30 seconds.","Hostile combat abilities costing at least 8 STM deal +10 DMG and grant +5% Evasion for 30 seconds.","HighGuard/SpearDamage/High Guard rank 2","","-","-","-",""
"PASS","Scoped implemented","Spear","38","Vigor","4.0","4","Restoration Strike","Spear 25","Spear 25","All","Trait","None","None","None","Yes","-","-","-","-","Implemented","","","When a hostile combat ability costing at least 8 STM hits, restore 3 STM.","When a hostile combat ability costing at least 8 STM hits, restore 3 STM.","RestorationStrike/SpearDamage/Restoration Strike rank 1","RestorationStrikeTrait","RestorationStrikeTrait: no active ability definition","RestorationStrikeTrait: PASS exact Bible text TLK 4685","-",""
"PASS","Scoped implemented","Spear","39","Vigor","3.0","3","Vigor Thrust III","Spear 28","Spear 28","All","Combat","MGT","PER","Combat Formula","Yes","-","8.0","Instant","18 seconds","Implemented","","","Deals weapon DMG + 28 and grants +10% Evasion for 30 seconds.","Deals weapon DMG + 28 and grants +10% Evasion for 30 seconds.","VigorThrust/SpearDamage/Vigor Thrust rank 3","VigorThrust3","VigorThrust3: VigorThrustAbilityDefinition.cs name='Vigor Thrust III' level=3 skill=Spear activation=Casted FP=- STM=8 cast=0 cooldown=18","VigorThrust3: PASS exact Bible text TLK 6146","VigorThrust3: PASS exact Bible text TLK 6146",""
"PASS","Scoped implemented","Spear","40","Vigor","4.0","4","Sweeping Flank II","Spear 30","Spear 30","All","Combat","MGT","PER","Combat Formula","Yes","-","8.0","Instant","24 seconds","Implemented","","","Deals weapon DMG + 24 to enemies within 5m. If you are beside or behind a target, that target takes +16 DMG.","Deals weapon DMG + 24 to enemies within 5m. If you are beside or behind a target, that target takes +16 DMG.","SweepingFlank/SpearDamage/Sweeping Flank rank 2","SweepingFlank2","SweepingFlank2: SweepingFlankAbilityDefinition.cs name='Sweeping Flank II' level=2 skill=Spear activation=Casted FP=- STM=8 cast=0 cooldown=24","SweepingFlank2: PASS exact Bible text TLK 4414","SweepingFlank2: PASS exact Bible text TLK 4414",""
"PASS","Scoped implemented","Spear","41","Vigor","3.0","3","Hampering Barrage II","Spear 32","Spear 32","All","Combat","MGT","PER","Combat Formula","Yes","-","9.0","Instant","30 seconds","Implemented","","","Deals weapon DMG + 30 in a 5m x 5m cone and inflicts Hamstring for 30 seconds.","Deals weapon DMG + 30 in a 5m x 5m cone and inflicts Hamstring for 30 seconds.","HamperingBarrage/SpearDamage/Hampering Barrage rank 2","HamperingBarrage2","HamperingBarrage2: HamperingBarrageAbilityDefinition.cs name='Hampering Barrage II' level=2 skill=Spear activation=Casted FP=- STM=9 cast=0 cooldown=30","HamperingBarrage2: PASS exact Bible text TLK 6150","HamperingBarrage2: PASS exact Bible text TLK 6150",""
"PASS","Scoped implemented","Spear","42","Vigor","2.0","2","Opportunist's Flow","Spear 35","Spear 35","All","Trait","None","None","None","Yes","-","-","-","-","Implemented","","","When an enemy misses you, your next hostile combat ability within 30 seconds costs 4 less STM.","When an enemy misses you, your next hostile combat ability within 30 seconds costs 4 less STM.","OpportunistsFlow/SpearDamage/Opportunist's Flow rank 1","OpportunistsFlowTrait","OpportunistsFlowTrait: no active ability definition","OpportunistsFlowTrait: PASS exact Bible text TLK 5200","-",""
"PASS","Scoped implemented","Spear","43","Vigor","4.0","4","Sweeping Flank III","Spear 38","Spear 38","All","Combat","MGT","PER","Combat Formula","Yes","-","10.0","Instant","24 seconds","Implemented","","","Deals weapon DMG + 36 to enemies within 5m. If you are beside or behind a target, that target takes +24 DMG.","Deals weapon DMG + 36 to enemies within 5m. If you are beside or behind a target, that target takes +24 DMG.","SweepingFlank/SpearDamage/Sweeping Flank rank 3","SweepingFlank3","SweepingFlank3: SweepingFlankAbilityDefinition.cs name='Sweeping Flank III' level=3 skill=Spear activation=Casted FP=- STM=10 cast=0 cooldown=24","SweepingFlank3: PASS exact Bible text TLK 4418","SweepingFlank3: PASS exact Bible text TLK 4418",""
"PASS","Scoped implemented","Spear","44","Vigor","5.0","5","Vigor Thrust IV","Spear 40","Spear 40","All","Combat","MGT","PER","Combat Formula","Yes","-","12.0","Instant","18 seconds","Implemented","","","Deals weapon DMG + 38 and grants +12% Evasion for 30 seconds.","Deals weapon DMG + 38 and grants +12% Evasion for 30 seconds.","VigorThrust/SpearDamage/Vigor Thrust rank 4","VigorThrust4","VigorThrust4: VigorThrustAbilityDefinition.cs name='Vigor Thrust IV' level=4 skill=Spear activation=Casted FP=- STM=12 cast=0 cooldown=18","VigorThrust4: PASS exact Bible text TLK 6147","VigorThrust4: PASS exact Bible text TLK 6147",""
"PASS","Scoped implemented","Spear","45","Vigor","4.0","4","High Guard III","Spear 45","Spear 45","All","Trait","None","None","None","Yes","-","-","-","-","Implemented","","","Hostile combat abilities costing at least 8 STM deal +14 DMG and grant +7% Evasion for 30 seconds.","Hostile combat abilities costing at least 8 STM deal +14 DMG and grant +7% Evasion for 30 seconds.","HighGuard/SpearDamage/High Guard rank 3","","-","-","-",""
"PASS","Scoped implemented","Spear","46","Vigor","6.0","6","Crippling Defense","Spear 50","Spear 50; Quest crippling_defense_mastery","All","Capstone","MGT","PER","Combat Formula","Yes","-","15.0","2 seconds","90 seconds","Implemented","","","Deals weapon DMG + 30. For 45 seconds, your high-STM abilities also inflict Exposed for 30 seconds.","Deals weapon DMG + 30. For 45 seconds, your high-STM abilities also inflict Exposed for 30 seconds.","CripplingDefense/SpearDamage/Crippling Defense rank 1","CripplingDefense1","CripplingDefense1: CripplingDefenseAbilityDefinition.cs name='Crippling Defense' level=1 skill=Spear activation=Casted FP=- STM=15 cast=2 cooldown=90","CripplingDefense1: PASS exact Bible text TLK 5070","CripplingDefense1: PASS exact Bible text TLK 5070",""
"PASS","Scoped implemented","Twin Blade","9","Cyclone","2.0","2","Cross Cut I","Twin Blade 2","TwinBlade 2","All","Combat","MGT","PER","Combat Formula","Yes","-","3.0","Instant","18 seconds","Implemented","","","Instantly attacks twice, each for weapon DMG + 6. If both attacks hit, gain a stack of Momentum for 30 seconds.","Instantly attacks twice, each for weapon DMG + 6. If both attacks hit, gain a stack of Momentum for 30 seconds.","CrossCut/TwinBladeCyclone/Cross Cut rank 1","CrossCut1","CrossCut1: CrossCutAbilityDefinition.cs name='Cross Cut I' level=1 skill=TwinBlade activation=Casted FP=- STM=3 cast=0 cooldown=18","CrossCut1: PASS exact Bible text TLK 5071","CrossCut1: PASS exact Bible text TLK 5071",""
"PASS","Scoped implemented","Twin Blade","10","Cyclone","2.0","2","Momentum","Twin Blade 5","TwinBlade 5","All","Trait","None","None","None","Yes","-","-","-","-","Implemented","","","Abilities that hit 2 or more enemies grant +5% Haste for 30 seconds, stacking up to +15%.","Abilities that hit 2 or more enemies grant +5% Haste for 30 seconds, stacking up to +15%.","Momentum/TwinBladeCyclone/Momentum rank 1","MomentumTrait","MomentumTrait: no active ability definition","MomentumTrait: PASS exact Bible text TLK 5150","-",""
"PASS","Scoped implemented","Twin Blade","11","Cyclone","2.0","2","Spinning Rhythm I","Twin Blade 8","TwinBlade 8","All","Trait","None","None","None","Yes","-","-","-","-","Implemented","","","Area combat abilities grant +2% Haste for 30 seconds per enemy hit beyond the first, up to three stacks.","Area combat abilities grant +2% Haste for 30 seconds per enemy hit beyond the first, up to three stacks.","SpinningRhythm/TwinBladeCyclone/Spinning Rhythm rank 1","SpinningRhythmTrait","SpinningRhythmTrait: no active ability definition","SpinningRhythmTrait: PASS exact Bible text TLK 5151","-",""
"PASS","Scoped implemented","Twin Blade","12","Cyclone","2.0","2","Spinning Whirl I","Twin Blade 10","TwinBlade 10","All","Combat","MGT","PER","Combat Formula","Yes","-","4.0","Instant","24 seconds","Implemented","","","Attacks up to 3 enemies within 5m for weapon DMG + 10 each.","Attacks up to 3 enemies within 5m for weapon DMG + 10 each.","SpinningWhirl/TwinBladeCyclone/Spinning Whirl rank 1","SpinningWhirl1","SpinningWhirl1: SpinningWhirlAbilityDefinition.cs name='Spinning Whirl I' level=1 skill=TwinBlade activation=Casted FP=- STM=4 cast=0 cooldown=24","SpinningWhirl1: PASS exact Bible text TLK 1164","SpinningWhirl1: PASS exact Bible text TLK 1164",""
"PASS","Scoped implemented","Twin Blade","13","Cyclone","2.0","2","Cross Cut II","Twin Blade 12","TwinBlade 12","All","Combat","MGT","PER","Combat Formula","Yes","-","5.0","Instant","18 seconds","Implemented","","","Instantly attacks twice, each for weapon DMG + 13. If both attacks hit, gain a stack of Momentum for 30 seconds.","Instantly attacks twice, each for weapon DMG + 13. If both attacks hit, gain a stack of Momentum for 30 seconds.","CrossCut/TwinBladeCyclone/Cross Cut rank 2","CrossCut2","CrossCut2: CrossCutAbilityDefinition.cs name='Cross Cut II' level=2 skill=TwinBlade activation=Casted FP=- STM=5 cast=0 cooldown=18","CrossCut2: PASS exact Bible text TLK 5072","CrossCut2: PASS exact Bible text TLK 5072",""
"PASS","Scoped implemented","Twin Blade","14","Cyclone","4.0","4","Flowing Footwork","Twin Blade 15","TwinBlade 15","All","Trait","None","None","None","Yes","-","-","-","-","Implemented","","","After using an area combat ability, gain +10% Evasion for 30 seconds.","After using an area combat ability, gain +10% Evasion for 30 seconds.","FlowingFootwork/TwinBladeCyclone/Flowing Footwork rank 1","FlowingFootworkTrait","FlowingFootworkTrait: no active ability definition","FlowingFootworkTrait: PASS exact Bible text TLK 5152","-",""
"PASS","Scoped implemented","Twin Blade","15","Cyclone","3.0","3","Blade Vortex I","Twin Blade 18","TwinBlade 18","All","Combat","MGT","PER","Combat Formula","Yes","-","6.0","Instant","30 seconds","Implemented","","","Deals weapon DMG + 18 to enemies within 5m. If this hits 3 or more enemies, restore 4 STM.","Deals weapon DMG + 18 to enemies within 5m. If this hits 3 or more enemies, restore 4 STM.","BladeVortex/TwinBladeCyclone/Blade Vortex rank 1","BladeVortex1","BladeVortex1: BladeVortexAbilityDefinition.cs name='Blade Vortex I' level=1 skill=TwinBlade activation=Casted FP=- STM=6 cast=0 cooldown=30","BladeVortex1: PASS exact Bible text TLK 4424","BladeVortex1: PASS exact Bible text TLK 4424",""
"PASS","Scoped implemented","Twin Blade","16","Cyclone","4.0","4","Cyclone Stance","Twin Blade 20","TwinBlade 20","All","Stance","None","None","None","Yes","-","-","2 seconds","30 seconds","Implemented","","","While active, grants +15% Haste and +10% Attack, but reduces Defense by 20%.","While active, grants +15% Haste and +10% Attack, but reduces Defense by 20%.","CycloneStance/TwinBladeCyclone/Cyclone Stance rank 1","CycloneStance1","CycloneStance1: CycloneStanceAbilityDefinition.cs name='Cyclone Stance' level=1 skill=TwinBlade activation=Casted FP=- STM=- cast=2 cooldown=30","CycloneStance1: PASS exact Bible text TLK 1351","CycloneStance1: PASS exact Bible text TLK 1351",""
"PASS","Scoped implemented","Twin Blade","17","Cyclone","4.0","4","Spinning Rhythm II","Twin Blade 22","TwinBlade 22","All","Trait","None","None","None","Yes","-","-","-","-","Implemented","","","Area combat abilities grant +3% Haste for 30 seconds per enemy hit beyond the first, up to three stacks.","Area combat abilities grant +3% Haste for 30 seconds per enemy hit beyond the first, up to three stacks.","SpinningRhythm/TwinBladeCyclone/Spinning Rhythm rank 2","","-","-","-",""
"PASS","Scoped implemented","Twin Blade","18","Cyclone","4.0","4","Sweeping Advance","Twin Blade 25","TwinBlade 25","All","Trait","None","None","None","Yes","-","-","-","-","Implemented","","","Area combat abilities restore 2 STM per target hit, up to 6 STM.","Area combat abilities restore 2 STM per target hit, up to 6 STM.","SweepingAdvance/TwinBladeCyclone/Sweeping Advance rank 1","SweepingAdvanceTrait","SweepingAdvanceTrait: no active ability definition","SweepingAdvanceTrait: PASS exact Bible text TLK 4691","-",""
"PASS","Scoped implemented","Twin Blade","19","Cyclone","3.0","3","Cross Cut III","Twin Blade 28","TwinBlade 28","All","Combat","MGT","PER","Combat Formula","Yes","-","8.0","Instant","18 seconds","Implemented","","","Instantly attacks twice, each for weapon DMG + 20. If both attacks hit, gain a stack of Momentum for 30 seconds.","Instantly attacks twice, each for weapon DMG + 20. If both attacks hit, gain a stack of Momentum for 30 seconds.","CrossCut/TwinBladeCyclone/Cross Cut rank 3","CrossCut3","CrossCut3: CrossCutAbilityDefinition.cs name='Cross Cut III' level=3 skill=TwinBlade activation=Casted FP=- STM=8 cast=0 cooldown=18","CrossCut3: PASS exact Bible text TLK 5073","CrossCut3: PASS exact Bible text TLK 5073",""
"PASS","Scoped implemented","Twin Blade","20","Cyclone","4.0","4","Spinning Whirl II","Twin Blade 30","TwinBlade 30","All","Combat","MGT","PER","Combat Formula","Yes","-","8.0","Instant","24 seconds","Implemented","","","Attacks up to 3 enemies within 5m for weapon DMG + 20 each.","Attacks up to 3 enemies within 5m for weapon DMG + 20 each.","SpinningWhirl/TwinBladeCyclone/Spinning Whirl rank 2","SpinningWhirl2","SpinningWhirl2: SpinningWhirlAbilityDefinition.cs name='Spinning Whirl II' level=2 skill=TwinBlade activation=Casted FP=- STM=8 cast=0 cooldown=24","SpinningWhirl2: PASS exact Bible text TLK 4426","SpinningWhirl2: PASS exact Bible text TLK 4426",""
"PASS","Scoped implemented","Twin Blade","21","Cyclone","3.0","3","Blade Vortex II","Twin Blade 32","TwinBlade 32","All","Combat","MGT","PER","Combat Formula","Yes","-","9.0","Instant","30 seconds","Implemented","","","Deals weapon DMG + 30 to enemies within 5m. If this hits 3 or more enemies, restore 6 STM.","Deals weapon DMG + 30 to enemies within 5m. If this hits 3 or more enemies, restore 6 STM.","BladeVortex/TwinBladeCyclone/Blade Vortex rank 2","BladeVortex2","BladeVortex2: BladeVortexAbilityDefinition.cs name='Blade Vortex II' level=2 skill=TwinBlade activation=Casted FP=- STM=9 cast=0 cooldown=30","BladeVortex2: PASS exact Bible text TLK 4427","BladeVortex2: PASS exact Bible text TLK 4427",""
"PASS","Scoped implemented","Twin Blade","22","Cyclone","2.0","2","Edge Rhythm","Twin Blade 35","TwinBlade 35","All","Trait","None","None","None","Yes","-","-","-","-","Implemented","","","Every third auto-attack deals +15 DMG to one enemy within 5m.","Every third auto-attack deals +15 DMG to one enemy within 5m.","EdgeRhythm/TwinBladeCyclone/Edge Rhythm rank 1","EdgeRhythmTrait","EdgeRhythmTrait: no active ability definition","EdgeRhythmTrait: PASS exact Bible text TLK 4692","-",""
"PASS","Scoped implemented","Twin Blade","23","Cyclone","4.0","4","Spinning Whirl III","Twin Blade 38","TwinBlade 38","All","Combat","MGT","PER","Combat Formula","Yes","-","10.0","Instant","24 seconds","Implemented","","","Attacks up to 3 enemies within 5m for weapon DMG + 30 each.","Attacks up to 3 enemies within 5m for weapon DMG + 30 each.","SpinningWhirl/TwinBladeCyclone/Spinning Whirl rank 3","SpinningWhirl3","SpinningWhirl3: SpinningWhirlAbilityDefinition.cs name='Spinning Whirl III' level=3 skill=TwinBlade activation=Casted FP=- STM=10 cast=0 cooldown=24","SpinningWhirl3: PASS exact Bible text TLK 4428","SpinningWhirl3: PASS exact Bible text TLK 4428",""
"PASS","Scoped implemented","Twin Blade","24","Cyclone","5.0","5","Cross Cut IV","Twin Blade 40","TwinBlade 40","All","Combat","MGT","PER","Combat Formula","Yes","-","12.0","Instant","18 seconds","Implemented","","","Instantly attacks twice, each for weapon DMG + 27. If both attacks hit, gain a stack of Momentum for 30 seconds.","Instantly attacks twice, each for weapon DMG + 27. If both attacks hit, gain a stack of Momentum for 30 seconds.","CrossCut/TwinBladeCyclone/Cross Cut rank 4","CrossCut4","CrossCut4: CrossCutAbilityDefinition.cs name='Cross Cut IV' level=4 skill=TwinBlade activation=Casted FP=- STM=12 cast=0 cooldown=18","CrossCut4: PASS exact Bible text TLK 5074","CrossCut4: PASS exact Bible text TLK 5074",""
"PASS","Scoped implemented","Twin Blade","25","Cyclone","4.0","4","Spinning Rhythm III","Twin Blade 45","TwinBlade 45","All","Trait","None","None","None","Yes","-","-","-","-","Implemented","","","Area combat abilities grant +4% Haste for 30 seconds per enemy hit beyond the first, up to three stacks.","Area combat abilities grant +4% Haste for 30 seconds per enemy hit beyond the first, up to three stacks.","SpinningRhythm/TwinBladeCyclone/Spinning Rhythm rank 3","","-","-","-",""
"PASS","Scoped implemented","Twin Blade","26","Cyclone","6.0","6","Tempest Bloom","Twin Blade 50","TwinBlade 50; Quest tempest_bloom_mastery","All","Capstone","MGT","PER","Combat Formula","Yes","-","15.0","2 seconds","90 seconds","Implemented","","","Deal weapon DMG + 25 to enemies within 5m. For 45 seconds, your area attacks pulse for 8 physical DMG around your target.","Deal weapon DMG + 25 to enemies within 5m. For 45 seconds, your area attacks pulse for 8 physical DMG around your target.","TempestBloom/TwinBladeCyclone/Tempest Bloom rank 1","TempestBloom1","TempestBloom1: TempestBloomAbilityDefinition.cs name='Tempest Bloom' level=1 skill=TwinBlade activation=Casted FP=- STM=15 cast=2 cooldown=90","TempestBloom1: PASS exact Bible text TLK 4430","TempestBloom1: PASS exact Bible text TLK 4430",""
"PASS","Scoped implemented","Twin Blade","29","Lacerator","2.0","2","Lacerating Twin Cut I","Twin Blade 2","TwinBlade 2","All","Combat","MGT","PER","Combat Formula","Yes","-","3.0","Instant","18 seconds","Implemented","","","Strikes twice for weapon DMG + 5 each and inflicts Bleed for 30 seconds.","Strikes twice for weapon DMG + 5 each and inflicts Bleed for 30 seconds.","LaceratingTwinCut/TwinBladeDuelist/Lacerating Twin Cut rank 1","LaceratingTwinCut1","LaceratingTwinCut1: LaceratingTwinCutAbilityDefinition.cs name='Lacerating Twin Cut I' level=1 skill=TwinBlade activation=Casted FP=- STM=3 cast=0 cooldown=18","LaceratingTwinCut1: PASS exact Bible text TLK 4432","LaceratingTwinCut1: PASS exact Bible text TLK 4432",""
"PASS","Scoped implemented","Twin Blade","30","Lacerator","2.0","2","Blood Wake","Twin Blade 5","TwinBlade 5","All","Trait","None","None","None","Yes","-","-","-","-","Implemented","","","When you defeat a bleeding enemy, enemies within 5m are inflicted with Bleed for 30 seconds.","When you defeat a bleeding enemy, enemies within 5m are inflicted with Bleed for 30 seconds.","BloodWake/TwinBladeDuelist/Blood Wake rank 1","BloodWakeTrait","BloodWakeTrait: no active ability definition","BloodWakeTrait: PASS exact Bible text TLK 4694","-",""
"PASS","Scoped implemented","Twin Blade","31","Lacerator","2.0","2","Bleed Spread I","Twin Blade 8","TwinBlade 8","All","Trait","None","None","None","Yes","-","-","-","-","Implemented","","","Your physical combat abilities against bleeding targets have a 15% chance to spread Bleed to one enemy within 5m.","Your physical combat abilities against bleeding targets have a 15% chance to spread Bleed to one enemy within 5m.","BleedSpread/TwinBladeDuelist/Bleed Spread rank 1","BleedSpreadTrait","BleedSpreadTrait: no active ability definition","BleedSpreadTrait: PASS exact Bible text TLK 4696","-",""
"PASS","Scoped implemented","Twin Blade","32","Lacerator","2.0","2","Serrated Arc I","Twin Blade 10","TwinBlade 10","All","Combat","MGT","PER","Combat Formula","Yes","-","4.0","Instant","24 seconds","Implemented","","","Deals weapon DMG + 10 to enemies within 5m. Bleeding targets spread Bleed to one additional enemy within 5m.","Deals weapon DMG + 10 to enemies within 5m. Bleeding targets spread Bleed to one additional enemy within 5m.","SerratedArc/TwinBladeDuelist/Serrated Arc rank 1","SerratedArc1","SerratedArc1: SerratedArcAbilityDefinition.cs name='Serrated Arc I' level=1 skill=TwinBlade activation=Casted FP=- STM=4 cast=0 cooldown=24","SerratedArc1: PASS exact Bible text TLK 4434","SerratedArc1: PASS exact Bible text TLK 4434",""
"PASS","Scoped implemented","Twin Blade","33","Lacerator","2.0","2","Lacerating Twin Cut II","Twin Blade 12","TwinBlade 12","All","Combat","MGT","PER","Combat Formula","Yes","-","5.0","Instant","18 seconds","Implemented","","","Strikes twice for weapon DMG + 11 each and inflicts Bleed for 36 seconds.","Strikes twice for weapon DMG + 11 each and inflicts Bleed for 36 seconds.","LaceratingTwinCut/TwinBladeDuelist/Lacerating Twin Cut rank 2","LaceratingTwinCut2","LaceratingTwinCut2: LaceratingTwinCutAbilityDefinition.cs name='Lacerating Twin Cut II' level=2 skill=TwinBlade activation=Casted FP=- STM=5 cast=0 cooldown=18","LaceratingTwinCut2: PASS exact Bible text TLK 4436","LaceratingTwinCut2: PASS exact Bible text TLK 4436",""
"PASS","Scoped implemented","Twin Blade","34","Lacerator","4.0","4","Predatory Pressure","Twin Blade 15","TwinBlade 15","All","Trait","None","None","None","Yes","-","-","-","-","Implemented","","","Each bleeding enemy within 10m grants +2% Attack, up to +12%.","Each bleeding enemy within 10m grants +2% Attack, up to +12%.","PredatoryPressure/TwinBladeDuelist/Predatory Pressure rank 1","PredatoryPressureTrait","PredatoryPressureTrait: no active ability definition","PredatoryPressureTrait: PASS exact Bible text TLK 4698","-",""
"PASS","Scoped implemented","Twin Blade","35","Lacerator","3.0","3","Twin Rupture I","Twin Blade 18","TwinBlade 18","All","Combat","MGT","PER","Combat Formula","Yes","-","6.0","Instant","30 seconds","Implemented","","","Deals weapon DMG + 18. Bleeding targets suffer Hemorrhage for 30 seconds.","Deals weapon DMG + 18. Bleeding targets suffer Hemorrhage for 30 seconds.","TwinRupture/TwinBladeDuelist/Twin Rupture rank 1","TwinRupture1","TwinRupture1: TwinRuptureAbilityDefinition.cs name='Twin Rupture I' level=1 skill=TwinBlade activation=Casted FP=- STM=6 cast=0 cooldown=30","TwinRupture1: PASS exact Bible text TLK 5075","TwinRupture1: PASS exact Bible text TLK 5075",""
"PASS","Scoped implemented","Twin Blade","36","Lacerator","4.0","4","Lacerator Stance","Twin Blade 20","TwinBlade 20","All","Stance","None","None","None","Yes","-","-","2 seconds","30 seconds","Implemented","","","While active, your attacks against bleeding targets deal +10% damage, but your Evasion is reduced by 10%.","While active, your attacks against bleeding targets deal +10% damage, but your Evasion is reduced by 10%.","LaceratorStance/TwinBladeDuelist/Lacerator Stance rank 1","LaceratorStance1","LaceratorStance1: LaceratorStanceAbilityDefinition.cs name='Lacerator Stance' level=1 skill=TwinBlade activation=Casted FP=- STM=- cast=2 cooldown=30","LaceratorStance1: PASS exact Bible text TLK 4439","LaceratorStance1: PASS exact Bible text TLK 4439",""
"PASS","Scoped implemented","Twin Blade","37","Lacerator","4.0","4","Bleed Spread II","Twin Blade 22","TwinBlade 22","All","Trait","None","None","None","Yes","-","-","-","-","Implemented","","","Your physical combat abilities against bleeding targets have a 25% chance to spread Bleed to one enemy within 5m.","Your physical combat abilities against bleeding targets have a 25% chance to spread Bleed to one enemy within 5m.","BleedSpread/TwinBladeDuelist/Bleed Spread rank 2","","-","-","-",""
"PASS","Scoped implemented","Twin Blade","38","Lacerator","4.0","4","Sanguine Tempo","Twin Blade 25","TwinBlade 25","All","Trait","None","None","None","Yes","-","-","-","-","Implemented","","","Attacking a bleeding target restores 1 STM. This can trigger once every 4 seconds.","Attacking a bleeding target restores 1 STM. This can trigger once every 4 seconds.","SanguineTempo/TwinBladeDuelist/Sanguine Tempo rank 1","SanguineTempoTrait","SanguineTempoTrait: no active ability definition","SanguineTempoTrait: PASS exact Bible text TLK 4700","-",""
"PASS","Scoped implemented","Twin Blade","39","Lacerator","3.0","3","Lacerating Twin Cut III","Twin Blade 28","TwinBlade 28","All","Combat","MGT","PER","Combat Formula","Yes","-","8.0","Instant","18 seconds","Implemented","","","Strikes twice for weapon DMG + 17 each and inflicts Bleed for 45 seconds.","Strikes twice for weapon DMG + 17 each and inflicts Bleed for 45 seconds.","LaceratingTwinCut/TwinBladeDuelist/Lacerating Twin Cut rank 3","LaceratingTwinCut3","LaceratingTwinCut3: LaceratingTwinCutAbilityDefinition.cs name='Lacerating Twin Cut III' level=3 skill=TwinBlade activation=Casted FP=- STM=8 cast=0 cooldown=18","LaceratingTwinCut3: PASS exact Bible text TLK 4441","LaceratingTwinCut3: PASS exact Bible text TLK 4441",""
"PASS","Scoped implemented","Twin Blade","40","Lacerator","4.0","4","Serrated Arc II","Twin Blade 30","TwinBlade 30","All","Combat","MGT","PER","Combat Formula","Yes","-","8.0","Instant","24 seconds","Implemented","","","Deals weapon DMG + 20 to enemies within 5m. Bleeding targets spread Bleed to one additional enemy within 5m.","Deals weapon DMG + 20 to enemies within 5m. Bleeding targets spread Bleed to one additional enemy within 5m.","SerratedArc/TwinBladeDuelist/Serrated Arc rank 2","SerratedArc2","SerratedArc2: SerratedArcAbilityDefinition.cs name='Serrated Arc II' level=2 skill=TwinBlade activation=Casted FP=- STM=8 cast=0 cooldown=24","SerratedArc2: PASS exact Bible text TLK 4443","SerratedArc2: PASS exact Bible text TLK 4443",""
"PASS","Scoped implemented","Twin Blade","41","Lacerator","3.0","3","Twin Rupture II","Twin Blade 32","TwinBlade 32","All","Combat","MGT","PER","Combat Formula","Yes","-","9.0","Instant","30 seconds","Implemented","","","Deals weapon DMG + 32. Bleeding targets suffer Hemorrhage for 30 seconds.","Deals weapon DMG + 32. Bleeding targets suffer Hemorrhage for 30 seconds.","TwinRupture/TwinBladeDuelist/Twin Rupture rank 2","TwinRupture2","TwinRupture2: TwinRuptureAbilityDefinition.cs name='Twin Rupture II' level=2 skill=TwinBlade activation=Casted FP=- STM=9 cast=0 cooldown=30","TwinRupture2: PASS exact Bible text TLK 5076","TwinRupture2: PASS exact Bible text TLK 5076",""
"PASS","Scoped implemented","Twin Blade","42","Lacerator","2.0","2","Arterial Reading","Twin Blade 35","TwinBlade 35","All","Trait","None","None","None","Yes","-","-","-","-","Implemented","","","Gain +10% Critical Rate against bleeding targets.","Gain +10% Critical Rate against bleeding targets.","ArterialReading/TwinBladeDuelist/Arterial Reading rank 1","ArterialReadingTrait","ArterialReadingTrait: no active ability definition","ArterialReadingTrait: PASS exact Bible text TLK 4702","-",""
"PASS","Scoped implemented","Twin Blade","43","Lacerator","4.0","4","Serrated Arc III","Twin Blade 38","TwinBlade 38","All","Combat","MGT","PER","Combat Formula","Yes","-","10.0","Instant","24 seconds","Implemented","","","Deals weapon DMG + 30 to enemies within 5m. Bleeding targets spread Bleed to one additional enemy within 5m.","Deals weapon DMG + 30 to enemies within 5m. Bleeding targets spread Bleed to one additional enemy within 5m.","SerratedArc/TwinBladeDuelist/Serrated Arc rank 3","SerratedArc3","SerratedArc3: SerratedArcAbilityDefinition.cs name='Serrated Arc III' level=3 skill=TwinBlade activation=Casted FP=- STM=10 cast=0 cooldown=24","SerratedArc3: PASS exact Bible text TLK 4447","SerratedArc3: PASS exact Bible text TLK 4447",""
"PASS","Scoped implemented","Twin Blade","44","Lacerator","5.0","5","Lacerating Twin Cut IV","Twin Blade 40","TwinBlade 40","All","Combat","MGT","PER","Combat Formula","Yes","-","12.0","Instant","18 seconds","Implemented","","","Strikes twice for weapon DMG + 23 each and inflicts Bleed for 60 seconds.","Strikes twice for weapon DMG + 23 each and inflicts Bleed for 60 seconds.","LaceratingTwinCut/TwinBladeDuelist/Lacerating Twin Cut rank 4","LaceratingTwinCut4","LaceratingTwinCut4: LaceratingTwinCutAbilityDefinition.cs name='Lacerating Twin Cut IV' level=4 skill=TwinBlade activation=Casted FP=- STM=12 cast=0 cooldown=18","LaceratingTwinCut4: PASS exact Bible text TLK 4449","LaceratingTwinCut4: PASS exact Bible text TLK 4449",""
"PASS","Scoped implemented","Twin Blade","45","Lacerator","4.0","4","Bleed Spread III","Twin Blade 45","TwinBlade 45","All","Trait","None","None","None","Yes","-","-","-","-","Implemented","","","Your physical combat abilities against bleeding targets have a 35% chance to spread Bleed to one enemy within 5m.","Your physical combat abilities against bleeding targets have a 35% chance to spread Bleed to one enemy within 5m.","BleedSpread/TwinBladeDuelist/Bleed Spread rank 3","","-","-","-",""
"PASS","Scoped implemented","Twin Blade","46","Lacerator","6.0","6","Red Bloom","Twin Blade 50","TwinBlade 50; Quest red_bloom_mastery","All","Capstone","MGT","PER","Combat Formula","Yes","-","15.0","2 seconds","90 seconds","Implemented","","","Deals weapon DMG + 20 to enemies within 5m. Bleeding enemies take +40 DMG and spread Hemorrhage for 30 seconds.","Deals weapon DMG + 20 to enemies within 5m. Bleeding enemies take +40 DMG and spread Hemorrhage for 30 seconds.","RedBloom/TwinBladeDuelist/Red Bloom rank 1","RedBloom1","RedBloom1: RedBloomAbilityDefinition.cs name='Red Bloom' level=1 skill=TwinBlade activation=Casted FP=- STM=15 cast=2 cooldown=90","RedBloom1: PASS exact Bible text TLK 4871","RedBloom1: PASS exact Bible text TLK 4871",""
"PASS","Scoped implemented","Saberstaff","9","Conduit","2.0","2","Focused Arc I","Saberstaff 2","Saberstaff 2; Character Type ForceSensitive","Force","Combat","MGT","PER","Combat Formula","Yes","-","3.0","Instant","18 seconds","Implemented","","","Deals weapon DMG + 8. If FP and STM are both above 60%, this deals +4 DMG.","Deals weapon DMG + 8. If FP and STM are both above 60%, this deals +4 DMG.","FocusedArc/SaberstaffConduit/Focused Arc rank 1","FocusedArc1","FocusedArc1: FocusedArcAbilityDefinition.cs name='Focused Arc I' level=1 skill=Saberstaff activation=Casted FP=- STM=3 cast=0 cooldown=18","FocusedArc1: PASS exact Bible text TLK 4825","FocusedArc1: PASS exact Bible text TLK 4825",""
"PASS","Scoped implemented","Saberstaff","10","Conduit","2.0","2","Conduit Training","Saberstaff 5","Saberstaff 5; Character Type ForceSensitive","Force","Trait","None","None","None","Yes","-","-","-","-","Implemented","","","Saberstaff abilities that spend STM restore FP equal to 35% of the STM cost. Force abilities that spend FP restore STM equal to 35% of the FP cost.","Saberstaff abilities that spend STM restore FP equal to 35% of the STM cost. Force abilities that spend FP restore STM equal to 35% of the FP cost.","ConduitTraining/SaberstaffConduit/Conduit Training rank 1","ConduitTrainingTrait","ConduitTrainingTrait: no active ability definition","ConduitTrainingTrait: PASS exact Bible text TLK 4841","-",""
"PASS","Scoped implemented","Saberstaff","11","Conduit","2.0","2","Balanced Current I","Saberstaff 8","Saberstaff 8; Character Type ForceSensitive","Force","Trait","None","None","None","Yes","-","-","-","-","Implemented","","","When FP and STM are both above 60%, hostile combat abilities deal +4 DMG.","When FP and STM are both above 60%, hostile combat abilities deal +4 DMG.","BalancedCurrent/SaberstaffConduit/Balanced Current rank 1","BalancedCurrentTrait","BalancedCurrentTrait: no active ability definition","BalancedCurrentTrait: PASS exact Bible text TLK 4705","-",""
"PASS","Scoped implemented","Saberstaff","12","Conduit","2.0","2","Guarded Channel I","Saberstaff 10","Saberstaff 10; Character Type ForceSensitive","Force","Combat","MGT","PER","Combat Formula","Yes","-","4.0","Instant","24 seconds","Implemented","","","Deals weapon DMG + 12 and grants +10% Defense while both FP and STM are above 40%.","Deals weapon DMG + 12 and grants +10% Defense while both FP and STM are above 40%.","GuardedChannel/SaberstaffConduit/Guarded Channel rank 1","GuardedChannel1","GuardedChannel1: GuardedChannelAbilityDefinition.cs name='Guarded Channel I' level=1 skill=Saberstaff activation=Casted FP=- STM=4 cast=0 cooldown=24","GuardedChannel1: PASS exact Bible text TLK 4453","GuardedChannel1: PASS exact Bible text TLK 4453",""
"PASS","Scoped implemented","Saberstaff","13","Conduit","2.0","2","Focused Arc II","Saberstaff 12","Saberstaff 12; Character Type ForceSensitive","Force","Combat","MGT","PER","Combat Formula","Yes","-","5.0","Instant","18 seconds","Implemented","","","Deals weapon DMG + 18. If FP and STM are both above 60%, this deals +6 DMG.","Deals weapon DMG + 18. If FP and STM are both above 60%, this deals +6 DMG.","FocusedArc/SaberstaffConduit/Focused Arc rank 2","FocusedArc2","FocusedArc2: FocusedArcAbilityDefinition.cs name='Focused Arc II' level=2 skill=Saberstaff activation=Casted FP=- STM=5 cast=0 cooldown=18","FocusedArc2: PASS exact Bible text TLK 4826","FocusedArc2: PASS exact Bible text TLK 4826",""
"PASS","Scoped implemented","Saberstaff","14","Conduit","4.0","4","Force Lens","Saberstaff 15","Saberstaff 15; Character Type ForceSensitive","Force","Trait","None","None","None","Yes","-","-","-","-","Implemented","","","Restoring FP also grants +8% Force Attack for 30 seconds. Restoring STM also grants +8% Attack for 30 seconds.","Restoring FP also grants +8% Force Attack for 30 seconds. Restoring STM also grants +8% Attack for 30 seconds.","ForceLens/SaberstaffConduit/Force Lens rank 1","ForceLensTrait","ForceLensTrait: no active ability definition","ForceLensTrait: PASS exact Bible text TLK 5153","-",""
"PASS","Scoped implemented","Saberstaff","15","Conduit","3.0","3","Sever Focus I","Saberstaff 18","Saberstaff 18; Character Type ForceSensitive","Force","Combat","MGT","PER","Combat Formula","Yes","-","6.0","Instant","30 seconds","Implemented","","","Deals weapon DMG + 16. If either FP or STM is above 80%, drains 4 of that resource from the target.","Deals weapon DMG + 16. If either FP or STM is above 80%, drains 4 of that resource from the target.","SeverFocus/SaberstaffConduit/Sever Focus rank 1","SeverFocus1","SeverFocus1: SeverFocusAbilityDefinition.cs name='Sever Focus I' level=1 skill=Saberstaff activation=Casted FP=- STM=6 cast=0 cooldown=30","SeverFocus1: PASS exact Bible text TLK 4455","SeverFocus1: PASS exact Bible text TLK 4455",""
"PASS","Scoped implemented","Saberstaff","16","Conduit","4.0","4","Conduit Stance","Saberstaff 20","Saberstaff 20; Character Type ForceSensitive","Force","Stance","None","None","None","Yes","-","-","2 seconds","30 seconds","Implemented","","","While active, Saberstaff abilities restore FP equal to 25% of STM spent and Force abilities restore STM equal to 25% of FP spent, but Attack and Force Attack are reduced by 10%.","While active, Saberstaff abilities restore FP equal to 25% of STM spent and Force abilities restore STM equal to 25% of FP spent, but Attack and Force Attack are reduced by 10%.","ConduitStance/SaberstaffConduit/Conduit Stance rank 1","ConduitStance1","ConduitStance1: ConduitStanceAbilityDefinition.cs name='Conduit Stance' level=1 skill=Saberstaff activation=Casted FP=- STM=- cast=2 cooldown=30","ConduitStance1: PASS exact Bible text TLK 4827","ConduitStance1: PASS exact Bible text TLK 4827",""
"PASS","Scoped implemented","Saberstaff","17","Conduit","4.0","4","Balanced Current II","Saberstaff 22","Saberstaff 22; Character Type ForceSensitive","Force","Trait","None","None","None","Yes","-","-","-","-","Implemented","","","When FP and STM are both above 60%, hostile combat abilities deal +8 DMG.","When FP and STM are both above 60%, hostile combat abilities deal +8 DMG.","BalancedCurrent/SaberstaffConduit/Balanced Current rank 2","","-","-","-",""
"PASS","Scoped implemented","Saberstaff","18","Conduit","4.0","4","Energized Forms","Saberstaff 25","Saberstaff 25; Character Type ForceSensitive","Force","Trait","None","None","None","Yes","-","-","-","-","Implemented","","","When a Saberstaff ability restores FP through Conduit, gain +10% Haste for 30 seconds.","When a Saberstaff ability restores FP through Conduit, gain +10% Haste for 30 seconds.","EnergizedForms/SaberstaffConduit/Energized Forms rank 1","EnergizedFormsTrait","EnergizedFormsTrait: no active ability definition","EnergizedFormsTrait: PASS exact Bible text TLK 5154","-",""
"PASS","Scoped implemented","Saberstaff","19","Conduit","3.0","3","Focused Arc III","Saberstaff 28","Saberstaff 28; Character Type ForceSensitive","Force","Combat","MGT","PER","Combat Formula","Yes","-","8.0","Instant","18 seconds","Implemented","","","Deals weapon DMG + 28. If FP and STM are both above 60%, this deals +8 DMG.","Deals weapon DMG + 28. If FP and STM are both above 60%, this deals +8 DMG.","FocusedArc/SaberstaffConduit/Focused Arc rank 3","FocusedArc3","FocusedArc3: FocusedArcAbilityDefinition.cs name='Focused Arc III' level=3 skill=Saberstaff activation=Casted FP=- STM=8 cast=0 cooldown=18","FocusedArc3: PASS exact Bible text TLK 4828","FocusedArc3: PASS exact Bible text TLK 4828",""
"PASS","Scoped implemented","Saberstaff","20","Conduit","4.0","4","Guarded Channel II","Saberstaff 30","Saberstaff 30; Character Type ForceSensitive","Force","Combat","MGT","PER","Combat Formula","Yes","-","8.0","Instant","24 seconds","Implemented","","","Deals weapon DMG + 24 and grants +15% Defense while both FP and STM are above 40%.","Deals weapon DMG + 24 and grants +15% Defense while both FP and STM are above 40%.","GuardedChannel/SaberstaffConduit/Guarded Channel rank 2","GuardedChannel2","GuardedChannel2: GuardedChannelAbilityDefinition.cs name='Guarded Channel II' level=2 skill=Saberstaff activation=Casted FP=- STM=8 cast=0 cooldown=24","GuardedChannel2: PASS exact Bible text TLK 4458","GuardedChannel2: PASS exact Bible text TLK 4458",""
"PASS","Scoped implemented","Saberstaff","21","Conduit","3.0","3","Sever Focus II","Saberstaff 32","Saberstaff 32; Character Type ForceSensitive","Force","Combat","MGT","PER","Combat Formula","Yes","-","9.0","Instant","30 seconds","Implemented","","","Deals weapon DMG + 30. If either FP or STM is above 80%, drains 8 of that resource from the target.","Deals weapon DMG + 30. If either FP or STM is above 80%, drains 8 of that resource from the target.","SeverFocus/SaberstaffConduit/Sever Focus rank 2","SeverFocus2","SeverFocus2: SeverFocusAbilityDefinition.cs name='Sever Focus II' level=2 skill=Saberstaff activation=Casted FP=- STM=9 cast=0 cooldown=30","SeverFocus2: PASS exact Bible text TLK 4459","SeverFocus2: PASS exact Bible text TLK 4459",""
"PASS","Scoped implemented","Saberstaff","22","Conduit","2.0","2","Balanced Attunement","Saberstaff 35","Saberstaff 35; Character Type ForceSensitive","Force","Trait","None","None","None","Yes","-","-","-","-","Implemented","","","When FP and STM are both above 60%, hostile combat abilities deal +8% damage.","When FP and STM are both above 60%, hostile combat abilities deal +8% damage.","BalancedAttunement/SaberstaffConduit/Balanced Attunement rank 1","BalancedAttunementTrait","BalancedAttunementTrait: no active ability definition","BalancedAttunementTrait: PASS exact Bible text TLK 4708","-",""
"PASS","Scoped implemented","Saberstaff","23","Conduit","4.0","4","Guarded Channel III","Saberstaff 38","Saberstaff 38; Character Type ForceSensitive","Force","Combat","MGT","PER","Combat Formula","Yes","-","10.0","Instant","24 seconds","Implemented","","","Deals weapon DMG + 36 and grants +20% Defense while both FP and STM are above 40%.","Deals weapon DMG + 36 and grants +20% Defense while both FP and STM are above 40%.","GuardedChannel/SaberstaffConduit/Guarded Channel rank 3","GuardedChannel3","GuardedChannel3: GuardedChannelAbilityDefinition.cs name='Guarded Channel III' level=3 skill=Saberstaff activation=Casted FP=- STM=10 cast=0 cooldown=24","GuardedChannel3: PASS exact Bible text TLK 4460","GuardedChannel3: PASS exact Bible text TLK 4460",""
"PASS","Scoped implemented","Saberstaff","24","Conduit","5.0","5","Focused Arc IV","Saberstaff 40","Saberstaff 40; Character Type ForceSensitive","Force","Combat","MGT","PER","Combat Formula","Yes","-","12.0","Instant","18 seconds","Implemented","","","Deals weapon DMG + 38. If FP and STM are both above 60%, this deals +10 DMG.","Deals weapon DMG + 38. If FP and STM are both above 60%, this deals +10 DMG.","FocusedArc/SaberstaffConduit/Focused Arc rank 4","FocusedArc4","FocusedArc4: FocusedArcAbilityDefinition.cs name='Focused Arc IV' level=4 skill=Saberstaff activation=Casted FP=- STM=12 cast=0 cooldown=18","FocusedArc4: PASS exact Bible text TLK 4829","FocusedArc4: PASS exact Bible text TLK 4829",""
"PASS","Scoped implemented","Saberstaff","25","Conduit","4.0","4","Balanced Current III","Saberstaff 45","Saberstaff 45; Character Type ForceSensitive","Force","Trait","None","None","None","Yes","-","-","-","-","Implemented","","","When FP and STM are both above 60%, hostile combat abilities deal +12 DMG.","When FP and STM are both above 60%, hostile combat abilities deal +12 DMG.","BalancedCurrent/SaberstaffConduit/Balanced Current rank 3","","-","-","-",""
"PASS","Scoped implemented","Saberstaff","26","Conduit","6.0","6","Infinite Conduit","Saberstaff 50","Saberstaff 50; Character Type ForceSensitive; Quest infinite_conduit_mastery","Force","Capstone","MGT","PER","Combat Formula","Yes","-","15.0","2 seconds","90 seconds","Implemented","","","For 45 seconds, Saberstaff abilities restore FP equal to 50% of STM spent and Force abilities restore STM equal to 50% of FP spent. When both resources are above 70%, hostile combat abilities also deal +20 DMG.","For 45 seconds, Saberstaff abilities restore FP equal to 50% of STM spent and Force abilities restore STM equal to 50% of FP spent. When both resources are above 70%, hostile combat abilities also deal +20 DMG.","InfiniteConduit/SaberstaffConduit/Infinite Conduit rank 1","InfiniteConduit1","InfiniteConduit1: InfiniteConduitAbilityDefinition.cs name='Infinite Conduit' level=1 skill=Saberstaff activation=Casted FP=- STM=15 cast=2 cooldown=90","InfiniteConduit1: PASS exact Bible text TLK 4830","InfiniteConduit1: PASS exact Bible text TLK 4830",""
"PASS","Scoped implemented","Saberstaff","29","Tempest","2.0","2","Double Strike I","Saberstaff 2","Saberstaff 2; Character Type ForceSensitive","Force","Combat","MGT","PER","Combat Formula","Yes","-","3.0","Instant","18 seconds","Implemented","","","Strikes twice for weapon DMG + 5 each. If both hits land, gain +2 FP.","Strikes twice for weapon DMG + 5 each. If both hits land, gain +2 FP.","DoubleStrike/SaberstaffTempest/Double Strike rank 1","DoubleStrike1","DoubleStrike1: DoubleStrikeAbilityDefinition.cs name='Double Strike I' level=1 skill=Saberstaff activation=Casted FP=- STM=3 cast=0 cooldown=18","DoubleStrike1: PASS exact Bible text TLK 4464","DoubleStrike1: PASS exact Bible text TLK 4464",""
"PASS","Scoped implemented","Saberstaff","30","Tempest","2.0","2","Force Momentum","Saberstaff 5","Saberstaff 5; Character Type ForceSensitive","Force","Trait","None","None","None","Yes","-","-","-","-","Implemented","","","After using a hostile combat ability, gain +5% Force Attack for 30 seconds, stacking up to +15%.","After using a hostile combat ability, gain +5% Force Attack for 30 seconds, stacking up to +15%.","ForceMomentum/SaberstaffTempest/Force Momentum rank 1","ForceMomentumTrait","ForceMomentumTrait: no active ability definition","ForceMomentumTrait: PASS exact Bible text TLK 5155","-",""
"PASS","Scoped implemented","Saberstaff","31","Tempest","2.0","2","Spinning Deflection I","Saberstaff 8","Saberstaff 8; Character Type ForceSensitive","Force","Trait","None","None","None","Yes","-","-","-","-","Implemented","","","After using an area combat ability, gain +3 Ranged Deflection for 30 seconds.","After using an area combat ability, gain +3 Ranged Deflection for 30 seconds.","SpinningDeflection/SaberstaffTempest/Spinning Deflection rank 1","SpinningDeflectionTrait","SpinningDeflectionTrait: no active ability definition","SpinningDeflectionTrait: PASS exact Bible text TLK 5156","-",""
"PASS","Scoped implemented","Saberstaff","32","Tempest","2.0","2","Circle Slash I","Saberstaff 10","Saberstaff 10; Character Type ForceSensitive","Force","Combat","MGT","PER","Combat Formula","Yes","-","4.0","Instant","24 seconds","Implemented","","","Deals weapon DMG + 12 to enemies within 5m and grants +4 Ranged Deflection for 30 seconds.","Deals weapon DMG + 12 to enemies within 5m and grants +4 Ranged Deflection for 30 seconds.","CircleSlash/SaberstaffTempest/Circle Slash rank 1","CircleSlash1","CircleSlash1: CircleSlashAbilityDefinition.cs name='Circle Slash I' level=1 skill=Saberstaff activation=Casted FP=- STM=4 cast=0 cooldown=24","CircleSlash1: PASS exact Bible text TLK 5077","CircleSlash1: PASS exact Bible text TLK 5077",""
"PASS","Scoped implemented","Saberstaff","33","Tempest","2.0","2","Double Strike II","Saberstaff 12","Saberstaff 12; Character Type ForceSensitive","Force","Combat","MGT","PER","Combat Formula","Yes","-","5.0","Instant","18 seconds","Implemented","","","Strikes twice for weapon DMG + 11 each. If both hits land, gain +3 FP.","Strikes twice for weapon DMG + 11 each. If both hits land, gain +3 FP.","DoubleStrike/SaberstaffTempest/Double Strike rank 2","DoubleStrike2","DoubleStrike2: DoubleStrikeAbilityDefinition.cs name='Double Strike II' level=2 skill=Saberstaff activation=Casted FP=- STM=5 cast=0 cooldown=18","DoubleStrike2: PASS exact Bible text TLK 4466","DoubleStrike2: PASS exact Bible text TLK 4466",""
"PASS","Scoped implemented","Saberstaff","34","Tempest","4.0","4","Tempest Focus","Saberstaff 15","Saberstaff 15; Character Type ForceSensitive","Force","Trait","None","None","None","Yes","-","-","-","-","Implemented","","","Your hostile area abilities deal +10% damage if your Ranged Deflection has negated a ranged weapon auto-attack in the last 30 seconds.","Your hostile area abilities deal +10% damage if your Ranged Deflection has negated a ranged weapon auto-attack in the last 30 seconds.","TempestFocus/SaberstaffTempest/Tempest Focus rank 1","TempestFocusTrait","TempestFocusTrait: no active ability definition","TempestFocusTrait: PASS exact Bible text TLK 5201","-",""
"PASS","Scoped implemented","Saberstaff","35","Tempest","3.0","3","Maelstrom Arc I","Saberstaff 18","Saberstaff 18; Character Type ForceSensitive","Force","Combat","MGT","PER","Combat Formula","Yes","-","6.0","Instant","30 seconds","Implemented","","","Deals weapon DMG + 16 in a 5m x 5m cone. If your Ranged Deflection negated a ranged weapon auto-attack in the last 30 seconds, restore 4 FP.","Deals weapon DMG + 16 in a 5m x 5m cone. If your Ranged Deflection negated a ranged weapon auto-attack in the last 30 seconds, restore 4 FP.","MaelstromArc/SaberstaffTempest/Maelstrom Arc rank 1","MaelstromArc1","MaelstromArc1: MaelstromArcAbilityDefinition.cs name='Maelstrom Arc I' level=1 skill=Saberstaff activation=Casted FP=- STM=6 cast=0 cooldown=30","MaelstromArc1: PASS exact Bible text TLK 6151","MaelstromArc1: PASS exact Bible text TLK 6151",""
"PASS","Scoped implemented","Saberstaff","36","Tempest","4.0","4","Tempest Stance","Saberstaff 20","Saberstaff 20; Character Type ForceSensitive","Force","Stance","None","None","None","Yes","-","-","2 seconds","30 seconds","Implemented","","","While active, area combat abilities gain +10% damage and +5 Ranged Deflection for 30 seconds, but single-target damage is reduced by 10%.","While active, area combat abilities gain +10% damage and +5 Ranged Deflection for 30 seconds, but single-target damage is reduced by 10%.","TempestStance/SaberstaffTempest/Tempest Stance rank 1","TempestStance1","TempestStance1: TempestStanceAbilityDefinition.cs name='Tempest Stance' level=1 skill=Saberstaff activation=Casted FP=- STM=- cast=2 cooldown=30","TempestStance1: PASS exact Bible text TLK 5078","TempestStance1: PASS exact Bible text TLK 5078",""
"PASS","Scoped implemented","Saberstaff","37","Tempest","4.0","4","Spinning Deflection II","Saberstaff 22","Saberstaff 22; Character Type ForceSensitive","Force","Trait","None","None","None","Yes","-","-","-","-","Implemented","","","After using an area combat ability, gain +5 Ranged Deflection for 30 seconds.","After using an area combat ability, gain +5 Ranged Deflection for 30 seconds.","SpinningDeflection/SaberstaffTempest/Spinning Deflection rank 2","","-","-","-",""
"PASS","Scoped implemented","Saberstaff","38","Tempest","4.0","4","Force Gyre","Saberstaff 25","Saberstaff 25; Character Type ForceSensitive","Force","Trait","None","None","None","Yes","-","-","-","-","Implemented","","","When you gain Ranged Deflection from an ability, restore 2 FP. This can trigger once every 6 seconds.","When you gain Ranged Deflection from an ability, restore 2 FP. This can trigger once every 6 seconds.","ForceGyre/SaberstaffTempest/Force Gyre rank 1","ForceGyreTrait","ForceGyreTrait: no active ability definition","ForceGyreTrait: PASS exact Bible text TLK 4712","-",""
"PASS","Scoped implemented","Saberstaff","39","Tempest","3.0","3","Double Strike III","Saberstaff 28","Saberstaff 28; Character Type ForceSensitive","Force","Combat","MGT","PER","Combat Formula","Yes","-","8.0","Instant","18 seconds","Implemented","","","Strikes twice for weapon DMG + 17 each. If both hits land, gain +4 FP.","Strikes twice for weapon DMG + 17 each. If both hits land, gain +4 FP.","DoubleStrike/SaberstaffTempest/Double Strike rank 3","DoubleStrike3","DoubleStrike3: DoubleStrikeAbilityDefinition.cs name='Double Strike III' level=3 skill=Saberstaff activation=Casted FP=- STM=8 cast=0 cooldown=18","DoubleStrike3: PASS exact Bible text TLK 4469","DoubleStrike3: PASS exact Bible text TLK 4469",""
"PASS","Scoped implemented","Saberstaff","40","Tempest","4.0","4","Circle Slash II","Saberstaff 30","Saberstaff 30; Character Type ForceSensitive","Force","Combat","MGT","PER","Combat Formula","Yes","-","8.0","Instant","24 seconds","Implemented","","","Deals weapon DMG + 24 to enemies within 5m and grants +6 Ranged Deflection for 30 seconds.","Deals weapon DMG + 24 to enemies within 5m and grants +6 Ranged Deflection for 30 seconds.","CircleSlash/SaberstaffTempest/Circle Slash rank 2","CircleSlash2","CircleSlash2: CircleSlashAbilityDefinition.cs name='Circle Slash II' level=2 skill=Saberstaff activation=Casted FP=- STM=8 cast=0 cooldown=24","CircleSlash2: PASS exact Bible text TLK 5079","CircleSlash2: PASS exact Bible text TLK 5079",""
"PASS","Scoped implemented","Saberstaff","41","Tempest","3.0","3","Maelstrom Arc II","Saberstaff 32","Saberstaff 32; Character Type ForceSensitive","Force","Combat","MGT","PER","Combat Formula","Yes","-","9.0","Instant","30 seconds","Implemented","","","Deals weapon DMG + 30 in a 5m x 5m cone. If your Ranged Deflection negated a ranged weapon auto-attack in the last 30 seconds, restore 8 FP.","Deals weapon DMG + 30 in a 5m x 5m cone. If your Ranged Deflection negated a ranged weapon auto-attack in the last 30 seconds, restore 8 FP.","MaelstromArc/SaberstaffTempest/Maelstrom Arc rank 2","MaelstromArc2","MaelstromArc2: MaelstromArcAbilityDefinition.cs name='Maelstrom Arc II' level=2 skill=Saberstaff activation=Casted FP=- STM=9 cast=0 cooldown=30","MaelstromArc2: PASS exact Bible text TLK 6152","MaelstromArc2: PASS exact Bible text TLK 6152",""
"PASS","Scoped implemented","Saberstaff","42","Tempest","2.0","2","Flow of the Maelstrom","Saberstaff 35","Saberstaff 35; Character Type ForceSensitive","Force","Trait","None","None","None","Yes","-","-","-","-","Implemented","","","After restoring FP from a combat ability, gain +10% Haste for 30 seconds.","After restoring FP from a combat ability, gain +10% Haste for 30 seconds.","FlowOfTheMaelstrom/SaberstaffTempest/Flow of the Maelstrom rank 1","FlowOfTheMaelstromTrait","FlowOfTheMaelstromTrait: no active ability definition","FlowOfTheMaelstromTrait: PASS exact Bible text TLK 5157","-",""
"PASS","Scoped implemented","Saberstaff","43","Tempest","4.0","4","Circle Slash III","Saberstaff 38","Saberstaff 38; Character Type ForceSensitive","Force","Combat","MGT","PER","Combat Formula","Yes","-","10.0","Instant","24 seconds","Implemented","","","Deals weapon DMG + 36 to enemies within 5m and grants +8 Ranged Deflection for 30 seconds.","Deals weapon DMG + 36 to enemies within 5m and grants +8 Ranged Deflection for 30 seconds.","CircleSlash/SaberstaffTempest/Circle Slash rank 3","CircleSlash3","CircleSlash3: CircleSlashAbilityDefinition.cs name='Circle Slash III' level=3 skill=Saberstaff activation=Casted FP=- STM=10 cast=0 cooldown=24","CircleSlash3: PASS exact Bible text TLK 5080","CircleSlash3: PASS exact Bible text TLK 5080",""
"PASS","Scoped implemented","Saberstaff","44","Tempest","5.0","5","Double Strike IV","Saberstaff 40","Saberstaff 40; Character Type ForceSensitive","Force","Combat","MGT","PER","Combat Formula","Yes","-","12.0","Instant","18 seconds","Implemented","","","Strikes twice for weapon DMG + 23 each. If both hits land, gain +5 FP.","Strikes twice for weapon DMG + 23 each. If both hits land, gain +5 FP.","DoubleStrike/SaberstaffTempest/Double Strike rank 4","DoubleStrike4","DoubleStrike4: DoubleStrikeAbilityDefinition.cs name='Double Strike IV' level=4 skill=Saberstaff activation=Casted FP=- STM=12 cast=0 cooldown=18","DoubleStrike4: PASS exact Bible text TLK 4473","DoubleStrike4: PASS exact Bible text TLK 4473",""
"PASS","Scoped implemented","Saberstaff","45","Tempest","4.0","4","Spinning Deflection III","Saberstaff 45","Saberstaff 45; Character Type ForceSensitive","Force","Trait","None","None","None","Yes","-","-","-","-","Implemented","","","After using an area combat ability, gain +7 Ranged Deflection for 30 seconds.","After using an area combat ability, gain +7 Ranged Deflection for 30 seconds.","SpinningDeflection/SaberstaffTempest/Spinning Deflection rank 3","","-","-","-",""
"PASS","Scoped implemented","Saberstaff","46","Tempest","6.0","6","Saber Cyclone","Saberstaff 50","Saberstaff 50; Character Type ForceSensitive; Quest saber_cyclone_mastery","Force","Capstone","MGT","PER","Combat Formula","Yes","-","15.0","2 seconds","90 seconds","Implemented","","","For 45 seconds, area combat abilities restore 4 FP and grant +8 Ranged Deflection for 30 seconds.","For 45 seconds, area combat abilities restore 4 FP and grant +8 Ranged Deflection for 30 seconds.","SaberCyclone/SaberstaffTempest/Saber Cyclone rank 1","SaberCyclone1","SaberCyclone1: SaberCycloneAbilityDefinition.cs name='Saber Cyclone' level=1 skill=Saberstaff activation=Casted FP=- STM=15 cast=2 cooldown=90","SaberCyclone1: PASS exact Bible text TLK 5081","SaberCyclone1: PASS exact Bible text TLK 5081",""
"PASS","Scoped implemented","Katar","9","Iron Guard","2.0","2","Guard Counter I","Katar 2","Katar 2","All","Combat","MGT","PER","Combat Formula","Yes","-","3.0","Queued","18 seconds","Implemented","","","Queue your next auto attack to deal weapon DMG + 8. If you guarded an attack within the last 30 seconds, it deals weapon DMG + 16 instead.","Queue your next auto attack to deal weapon DMG + 8. If you guarded an attack within the last 30 seconds, it deals weapon DMG + 16 instead.","GuardCounter/KatarIronGuard/Guard Counter rank 1","GuardCounter1","GuardCounter1: GuardCounterAbilityDefinition.cs name='Guard Counter I' level=1 skill=Katar activation=Weapon FP=- STM=3 cast=0 cooldown=18","GuardCounter1: PASS exact Bible text TLK 5188","GuardCounter1: PASS exact Bible text TLK 5188",""
"PASS","Scoped implemented","Katar","10","Iron Guard","2.0","2","Iron Guard Training I","Katar 5","Katar 5","All","Trait","None","None","None","Yes","-","-","-","-","Implemented","","","Grants a 15% chance to guard against physical attacks, reducing that hit's damage by 20% and generating Enmity equal to the hit's incoming damage before Guard reduction.","Grants a 15% chance to guard against physical attacks, reducing that hit's damage by 20% and generating Enmity equal to the hit's incoming damage before Guard reduction.","IronGuardTraining/KatarIronGuard/Iron Guard Training rank 1","IronGuardTrainingTrait","IronGuardTrainingTrait: no active ability definition","IronGuardTrainingTrait: PASS exact Bible text TLK 4118","-",""
"PASS","Scoped implemented","Katar","11","Iron Guard","2.0","2","Redirecting Counter","Katar 8","Katar 8","All","Trait","None","None","None","Yes","-","-","-","-","Implemented","","","When you guard an attack, your next attack within 30 seconds gains +10% critical chance and deals +10 DMG.","When you guard an attack, your next attack within 30 seconds gains +10% critical chance and deals +10 DMG.","RedirectingCounter/KatarIronGuard/Redirecting Counter rank 1","RedirectingCounterTrait","RedirectingCounterTrait: no active ability definition","RedirectingCounterTrait: PASS exact Bible text TLK 5202","-",""
"PASS","Scoped implemented","Katar","12","Iron Guard","2.0","2","Steel Shoulder","Katar 10","Katar 10","All","Combat","None","None","None","Yes","-","8.0","Instant","18 seconds","Implemented","","","Target party ally becomes Guarded while you gain Guarding. While within 5 meters, the Guarded target gains Guard equal to 50% of your Guard. Only one ward or guard link may protect a target.","Target party ally becomes Guarded while you gain Guarding. While within 5 meters, the Guarded target gains Guard equal to 50% of your Guard. Only one ward or guard link may protect a target.","TwinGuardStance/KatarIronGuard/Steel Shoulder rank 1","TwinGuardStance1","TwinGuardStance1: SteelShoulderAbilityDefinition.cs name='Steel Shoulder' level=1 skill=Katar activation=Casted FP=- STM=8 cast=0 cooldown=18","TwinGuardStance1: PASS exact Bible text TLK 4910","TwinGuardStance1: PASS exact Bible text TLK 4910",""
"PASS","Scoped implemented","Katar","13","Iron Guard","2.0","2","Guard Counter II","Katar 12","Katar 12","All","Combat","MGT","PER","Combat Formula","Yes","-","5.0","Queued","18 seconds","Implemented","","","Queue your next auto attack to deal weapon DMG + 18. If you guarded an attack within the last 30 seconds, it deals weapon DMG + 30 instead.","Queue your next auto attack to deal weapon DMG + 18. If you guarded an attack within the last 30 seconds, it deals weapon DMG + 30 instead.","GuardCounter/KatarIronGuard/Guard Counter rank 2","GuardCounter2","GuardCounter2: GuardCounterAbilityDefinition.cs name='Guard Counter II' level=2 skill=Katar activation=Weapon FP=- STM=5 cast=0 cooldown=18","GuardCounter2: PASS exact Bible text TLK 5189","GuardCounter2: PASS exact Bible text TLK 5189",""
"PASS","Scoped implemented","Katar","14","Iron Guard","3.0","3","Iron Guard Training II","Katar 15","Katar 15","All","Trait","None","None","None","Yes","-","-","-","-","Implemented","","","Guard chance increases to 25% and guarded hits restore 2 STM.","Guard chance increases to 25% and guarded hits restore 2 STM.","IronGuardTraining/KatarIronGuard/Iron Guard Training rank 2","","-","-","-",""
"PASS","Scoped implemented","Katar","15","Iron Guard","3.0","3","Iron Elbows","Katar 18","Katar 18","All","Trait","MGT","PER","Combat Formula","Yes","-","-","-","-","Implemented","","Converted from separate active ability to Trait row for the 4-6 active-button budget. Former active values: STM 7; casting Instant; cooldown 1 minute.","Whenever you Guard a hostile hit, release a pulse that deals 15 physical DMG to the attacker and all other enemies within 5 meters. Each affected enemy generates Enmity toward you equal to the guarded hit's incoming damage.","Whenever you Guard a hostile hit, release a pulse that deals 15 physical DMG to the attacker and all other enemies within 5 meters. Each affected enemy generates Enmity toward you equal to the guarded hit's incoming damage.","IronElbows/KatarIronGuard/Iron Elbows rank 1","IronElbowsTrait","IronElbowsTrait: no active ability definition","IronElbowsTrait: PASS exact Bible text TLK 3985","-",""
"PASS","Scoped implemented","Katar","16","Iron Guard","4.0","4","Whirling Guard","Katar 20","Katar 20","All","Combat","MGT","PER","Combat Formula","Yes","-","12.0","Instant","45 seconds","Implemented","","","For 30 seconds, you gain +20 Guard. Whenever you guard a hit, deal 8 physical DMG to that attacker. Your current Guarded target automatically receives the same effect if they are within 5 meters when activated.","For 30 seconds, you gain +20 Guard. Whenever you guard a hit, deal 8 physical DMG to that attacker. Your current Guarded target automatically receives the same effect if they are within 5 meters when activated.","WhirlingGuard/KatarIronGuard/Whirling Guard rank 1","WhirlingGuard1","WhirlingGuard1: WhirlingGuardAbilityDefinition.cs name='Whirling Guard' level=1 skill=Katar activation=Casted FP=- STM=12 cast=0 cooldown=45","WhirlingGuard1: PASS exact Bible text TLK 4948","WhirlingGuard1: PASS exact Bible text TLK 4948",""
"PASS","Scoped implemented","Katar","17","Iron Guard","4.0","4","Covering Claws","Katar 22","Katar 22","All","Trait","MGT","PER","Combat Formula","Yes","-","-","-","-","Implemented","","Converted from separate active ability to Trait row for the 4-6 active-button budget. Former active values: STM 8; casting Instant; cooldown 45 seconds.","Iron Guard ally-protection abilities cause enemies hit to generate +25% Enmity toward you for 30 seconds.","Iron Guard ally-protection abilities cause enemies hit to generate +25% Enmity toward you for 30 seconds.","CoveringClaws/KatarIronGuard/Covering Claws rank 1","CoveringClawsTrait","CoveringClawsTrait: no active ability definition","CoveringClawsTrait: PASS exact Bible text TLK 5158","-",""
"PASS","Scoped implemented","Katar","18","Iron Guard","4.0","4","Guard Reversal","Katar 25","Katar 25","All","Trait","MGT","PER","Combat Formula","Yes","-","-","-","-","Implemented","","Converted from separate active ability to Trait row for the 4-6 active-button budget. Former active values: STM 10; casting Instant; cooldown 1 minute.","After guarding an attack, your next Katar attack deals +35 DMG and inflicts Exposed, reducing Defense by 15% for 30 seconds.","After guarding an attack, your next Katar attack deals +35 DMG and inflicts Exposed, reducing Defense by 15% for 30 seconds.","GuardReversal/KatarIronGuard/Guard Reversal rank 1","GuardReversalTrait","GuardReversalTrait: no active ability definition","GuardReversalTrait: PASS exact Bible text TLK 5159","-",""
"PASS","Scoped implemented","Katar","19","Iron Guard","4.0","4","Iron Guard Training III","Katar 28","Katar 28","All","Trait","None","None","None","Yes","-","-","-","-","Implemented","","","Guard chance increases to 35% and guarded hits reduce physical damage by 30%.","Guard chance increases to 35% and guarded hits reduce physical damage by 30%.","IronGuardTraining/KatarIronGuard/Iron Guard Training rank 3","","-","-","-",""
"PASS","Scoped implemented","Katar","20","Iron Guard","4.0","4","Tag In","Katar 30","Katar 30","All","Combat","None","None","None","Yes","-","8.0","Instant","18 seconds","Implemented","","","Automatically targets your current Guarded ally if they are within 5 meters. Grants that target temporary HP equal to 15% of maximum HP for 30 seconds and grants you +20 Guard for 30 seconds.","Automatically targets your current Guarded ally if they are within 5 meters. Grants that target temporary HP equal to 15% of maximum HP for 30 seconds and grants you +20 Guard for 30 seconds.","TwinIntercept/KatarIronGuard/Tag In rank 1","TwinIntercept1","TwinIntercept1: TagInAbilityDefinition.cs name='Tag In' level=1 skill=Katar activation=Casted FP=- STM=8 cast=0 cooldown=18","TwinIntercept1: PASS exact Bible text TLK 4949","TwinIntercept1: PASS exact Bible text TLK 4949",""
"PASS","Scoped implemented","Katar","21","Iron Guard","3.0","3","Retaliatory Flow","Katar 32","Katar 32","All","Trait","MGT","PER","Combat Formula","Yes","-","-","-","-","Implemented","","","After you guard a hit, your next attack within 30 seconds deals +8 DMG and generates +40 Enmity.","After you guard a hit, your next attack within 30 seconds deals +8 DMG and generates +40 Enmity.","RetaliatoryFlow/KatarIronGuard/Retaliatory Flow rank 1","RetaliatoryFlowTrait","RetaliatoryFlowTrait: no active ability definition","RetaliatoryFlowTrait: PASS exact Bible text TLK 5203","-",""
"PASS","Scoped implemented","Katar","22","Iron Guard","2.0","2","Impenetrable Grip","Katar 35","Katar 35","All","Trait","None","None","None","Yes","-","-","-","-","Implemented","","","Gain +20 Mobility Resistance and +20 Mind Resistance. Guarded hits restore 4 STM.","Gain +20 Mobility Resistance and +20 Mind Resistance. Guarded hits restore 4 STM.","ImpenetrableGrip/KatarIronGuard/Impenetrable Grip rank 1","ImpenetrableGripTrait","ImpenetrableGripTrait: no active ability definition","ImpenetrableGripTrait: PASS exact Bible text TLK 4120","-",""
"PASS","Scoped implemented","Katar","23","Iron Guard","4.0","4","Guard Counter III","Katar 38","Katar 38","All","Combat","MGT","PER","Combat Formula","Yes","-","8.0","Queued","24 seconds","Implemented","","","Queue your next auto attack to deal weapon DMG + 28. If you guarded an attack within the last 30 seconds, it deals weapon DMG + 45 instead and inflicts Dazed for 15 seconds.","Queue your next auto attack to deal weapon DMG + 28. If you guarded an attack within the last 30 seconds, it deals weapon DMG + 45 instead and inflicts Dazed for 15 seconds.","GuardCounter/KatarIronGuard/Guard Counter rank 3","GuardCounter3","GuardCounter3: GuardCounterAbilityDefinition.cs name='Guard Counter III' level=3 skill=Katar activation=Weapon FP=- STM=8 cast=0 cooldown=24","GuardCounter3: PASS exact Bible text TLK 5988","GuardCounter3: PASS exact Bible text TLK 5988",""
"PASS","Scoped implemented","Katar","24","Iron Guard","5.0","5","Iron Wall Stance","Katar 40","Katar 40","All","Stance","None","None","None","Yes","-","-","2 seconds","30 seconds","Implemented","","","While active, grants +25% Defense, +20% Force Defense, and +30% Enmity generation, but reduces Attack by 25%.","While active, grants +25% Defense, +20% Force Defense, and +30% Enmity generation, but reduces Attack by 25%.","IronWallStance/KatarIronGuard/Iron Wall Stance rank 1","IronWallStance1","IronWallStance1: IronWallStanceAbilityDefinition.cs name='Iron Wall Stance' level=1 skill=Katar activation=Casted FP=- STM=- cast=2 cooldown=30","IronWallStance1: PASS exact Bible text TLK 1531","IronWallStance1: PASS exact Bible text TLK 1531",""
"PASS","Scoped implemented","Katar","25","Iron Guard","4.0","4","Guardian Reflexes","Katar 45","Katar 45","All","Trait","None","None","None","Yes","-","-","-","-","Implemented","","","When you or your Guarded target are reduced below 30% HP, gain +25% guard chance for 30 seconds. This shared trigger can only occur once every 3 minutes.","When you or your Guarded target are reduced below 30% HP, gain +25% guard chance for 30 seconds. This shared trigger can only occur once every 3 minutes.","GuardianReflexes/KatarIronGuard/Guardian Reflexes rank 1","GuardianReflexesTrait","GuardianReflexesTrait: no active ability definition","GuardianReflexesTrait: PASS exact Bible text TLK 4913","-",""
"PASS","Scoped implemented","Katar","26","Iron Guard","6.0","6","Adamantine Guard","Katar 50","Katar 50; Quest adamantine_guard_mastery","All","Capstone","None","None","None","Yes","-","15.0","1 second","90 seconds","Implemented","","Player capstone: shared Capstone timer; uses a fixed 90-second capstone cooldown with a 45-second active duration and has no weapon/tool activation requirement.","For 45 seconds, gain +25 Guard. Guarded hits reduce damage by an additional 20% and generate 75% more enmity.","For 45 seconds, gain +25 Guard. Guarded hits reduce damage by an additional 20% and generate 75% more enmity.","AdamantineGuard/KatarIronGuard/Adamantine Guard rank 1","AdamantineGuard1","AdamantineGuard1: AdamantineGuardAbilityDefinition.cs name='Adamantine Guard' level=1 skill=Katar activation=Casted FP=- STM=15 cast=1 cooldown=90","AdamantineGuard1: PASS exact Bible text TLK 80960","AdamantineGuard1: PASS exact Bible text TLK 80960",""
"PASS","Scoped implemented","Katar","29","Scrapper","2.0","2","Hooking Strike I","Katar 2","Katar 2","All","Combat","MGT","PER","Combat Formula","Yes","-","3.0","Instant","18 seconds","Implemented","","","Deals weapon DMG + 8 and inflicts Hamstring for 30 seconds.","Deals weapon DMG + 8 and inflicts Hamstring for 30 seconds.","HookingStrike/KatarVenomCurrent/Hooking Strike rank 1","HookingStrike1","HookingStrike1: HookingStrikeAbilityDefinition.cs name='Hooking Strike I' level=1 skill=Katar activation=Casted FP=- STM=3 cast=0 cooldown=18","HookingStrike1: PASS exact Bible text TLK 5085","HookingStrike1: PASS exact Bible text TLK 5085",""
"PASS","Scoped implemented","Katar","30","Scrapper","2.0","2","Guard Training","Katar 5","Katar 5","All","Trait","None","None","None","Yes","-","-","-","-","Implemented","","","After using a control ability, gain +10% Defense for 30 seconds.","After using a control ability, gain +10% Defense for 30 seconds.","GuardTraining/KatarVenomCurrent/Guard Training rank 1","GuardTrainingTrait","GuardTrainingTrait: no active ability definition","GuardTrainingTrait: PASS exact Bible text TLK 5160","-",""
"PASS","Scoped implemented","Katar","31","Scrapper","2.0","2","Scrapper Control I","Katar 8","Katar 8","All","Trait","None","None","None","Yes","-","-","-","-","Implemented","","","Your control abilities deal +4 DMG and gain +3% Ability Accuracy.","Your control abilities deal +4 DMG and gain +3% Ability Accuracy.","ScrapperControl/KatarVenomCurrent/Scrapper Control rank 1","ScrapperControlTrait","ScrapperControlTrait: no active ability definition","ScrapperControlTrait: PASS exact Bible text TLK 4724","-",""
"PASS","Scoped implemented","Katar","32","Scrapper","2.0","2","Joint Lock I","Katar 10","Katar 10","All","Combat","MGT","PER","Combat Formula","Yes","-","4.0","Instant","24 seconds","Implemented","","","Deals weapon DMG + 12. Inflicts Dazed for 15 seconds.","Deals weapon DMG + 12. Inflicts Dazed for 15 seconds.","JointLock/KatarVenomCurrent/Joint Lock rank 1","JointLock1","JointLock1: JointLockAbilityDefinition.cs name='Joint Lock I' level=1 skill=Katar activation=Casted FP=- STM=4 cast=0 cooldown=24","JointLock1: PASS exact Bible text TLK 5989","JointLock1: PASS exact Bible text TLK 5989",""
"PASS","Scoped implemented","Katar","33","Scrapper","2.0","2","Hooking Strike II","Katar 12","Katar 12","All","Combat","MGT","PER","Combat Formula","Yes","-","5.0","Instant","18 seconds","Implemented","","","Deals weapon DMG + 18 and inflicts Hamstring for 30 seconds.","Deals weapon DMG + 18 and inflicts Hamstring for 30 seconds.","HookingStrike/KatarVenomCurrent/Hooking Strike rank 2","HookingStrike2","HookingStrike2: HookingStrikeAbilityDefinition.cs name='Hooking Strike II' level=2 skill=Katar activation=Casted FP=- STM=5 cast=0 cooldown=18","HookingStrike2: PASS exact Bible text TLK 5087","HookingStrike2: PASS exact Bible text TLK 5087",""
"PASS","Scoped implemented","Katar","34","Scrapper","4.0","4","Redirecting Guard","Katar 15","Katar 15","All","Trait","None","None","None","Yes","-","-","-","-","Implemented","","","When you control a target attacking an ally, gain +15% Enmity toward that target for 30 seconds.","When you control a target attacking an ally, gain +15% Enmity toward that target for 30 seconds.","RedirectingGuard/KatarVenomCurrent/Redirecting Guard rank 1","RedirectingGuardTrait","RedirectingGuardTrait: no active ability definition","RedirectingGuardTrait: PASS exact Bible text TLK 5161","-",""
"PASS","Scoped implemented","Katar","35","Scrapper","3.0","3","Interrupting Sweep I","Katar 18","Katar 18","All","Combat","MGT","PER","Combat Formula","Yes","-","6.0","Instant","30 seconds","Implemented","","","Deals weapon DMG + 16 to enemies within 5m and interrupts current hostile actions when possible.","Deals weapon DMG + 16 to enemies within 5m and interrupts current hostile actions when possible.","InterruptingSweep/KatarVenomCurrent/Interrupting Sweep rank 1","InterruptingSweep1","InterruptingSweep1: InterruptingSweepAbilityDefinition.cs name='Interrupting Sweep I' level=1 skill=Katar activation=Casted FP=- STM=6 cast=0 cooldown=30","InterruptingSweep1: PASS exact Bible text TLK 4499","InterruptingSweep1: PASS exact Bible text TLK 4499",""
"PASS","Scoped implemented","Katar","36","Scrapper","4.0","4","Scrapper Stance","Katar 20","Katar 20","All","Stance","None","None","None","Yes","-","-","2 seconds","30 seconds","Implemented","","","While active, your control effects last +20% longer, but hostile ability cooldowns are increased by 10%.","While active, your control effects last +20% longer, but hostile ability cooldowns are increased by 10%.","ScrapperStance/KatarVenomCurrent/Scrapper Stance rank 1","ScrapperStance1","ScrapperStance1: ScrapperStanceAbilityDefinition.cs name='Scrapper Stance' level=1 skill=Katar activation=Casted FP=- STM=- cast=2 cooldown=30","ScrapperStance1: PASS exact Bible text TLK 4500","ScrapperStance1: PASS exact Bible text TLK 4500",""
"PASS","Scoped implemented","Katar","37","Scrapper","4.0","4","Scrapper Control II","Katar 22","Katar 22","All","Trait","None","None","None","Yes","-","-","-","-","Implemented","","","Your control abilities deal +8 DMG and gain +5% Ability Accuracy.","Your control abilities deal +8 DMG and gain +5% Ability Accuracy.","ScrapperControl/KatarVenomCurrent/Scrapper Control rank 2","","-","-","-",""
"PASS","Scoped implemented","Katar","38","Scrapper","4.0","4","Breaker Reversal","Katar 25","Katar 25","All","Trait","None","None","None","Yes","-","-","-","-","Implemented","","","After you are hit, your next control ability within 30 seconds deals +20 DMG.","After you are hit, your next control ability within 30 seconds deals +20 DMG.","BreakerReversal/KatarVenomCurrent/Breaker Reversal rank 1","BreakerReversalTrait","BreakerReversalTrait: no active ability definition","BreakerReversalTrait: PASS exact Bible text TLK 5204","-",""
"PASS","Scoped implemented","Katar","39","Scrapper","3.0","3","Hooking Strike III","Katar 28","Katar 28","All","Combat","MGT","PER","Combat Formula","Yes","-","8.0","Instant","18 seconds","Implemented","","","Deals weapon DMG + 28 and inflicts Hamstring for 30 seconds.","Deals weapon DMG + 28 and inflicts Hamstring for 30 seconds.","HookingStrike/KatarVenomCurrent/Hooking Strike rank 3","HookingStrike3","HookingStrike3: HookingStrikeAbilityDefinition.cs name='Hooking Strike III' level=3 skill=Katar activation=Casted FP=- STM=8 cast=0 cooldown=18","HookingStrike3: PASS exact Bible text TLK 5088","HookingStrike3: PASS exact Bible text TLK 5088",""
"PASS","Scoped implemented","Katar","40","Scrapper","4.0","4","Joint Lock II","Katar 30","Katar 30","All","Combat","MGT","PER","Combat Formula","Yes","-","8.0","Instant","24 seconds","Implemented","","","Deals weapon DMG + 24. Inflicts Dazed for 15 seconds.","Deals weapon DMG + 24. Inflicts Dazed for 15 seconds.","JointLock/KatarVenomCurrent/Joint Lock rank 2","JointLock2","JointLock2: JointLockAbilityDefinition.cs name='Joint Lock II' level=2 skill=Katar activation=Casted FP=- STM=8 cast=0 cooldown=24","JointLock2: PASS exact Bible text TLK 5990","JointLock2: PASS exact Bible text TLK 5990",""
"PASS","Scoped implemented","Katar","41","Scrapper","3.0","3","Interrupting Sweep II","Katar 32","Katar 32","All","Combat","MGT","PER","Combat Formula","Yes","-","9.0","Instant","30 seconds","Implemented","","","Deals weapon DMG + 30 to enemies within 5m and interrupts current hostile actions when possible.","Deals weapon DMG + 30 to enemies within 5m and interrupts current hostile actions when possible.","InterruptingSweep/KatarVenomCurrent/Interrupting Sweep rank 2","InterruptingSweep2","InterruptingSweep2: InterruptingSweepAbilityDefinition.cs name='Interrupting Sweep II' level=2 skill=Katar activation=Casted FP=- STM=9 cast=0 cooldown=30","InterruptingSweep2: PASS exact Bible text TLK 4506","InterruptingSweep2: PASS exact Bible text TLK 4506",""
"PASS","Scoped implemented","Katar","42","Scrapper","2.0","2","Iron Grip","Katar 35","Katar 35","All","Trait","None","None","None","Yes","-","-","-","-","Implemented","","","Your outgoing debuffs last +20% longer.","Your outgoing debuffs last +20% longer.","IronGrip/KatarVenomCurrent/Iron Grip rank 1","IronGripTrait","IronGripTrait: no active ability definition","IronGripTrait: PASS exact Bible text TLK 4728","-",""
"PASS","Scoped implemented","Katar","43","Scrapper","4.0","4","Joint Lock III","Katar 38","Katar 38","All","Combat","MGT","PER","Combat Formula","Yes","-","10.0","Instant","24 seconds","Implemented","","","Deals weapon DMG + 36. Inflicts Dazed for 15 seconds.","Deals weapon DMG + 36. Inflicts Dazed for 15 seconds.","JointLock/KatarVenomCurrent/Joint Lock rank 3","JointLock3","JointLock3: JointLockAbilityDefinition.cs name='Joint Lock III' level=3 skill=Katar activation=Casted FP=- STM=10 cast=0 cooldown=24","JointLock3: PASS exact Bible text TLK 5991","JointLock3: PASS exact Bible text TLK 5991",""
"PASS","Scoped implemented","Katar","44","Scrapper","5.0","5","Hooking Strike IV","Katar 40","Katar 40","All","Combat","MGT","PER","Combat Formula","Yes","-","12.0","Instant","18 seconds","Implemented","","","Deals weapon DMG + 38 and inflicts Hamstring for 30 seconds.","Deals weapon DMG + 38 and inflicts Hamstring for 30 seconds.","HookingStrike/KatarVenomCurrent/Hooking Strike rank 4","HookingStrike4","HookingStrike4: HookingStrikeAbilityDefinition.cs name='Hooking Strike IV' level=4 skill=Katar activation=Casted FP=- STM=12 cast=0 cooldown=18","HookingStrike4: PASS exact Bible text TLK 5091","HookingStrike4: PASS exact Bible text TLK 5091",""
"PASS","Scoped implemented","Katar","45","Scrapper","4.0","4","Scrapper Control III","Katar 45","Katar 45","All","Trait","None","None","None","Yes","-","-","-","-","Implemented","","","Your control abilities deal +12 DMG and gain +7% Ability Accuracy.","Your control abilities deal +12 DMG and gain +7% Ability Accuracy.","ScrapperControl/KatarVenomCurrent/Scrapper Control rank 3","","-","-","-",""
"PASS","Scoped implemented","Katar","46","Scrapper","6.0","6","Scrapheap Lockdown","Katar 50","Katar 50; Quest scrapheap_lockdown_mastery","All","Capstone","MGT","PER","Combat Formula","Yes","-","15.0","2 seconds","90 seconds","Implemented","","","Deals weapon DMG + 25 to enemies within 5m of you. Enemies hit suffer Dazed and Hamstring for 30 seconds.","Deals weapon DMG + 25 to enemies within 5m of you. Enemies hit suffer Dazed and Hamstring for 30 seconds.","ScrapheapLockdown/KatarVenomCurrent/Scrapheap Lockdown rank 1","ScrapheapLockdown1","ScrapheapLockdown1: ScrapheapLockdownAbilityDefinition.cs name='Scrapheap Lockdown' level=1 skill=Katar activation=Casted FP=- STM=15 cast=2 cooldown=90","ScrapheapLockdown1: PASS exact Bible text TLK 5092","ScrapheapLockdown1: PASS exact Bible text TLK 5092",""
"PASS","Scoped implemented","Staff","9","Crusher","2.0","2","Slam I","Staff 2","Staff 2","All","Combat","MGT","PER","Combat Formula","Yes","-","3.0","Instant","18 seconds","Implemented","","","Deals weapon DMG + 8. Targets affected by control effects take +8 DMG.","Deals weapon DMG + 8. Targets affected by control effects take +8 DMG.","Slam/StaffCrusher/Slam rank 1","Slam1","Slam1: SlamAbilityDefinition.cs name='Slam I' level=1 skill=Staff activation=Casted FP=- STM=3 cast=0 cooldown=18","Slam1: PASS exact Bible text TLK 4787","Slam1: PASS exact Bible text TLK 4787",""
"PASS","Scoped implemented","Staff","10","Crusher","2.0","2","Crushing Mastery","Staff 5","Staff 5","All","Trait","None","None","None","Yes","-","-","-","-","Implemented","","","Critical hits against targets affected by control effects deal +15% damage.","Critical hits against targets affected by control effects deal +15% damage.","CrushingMastery/StaffCrusher/Crushing Mastery rank 1","CrushingMasteryTrait","CrushingMasteryTrait: no active ability definition","CrushingMasteryTrait: PASS exact Bible text TLK 4797","-",""
"PASS","Scoped implemented","Staff","11","Crusher","2.0","2","Charged Blows I","Staff 8","Staff 8","All","Trait","None","None","None","Yes","-","-","-","-","Implemented","","","After you apply a control effect, your next attack within 30 seconds deals +10 DMG.","After you apply a control effect, your next attack within 30 seconds deals +10 DMG.","ChargedBlows/StaffCrusher/Charged Blows rank 1","ChargedBlowsTrait","ChargedBlowsTrait: no active ability definition","ChargedBlowsTrait: PASS exact Bible text TLK 5205","-",""
"PASS","Scoped implemented","Staff","12","Crusher","2.0","2","Rib Breaker I","Staff 10","Staff 10","All","Combat","MGT","PER","Combat Formula","Yes","-","4.0","Instant","24 seconds","Implemented","","","Deals weapon DMG + 12 and inflicts Dazed for 15 seconds.","Deals weapon DMG + 12 and inflicts Dazed for 15 seconds.","RibBreaker/StaffCrusher/Rib Breaker rank 1","RibBreaker1","RibBreaker1: RibBreakerAbilityDefinition.cs name='Rib Breaker I' level=1 skill=Staff activation=Casted FP=- STM=4 cast=0 cooldown=24","RibBreaker1: PASS exact Bible text TLK 5992","RibBreaker1: PASS exact Bible text TLK 5992",""
"PASS","Scoped implemented","Staff","13","Crusher","2.0","2","Slam II","Staff 12","Staff 12","All","Combat","MGT","PER","Combat Formula","Yes","-","5.0","Instant","18 seconds","Implemented","","","Deals weapon DMG + 18. Targets affected by control effects take +14 DMG.","Deals weapon DMG + 18. Targets affected by control effects take +14 DMG.","Slam/StaffCrusher/Slam rank 2","Slam2","Slam2: SlamAbilityDefinition.cs name='Slam II' level=2 skill=Staff activation=Casted FP=- STM=5 cast=0 cooldown=18","Slam2: PASS exact Bible text TLK 4788","Slam2: PASS exact Bible text TLK 4788",""
"PASS","Scoped implemented","Staff","14","Crusher","4.0","4","Heavy Hands","Staff 15","Staff 15","All","Trait","None","None","None","Yes","-","-","-","-","Implemented","","","Deal +10% damage to targets affected by control effects.","Deal +10% damage to targets affected by control effects.","HeavyHands/StaffCrusher/Heavy Hands rank 1","HeavyHandsTrait","HeavyHandsTrait: no active ability definition","HeavyHandsTrait: PASS exact Bible text TLK 4732","-",""
"PASS","Scoped implemented","Staff","15","Crusher","3.0","3","Ground Quake I","Staff 18","Staff 18","All","Combat","MGT","PER","Combat Formula","Yes","-","6.0","Instant","30 seconds","Implemented","","","Deals weapon DMG + 18 to enemies within 5m and knocks down already Dazed targets for 6 seconds.","Deals weapon DMG + 18 to enemies within 5m and knocks down already Dazed targets for 6 seconds.","GroundQuake/StaffCrusher/Ground Quake rank 1","GroundQuake1","GroundQuake1: GroundQuakeAbilityDefinition.cs name='Ground Quake I' level=1 skill=Staff activation=Casted FP=- STM=6 cast=0 cooldown=30","GroundQuake1: PASS exact Bible text TLK 5993","GroundQuake1: PASS exact Bible text TLK 5993",""
"PASS","Scoped implemented","Staff","16","Crusher","4.0","4","Crusher Stance","Staff 20","Staff 20","All","Stance","None","None","None","Yes","-","-","2 seconds","30 seconds","Implemented","","","While active, deal +15% damage to enemies affected by control effects, but your attack delay is increased by 10%.","While active, deal +15% damage to enemies affected by control effects, but your attack delay is increased by 10%.","CrusherStance/StaffCrusher/Crusher Stance rank 1","CrusherStance1","CrusherStance1: CrusherStanceAbilityDefinition.cs name='Crusher Stance' level=1 skill=Staff activation=Casted FP=- STM=- cast=2 cooldown=30","CrusherStance1: PASS exact Bible text TLK 4789","CrusherStance1: PASS exact Bible text TLK 4789",""
"PASS","Scoped implemented","Staff","17","Crusher","4.0","4","Charged Blows II","Staff 22","Staff 22","All","Trait","None","None","None","Yes","-","-","-","-","Implemented","","","After you apply a control effect, your next attack within 30 seconds deals +18 DMG.","After you apply a control effect, your next attack within 30 seconds deals +18 DMG.","ChargedBlows/StaffCrusher/Charged Blows rank 2","","-","-","-",""
"PASS","Scoped implemented","Staff","18","Crusher","4.0","4","Break Posture","Staff 25","Staff 25","All","Trait","None","None","None","Yes","-","-","-","-","Implemented","","","Your hostile combat abilities reduce Physical Defense by 10% for 30 seconds against targets affected by control effects.","Your hostile combat abilities reduce Physical Defense by 10% for 30 seconds against targets affected by control effects.","BreakPosture/StaffCrusher/Break Posture rank 1","BreakPostureTrait","BreakPostureTrait: no active ability definition","BreakPostureTrait: PASS exact Bible text TLK 5162","-",""
"PASS","Scoped implemented","Staff","19","Crusher","3.0","3","Slam III","Staff 28","Staff 28","All","Combat","MGT","PER","Combat Formula","Yes","-","8.0","Instant","18 seconds","Implemented","","","Deals weapon DMG + 28. Targets affected by control effects take +20 DMG.","Deals weapon DMG + 28. Targets affected by control effects take +20 DMG.","Slam/StaffCrusher/Slam rank 3","Slam3","Slam3: SlamAbilityDefinition.cs name='Slam III' level=3 skill=Staff activation=Casted FP=- STM=8 cast=0 cooldown=18","Slam3: PASS exact Bible text TLK 4790","Slam3: PASS exact Bible text TLK 4790",""
"PASS","Scoped implemented","Staff","20","Crusher","4.0","4","Rib Breaker II","Staff 30","Staff 30","All","Combat","MGT","PER","Combat Formula","Yes","-","8.0","Instant","24 seconds","Implemented","","","Deals weapon DMG + 24 and inflicts Dazed for 15 seconds.","Deals weapon DMG + 24 and inflicts Dazed for 15 seconds.","RibBreaker/StaffCrusher/Rib Breaker rank 2","RibBreaker2","RibBreaker2: RibBreakerAbilityDefinition.cs name='Rib Breaker II' level=2 skill=Staff activation=Casted FP=- STM=8 cast=0 cooldown=24","RibBreaker2: PASS exact Bible text TLK 5994","RibBreaker2: PASS exact Bible text TLK 5994",""
"PASS","Scoped implemented","Staff","21","Crusher","3.0","3","Ground Quake II","Staff 32","Staff 32","All","Combat","MGT","PER","Combat Formula","Yes","-","9.0","Instant","30 seconds","Implemented","","","Deals weapon DMG + 30 to enemies within 5m and knocks down already Dazed targets for 6 seconds.","Deals weapon DMG + 30 to enemies within 5m and knocks down already Dazed targets for 6 seconds.","GroundQuake/StaffCrusher/Ground Quake rank 2","GroundQuake2","GroundQuake2: GroundQuakeAbilityDefinition.cs name='Ground Quake II' level=2 skill=Staff activation=Casted FP=- STM=9 cast=0 cooldown=30","GroundQuake2: PASS exact Bible text TLK 5995","GroundQuake2: PASS exact Bible text TLK 5995",""
"PASS","Scoped implemented","Staff","22","Crusher","2.0","2","Skull Rattle","Staff 35","Staff 35","All","Trait","None","None","None","Yes","-","-","-","-","Implemented","","","When you apply a control effect, the target also suffers -10% Accuracy for 30 seconds.","When you apply a control effect, the target also suffers -10% Accuracy for 30 seconds.","SkullRattle/StaffCrusher/Skull Rattle rank 1","SkullRattleTrait","SkullRattleTrait: no active ability definition","SkullRattleTrait: PASS exact Bible text TLK 5427","-",""
"PASS","Scoped implemented","Staff","23","Crusher","4.0","4","Rib Breaker III","Staff 38","Staff 38","All","Combat","MGT","PER","Combat Formula","Yes","-","10.0","Instant","24 seconds","Implemented","","","Deals weapon DMG + 36 and inflicts Dazed for 15 seconds.","Deals weapon DMG + 36 and inflicts Dazed for 15 seconds.","RibBreaker/StaffCrusher/Rib Breaker rank 3","RibBreaker3","RibBreaker3: RibBreakerAbilityDefinition.cs name='Rib Breaker III' level=3 skill=Staff activation=Casted FP=- STM=10 cast=0 cooldown=24","RibBreaker3: PASS exact Bible text TLK 5996","RibBreaker3: PASS exact Bible text TLK 5996",""
"PASS","Scoped implemented","Staff","24","Crusher","5.0","5","Slam IV","Staff 40","Staff 40","All","Combat","MGT","PER","Combat Formula","Yes","-","12.0","Instant","18 seconds","Implemented","","","Deals weapon DMG + 38. Targets affected by control effects take +26 DMG.","Deals weapon DMG + 38. Targets affected by control effects take +26 DMG.","Slam/StaffCrusher/Slam rank 4","Slam4","Slam4: SlamAbilityDefinition.cs name='Slam IV' level=4 skill=Staff activation=Casted FP=- STM=12 cast=0 cooldown=18","Slam4: PASS exact Bible text TLK 4791","Slam4: PASS exact Bible text TLK 4791",""
"PASS","Scoped implemented","Staff","25","Crusher","4.0","4","Charged Blows III","Staff 45","Staff 45","All","Trait","None","None","None","Yes","-","-","-","-","Implemented","","","After you apply a control effect, your next attack within 30 seconds deals +26 DMG.","After you apply a control effect, your next attack within 30 seconds deals +26 DMG.","ChargedBlows/StaffCrusher/Charged Blows rank 3","","-","-","-",""
"PASS","Scoped implemented","Staff","26","Crusher","6.0","6","Worldbreaker","Staff 50","Staff 50; Quest worldbreaker_mastery","All","Capstone","MGT","PER","Combat Formula","Yes","-","15.0","2 seconds","90 seconds","Implemented","","","Deals weapon DMG + 35 to enemies within 5m of you. Enemies affected by control effects take +40 DMG and are Dazed for 30 seconds.","Deals weapon DMG + 35 to enemies within 5m of you. Enemies affected by control effects take +40 DMG and are Dazed for 30 seconds.","Worldbreaker/StaffCrusher/Worldbreaker rank 1","Worldbreaker1","Worldbreaker1: WorldbreakerAbilityDefinition.cs name='Worldbreaker' level=1 skill=Staff activation=Casted FP=- STM=15 cast=2 cooldown=90","Worldbreaker1: PASS exact Bible text TLK 6153","Worldbreaker1: PASS exact Bible text TLK 6153",""
"PASS","Scoped implemented","Staff","29","Sentinel","2.0","2","Line Breaker I","Staff 2","Staff 2","All","Combat","MGT","PER","Combat Formula","Yes","-","3.0","Instant","18 seconds","Implemented","","","Deals weapon DMG + 8 in an 8m x 2.5m line and inflicts Disoriented for 30 seconds.","Deals weapon DMG + 8 in an 8m x 2.5m line and inflicts Disoriented for 30 seconds.","LineBreaker/StaffSentinel/Line Breaker rank 1","LineBreaker1","LineBreaker1: LineBreakerAbilityDefinition.cs name='Line Breaker I' level=1 skill=Staff activation=Casted FP=- STM=3 cast=0 cooldown=18","LineBreaker1: PASS exact Bible text TLK 6154","LineBreaker1: PASS exact Bible text TLK 6154",""
"PASS","Scoped implemented","Staff","30","Sentinel","2.0","2","Sentinel Guard","Staff 5","Staff 5","All","Trait","None","None","None","Yes","-","-","-","-","Implemented","","","Staff Sentinel protection abilities grant allies within 5m +8 Melee Deflection for 30 seconds and grant you +20% Enmity for 30 seconds.","Staff Sentinel protection abilities grant allies within 5m +8 Melee Deflection for 30 seconds and grant you +20% Enmity for 30 seconds.","SentinelGuard/StaffSentinel/Sentinel Guard rank 1","SentinelGuardTrait","SentinelGuardTrait: no active ability definition","SentinelGuardTrait: PASS exact Bible text TLK 5164","-",""
"PASS","Scoped implemented","Staff","31","Sentinel","2.0","2","Staff Parry I","Staff 8","Staff 8","All","Trait","None","None","None","Yes","-","-","-","-","Implemented","","","After using a hostile Staff ability, gain +4 Melee Deflection for 30 seconds.","After using a hostile Staff ability, gain +4 Melee Deflection for 30 seconds.","StaffParry/StaffSentinel/Staff Parry rank 1","StaffParryTrait","StaffParryTrait: no active ability definition","StaffParryTrait: PASS exact Bible text TLK 5165","-",""
"PASS","Scoped implemented","Staff","32","Sentinel","2.0","2","Leg Sweep I","Staff 10","Staff 10","All","Combat","MGT","PER","Combat Formula","Yes","-","4.0","Instant","24 seconds","Implemented","","","Deals weapon DMG + 12 and inflicts Knockdown for 6 seconds.","Deals weapon DMG + 12 and inflicts Knockdown for 6 seconds.","LegSweep/StaffSentinel/Leg Sweep rank 1","LegSweep1","LegSweep1: LegSweepAbilityDefinition.cs name='Leg Sweep I' level=1 skill=Staff activation=Casted FP=- STM=4 cast=0 cooldown=24","LegSweep1: PASS exact Bible text TLK 5998","LegSweep1: PASS exact Bible text TLK 5998",""
"PASS","Scoped implemented","Staff","33","Sentinel","2.0","2","Line Breaker II","Staff 12","Staff 12","All","Combat","MGT","PER","Combat Formula","Yes","-","5.0","Instant","18 seconds","Implemented","","","Deals weapon DMG + 18 in an 8m x 3m line and inflicts Disoriented for 30 seconds.","Deals weapon DMG + 18 in an 8m x 3m line and inflicts Disoriented for 30 seconds.","LineBreaker/StaffSentinel/Line Breaker rank 2","LineBreaker2","LineBreaker2: LineBreakerAbilityDefinition.cs name='Line Breaker II' level=2 skill=Staff activation=Casted FP=- STM=5 cast=0 cooldown=18","LineBreaker2: PASS exact Bible text TLK 6155","LineBreaker2: PASS exact Bible text TLK 6155",""
"PASS","Scoped implemented","Staff","34","Sentinel","4.0","4","Guarding Step","Staff 15","Staff 15","All","Trait","None","None","None","Yes","-","-","-","-","Implemented","","","Using a Staff Sentinel ability grants +25% Evasion and +20% Defense for 30 seconds. This can trigger once every 60 seconds.","Using a Staff Sentinel ability grants +25% Evasion and +20% Defense for 30 seconds. This can trigger once every 60 seconds.","GuardingStep/StaffSentinel/Guarding Step rank 1","GuardingStepTrait","GuardingStepTrait: no active ability definition","GuardingStepTrait: PASS exact Bible text TLK 5166","-",""
"PASS","Scoped implemented","Staff","35","Sentinel","3.0","3","Sweeping Guard","Staff 18","Staff 18","All","Combat","MGT","PER","Combat Formula","Yes","-","6.0","Instant","30 seconds","Implemented","","","Deals weapon DMG + 16 to enemies within 5m and grants +20% Defense for 30 seconds.","Deals weapon DMG + 16 to enemies within 5m and grants +20% Defense for 30 seconds.","SweepingGuard/StaffSentinel/Sweeping Guard rank 1","SweepingGuard1","SweepingGuard1: SweepingGuardAbilityDefinition.cs name='Sweeping Guard' level=1 skill=Staff activation=Casted FP=- STM=6 cast=0 cooldown=30","SweepingGuard1: PASS exact Bible text TLK 5102","SweepingGuard1: PASS exact Bible text TLK 5102",""
"PASS","Scoped implemented","Staff","36","Sentinel","4.0","4","Sentinel Stance","Staff 20","Staff 20","All","Stance","None","None","None","Yes","-","-","2 seconds","30 seconds","Implemented","","","While active, grants +15% Evasion and +8 Melee Deflection, but Attack is reduced by 15%.","While active, grants +15% Evasion and +8 Melee Deflection, but Attack is reduced by 15%.","SentinelStance/StaffSentinel/Sentinel Stance rank 1","SentinelStance1","SentinelStance1: SentinelStanceAbilityDefinition.cs name='Sentinel Stance' level=1 skill=Staff activation=Casted FP=- STM=- cast=2 cooldown=30","SentinelStance1: PASS exact Bible text TLK 4888","SentinelStance1: PASS exact Bible text TLK 4888",""
"PASS","Scoped implemented","Staff","37","Sentinel","4.0","4","Staff Parry II","Staff 22","Staff 22","All","Trait","None","None","None","Yes","-","-","-","-","Implemented","","","After using a hostile Staff ability, gain +6 Melee Deflection for 30 seconds.","After using a hostile Staff ability, gain +6 Melee Deflection for 30 seconds.","StaffParry/StaffSentinel/Staff Parry rank 2","","-","-","-",""
"PASS","Scoped implemented","Staff","38","Sentinel","4.0","4","Flowing Defense","Staff 25","Staff 25","All","Trait","None","None","None","Yes","-","-","-","-","Implemented","","","After an enemy misses you, your next hostile Staff ability within 30 seconds costs 3 less STM.","After an enemy misses you, your next hostile Staff ability within 30 seconds costs 3 less STM.","FlowingDefense/StaffSentinel/Flowing Defense rank 1","FlowingDefenseTrait","FlowingDefenseTrait: no active ability definition","FlowingDefenseTrait: PASS exact Bible text TLK 5206","-",""
"PASS","Scoped implemented","Staff","39","Sentinel","3.0","3","Line Breaker III","Staff 28","Staff 28","All","Combat","MGT","PER","Combat Formula","Yes","-","8.0","Instant","18 seconds","Implemented","","","Deals weapon DMG + 28 in an 8m x 3m line and inflicts Disoriented for 30 seconds.","Deals weapon DMG + 28 in an 8m x 3m line and inflicts Disoriented for 30 seconds.","LineBreaker/StaffSentinel/Line Breaker rank 3","LineBreaker3","LineBreaker3: LineBreakerAbilityDefinition.cs name='Line Breaker III' level=3 skill=Staff activation=Casted FP=- STM=8 cast=0 cooldown=18","LineBreaker3: PASS exact Bible text TLK 6156","LineBreaker3: PASS exact Bible text TLK 6156",""
"PASS","Scoped implemented","Staff","40","Sentinel","4.0","4","Leg Sweep II","Staff 30","Staff 30","All","Combat","MGT","PER","Combat Formula","Yes","-","8.0","Instant","24 seconds","Implemented","","","Deals weapon DMG + 24 and inflicts Knockdown for 6 seconds.","Deals weapon DMG + 24 and inflicts Knockdown for 6 seconds.","LegSweep/StaffSentinel/Leg Sweep rank 2","LegSweep2","LegSweep2: LegSweepAbilityDefinition.cs name='Leg Sweep II' level=2 skill=Staff activation=Casted FP=- STM=8 cast=0 cooldown=24","LegSweep2: PASS exact Bible text TLK 5999","LegSweep2: PASS exact Bible text TLK 5999",""
"PASS","Scoped implemented","Staff","41","Sentinel","3.0","3","Shelter Circle","Staff 32","Staff 32","All","Combat","None","None","None","Yes","-","12.0","Instant","60 seconds","Implemented","","","For 30 seconds, you and allies within 5m gain +20% Physical Defense, +20% Force Defense, and +20% Evasion.","For 30 seconds, you and allies within 5m gain +20% Physical Defense, +20% Force Defense, and +20% Evasion.","ShelterCircle/StaffSentinel/Shelter Circle rank 1","ShelterCircle1","ShelterCircle1: ShelterCircleAbilityDefinition.cs name='Shelter Circle' level=1 skill=Staff activation=Casted FP=- STM=12 cast=0 cooldown=60","ShelterCircle1: PASS exact Bible text TLK 5105","ShelterCircle1: PASS exact Bible text TLK 5105",""
"PASS","Scoped implemented","Staff","42","Sentinel","2.0","2","Patient Sentinel","Staff 35","Staff 35","All","Trait","None","None","None","Yes","-","-","-","-","Implemented","","","After 3 seconds without attacking, your next hostile Staff ability gains +10 DMG and +8% Accuracy.","After 3 seconds without attacking, your next hostile Staff ability gains +10 DMG and +8% Accuracy.","PatientSentinel/StaffSentinel/Patient Sentinel rank 1","PatientSentinelTrait","PatientSentinelTrait: no active ability definition","PatientSentinelTrait: PASS exact Bible text TLK 4897","-",""
"PASS","Scoped implemented","Staff","43","Sentinel","4.0","4","Leg Sweep III","Staff 38","Staff 38","All","Combat","MGT","PER","Combat Formula","Yes","-","10.0","Instant","24 seconds","Implemented","","","Deals weapon DMG + 36 and inflicts Knockdown for 6 seconds.","Deals weapon DMG + 36 and inflicts Knockdown for 6 seconds.","LegSweep/StaffSentinel/Leg Sweep rank 3","LegSweep3","LegSweep3: LegSweepAbilityDefinition.cs name='Leg Sweep III' level=3 skill=Staff activation=Casted FP=- STM=10 cast=0 cooldown=24","LegSweep3: PASS exact Bible text TLK 6000","LegSweep3: PASS exact Bible text TLK 6000",""
"PASS","Scoped implemented","Staff","44","Sentinel","5.0","5","Line Breaker IV","Staff 40","Staff 40","All","Combat","MGT","PER","Combat Formula","Yes","-","12.0","Instant","18 seconds","Implemented","","","Deals weapon DMG + 38 in an 8m x 3m line and inflicts Disoriented for 30 seconds.","Deals weapon DMG + 38 in an 8m x 3m line and inflicts Disoriented for 30 seconds.","LineBreaker/StaffSentinel/Line Breaker rank 4","LineBreaker4","LineBreaker4: LineBreakerAbilityDefinition.cs name='Line Breaker IV' level=4 skill=Staff activation=Casted FP=- STM=12 cast=0 cooldown=18","LineBreaker4: PASS exact Bible text TLK 6157","LineBreaker4: PASS exact Bible text TLK 6157",""
"PASS","Scoped implemented","Staff","45","Sentinel","4.0","4","Staff Parry III","Staff 45","Staff 45","All","Trait","None","None","None","Yes","-","-","-","-","Implemented","","","After using a hostile Staff ability, gain +8 Melee Deflection for 30 seconds.","After using a hostile Staff ability, gain +8 Melee Deflection for 30 seconds.","StaffParry/StaffSentinel/Staff Parry rank 3","","-","-","-",""
"PASS","Scoped implemented","Staff","46","Sentinel","6.0","6","Unmoving Center","Staff 50","Staff 50; Quest unmoving_center_mastery","All","Capstone","None","None","None","Yes","-","15.0","2 seconds","90 seconds","Implemented","","","For 45 seconds, you cannot be Knocked down or Dazed, gain +20 Melee Deflection, and generate +30% Enmity.","For 45 seconds, you cannot be Knocked down or Dazed, gain +20 Melee Deflection, and generate +30% Enmity.","UnmovingCenter/StaffSentinel/Unmoving Center rank 1","UnmovingCenter1","UnmovingCenter1: UnmovingCenterAbilityDefinition.cs name='Unmoving Center' level=1 skill=Staff activation=Casted FP=- STM=15 cast=2 cooldown=90","UnmovingCenter1: PASS exact Bible text TLK 4894","UnmovingCenter1: PASS exact Bible text TLK 4894",""
"PASS","Scoped implemented","Pistol","9","Skirmisher","2.0","2","Disarming Shot I","Pistol 2","Pistol 2","All","Combat","PER","AGI","Combat Formula","Yes","-","3.0","Instant","18 seconds","Implemented","","","Deals weapon DMG + 8 and reduces the target's Attack by 10% for 30 seconds.","Deals weapon DMG + 8 and reduces the target's Attack by 10% for 30 seconds.","DisarmingShot/PistolSkirmisher/Disarming Shot rank 1","DisarmingShot1","DisarmingShot1: DisarmingShotAbilityDefinition.cs name='Disarming Shot I' level=1 skill=Pistol activation=Casted FP=- STM=3 cast=0 cooldown=18","DisarmingShot1: PASS exact Bible text TLK 5108","DisarmingShot1: PASS exact Bible text TLK 5108",""
"PASS","Scoped implemented","Pistol","10","Skirmisher","2.0","2","Mobile Footwork","Pistol 5","Pistol 5","All","Trait","None","None","None","Yes","-","-","-","-","Implemented","","","After using a hostile ranged ability, gain +8% Evasion for 30 seconds.","After using a hostile ranged ability, gain +8% Evasion for 30 seconds.","MobileFootwork/PistolSkirmisher/Mobile Footwork rank 1","MobileFootworkTrait","MobileFootworkTrait: no active ability definition","MobileFootworkTrait: PASS exact Bible text TLK 5167","-",""
"PASS","Scoped implemented","Pistol","11","Skirmisher","2.0","2","Snap Roll I","Pistol 8","Pistol 8","All","Trait","None","None","None","Yes","-","-","-","-","Implemented","","","After using a hostile ranged ability, gain +5% Ranged Evasion for 30 seconds.","After using a hostile ranged ability, gain +5% Ranged Evasion for 30 seconds.","SnapRoll/PistolSkirmisher/Snap Roll rank 1","SnapRollTrait","SnapRollTrait: no active ability definition","SnapRollTrait: PASS exact Bible text TLK 5168","-",""
"PASS","Scoped implemented","Pistol","12","Skirmisher","2.0","2","Interrupting Shot I","Pistol 10","Pistol 10","All","Combat","PER","AGI","Combat Formula","Yes","-","4.0","Instant","24 seconds","Implemented","","","Deals weapon DMG + 12. If the target is using an ability, also inflicts Disoriented for 30 seconds.","Deals weapon DMG + 12. If the target is using an ability, also inflicts Disoriented for 30 seconds.","InterruptingShot/PistolSkirmisher/Interrupting Shot rank 1","InterruptingShot1","InterruptingShot1: InterruptingShotAbilityDefinition.cs name='Interrupting Shot I' level=1 skill=Pistol activation=Casted FP=- STM=4 cast=0 cooldown=24","InterruptingShot1: PASS exact Bible text TLK 5109","InterruptingShot1: PASS exact Bible text TLK 5109",""
"PASS","Scoped implemented","Pistol","13","Skirmisher","2.0","2","Disarming Shot II","Pistol 12","Pistol 12","All","Combat","PER","AGI","Combat Formula","Yes","-","5.0","Instant","18 seconds","Implemented","","","Deals weapon DMG + 18 and reduces the target's Attack by 12% for 30 seconds.","Deals weapon DMG + 18 and reduces the target's Attack by 12% for 30 seconds.","DisarmingShot/PistolSkirmisher/Disarming Shot rank 2","DisarmingShot2","DisarmingShot2: DisarmingShotAbilityDefinition.cs name='Disarming Shot II' level=2 skill=Pistol activation=Casted FP=- STM=5 cast=0 cooldown=18","DisarmingShot2: PASS exact Bible text TLK 5110","DisarmingShot2: PASS exact Bible text TLK 5110",""
"PASS","Scoped implemented","Pistol","14","Skirmisher","4.0","4","Kiting Instinct","Pistol 15","Pistol 15","All","Trait","None","None","None","Yes","-","-","-","-","Implemented","","","When you move after using a hostile ranged ability, gain +10% Movement Speed for 30 seconds.","When you move after using a hostile ranged ability, gain +10% Movement Speed for 30 seconds.","KitingInstinct/PistolSkirmisher/Kiting Instinct rank 1","KitingInstinctTrait","KitingInstinctTrait: no active ability definition","KitingInstinctTrait: PASS exact Bible text TLK 5169","-",""
"PASS","Scoped implemented","Pistol","15","Skirmisher","3.0","3","Point Blank Burst I","Pistol 18","Pistol 18","All","Combat","PER","AGI","Combat Formula","Yes","-","6.0","Instant","30 seconds","Implemented","","","Deals weapon DMG + 16 to enemies within 5m and grants +10% Evasion for 30 seconds.","Deals weapon DMG + 16 to enemies within 5m and grants +10% Evasion for 30 seconds.","PointBlankBurst/PistolSkirmisher/Point Blank Burst rank 1","PointBlankBurst1","PointBlankBurst1: PointBlankBurstAbilityDefinition.cs name='Point Blank Burst I' level=1 skill=Pistol activation=Casted FP=- STM=6 cast=0 cooldown=30","PointBlankBurst1: PASS exact Bible text TLK 5111","PointBlankBurst1: PASS exact Bible text TLK 5111",""
"PASS","Scoped implemented","Pistol","16","Skirmisher","4.0","4","Skirmisher Stance","Pistol 20","Pistol 20","All","Stance","None","None","None","Yes","-","-","2 seconds","30 seconds","Implemented","","","While active, grants +15% Evasion and +10% Movement Speed, but reduces Attack by 10%.","While active, grants +15% Evasion and +10% Movement Speed, but reduces Attack by 10%.","SkirmisherStance/PistolSkirmisher/Skirmisher Stance rank 1","SkirmisherStance1","SkirmisherStance1: SkirmisherStanceAbilityDefinition.cs name='Skirmisher Stance' level=1 skill=Pistol activation=Casted FP=- STM=- cast=2 cooldown=30","SkirmisherStance1: PASS exact Bible text TLK 4543","SkirmisherStance1: PASS exact Bible text TLK 4543",""
"PASS","Scoped implemented","Pistol","17","Skirmisher","4.0","4","Snap Roll II","Pistol 22","Pistol 22","All","Trait","None","None","None","Yes","-","-","-","-","Implemented","","","After using a hostile ranged ability, gain +8% Ranged Evasion for 30 seconds.","After using a hostile ranged ability, gain +8% Ranged Evasion for 30 seconds.","SnapRoll/PistolSkirmisher/Snap Roll rank 2","","-","-","-",""
"PASS","Scoped implemented","Pistol","18","Skirmisher","4.0","4","Duelist's Distance","Pistol 25","Pistol 25","All","Trait","None","None","None","Yes","-","-","-","-","Implemented","","","Targets within 5m deal -10% damage to you for 30 seconds after you hit them with a ranged ability.","Targets within 5m deal -10% damage to you for 30 seconds after you hit them with a ranged ability.","DuelistsDistance/PistolSkirmisher/Duelist's Distance rank 1","DuelistsDistanceTrait","DuelistsDistanceTrait: no active ability definition","DuelistsDistanceTrait: PASS exact Bible text TLK 5170","-",""
"PASS","Scoped implemented","Pistol","19","Skirmisher","3.0","3","Disarming Shot III","Pistol 28","Pistol 28","All","Combat","PER","AGI","Combat Formula","Yes","-","8.0","Instant","18 seconds","Implemented","","","Deals weapon DMG + 28 and reduces the target's Attack by 15% for 30 seconds.","Deals weapon DMG + 28 and reduces the target's Attack by 15% for 30 seconds.","DisarmingShot/PistolSkirmisher/Disarming Shot rank 3","DisarmingShot3","DisarmingShot3: DisarmingShotAbilityDefinition.cs name='Disarming Shot III' level=3 skill=Pistol activation=Casted FP=- STM=8 cast=0 cooldown=18","DisarmingShot3: PASS exact Bible text TLK 5112","DisarmingShot3: PASS exact Bible text TLK 5112",""
"PASS","Scoped implemented","Pistol","20","Skirmisher","4.0","4","Interrupting Shot II","Pistol 30","Pistol 30","All","Combat","PER","AGI","Combat Formula","Yes","-","8.0","Instant","24 seconds","Implemented","","","Deals weapon DMG + 24. If the target is using an ability, also inflicts Disoriented for 30 seconds.","Deals weapon DMG + 24. If the target is using an ability, also inflicts Disoriented for 30 seconds.","InterruptingShot/PistolSkirmisher/Interrupting Shot rank 2","InterruptingShot2","InterruptingShot2: InterruptingShotAbilityDefinition.cs name='Interrupting Shot II' level=2 skill=Pistol activation=Casted FP=- STM=8 cast=0 cooldown=24","InterruptingShot2: PASS exact Bible text TLK 5113","InterruptingShot2: PASS exact Bible text TLK 5113",""
"PASS","Scoped implemented","Pistol","21","Skirmisher","3.0","3","Point Blank Burst II","Pistol 32","Pistol 32","All","Combat","PER","AGI","Combat Formula","Yes","-","9.0","Instant","30 seconds","Implemented","","","Deals weapon DMG + 30 to enemies within 5m and grants +15% Evasion for 30 seconds.","Deals weapon DMG + 30 to enemies within 5m and grants +15% Evasion for 30 seconds.","PointBlankBurst/PistolSkirmisher/Point Blank Burst rank 2","PointBlankBurst2","PointBlankBurst2: PointBlankBurstAbilityDefinition.cs name='Point Blank Burst II' level=2 skill=Pistol activation=Casted FP=- STM=9 cast=0 cooldown=30","PointBlankBurst2: PASS exact Bible text TLK 5114","PointBlankBurst2: PASS exact Bible text TLK 5114",""
"PASS","Scoped implemented","Pistol","22","Skirmisher","2.0","2","Evasive Reload","Pistol 35","Pistol 35","All","Trait","None","None","None","Yes","-","-","-","-","Implemented","","","After you evade an attack, your next hostile ranged ability within 30 seconds costs 3 less STM.","After you evade an attack, your next hostile ranged ability within 30 seconds costs 3 less STM.","EvasiveReload/PistolSkirmisher/Evasive Reload rank 1","EvasiveReloadTrait","EvasiveReloadTrait: no active ability definition","EvasiveReloadTrait: PASS exact Bible text TLK 5207","-",""
"PASS","Scoped implemented","Pistol","23","Skirmisher","4.0","4","Interrupting Shot III","Pistol 38","Pistol 38","All","Combat","PER","AGI","Combat Formula","Yes","-","10.0","Instant","24 seconds","Implemented","","","Deals weapon DMG + 36. If the target is using an ability, also inflicts Disoriented for 30 seconds.","Deals weapon DMG + 36. If the target is using an ability, also inflicts Disoriented for 30 seconds.","InterruptingShot/PistolSkirmisher/Interrupting Shot rank 3","InterruptingShot3","InterruptingShot3: InterruptingShotAbilityDefinition.cs name='Interrupting Shot III' level=3 skill=Pistol activation=Casted FP=- STM=10 cast=0 cooldown=24","InterruptingShot3: PASS exact Bible text TLK 5115","InterruptingShot3: PASS exact Bible text TLK 5115",""
"PASS","Scoped implemented","Pistol","24","Skirmisher","5.0","5","Disarming Shot IV","Pistol 40","Pistol 40","All","Combat","PER","AGI","Combat Formula","Yes","-","12.0","Instant","18 seconds","Implemented","","","Deals weapon DMG + 38 and reduces the target's Attack by 18% for 30 seconds.","Deals weapon DMG + 38 and reduces the target's Attack by 18% for 30 seconds.","DisarmingShot/PistolSkirmisher/Disarming Shot rank 4","DisarmingShot4","DisarmingShot4: DisarmingShotAbilityDefinition.cs name='Disarming Shot IV' level=4 skill=Pistol activation=Casted FP=- STM=12 cast=0 cooldown=18","DisarmingShot4: PASS exact Bible text TLK 5116","DisarmingShot4: PASS exact Bible text TLK 5116",""
"PASS","Scoped implemented","Pistol","25","Skirmisher","4.0","4","Snap Roll III","Pistol 45","Pistol 45","All","Trait","None","None","None","Yes","-","-","-","-","Implemented","","","After using a hostile ranged ability, gain +12% Ranged Evasion for 30 seconds.","After using a hostile ranged ability, gain +12% Ranged Evasion for 30 seconds.","SnapRoll/PistolSkirmisher/Snap Roll rank 3","","-","-","-",""
"PASS","Scoped implemented","Pistol","26","Skirmisher","6.0","6","Last Word","Pistol 50","Pistol 50; Quest last_word_mastery","All","Capstone","PER","AGI","Combat Formula","Yes","-","15.0","2 seconds","90 seconds","Implemented","","","Deals weapon DMG + 35. For 45 seconds, evading an attack refreshes Snap Roll and quickens your next shot.","Deals weapon DMG + 35. For 45 seconds, evading an attack refreshes Snap Roll and quickens your next shot.","LastWord/PistolSkirmisher/Last Word rank 1","LastWord1","LastWord1: LastWordAbilityDefinition.cs name='Last Word' level=1 skill=Pistol activation=Casted FP=- STM=15 cast=2 cooldown=90","LastWord1: PASS exact Bible text TLK 4552","LastWord1: PASS exact Bible text TLK 4552",""
"PASS","Scoped implemented","Pistol","29","Gambler","2.0","2","Quick Draw I","Pistol 2","Pistol 2","All","Combat","PER","AGI","Combat Formula","Yes","-","3.0","Instant","18 seconds","Implemented","","","Deals weapon DMG + 8. Has +10% Critical Rate if used within 30 seconds after switching targets.","Deals weapon DMG + 8. Has +10% Critical Rate if used within 30 seconds after switching targets.","QuickDraw/PistolGunslinger/Quick Draw rank 1","QuickDraw1","QuickDraw1: QuickDrawAbilityDefinition.cs name='Quick Draw I' level=1 skill=Pistol activation=Casted FP=- STM=3 cast=0 cooldown=18","QuickDraw1: PASS exact Bible text TLK 5191","QuickDraw1: PASS exact Bible text TLK 5191",""
"PASS","Scoped implemented","Pistol","30","Gambler","2.0","2","Lucky Chamber","Pistol 5","Pistol 5","All","Trait","None","None","None","Yes","-","-","-","-","Implemented","","","Every fourth ranged attack gains +10% Critical Rate.","Every fourth ranged attack gains +10% Critical Rate.","LuckyChamber/PistolGunslinger/Lucky Chamber rank 1","LuckyChamberTrait","LuckyChamberTrait: no active ability definition","LuckyChamberTrait: PASS exact Bible text TLK 4748","-",""
"PASS","Scoped implemented","Pistol","31","Gambler","2.0","2","Rapid Shot I","Pistol 8","Pistol 8","All","Trait","None","None","None","Yes","-","-","-","-","Implemented","","","After landing a critical hit, gain +3% Haste for 30 seconds.","After landing a critical hit, gain +3% Haste for 30 seconds.","RapidShot/PistolGunslinger/Rapid Shot rank 1","RapidShotTrait","RapidShotTrait: no active ability definition","RapidShotTrait: PASS exact Bible text TLK 5171","-",""
"PASS","Scoped implemented","Pistol","32","Gambler","2.0","2","Double Shot I","Pistol 10","Pistol 10","All","Combat","PER","AGI","Combat Formula","Yes","-","4.0","Instant","24 seconds","Implemented","","","Fires twice for weapon DMG + 6 each. If either shot critically hits, restore 2 STM.","Fires twice for weapon DMG + 6 each. If either shot critically hits, restore 2 STM.","DoubleShot/PistolGunslinger/Double Shot rank 1","DoubleShot1","DoubleShot1: DoubleShotAbilityDefinition.cs name='Double Shot I' level=1 skill=Pistol activation=Casted FP=- STM=4 cast=0 cooldown=24","DoubleShot1: PASS exact Bible text TLK 4554","DoubleShot1: PASS exact Bible text TLK 4554",""
"PASS","Scoped implemented","Pistol","33","Gambler","2.0","2","Quick Draw II","Pistol 12","Pistol 12","All","Combat","PER","AGI","Combat Formula","Yes","-","5.0","Instant","18 seconds","Implemented","","","Deals weapon DMG + 18. Has +12% Critical Rate if used within 30 seconds after switching targets.","Deals weapon DMG + 18. Has +12% Critical Rate if used within 30 seconds after switching targets.","QuickDraw/PistolGunslinger/Quick Draw rank 2","QuickDraw2","QuickDraw2: QuickDrawAbilityDefinition.cs name='Quick Draw II' level=2 skill=Pistol activation=Casted FP=- STM=5 cast=0 cooldown=18","QuickDraw2: PASS exact Bible text TLK 5192","QuickDraw2: PASS exact Bible text TLK 5192",""
"PASS","Scoped implemented","Pistol","34","Gambler","4.0","4","Deadeye Reload","Pistol 15","Pistol 15","All","Trait","None","None","None","Yes","-","-","-","-","Implemented","","","When a hostile ranged ability does not critically hit, gain +5% Critical Rate for your next ranged ability, stacking up to +15%.","When a hostile ranged ability does not critically hit, gain +5% Critical Rate for your next ranged ability, stacking up to +15%.","DeadeyeReload/PistolGunslinger/Deadeye Reload rank 1","DeadeyeReloadTrait","DeadeyeReloadTrait: no active ability definition","DeadeyeReloadTrait: PASS exact Bible text TLK 4750","-",""
"PASS","Scoped implemented","Pistol","35","Gambler","3.0","3","Fan the Hammer I","Pistol 18","Pistol 18","All","Combat","PER","AGI","Combat Formula","Yes","-","6.0","Instant","30 seconds","Implemented","","","Fires at up to 3 enemies within 5m for weapon DMG + 14. Each hit has +8% Critical Rate.","Fires at up to 3 enemies within 5m for weapon DMG + 14. Each hit has +8% Critical Rate.","FanTheHammer/PistolGunslinger/Fan the Hammer rank 1","FanTheHammer1","FanTheHammer1: FanTheHammerAbilityDefinition.cs name='Fan the Hammer I' level=1 skill=Pistol activation=Casted FP=- STM=6 cast=0 cooldown=30","FanTheHammer1: PASS exact Bible text TLK 4556","FanTheHammer1: PASS exact Bible text TLK 4556",""
"PASS","Scoped implemented","Pistol","36","Gambler","4.0","4","Gambler Stance","Pistol 20","Pistol 20","All","Stance","None","None","None","Yes","-","-","2 seconds","30 seconds","Implemented","","","While active, gain +12% Critical Rate, but non-critical hostile ranged abilities cost 2 additional STM.","While active, gain +12% Critical Rate, but non-critical hostile ranged abilities cost 2 additional STM.","GamblerStance/PistolGunslinger/Gambler Stance rank 1","GamblerStance1","GamblerStance1: GamblerStanceAbilityDefinition.cs name='Gambler Stance' level=1 skill=Pistol activation=Casted FP=- STM=- cast=2 cooldown=30","GamblerStance1: PASS exact Bible text TLK 4557","GamblerStance1: PASS exact Bible text TLK 4557",""
"PASS","Scoped implemented","Pistol","37","Gambler","4.0","4","Rapid Shot II","Pistol 22","Pistol 22","All","Trait","None","None","None","Yes","-","-","-","-","Implemented","","","After landing a critical hit, gain +5% Haste for 30 seconds.","After landing a critical hit, gain +5% Haste for 30 seconds.","RapidShot/PistolGunslinger/Rapid Shot rank 2","","-","-","-",""
"PASS","Scoped implemented","Pistol","38","Gambler","4.0","4","High Noon","Pistol 25","Pistol 25","All","Trait","None","None","None","Yes","-","-","-","-","Implemented","","","Critical hits against targets above 70% HP deal +15% damage.","Critical hits against targets above 70% HP deal +15% damage.","HighNoon/PistolGunslinger/High Noon rank 1","HighNoonTrait","HighNoonTrait: no active ability definition","HighNoonTrait: PASS exact Bible text TLK 4751","-",""
"PASS","Scoped implemented","Pistol","39","Gambler","3.0","3","Quick Draw III","Pistol 28","Pistol 28","All","Combat","PER","AGI","Combat Formula","Yes","-","8.0","Instant","18 seconds","Implemented","","","Deals weapon DMG + 28. Has +15% Critical Rate if used within 30 seconds after switching targets.","Deals weapon DMG + 28. Has +15% Critical Rate if used within 30 seconds after switching targets.","QuickDraw/PistolGunslinger/Quick Draw rank 3","QuickDraw3","QuickDraw3: QuickDrawAbilityDefinition.cs name='Quick Draw III' level=3 skill=Pistol activation=Casted FP=- STM=8 cast=0 cooldown=18","QuickDraw3: PASS exact Bible text TLK 5193","QuickDraw3: PASS exact Bible text TLK 5193",""
"PASS","Scoped implemented","Pistol","40","Gambler","4.0","4","Double Shot II","Pistol 30","Pistol 30","All","Combat","PER","AGI","Combat Formula","Yes","-","8.0","Instant","24 seconds","Implemented","","","Fires twice for weapon DMG + 13 each. If either shot critically hits, restore 3 STM.","Fires twice for weapon DMG + 13 each. If either shot critically hits, restore 3 STM.","DoubleShot/PistolGunslinger/Double Shot rank 2","DoubleShot2","DoubleShot2: DoubleShotAbilityDefinition.cs name='Double Shot II' level=2 skill=Pistol activation=Casted FP=- STM=8 cast=0 cooldown=24","DoubleShot2: PASS exact Bible text TLK 4559","DoubleShot2: PASS exact Bible text TLK 4559",""
"PASS","Scoped implemented","Pistol","41","Gambler","3.0","3","Fan the Hammer II","Pistol 32","Pistol 32","All","Combat","PER","AGI","Combat Formula","Yes","-","9.0","Instant","30 seconds","Implemented","","","Fires at up to 3 enemies within 5m for weapon DMG + 26. Each hit has +12% Critical Rate.","Fires at up to 3 enemies within 5m for weapon DMG + 26. Each hit has +12% Critical Rate.","FanTheHammer/PistolGunslinger/Fan the Hammer rank 2","FanTheHammer2","FanTheHammer2: FanTheHammerAbilityDefinition.cs name='Fan the Hammer II' level=2 skill=Pistol activation=Casted FP=- STM=9 cast=0 cooldown=30","FanTheHammer2: PASS exact Bible text TLK 4560","FanTheHammer2: PASS exact Bible text TLK 4560",""
"PASS","Scoped implemented","Pistol","42","Gambler","2.0","2","Reload Tempo","Pistol 35","Pistol 35","All","Trait","None","None","None","Yes","-","-","-","-","Implemented","","","After a critical hit, your next ranged ability within 30 seconds has its attack delay reduced by 20%.","After a critical hit, your next ranged ability within 30 seconds has its attack delay reduced by 20%.","ReloadTempo/PistolGunslinger/Reload Tempo rank 1","ReloadTempoTrait","ReloadTempoTrait: no active ability definition","ReloadTempoTrait: PASS exact Bible text TLK 5208","-",""
"PASS","Scoped implemented","Pistol","43","Gambler","4.0","4","Double Shot III","Pistol 38","Pistol 38","All","Combat","PER","AGI","Combat Formula","Yes","-","10.0","Instant","24 seconds","Implemented","","","Fires twice for weapon DMG + 20 each. If either shot critically hits, restore 4 STM.","Fires twice for weapon DMG + 20 each. If either shot critically hits, restore 4 STM.","DoubleShot/PistolGunslinger/Double Shot rank 3","DoubleShot3","DoubleShot3: DoubleShotAbilityDefinition.cs name='Double Shot III' level=3 skill=Pistol activation=Casted FP=- STM=10 cast=0 cooldown=24","DoubleShot3: PASS exact Bible text TLK 4561","DoubleShot3: PASS exact Bible text TLK 4561",""
"PASS","Scoped implemented","Pistol","44","Gambler","5.0","5","Quick Draw IV","Pistol 40","Pistol 40","All","Combat","PER","AGI","Combat Formula","Yes","-","12.0","Instant","18 seconds","Implemented","","","Deals weapon DMG + 38. Has +18% Critical Rate if used within 30 seconds after switching targets.","Deals weapon DMG + 38. Has +18% Critical Rate if used within 30 seconds after switching targets.","QuickDraw/PistolGunslinger/Quick Draw rank 4","QuickDraw4","QuickDraw4: QuickDrawAbilityDefinition.cs name='Quick Draw IV' level=4 skill=Pistol activation=Casted FP=- STM=12 cast=0 cooldown=18","QuickDraw4: PASS exact Bible text TLK 5194","QuickDraw4: PASS exact Bible text TLK 5194",""
"PASS","Scoped implemented","Pistol","45","Gambler","4.0","4","Rapid Shot III","Pistol 45","Pistol 45","All","Trait","None","None","None","Yes","-","-","-","-","Implemented","","","After landing a critical hit, gain +7% Haste for 30 seconds.","After landing a critical hit, gain +7% Haste for 30 seconds.","RapidShot/PistolGunslinger/Rapid Shot rank 3","","-","-","-",""
"PASS","Scoped implemented","Pistol","46","Gambler","6.0","6","Dead Man's Hand","Pistol 50","Pistol 50; Quest dead_mans_hand_mastery","All","Capstone","PER","AGI","Combat Formula","Yes","-","15.0","2 seconds","90 seconds","Implemented","","","Deals weapon DMG + 30. If this critically hits, your next three ranged attacks have +20% Critical Rate and no extra attack delay.","Deals weapon DMG + 30. If this critically hits, your next three ranged attacks have +20% Critical Rate and no extra attack delay.","DeadMansHand/PistolGunslinger/Dead Man's Hand rank 1","DeadMansHand1","DeadMansHand1: DeadMansHandAbilityDefinition.cs name='Dead Man's Hand' level=1 skill=Pistol activation=Casted FP=- STM=15 cast=2 cooldown=90","DeadMansHand1: PASS exact Bible text TLK 4563","DeadMansHand1: PASS exact Bible text TLK 4563",""
"PASS","Scoped implemented","Rifle","9","Suppression","2.0","2","Suppressing Shot I","Rifle 2","Rifle 2","All","Combat","PER","AGI","Combat Formula","Yes","-","3.0","Instant","18 seconds","Implemented","","","Deals weapon DMG + 8. Grants a Suppression stack for 30 seconds. Your Suppression stacks reduce Evasion by 2% each.","Deals weapon DMG + 8. Grants a Suppression stack for 30 seconds. Your Suppression stacks reduce Evasion by 2% each.","SuppressingShot/RiflePacification/Suppressing Shot rank 1","SuppressingShot1","SuppressingShot1: SuppressingShotAbilityDefinition.cs name='Suppressing Shot I' level=1 skill=Rifle activation=Casted FP=- STM=3 cast=0 cooldown=18","SuppressingShot1: PASS exact Bible text TLK 4422","SuppressingShot1: PASS exact Bible text TLK 4422",""
"PASS","Scoped implemented","Rifle","10","Suppression","2.0","2","Pinning Fire","Rifle 5","Rifle 5","All","Trait","None","None","None","Yes","-","-","-","-","Implemented","","","Auto-attacks against your current target have a 15% chance to add a Suppression stack lasting 30 seconds using your Suppressing Shot stack strength.","Auto-attacks against your current target have a 15% chance to add a Suppression stack lasting 30 seconds using your Suppressing Shot stack strength.","PinningFire/RiflePacification/Pinning Fire rank 1","PinningFireTrait","PinningFireTrait: no active ability definition","PinningFireTrait: PASS exact Bible text TLK 4753","-",""
"PASS","Scoped implemented","Rifle","11","Suppression","2.0","2","Sustained Fire I","Rifle 8","Rifle 8","All","Trait","None","None","None","Yes","-","-","-","-","Implemented","","","Each consecutive ranged hit against the same target grants +1 DMG, up to five stacks. Stacks expire after 30 seconds.","Each consecutive ranged hit against the same target grants +1 DMG, up to five stacks. Stacks expire after 30 seconds.","SustainedFire/RiflePacification/Sustained Fire rank 1","SustainedFireTrait","SustainedFireTrait: no active ability definition","SustainedFireTrait: PASS exact Bible text TLK 5172","-",""
"PASS","Scoped implemented","Rifle","12","Suppression","2.0","2","Crippling Shot I","Rifle 10","Rifle 10","All","Combat","PER","AGI","Combat Formula","Yes","-","4.0","Instant","24 seconds","Implemented","","","Deals weapon DMG + 12 and inflicts Hamstring for 30 seconds.","Deals weapon DMG + 12 and inflicts Hamstring for 30 seconds.","CripplingShot/RiflePacification/Crippling Shot rank 1","CripplingShot1","CripplingShot1: CripplingShotAbilityDefinition.cs name='Crippling Shot I' level=1 skill=Rifle activation=Casted FP=- STM=4 cast=0 cooldown=24","CripplingShot1: PASS exact Bible text TLK 5118","CripplingShot1: PASS exact Bible text TLK 5118",""
"PASS","Scoped implemented","Rifle","13","Suppression","2.0","2","Suppressing Shot II","Rifle 12","Rifle 12","All","Combat","PER","AGI","Combat Formula","Yes","-","5.0","Instant","18 seconds","Implemented","","","Deals weapon DMG + 18. Grants a Suppression stack for 30 seconds. Your Suppression stacks reduce Evasion by 3% each.","Deals weapon DMG + 18. Grants a Suppression stack for 30 seconds. Your Suppression stacks reduce Evasion by 3% each.","SuppressingShot/RiflePacification/Suppressing Shot rank 2","SuppressingShot2","SuppressingShot2: SuppressingShotAbilityDefinition.cs name='Suppressing Shot II' level=2 skill=Rifle activation=Casted FP=- STM=5 cast=0 cooldown=18","SuppressingShot2: PASS exact Bible text TLK 4423","SuppressingShot2: PASS exact Bible text TLK 4423",""
"PASS","Scoped implemented","Rifle","14","Suppression","4.0","4","Spotter's Rhythm","Rifle 15","Rifle 15","All","Trait","None","None","None","Yes","-","-","-","-","Implemented","","","After maintaining Rifle fire on the same target for 12 seconds, gain Spotter's Rhythm for 9 seconds. Your next hostile weapon ability against that target deals +15 DMG.","After maintaining Rifle fire on the same target for 12 seconds, gain Spotter's Rhythm for 9 seconds. Your next hostile weapon ability against that target deals +15 DMG.","SpottersRhythm/RiflePacification/Spotter's Rhythm rank 1","SpottersRhythmTrait","SpottersRhythmTrait: no active ability definition","SpottersRhythmTrait: PASS exact Bible text TLK 5173","-",""
"PASS","Scoped implemented","Rifle","15","Suppression","3.0","3","Suppressive Line I","Rifle 18","Rifle 18","All","Combat","PER","AGI","Combat Formula","Yes","-","6.0","Instant","30 seconds","Implemented","","","Deals weapon DMG + 16 in a 20m x 3m line. Targets hit by multiple Suppression stacks are Disoriented for 30 seconds.","Deals weapon DMG + 16 in a 20m x 3m line. Targets hit by multiple Suppression stacks are Disoriented for 30 seconds.","SuppressiveLine/RiflePacification/Suppressive Line rank 1","SuppressiveLine1","SuppressiveLine1: SuppressiveLineAbilityDefinition.cs name='Suppressive Line I' level=1 skill=Rifle activation=Casted FP=- STM=6 cast=0 cooldown=30","SuppressiveLine1: PASS exact Bible text TLK 6158","SuppressiveLine1: PASS exact Bible text TLK 6158",""
"PASS","Scoped implemented","Rifle","16","Suppression","4.0","4","Suppression Stance","Rifle 20","Rifle 20","All","Stance","None","None","None","Yes","-","-","2 seconds","30 seconds","Implemented","","","While active, ranged attacks gain +10% Haste and add Suppression stacks lasting 30 seconds using your Suppressing Shot stack strength, but critical damage is reduced by 10%.","While active, ranged attacks gain +10% Haste and add Suppression stacks lasting 30 seconds using your Suppressing Shot stack strength, but critical damage is reduced by 10%.","SuppressionStance/RiflePacification/Suppression Stance rank 1","SuppressionStance1","SuppressionStance1: SuppressionStanceAbilityDefinition.cs name='Suppression Stance' level=1 skill=Rifle activation=Casted FP=- STM=- cast=2 cooldown=30","SuppressionStance1: PASS exact Bible text TLK 4835","SuppressionStance1: PASS exact Bible text TLK 4835",""
"PASS","Scoped implemented","Rifle","17","Suppression","4.0","4","Sustained Fire II","Rifle 22","Rifle 22","All","Trait","None","None","None","Yes","-","-","-","-","Implemented","","","Each consecutive ranged hit against the same target grants +2 DMG, up to five stacks. Stacks expire after 30 seconds.","Each consecutive ranged hit against the same target grants +2 DMG, up to five stacks. Stacks expire after 30 seconds.","SustainedFire/RiflePacification/Sustained Fire rank 2","","-","-","-",""
"PASS","Scoped implemented","Rifle","18","Suppression","4.0","4","Overwatch","Rifle 25","Rifle 25","All","Trait","None","None","None","Yes","-","-","-","-","Implemented","","","When an enemy with Suppression stacks uses an ability, your next ranged attack against it gains +10% Accuracy.","When an enemy with Suppression stacks uses an ability, your next ranged attack against it gains +10% Accuracy.","Overwatch/RiflePacification/Overwatch rank 1","OverwatchTrait","OverwatchTrait: no active ability definition","OverwatchTrait: PASS exact Bible text TLK 4758","-",""
"PASS","Scoped implemented","Rifle","19","Suppression","3.0","3","Suppressing Shot III","Rifle 28","Rifle 28","All","Combat","PER","AGI","Combat Formula","Yes","-","8.0","Instant","18 seconds","Implemented","","","Deals weapon DMG + 28. Grants a Suppression stack for 30 seconds. Your Suppression stacks reduce Evasion by 4% each.","Deals weapon DMG + 28. Grants a Suppression stack for 30 seconds. Your Suppression stacks reduce Evasion by 4% each.","SuppressingShot/RiflePacification/Suppressing Shot rank 3","SuppressingShot3","SuppressingShot3: SuppressingShotAbilityDefinition.cs name='Suppressing Shot III' level=3 skill=Rifle activation=Casted FP=- STM=8 cast=0 cooldown=18","SuppressingShot3: PASS exact Bible text TLK 4425","SuppressingShot3: PASS exact Bible text TLK 4425",""
"PASS","Scoped implemented","Rifle","20","Suppression","4.0","4","Crippling Shot II","Rifle 30","Rifle 30","All","Combat","PER","AGI","Combat Formula","Yes","-","8.0","Instant","24 seconds","Implemented","","","Deals weapon DMG + 24 and inflicts Hamstring for 30 seconds.","Deals weapon DMG + 24 and inflicts Hamstring for 30 seconds.","CripplingShot/RiflePacification/Crippling Shot rank 2","CripplingShot2","CripplingShot2: CripplingShotAbilityDefinition.cs name='Crippling Shot II' level=2 skill=Rifle activation=Casted FP=- STM=8 cast=0 cooldown=24","CripplingShot2: PASS exact Bible text TLK 5122","CripplingShot2: PASS exact Bible text TLK 5122",""
"PASS","Scoped implemented","Rifle","21","Suppression","3.0","3","Suppressive Line II","Rifle 32","Rifle 32","All","Combat","PER","AGI","Combat Formula","Yes","-","9.0","Instant","30 seconds","Implemented","","","Deals weapon DMG + 30 in a 20m x 3m line. Targets hit by multiple Suppression stacks are Disoriented for 30 seconds.","Deals weapon DMG + 30 in a 20m x 3m line. Targets hit by multiple Suppression stacks are Disoriented for 30 seconds.","SuppressiveLine/RiflePacification/Suppressive Line rank 2","SuppressiveLine2","SuppressiveLine2: SuppressiveLineAbilityDefinition.cs name='Suppressive Line II' level=2 skill=Rifle activation=Casted FP=- STM=9 cast=0 cooldown=30","SuppressiveLine2: PASS exact Bible text TLK 6159","SuppressiveLine2: PASS exact Bible text TLK 6159",""
"PASS","Scoped implemented","Rifle","22","Suppression","2.0","2","Containment Net","Rifle 35","Rifle 35","All","Trait","None","None","None","Yes","-","-","-","-","Implemented","","","Targets with 3 Suppression stacks deal -10% damage to allies other than you.","Targets with 3 Suppression stacks deal -10% damage to allies other than you.","ContainmentNet/RiflePacification/Containment Net rank 1","ContainmentNetTrait","ContainmentNetTrait: no active ability definition","ContainmentNetTrait: PASS exact Bible text TLK 4759","-",""
"PASS","Scoped implemented","Rifle","23","Suppression","4.0","4","Crippling Shot III","Rifle 38","Rifle 38","All","Combat","PER","AGI","Combat Formula","Yes","-","10.0","Instant","24 seconds","Implemented","","","Deals weapon DMG + 36 and inflicts Hamstring for 30 seconds.","Deals weapon DMG + 36 and inflicts Hamstring for 30 seconds.","CripplingShot/RiflePacification/Crippling Shot rank 3","CripplingShot3","CripplingShot3: CripplingShotAbilityDefinition.cs name='Crippling Shot III' level=3 skill=Rifle activation=Casted FP=- STM=10 cast=0 cooldown=24","CripplingShot3: PASS exact Bible text TLK 5124","CripplingShot3: PASS exact Bible text TLK 5124",""
"PASS","Scoped implemented","Rifle","24","Suppression","5.0","5","Suppressing Shot IV","Rifle 40","Rifle 40","All","Combat","PER","AGI","Combat Formula","Yes","-","12.0","Instant","18 seconds","Implemented","","","Deals weapon DMG + 38. Grants a Suppression stack for 30 seconds. Your Suppression stacks reduce Evasion by 5% each.","Deals weapon DMG + 38. Grants a Suppression stack for 30 seconds. Your Suppression stacks reduce Evasion by 5% each.","SuppressingShot/RiflePacification/Suppressing Shot rank 4","SuppressingShot4","SuppressingShot4: SuppressingShotAbilityDefinition.cs name='Suppressing Shot IV' level=4 skill=Rifle activation=Casted FP=- STM=12 cast=0 cooldown=18","SuppressingShot4: PASS exact Bible text TLK 4429","SuppressingShot4: PASS exact Bible text TLK 4429",""
"PASS","Scoped implemented","Rifle","25","Suppression","4.0","4","Sustained Fire III","Rifle 45","Rifle 45","All","Trait","None","None","None","Yes","-","-","-","-","Implemented","","","Each consecutive ranged hit against the same target grants +3 DMG, up to five stacks. Stacks expire after 30 seconds.","Each consecutive ranged hit against the same target grants +3 DMG, up to five stacks. Stacks expire after 30 seconds.","SustainedFire/RiflePacification/Sustained Fire rank 3","","-","-","-",""
"PASS","Scoped implemented","Rifle","26","Suppression","6.0","6","Kill Box","Rifle 50","Rifle 50; Quest kill_box_mastery","All","Capstone","PER","AGI","Combat Formula","Yes","-","15.0","2 seconds","90 seconds","Implemented","","","Deals weapon DMG + 20 to enemies within 5m. For 45 seconds, ranged hits add Suppression stacks lasting 30 seconds using your Suppressing Shot stack strength, and each Suppression stack reduces Evasion by an additional 3%.","Deals weapon DMG + 20 to enemies within 5m. For 45 seconds, ranged hits add Suppression stacks lasting 30 seconds using your Suppressing Shot stack strength, and each Suppression stack reduces Evasion by an additional 3%.","KillBox/RiflePacification/Kill Box rank 1","KillBox1","KillBox1: KillBoxAbilityDefinition.cs name='Kill Box' level=1 skill=Rifle activation=Casted FP=- STM=15 cast=2 cooldown=90","KillBox1: PASS exact Bible text TLK 6001","KillBox1: PASS exact Bible text TLK 6001",""
"PASS","Scoped implemented","Rifle","29","Marksman","2.0","2","Aimed Shot I","Rifle 2","Rifle 2","All","Combat","PER","AGI","Combat Formula","Yes","-","3.0","Instant","18 seconds","Implemented","","","Deals weapon DMG + 8. If you have not attacked for 3 seconds, this deals +8 DMG.","Deals weapon DMG + 8. If you have not attacked for 3 seconds, this deals +8 DMG.","AimedShot/RifleMarksman/Aimed Shot rank 1","AimedShot1","AimedShot1: AimedShotAbilityDefinition.cs name='Aimed Shot I' level=1 skill=Rifle activation=Casted FP=- STM=3 cast=0 cooldown=18","AimedShot1: PASS exact Bible text TLK 6002","AimedShot1: PASS exact Bible text TLK 6002",""
"PASS","Scoped implemented","Rifle","30","Marksman","2.0","2","Steady Aim","Rifle 5","Rifle 5","All","Trait","None","None","None","Yes","-","-","-","-","Implemented","","","After 3 seconds without attacking, your next ranged attack deals +12 DMG.","After 3 seconds without attacking, your next ranged attack deals +12 DMG.","SteadyAim/RifleMarksman/Steady Aim rank 1","SteadyAimTrait","SteadyAimTrait: no active ability definition","SteadyAimTrait: PASS exact Bible text TLK 4760","-",""
"PASS","Scoped implemented","Rifle","31","Marksman","2.0","2","Patience I","Rifle 8","Rifle 8","All","Trait","None","None","None","Yes","-","-","-","-","Implemented","","","After 3 seconds without attacking, your next hostile ranged ability gains +6 DMG and +4% Accuracy.","After 3 seconds without attacking, your next hostile ranged ability gains +6 DMG and +4% Accuracy.","Patience/RifleMarksman/Patience rank 1","PatienceTrait","PatienceTrait: no active ability definition","PatienceTrait: PASS exact Bible text TLK 4762","-",""
"PASS","Scoped implemented","Rifle","32","Marksman","2.0","2","Piercing Round I","Rifle 10","Rifle 10","All","Combat","PER","AGI","Combat Formula","Yes","-","4.0","Instant","24 seconds","Implemented","","","Deals weapon DMG + 12 in a 20m x 3m line and ignores 10% Defense.","Deals weapon DMG + 12 in a 20m x 3m line and ignores 10% Defense.","PiercingRound/RifleMarksman/Piercing Round rank 1","PiercingRound1","PiercingRound1: PiercingRoundAbilityDefinition.cs name='Piercing Round I' level=1 skill=Rifle activation=Casted FP=- STM=4 cast=0 cooldown=24","PiercingRound1: PASS exact Bible text TLK 6160","PiercingRound1: PASS exact Bible text TLK 6160",""
"PASS","Scoped implemented","Rifle","33","Marksman","2.0","2","Aimed Shot II","Rifle 12","Rifle 12","All","Combat","PER","AGI","Combat Formula","Yes","-","5.0","Instant","18 seconds","Implemented","","","Deals weapon DMG + 18. If you have not attacked for 3 seconds, this deals +14 DMG.","Deals weapon DMG + 18. If you have not attacked for 3 seconds, this deals +14 DMG.","AimedShot/RifleMarksman/Aimed Shot rank 2","AimedShot2","AimedShot2: AimedShotAbilityDefinition.cs name='Aimed Shot II' level=2 skill=Rifle activation=Casted FP=- STM=5 cast=0 cooldown=18","AimedShot2: PASS exact Bible text TLK 6003","AimedShot2: PASS exact Bible text TLK 6003",""
"PASS","Scoped implemented","Rifle","34","Marksman","4.0","4","Scope Calibration","Rifle 15","Rifle 15","All","Trait","None","None","None","Yes","-","-","-","-","Implemented","","","Long-range hostile ranged abilities gain +10% Accuracy and +8% Critical Rate.","Long-range hostile ranged abilities gain +10% Accuracy and +8% Critical Rate.","ScopeCalibration/RifleMarksman/Scope Calibration rank 1","ScopeCalibrationTrait","ScopeCalibrationTrait: no active ability definition","ScopeCalibrationTrait: PASS exact Bible text TLK 4763","-",""
"PASS","Scoped implemented","Rifle","35","Marksman","3.0","3","Headshot I","Rifle 18","Rifle 18","All","Combat","PER","AGI","Combat Formula","Yes","-","6.0","Instant","30 seconds","Implemented","","","Deals weapon DMG + 16. If used after 3 seconds without attacking, gains +15% Critical Rate.","Deals weapon DMG + 16. If used after 3 seconds without attacking, gains +15% Critical Rate.","Headshot/RifleMarksman/Headshot rank 1","Headshot1","Headshot1: HeadshotAbilityDefinition.cs name='Headshot I' level=1 skill=Rifle activation=Casted FP=- STM=6 cast=0 cooldown=30","Headshot1: PASS exact Bible text TLK 6004","Headshot1: PASS exact Bible text TLK 6004",""
"PASS","Scoped implemented","Rifle","36","Marksman","4.0","4","Sniper Stance","Rifle 20","Rifle 20","All","Stance","None","None","None","Yes","-","-","2 seconds","30 seconds","Implemented","","","While active, long-range hostile ranged abilities deal +15% damage, but attack delay is increased by 15%.","While active, long-range hostile ranged abilities deal +15% damage, but attack delay is increased by 15%.","SniperStance/RifleMarksman/Sniper Stance rank 1","SniperStance1","SniperStance1: SniperStanceAbilityDefinition.cs name='Sniper Stance' level=1 skill=Rifle activation=Casted FP=- STM=- cast=2 cooldown=30","SniperStance1: PASS exact Bible text TLK 4587","SniperStance1: PASS exact Bible text TLK 4587",""
"PASS","Scoped implemented","Rifle","37","Marksman","4.0","4","Patience II","Rifle 22","Rifle 22","All","Trait","None","None","None","Yes","-","-","-","-","Implemented","","","After 3 seconds without attacking, your next hostile ranged ability gains +10 DMG and +6% Accuracy.","After 3 seconds without attacking, your next hostile ranged ability gains +10 DMG and +6% Accuracy.","Patience/RifleMarksman/Patience rank 2","","-","-","-",""
"PASS","Scoped implemented","Rifle","38","Marksman","4.0","4","Dead Center","Rifle 25","Rifle 25","All","Trait","None","None","None","Yes","-","-","-","-","Implemented","","","Critical hits after a 3-second aim window deal +15% damage.","Critical hits after a 3-second aim window deal +15% damage.","DeadCenter/RifleMarksman/Dead Center rank 1","DeadCenterTrait","DeadCenterTrait: no active ability definition","DeadCenterTrait: PASS exact Bible text TLK 4764","-",""
"PASS","Scoped implemented","Rifle","39","Marksman","3.0","3","Aimed Shot III","Rifle 28","Rifle 28","All","Combat","PER","AGI","Combat Formula","Yes","-","8.0","Instant","18 seconds","Implemented","","","Deals weapon DMG + 28. If you have not attacked for 3 seconds, this deals +20 DMG.","Deals weapon DMG + 28. If you have not attacked for 3 seconds, this deals +20 DMG.","AimedShot/RifleMarksman/Aimed Shot rank 3","AimedShot3","AimedShot3: AimedShotAbilityDefinition.cs name='Aimed Shot III' level=3 skill=Rifle activation=Casted FP=- STM=8 cast=0 cooldown=18","AimedShot3: PASS exact Bible text TLK 6005","AimedShot3: PASS exact Bible text TLK 6005",""
"PASS","Scoped implemented","Rifle","40","Marksman","4.0","4","Piercing Round II","Rifle 30","Rifle 30","All","Combat","PER","AGI","Combat Formula","Yes","-","8.0","Instant","24 seconds","Implemented","","","Deals weapon DMG + 24 in a 20m x 3m line and ignores 15% Defense.","Deals weapon DMG + 24 in a 20m x 3m line and ignores 15% Defense.","PiercingRound/RifleMarksman/Piercing Round rank 2","PiercingRound2","PiercingRound2: PiercingRoundAbilityDefinition.cs name='Piercing Round II' level=2 skill=Rifle activation=Casted FP=- STM=8 cast=0 cooldown=24","PiercingRound2: PASS exact Bible text TLK 6161","PiercingRound2: PASS exact Bible text TLK 6161",""
"PASS","Scoped implemented","Rifle","41","Marksman","3.0","3","Headshot II","Rifle 32","Rifle 32","All","Combat","PER","AGI","Combat Formula","Yes","-","9.0","Instant","30 seconds","Implemented","","","Deals weapon DMG + 30. If used after 3 seconds without attacking, gains +25% Critical Rate.","Deals weapon DMG + 30. If used after 3 seconds without attacking, gains +25% Critical Rate.","Headshot/RifleMarksman/Headshot rank 2","Headshot2","Headshot2: HeadshotAbilityDefinition.cs name='Headshot II' level=2 skill=Rifle activation=Casted FP=- STM=9 cast=0 cooldown=30","Headshot2: PASS exact Bible text TLK 6006","Headshot2: PASS exact Bible text TLK 6006",""
"PASS","Scoped implemented","Rifle","42","Marksman","2.0","2","Breach Round","Rifle 35","Rifle 35","All","Trait","None","None","None","Yes","-","-","-","-","Implemented","","","Piercing effects you apply reduce Defense by 10% for 30 seconds.","Piercing effects you apply reduce Defense by 10% for 30 seconds.","BreachRound/RifleMarksman/Breach Round rank 1","BreachRoundTrait","BreachRoundTrait: no active ability definition","BreachRoundTrait: PASS exact Bible text TLK 5174","-",""
"PASS","Scoped implemented","Rifle","43","Marksman","4.0","4","Piercing Round III","Rifle 38","Rifle 38","All","Combat","PER","AGI","Combat Formula","Yes","-","10.0","Instant","24 seconds","Implemented","","","Deals weapon DMG + 36 in a 20m x 3m line and ignores 20% Defense.","Deals weapon DMG + 36 in a 20m x 3m line and ignores 20% Defense.","PiercingRound/RifleMarksman/Piercing Round rank 3","PiercingRound3","PiercingRound3: PiercingRoundAbilityDefinition.cs name='Piercing Round III' level=3 skill=Rifle activation=Casted FP=- STM=10 cast=0 cooldown=24","PiercingRound3: PASS exact Bible text TLK 6162","PiercingRound3: PASS exact Bible text TLK 6162",""
"PASS","Scoped implemented","Rifle","44","Marksman","5.0","5","Aimed Shot IV","Rifle 40","Rifle 40","All","Combat","PER","AGI","Combat Formula","Yes","-","12.0","Instant","18 seconds","Implemented","","","Deals weapon DMG + 38. If you have not attacked for 3 seconds, this deals +26 DMG.","Deals weapon DMG + 38. If you have not attacked for 3 seconds, this deals +26 DMG.","AimedShot/RifleMarksman/Aimed Shot rank 4","AimedShot4","AimedShot4: AimedShotAbilityDefinition.cs name='Aimed Shot IV' level=4 skill=Rifle activation=Casted FP=- STM=12 cast=0 cooldown=18","AimedShot4: PASS exact Bible text TLK 6007","AimedShot4: PASS exact Bible text TLK 6007",""
"PASS","Scoped implemented","Rifle","45","Marksman","4.0","4","Patience III","Rifle 45","Rifle 45","All","Trait","None","None","None","Yes","-","-","-","-","Implemented","","","After 3 seconds without attacking, your next hostile ranged ability gains +14 DMG and +8% Accuracy.","After 3 seconds without attacking, your next hostile ranged ability gains +14 DMG and +8% Accuracy.","Patience/RifleMarksman/Patience rank 3","","-","-","-",""
"PASS","Scoped implemented","Rifle","46","Marksman","6.0","6","One Shot","Rifle 50","Rifle 50; Quest one_shot_mastery","All","Capstone","PER","AGI","Combat Formula","Yes","-","15.0","2 seconds","90 seconds","Implemented","","","Deals weapon DMG + 50. If used after 3 seconds without attacking, gains +25% Critical Rate and ignores 25% Defense.","Deals weapon DMG + 50. If used after 3 seconds without attacking, gains +25% Critical Rate and ignores 25% Defense.","OneShot/RifleMarksman/One Shot rank 1","OneShot1","OneShot1: OneShotAbilityDefinition.cs name='One Shot' level=1 skill=Rifle activation=Casted FP=- STM=15 cast=2 cooldown=90","OneShot1: PASS exact Bible text TLK 4595","OneShot1: PASS exact Bible text TLK 4595",""
"PASS","Scoped implemented","Throwing","9","Ordnance","2.0","2","Explosive Toss I","Throwing 2","Throwing 2","All","Combat","PER","AGI","Combat Formula","Yes","-","3.0","Instant","18 seconds","Implemented","","","Deals weapon DMG + 7 to enemies in a 5m-radius area at the target location and inflicts Burn for 30 seconds.","Deals weapon DMG + 7 to enemies in a 5m-radius area at the target location and inflicts Burn for 30 seconds.","ExplosiveToss/ThrowingBombardier/Explosive Toss rank 1","ExplosiveToss1","ExplosiveToss1: ExplosiveTossAbilityDefinition.cs name='Explosive Toss I' level=1 skill=Throwing activation=Casted FP=- STM=3 cast=0 cooldown=18","ExplosiveToss1: PASS exact Bible text TLK 6163","ExplosiveToss1: PASS exact Bible text TLK 6163",""
"PASS","Scoped implemented","Throwing","10","Ordnance","2.0","2","Payload Pouch","Throwing 5","Throwing 5","All","Trait","None","None","None","Yes","-","-","-","-","Implemented","","","Thrown attacks have a 15% chance to deal +8 area DMG around the target.","Thrown attacks have a 15% chance to deal +8 area DMG around the target.","PayloadPouch/ThrowingBombardier/Payload Pouch rank 1","PayloadPouchTrait","PayloadPouchTrait: no active ability definition","PayloadPouchTrait: PASS exact Bible text TLK 4767","-",""
"PASS","Scoped implemented","Throwing","11","Ordnance","2.0","2","Shrapnel Casing I","Throwing 8","Throwing 8","All","Trait","None","None","None","Yes","-","-","-","-","Implemented","","","Thrown area abilities inflict fragmentation for 3 physical damage every 3 seconds for 30 seconds.","Thrown area abilities inflict fragmentation for 3 physical damage every 3 seconds for 30 seconds.","ShrapnelCasing/ThrowingBombardier/Shrapnel Casing rank 1","ShrapnelCasingTrait","ShrapnelCasingTrait: no active ability definition","ShrapnelCasingTrait: PASS exact Bible text TLK 5178","-",""
"PASS","Scoped implemented","Throwing","12","Ordnance","2.0","2","Flash Toss I","Throwing 10","Throwing 10","All","Combat","PER","AGI","Combat Formula","Yes","-","4.0","Instant","24 seconds","Implemented","","","Deals weapon DMG + 12 and inflicts Blind for 15 seconds.","Deals weapon DMG + 12 and inflicts Blind for 15 seconds.","FlashToss/ThrowingBombardier/Flash Toss rank 1","FlashToss1","FlashToss1: FlashTossAbilityDefinition.cs name='Flash Toss I' level=1 skill=Throwing activation=Casted FP=- STM=4 cast=0 cooldown=24","FlashToss1: PASS exact Bible text TLK 6009","FlashToss1: PASS exact Bible text TLK 6009",""
"PASS","Scoped implemented","Throwing","13","Ordnance","2.0","2","Explosive Toss II","Throwing 12","Throwing 12","All","Combat","PER","AGI","Combat Formula","Yes","-","5.0","Instant","18 seconds","Implemented","","","Deals weapon DMG + 15 to enemies in a 5m-radius area at the target location and inflicts Burn for 30 seconds.","Deals weapon DMG + 15 to enemies in a 5m-radius area at the target location and inflicts Burn for 30 seconds.","ExplosiveToss/ThrowingBombardier/Explosive Toss rank 2","ExplosiveToss2","ExplosiveToss2: ExplosiveTossAbilityDefinition.cs name='Explosive Toss II' level=2 skill=Throwing activation=Casted FP=- STM=5 cast=0 cooldown=18","ExplosiveToss2: PASS exact Bible text TLK 6164","ExplosiveToss2: PASS exact Bible text TLK 6164",""
"PASS","Scoped implemented","Throwing","14","Ordnance","4.0","4","Cluster Pouch","Throwing 15","Throwing 15","All","Trait","None","None","None","Yes","-","-","-","-","Implemented","","","Area thrown abilities hit one additional enemy within 5m for +10 DMG.","Area thrown abilities hit one additional enemy within 5m for +10 DMG.","ClusterPouch/ThrowingBombardier/Cluster Pouch rank 1","ClusterPouchTrait","ClusterPouchTrait: no active ability definition","ClusterPouchTrait: PASS exact Bible text TLK 4769","-",""
"PASS","Scoped implemented","Throwing","15","Ordnance","3.0","3","Concussive Toss I","Throwing 18","Throwing 18","All","Combat","PER","AGI","Combat Formula","Yes","-","6.0","Instant","30 seconds","Implemented","","","Deals weapon DMG + 16 to enemies within 5m of you and inflicts Dazed for 15 seconds.","Deals weapon DMG + 16 to enemies within 5m of you and inflicts Dazed for 15 seconds.","ConcussiveToss/ThrowingBombardier/Concussive Toss rank 1","ConcussiveToss1","ConcussiveToss1: ConcussiveTossAbilityDefinition.cs name='Concussive Toss I' level=1 skill=Throwing activation=Casted FP=- STM=6 cast=0 cooldown=30","ConcussiveToss1: PASS exact Bible text TLK 6011","ConcussiveToss1: PASS exact Bible text TLK 6011",""
"PASS","Scoped implemented","Throwing","16","Ordnance","4.0","4","Ordnance Stance","Throwing 20","Throwing 20","All","Stance","None","None","None","Yes","-","-","2 seconds","30 seconds","Implemented","","","While active, thrown area abilities deal +10% damage, but single-target thrown damage is reduced by 10%.","While active, thrown area abilities deal +10% damage, but single-target thrown damage is reduced by 10%.","OrdnanceStance/ThrowingBombardier/Ordnance Stance rank 1","OrdnanceStance1","OrdnanceStance1: OrdnanceStanceAbilityDefinition.cs name='Ordnance Stance' level=1 skill=Throwing activation=Casted FP=- STM=- cast=2 cooldown=30","OrdnanceStance1: PASS exact Bible text TLK 4600","OrdnanceStance1: PASS exact Bible text TLK 4600",""
"PASS","Scoped implemented","Throwing","17","Ordnance","4.0","4","Shrapnel Casing II","Throwing 22","Throwing 22","All","Trait","None","None","None","Yes","-","-","-","-","Implemented","","","Thrown area abilities inflict fragmentation for 5 physical damage every 3 seconds for 30 seconds.","Thrown area abilities inflict fragmentation for 5 physical damage every 3 seconds for 30 seconds.","ShrapnelCasing/ThrowingBombardier/Shrapnel Casing rank 2","","-","-","-",""
"PASS","Scoped implemented","Throwing","18","Ordnance","4.0","4","Saturation Toss","Throwing 25","Throwing 25","All","Trait","None","None","None","Yes","-","-","-","-","Implemented","","","Targets hit by two or more thrown area abilities within 30 seconds suffer Exposed for 30 seconds.","Targets hit by two or more thrown area abilities within 30 seconds suffer Exposed for 30 seconds.","SaturationToss/ThrowingBombardier/Saturation Toss rank 1","SaturationTossTrait","SaturationTossTrait: no active ability definition","SaturationTossTrait: PASS exact Bible text TLK 5209","-",""
"PASS","Scoped implemented","Throwing","19","Ordnance","3.0","3","Explosive Toss III","Throwing 28","Throwing 28","All","Combat","PER","AGI","Combat Formula","Yes","-","8.0","Instant","18 seconds","Implemented","","","Deals weapon DMG + 24 to enemies in a 5m-radius area at the target location and inflicts Burn for 30 seconds.","Deals weapon DMG + 24 to enemies in a 5m-radius area at the target location and inflicts Burn for 30 seconds.","ExplosiveToss/ThrowingBombardier/Explosive Toss rank 3","ExplosiveToss3","ExplosiveToss3: ExplosiveTossAbilityDefinition.cs name='Explosive Toss III' level=3 skill=Throwing activation=Casted FP=- STM=8 cast=0 cooldown=18","ExplosiveToss3: PASS exact Bible text TLK 6165","ExplosiveToss3: PASS exact Bible text TLK 6165",""
"PASS","Scoped implemented","Throwing","20","Ordnance","4.0","4","Flash Toss II","Throwing 30","Throwing 30","All","Combat","PER","AGI","Combat Formula","Yes","-","8.0","Instant","24 seconds","Implemented","","","Deals weapon DMG + 24 and inflicts Blind for 15 seconds.","Deals weapon DMG + 24 and inflicts Blind for 15 seconds.","FlashToss/ThrowingBombardier/Flash Toss rank 2","FlashToss2","FlashToss2: FlashTossAbilityDefinition.cs name='Flash Toss II' level=2 skill=Throwing activation=Casted FP=- STM=8 cast=0 cooldown=24","FlashToss2: PASS exact Bible text TLK 6013","FlashToss2: PASS exact Bible text TLK 6013",""
"PASS","Scoped implemented","Throwing","21","Ordnance","3.0","3","Concussive Toss II","Throwing 32","Throwing 32","All","Combat","PER","AGI","Combat Formula","Yes","-","9.0","Instant","30 seconds","Implemented","","","Deals weapon DMG + 30 to enemies within 5m of you and inflicts Dazed for 15 seconds.","Deals weapon DMG + 30 to enemies within 5m of you and inflicts Dazed for 15 seconds.","ConcussiveToss/ThrowingBombardier/Concussive Toss rank 2","ConcussiveToss2","ConcussiveToss2: ConcussiveTossAbilityDefinition.cs name='Concussive Toss II' level=2 skill=Throwing activation=Casted FP=- STM=9 cast=0 cooldown=30","ConcussiveToss2: PASS exact Bible text TLK 6014","ConcussiveToss2: PASS exact Bible text TLK 6014",""
"PASS","Scoped implemented","Throwing","22","Ordnance","2.0","2","Bombardier's Rhythm","Throwing 35","Throwing 35","All","Trait","None","None","None","Yes","-","-","-","-","Implemented","","","After an ordnance ability hits 2 or more enemies, restore 4 STM.","After an ordnance ability hits 2 or more enemies, restore 4 STM.","BombardiersRhythm/ThrowingBombardier/Bombardier's Rhythm rank 1","BombardiersRhythmTrait","BombardiersRhythmTrait: no active ability definition","BombardiersRhythmTrait: PASS exact Bible text TLK 4771","-",""
"PASS","Scoped implemented","Throwing","23","Ordnance","4.0","4","Flash Toss III","Throwing 38","Throwing 38","All","Combat","PER","AGI","Combat Formula","Yes","-","10.0","Instant","24 seconds","Implemented","","","Deals weapon DMG + 36 and inflicts Blind for 15 seconds.","Deals weapon DMG + 36 and inflicts Blind for 15 seconds.","FlashToss/ThrowingBombardier/Flash Toss rank 3","FlashToss3","FlashToss3: FlashTossAbilityDefinition.cs name='Flash Toss III' level=3 skill=Throwing activation=Casted FP=- STM=10 cast=0 cooldown=24","FlashToss3: PASS exact Bible text TLK 6015","FlashToss3: PASS exact Bible text TLK 6015",""
"PASS","Scoped implemented","Throwing","24","Ordnance","5.0","5","Explosive Toss IV","Throwing 40","Throwing 40","All","Combat","PER","AGI","Combat Formula","Yes","-","12.0","Instant","18 seconds","Implemented","","","Deals weapon DMG + 32 to enemies in a 5m-radius area at the target location and inflicts Burn for 30 seconds.","Deals weapon DMG + 32 to enemies in a 5m-radius area at the target location and inflicts Burn for 30 seconds.","ExplosiveToss/ThrowingBombardier/Explosive Toss rank 4","ExplosiveToss4","ExplosiveToss4: ExplosiveTossAbilityDefinition.cs name='Explosive Toss IV' level=4 skill=Throwing activation=Casted FP=- STM=12 cast=0 cooldown=18","ExplosiveToss4: PASS exact Bible text TLK 6166","ExplosiveToss4: PASS exact Bible text TLK 6166",""
"PASS","Scoped implemented","Throwing","25","Ordnance","4.0","4","Shrapnel Casing III","Throwing 45","Throwing 45","All","Trait","None","None","None","Yes","-","-","-","-","Implemented","","","Thrown area abilities inflict fragmentation for 7 physical damage every 3 seconds for 30 seconds.","Thrown area abilities inflict fragmentation for 7 physical damage every 3 seconds for 30 seconds.","ShrapnelCasing/ThrowingBombardier/Shrapnel Casing rank 3","","-","-","-",""
"PASS","Scoped implemented","Throwing","26","Ordnance","6.0","6","Rain of Steel","Throwing 50","Throwing 50; Quest rain_of_steel_mastery","All","Capstone","PER","AGI","Combat Formula","Yes","-","15.0","2 seconds","90 seconds","Implemented","","","Deals weapon DMG + 20 to enemies within 5m of you. For 45 seconds, thrown area abilities leave fragmentation zones that deal 8 physical DMG every 6 seconds.","Deals weapon DMG + 20 to enemies within 5m of you. For 45 seconds, thrown area abilities leave fragmentation zones that deal 8 physical DMG every 6 seconds.","RainOfSteel/ThrowingBombardier/Rain of Steel rank 1","RainOfSteel1","RainOfSteel1: RainOfSteelAbilityDefinition.cs name='Rain of Steel' level=1 skill=Throwing activation=Casted FP=- STM=15 cast=2 cooldown=90","RainOfSteel1: PASS exact Bible text TLK 6167","RainOfSteel1: PASS exact Bible text TLK 6167",""
"PASS","Scoped implemented","Throwing","29","Flurry","2.0","2","Piercing Toss I","Throwing 2","Throwing 2","All","Combat","PER","AGI","Combat Formula","Yes","-","3.0","Instant","18 seconds","Implemented","","","Deals weapon DMG + 8 and inflicts Bleed for 30 seconds.","Deals weapon DMG + 8 and inflicts Bleed for 30 seconds.","PiercingToss/ThrowingDeadeye/Piercing Toss rank 1","PiercingToss1","PiercingToss1: PiercingTossAbilityDefinition.cs name='Piercing Toss I' level=1 skill=Throwing activation=Casted FP=- STM=3 cast=0 cooldown=18","PiercingToss1: PASS exact Bible text TLK 4608","PiercingToss1: PASS exact Bible text TLK 4608",""
"PASS","Scoped implemented","Throwing","30","Flurry","2.0","2","Returning Grip","Throwing 5","Throwing 5","All","Trait","None","None","None","Yes","-","-","-","-","Implemented","","","After a thrown ability hits a bleeding target, restore 2 STM.","After a thrown ability hits a bleeding target, restore 2 STM.","ReturningGrip/ThrowingDeadeye/Returning Grip rank 1","ReturningGripTrait","ReturningGripTrait: no active ability definition","ReturningGripTrait: PASS exact Bible text TLK 4772","-",""
"PASS","Scoped implemented","Throwing","31","Flurry","2.0","2","Flurry Bleed I","Throwing 8","Throwing 8","All","Trait","None","None","None","Yes","-","-","-","-","Implemented","","","Thrown abilities against bleeding targets deal +4 DMG and refresh Bleed by 6 seconds.","Thrown abilities against bleeding targets deal +4 DMG and refresh Bleed by 6 seconds.","FlurryBleed/ThrowingDeadeye/Flurry Bleed rank 1","FlurryBleedTrait","FlurryBleedTrait: no active ability definition","FlurryBleedTrait: PASS exact Bible text TLK 4774","-",""
"PASS","Scoped implemented","Throwing","32","Flurry","2.0","2","Pinning Toss I","Throwing 10","Throwing 10","All","Combat","PER","AGI","Combat Formula","Yes","-","4.0","Instant","24 seconds","Implemented","","","Deals weapon DMG + 12 and inflicts Hamstring for 30 seconds. Bleeding targets also suffer Disoriented for 30 seconds.","Deals weapon DMG + 12 and inflicts Hamstring for 30 seconds. Bleeding targets also suffer Disoriented for 30 seconds.","PinningToss/ThrowingDeadeye/Pinning Toss rank 1","PinningToss1","PinningToss1: PinningTossAbilityDefinition.cs name='Pinning Toss I' level=1 skill=Throwing activation=Casted FP=- STM=4 cast=0 cooldown=24","PinningToss1: PASS exact Bible text TLK 5135","PinningToss1: PASS exact Bible text TLK 5135",""
"PASS","Scoped implemented","Throwing","33","Flurry","2.0","2","Piercing Toss II","Throwing 12","Throwing 12","All","Combat","PER","AGI","Combat Formula","Yes","-","5.0","Instant","18 seconds","Implemented","","","Deals weapon DMG + 18 and inflicts Bleed for 36 seconds.","Deals weapon DMG + 18 and inflicts Bleed for 36 seconds.","PiercingToss/ThrowingDeadeye/Piercing Toss rank 2","PiercingToss2","PiercingToss2: PiercingTossAbilityDefinition.cs name='Piercing Toss II' level=2 skill=Throwing activation=Casted FP=- STM=5 cast=0 cooldown=18","PiercingToss2: PASS exact Bible text TLK 4610","PiercingToss2: PASS exact Bible text TLK 4610",""
"PASS","Scoped implemented","Throwing","34","Flurry","4.0","4","Ricochet Toss","Throwing 15","Throwing 15","All","Trait","None","None","None","Yes","-","-","-","-","Implemented","","","Thrown abilities against bleeding targets have a 25% chance to hit one enemy within 5m for +12 DMG.","Thrown abilities against bleeding targets have a 25% chance to hit one enemy within 5m for +12 DMG.","RicochetToss/ThrowingDeadeye/Ricochet Toss rank 1","RicochetTossTrait","RicochetTossTrait: no active ability definition","RicochetTossTrait: PASS exact Bible text TLK 4775","-",""
"PASS","Scoped implemented","Throwing","35","Flurry","3.0","3","Severing Toss I","Throwing 18","Throwing 18","All","Combat","PER","AGI","Combat Formula","Yes","-","6.0","Instant","30 seconds","Implemented","","","Deals weapon DMG + 16. Bleeding targets suffer Hemorrhage for 30 seconds.","Deals weapon DMG + 16. Bleeding targets suffer Hemorrhage for 30 seconds.","SeveringToss/ThrowingDeadeye/Severing Toss rank 1","SeveringToss1","SeveringToss1: SeveringTossAbilityDefinition.cs name='Severing Toss I' level=1 skill=Throwing activation=Casted FP=- STM=6 cast=0 cooldown=30","SeveringToss1: PASS exact Bible text TLK 5136","SeveringToss1: PASS exact Bible text TLK 5136",""
"PASS","Scoped implemented","Throwing","36","Flurry","4.0","4","Flurry Stance","Throwing 20","Throwing 20","All","Stance","None","None","None","Yes","-","-","2 seconds","30 seconds","Implemented","","","While active, thrown attacks against bleeding targets gain +10% Haste, but your Defense is reduced by 10%.","While active, thrown attacks against bleeding targets gain +10% Haste, but your Defense is reduced by 10%.","FlurryStance/ThrowingDeadeye/Flurry Stance rank 1","FlurryStance1","FlurryStance1: FlurryStanceAbilityDefinition.cs name='Flurry Stance' level=1 skill=Throwing activation=Casted FP=- STM=- cast=2 cooldown=30","FlurryStance1: PASS exact Bible text TLK 4613","FlurryStance1: PASS exact Bible text TLK 4613",""
"PASS","Scoped implemented","Throwing","37","Flurry","4.0","4","Flurry Bleed II","Throwing 22","Throwing 22","All","Trait","None","None","None","Yes","-","-","-","-","Implemented","","","Thrown abilities against bleeding targets deal +8 DMG and refresh Bleed by 6 seconds.","Thrown abilities against bleeding targets deal +8 DMG and refresh Bleed by 6 seconds.","FlurryBleed/ThrowingDeadeye/Flurry Bleed rank 2","","-","-","-",""
"PASS","Scoped implemented","Throwing","38","Flurry","4.0","4","Deep Wound","Throwing 25","Throwing 25","All","Trait","None","None","None","Yes","-","-","-","-","Implemented","","","Bleed effects you apply deal +20% damage to targets below 50% HP.","Bleed effects you apply deal +20% damage to targets below 50% HP.","DeepWound/ThrowingDeadeye/Deep Wound rank 1","DeepWoundTrait","DeepWoundTrait: no active ability definition","DeepWoundTrait: PASS exact Bible text TLK 4877","-",""
"PASS","Scoped implemented","Throwing","39","Flurry","3.0","3","Piercing Toss III","Throwing 28","Throwing 28","All","Combat","PER","AGI","Combat Formula","Yes","-","8.0","Instant","18 seconds","Implemented","","","Deals weapon DMG + 28 and inflicts Bleed for 45 seconds.","Deals weapon DMG + 28 and inflicts Bleed for 45 seconds.","PiercingToss/ThrowingDeadeye/Piercing Toss rank 3","PiercingToss3","PiercingToss3: PiercingTossAbilityDefinition.cs name='Piercing Toss III' level=3 skill=Throwing activation=Casted FP=- STM=8 cast=0 cooldown=18","PiercingToss3: PASS exact Bible text TLK 4614","PiercingToss3: PASS exact Bible text TLK 4614",""
"PASS","Scoped implemented","Throwing","40","Flurry","4.0","4","Pinning Toss II","Throwing 30","Throwing 30","All","Combat","PER","AGI","Combat Formula","Yes","-","8.0","Instant","24 seconds","Implemented","","","Deals weapon DMG + 24 and inflicts Hamstring for 30 seconds. Bleeding targets also suffer Disoriented for 30 seconds.","Deals weapon DMG + 24 and inflicts Hamstring for 30 seconds. Bleeding targets also suffer Disoriented for 30 seconds.","PinningToss/ThrowingDeadeye/Pinning Toss rank 2","PinningToss2","PinningToss2: PinningTossAbilityDefinition.cs name='Pinning Toss II' level=2 skill=Throwing activation=Casted FP=- STM=8 cast=0 cooldown=24","PinningToss2: PASS exact Bible text TLK 5137","PinningToss2: PASS exact Bible text TLK 5137",""
"PASS","Scoped implemented","Throwing","41","Flurry","3.0","3","Severing Toss II","Throwing 32","Throwing 32","All","Combat","PER","AGI","Combat Formula","Yes","-","9.0","Instant","30 seconds","Implemented","","","Deals weapon DMG + 30. Bleeding targets suffer Hemorrhage for 30 seconds.","Deals weapon DMG + 30. Bleeding targets suffer Hemorrhage for 30 seconds.","SeveringToss/ThrowingDeadeye/Severing Toss rank 2","SeveringToss2","SeveringToss2: SeveringTossAbilityDefinition.cs name='Severing Toss II' level=2 skill=Throwing activation=Casted FP=- STM=9 cast=0 cooldown=30","SeveringToss2: PASS exact Bible text TLK 5138","SeveringToss2: PASS exact Bible text TLK 5138",""
"PASS","Scoped implemented","Throwing","42","Flurry","2.0","2","Bleeding Tempo","Throwing 35","Throwing 35","All","Trait","None","None","None","Yes","-","-","-","-","Implemented","","","When Bleed expires on a target, your next thrown ability within 30 seconds costs 3 less STM.","When Bleed expires on a target, your next thrown ability within 30 seconds costs 3 less STM.","BleedingTempo/ThrowingDeadeye/Bleeding Tempo rank 1","BleedingTempoTrait","BleedingTempoTrait: no active ability definition","BleedingTempoTrait: PASS exact Bible text TLK 5210","-",""
"PASS","Scoped implemented","Throwing","43","Flurry","4.0","4","Pinning Toss III","Throwing 38","Throwing 38","All","Combat","PER","AGI","Combat Formula","Yes","-","10.0","Instant","24 seconds","Implemented","","","Deals weapon DMG + 36 and inflicts Hamstring for 30 seconds. Bleeding targets also suffer Disoriented for 30 seconds.","Deals weapon DMG + 36 and inflicts Hamstring for 30 seconds. Bleeding targets also suffer Disoriented for 30 seconds.","PinningToss/ThrowingDeadeye/Pinning Toss rank 3","PinningToss3","PinningToss3: PinningTossAbilityDefinition.cs name='Pinning Toss III' level=3 skill=Throwing activation=Casted FP=- STM=10 cast=0 cooldown=24","PinningToss3: PASS exact Bible text TLK 5139","PinningToss3: PASS exact Bible text TLK 5139",""
"PASS","Scoped implemented","Throwing","44","Flurry","5.0","5","Piercing Toss IV","Throwing 40","Throwing 40","All","Combat","PER","AGI","Combat Formula","Yes","-","12.0","Instant","18 seconds","Implemented","","","Deals weapon DMG + 38 and inflicts Bleed for 60 seconds.","Deals weapon DMG + 38 and inflicts Bleed for 60 seconds.","PiercingToss/ThrowingDeadeye/Piercing Toss rank 4","PiercingToss4","PiercingToss4: PiercingTossAbilityDefinition.cs name='Piercing Toss IV' level=4 skill=Throwing activation=Casted FP=- STM=12 cast=0 cooldown=18","PiercingToss4: PASS exact Bible text TLK 4620","PiercingToss4: PASS exact Bible text TLK 4620",""
"PASS","Scoped implemented","Throwing","45","Flurry","4.0","4","Flurry Bleed III","Throwing 45","Throwing 45","All","Trait","None","None","None","Yes","-","-","-","-","Implemented","","","Thrown abilities against bleeding targets deal +12 DMG and refresh Bleed by 6 seconds.","Thrown abilities against bleeding targets deal +12 DMG and refresh Bleed by 6 seconds.","FlurryBleed/ThrowingDeadeye/Flurry Bleed rank 3","","-","-","-",""
"PASS","Scoped implemented","Throwing","46","Flurry","6.0","6","Perfect Flurry","Throwing 50","Throwing 50; Quest perfect_flurry_mastery","All","Capstone","PER","AGI","Combat Formula","Yes","-","15.0","2 seconds","90 seconds","Implemented","","","Deals weapon DMG + 30. Bleeding targets take +45 DMG and spread Bleed to enemies within 5m for 45 seconds.","Deals weapon DMG + 30. Bleeding targets take +45 DMG and spread Bleed to enemies within 5m for 45 seconds.","PerfectFlurry/ThrowingDeadeye/Perfect Flurry rank 1","PerfectFlurry1","PerfectFlurry1: PerfectFlurryAbilityDefinition.cs name='Perfect Flurry' level=1 skill=Throwing activation=Casted FP=- STM=15 cast=2 cooldown=90","PerfectFlurry1: PASS exact Bible text TLK 4622","PerfectFlurry1: PASS exact Bible text TLK 4622",""
"PASS","Scoped implemented","Force","8","Alter","2.0","2","Force Spark I","-","Character Type ForceSensitive","Force","Combat","WIL","None","Combat Formula","","3.0","-","1 second","6 seconds","Implemented","","Dark affinity affects damage and DC.","Deals 16 force DMG plus WIL scaling to one target and reduces Evasion by 4% for 30 seconds.","Deals 16 force DMG plus WIL scaling to one target and reduces Evasion by 4% for 30 seconds.","ForceSpark/ForceAlter/Force Spark rank 1","ForceSpark1","ForceSpark1: ForceSparkAbilityDefinition.cs name='Force Spark I' level=1 skill=Force activation=Casted FP=3 STM=- cast=1 cooldown=6","ForceSpark1: PASS exact Bible text TLK 5355","ForceSpark1: PASS exact Bible text TLK 5355",""
"PASS","Scoped implemented","Force","9","Alter","2.0","2","Throw Rock I","-","Character Type ForceSensitive","Force","Combat","WIL","PER","Combat Formula","","3.0","-","1.5 seconds","6 seconds","Implemented","","Additive Light Alter kinetic DPS line. Higher direct damage than Force Push because it does not knock down or slow.","Hurls stone or loose debris with the Force up to 30m, dealing 22 physical DMG plus WIL/PER scaling to one target.","Hurls stone or loose debris with the Force up to 30m, dealing 22 physical DMG plus WIL/PER scaling to one target.","ThrowRock/ForceAlter/Throw Rock rank 1","ThrowRock1","ThrowRock1: ThrowRockAbilityDefinition.cs name='Throw Rock I' level=1 skill=Force activation=Casted FP=3 STM=- cast=1.5 cooldown=6","ThrowRock1: PASS exact Bible text TLK 3868","ThrowRock1: PASS exact Bible text TLK 3868",""
"PASS","Scoped implemented","Force","10","Alter","2.0","2","Creeping Terror I","Force 2","Force 2; Character Type ForceSensitive","Force","Combat","WIL","None","Combat Formula","","4.0","-","1 second","32 seconds","Implemented","","Reworked into a placed area denial field with direct pulses instead of a hit-gated PBAoE.","Creates a visible 5m field within 15m for 30 seconds. Enemies inside are Hobbled and take 10 force DMG plus WIL scaling every 3 seconds.","Creates a visible 5m field within 15m for 30 seconds. Enemies inside are Hobbled and take 10 force DMG plus WIL scaling every 3 seconds.","CreepingTerror/ForceAlter/Creeping Terror rank 1","CreepingTerror1","CreepingTerror1: CreepingTerrorAbilityDefinition.cs name='Creeping Terror I' level=1 skill=Force activation=Casted FP=4 STM=- cast=1 cooldown=32","CreepingTerror1: PASS exact Bible text TLK 5370","CreepingTerror1: PASS exact Bible text TLK 5370",""
"PASS","Scoped implemented","Force","11","Alter","2.0","2","Force Push I","Force 5","Force 5; Character Type ForceSensitive","Force","Combat","None","None","None","","2.0","-","-","45 seconds","Implemented","","Alter kinetic pressure. Lower direct damage than dedicated attacks because it also controls movement. No affinity scaling.","Deals 8 force DMG to one target in a 5m x 5m cone, knocks it down for 6 seconds, and slows its movement for 12 seconds.","Deals 8 force DMG to one target in a 5m x 5m cone, knocks it down for 6 seconds, and slows its movement for 12 seconds.","ForcePush/ForceAlter/Force Push rank 1","ForcePush1","ForcePush1: ForcePushAbilityDefinition.cs name='Force Push I' level=1 skill=Force activation=Casted FP=2 STM=- cast=0 cooldown=45","ForcePush1: PASS exact Bible text TLK 5396","ForcePush1: PASS exact Bible text TLK 5396",""
"PASS","Scoped implemented","Force","12","Alter","2.0","2","Force Choke I","Force 8","Force 8; Character Type ForceSensitive","Force","Combat","WIL","None","Combat Formula","","2.0","-","1.5 seconds","45 seconds","Implemented","","Single-target control line; damage stays below Control because the immobilize and interrupt are the primary value.","Immobilizes one target for 30 seconds, interrupts activation, and deals 8 force DMG plus WIL scaling over the duration.","Immobilizes one target for 30 seconds, interrupts activation, and deals 8 force DMG plus WIL scaling over the duration.","ForceChoke/ForceAlter/Force Choke rank 1","ForceChoke1","ForceChoke1: ForceChokeAbilityDefinition.cs name='Force Choke I' level=1 skill=Force activation=Casted FP=2 STM=- cast=1.5 cooldown=45","ForceChoke1: PASS exact Bible text TLK 5381","ForceChoke1: PASS exact Bible text TLK 5381",""
"PASS","Scoped implemented","Force","13","Alter","2.0","2","Throw Lightsaber I","Force 8","Force 8; Character Type ForceSensitive","Force","Combat","WIL","PER","Combat Formula","","2.0","1.0","1.5 seconds","12 seconds","Implemented","","Alter ranged weapon attack. Lower scaling than dedicated weapon skill strikes because it works with any equipped weapon and adds Force utility.","Hurls your equipped weapon with the Force through a 15m x 2.5m line, dealing weapon DMG + 10 physical DMG plus WIL/PER scaling to one target in the line.","Hurls your equipped weapon with the Force through a 15m x 2.5m line, dealing weapon DMG + 10 physical DMG plus WIL/PER scaling to one target in the line.","ThrowLightsaber/ForceAlter/Throw Lightsaber rank 1","ThrowLightsaber1","ThrowLightsaber1: ThrowLightsaberAbilityDefinition.cs name='Throw Lightsaber I' level=1 skill=Force activation=Casted FP=2 STM=1 cast=1.5 cooldown=12","ThrowLightsaber1: PASS exact Bible text TLK 3865","ThrowLightsaber1: PASS exact Bible text TLK 3865",""
"PASS","Scoped implemented","Force","14","Alter","3.0","3","Force Lightning I","Force 10","Force 10; Character Type ForceSensitive","Force","Combat","WIL","None","Combat Formula","","4.0","-","1.5 seconds","15 seconds","Implemented","","Chain pressure line: lower primary damage than Force Drain, but adds multi-target Shock pressure.","Deals 10 force DMG plus WIL scaling to one target, then arcs to up to two enemies within 5m for 50% damage. Affected targets suffer Shock for 30 seconds.","Deals 10 force DMG plus WIL scaling to one target, then arcs to up to two enemies within 5m for 50% damage. Affected targets suffer Shock for 30 seconds.","ForceLightning/ForceAlter/Force Lightning rank 1","ForceLightning1","ForceLightning1: ForceLightningAbilityDefinition.cs name='Force Lightning I' level=1 skill=Force activation=Casted FP=4 STM=- cast=1.5 cooldown=15","ForceLightning1: PASS exact Bible text TLK 5356","ForceLightning1: PASS exact Bible text TLK 5356",""
"PASS","Scoped implemented","Force","15","Alter","3.0","3","Force Drain I","Force 12","Force 12; Character Type ForceSensitive","Force","Combat","WIL","None","Combat Formula","","4.0","-","1 second","12 seconds","Implemented","","Alter life siphon line: sustain-focused rather than chain damage.","Deals 14 force DMG plus WIL scaling to one target and heals you for 30% of damage dealt. If the target is below 50% HP, healing increases to 40%.","Deals 14 force DMG plus WIL scaling to one target and heals you for 30% of damage dealt. If the target is below 50% HP, healing increases to 40%.","ForceDrain/ForceAlter/Force Drain rank 1","ForceDrain1","ForceDrain1: ForceDrainAbilityDefinition.cs name='Force Drain I' level=1 skill=Force activation=Casted FP=4 STM=- cast=1 cooldown=12","ForceDrain1: PASS exact Bible text TLK 3946","ForceDrain1: PASS exact Bible text TLK 3946",""
"PASS","Scoped implemented","Force","16","Alter","3.0","3","Creeping Terror II","Force 15","Force 15; Character Type ForceSensitive","Force","Combat","WIL","None","Combat Formula","","6.0","-","1 second","32 seconds","Implemented","","Replacement tier: longer duration and higher pulse damage.","Creates a visible 5m field within 15m for 30 seconds. Enemies inside are Hobbled and take 14 force DMG plus WIL scaling every 3 seconds.","Creates a visible 5m field within 15m for 30 seconds. Enemies inside are Hobbled and take 14 force DMG plus WIL scaling every 3 seconds.","CreepingTerror/ForceAlter/Creeping Terror rank 2","CreepingTerror2","CreepingTerror2: CreepingTerrorAbilityDefinition.cs name='Creeping Terror II' level=2 skill=Force activation=Casted FP=6 STM=- cast=1 cooldown=32","CreepingTerror2: PASS exact Bible text TLK 5374","CreepingTerror2: PASS exact Bible text TLK 5374",""
"PASS","Scoped implemented","Force","17","Alter","3.0","3","Force Spark II","Force 18","Force 18; Character Type ForceSensitive","Force","Combat","WIL","None","Combat Formula","","4.0","-","1 second","6 seconds","Implemented","","Dark affinity affects damage and DC.","Deals 30 force DMG plus WIL scaling to one target and reduces Evasion by 6% for 30 seconds.","Deals 30 force DMG plus WIL scaling to one target and reduces Evasion by 6% for 30 seconds.","ForceSpark/ForceAlter/Force Spark rank 2","ForceSpark2","ForceSpark2: ForceSparkAbilityDefinition.cs name='Force Spark II' level=2 skill=Force activation=Casted FP=4 STM=- cast=1 cooldown=6","ForceSpark2: PASS exact Bible text TLK 5361","ForceSpark2: PASS exact Bible text TLK 5361",""
"PASS","Scoped implemented","Force","18","Alter","3.0","3","Throw Rock II","Force 18","Force 18; Character Type ForceSensitive","Force","Combat","WIL","PER","Combat Formula","","4.0","-","1.5 seconds","6 seconds","Implemented","","Replacement tier: raises direct kinetic damage without adding Dark-style self-sustain, Shock, or execute pressure.","Hurls a heavier stone or debris with the Force up to 30m, dealing 40 physical DMG plus WIL/PER scaling to one target.","Hurls a heavier stone or debris with the Force up to 30m, dealing 40 physical DMG plus WIL/PER scaling to one target.","ThrowRock/ForceAlter/Throw Rock rank 2","ThrowRock2","ThrowRock2: ThrowRockAbilityDefinition.cs name='Throw Rock II' level=2 skill=Force activation=Casted FP=4 STM=- cast=1.5 cooldown=6","ThrowRock2: PASS exact Bible text TLK 3869","ThrowRock2: PASS exact Bible text TLK 3869",""
"PASS","Scoped implemented","Force","19","Alter","3.0","3","Force Choke II","Force 20","Force 20; Character Type ForceSensitive","Force","Combat","WIL","None","Combat Formula","","3.0","-","1.5 seconds","45 seconds","Implemented","","Replacement tier: increases duration and total damage without adding targets.","Immobilizes one target for 30 seconds, interrupts activation, and deals 16 force DMG plus WIL scaling over the duration.","Immobilizes one target for 30 seconds, interrupts activation, and deals 16 force DMG plus WIL scaling over the duration.","ForceChoke/ForceAlter/Force Choke rank 2","ForceChoke2","ForceChoke2: ForceChokeAbilityDefinition.cs name='Force Choke II' level=2 skill=Force activation=Casted FP=3 STM=- cast=1.5 cooldown=45","ForceChoke2: PASS exact Bible text TLK 5371","ForceChoke2: PASS exact Bible text TLK 5371",""
"PASS","Scoped implemented","Force","20","Alter","4.0","4","Force Lightning II","Force 22","Force 22; Character Type ForceSensitive","Force","Combat","WIL","None","Combat Formula","","6.0","-","1.5 seconds","15 seconds","Implemented","","Replacement tier: stronger chain pressure and longer Shock duration, still distinct from Force Drain's single-target sustain.","Deals 18 force DMG plus WIL scaling to one target, then arcs to up to three enemies within 5m for 50% damage. Affected targets suffer Shock for 30 seconds.","Deals 18 force DMG plus WIL scaling to one target, then arcs to up to three enemies within 5m for 50% damage. Affected targets suffer Shock for 30 seconds.","ForceLightning/ForceAlter/Force Lightning rank 2","ForceLightning2","ForceLightning2: ForceLightningAbilityDefinition.cs name='Force Lightning II' level=2 skill=Force activation=Casted FP=6 STM=- cast=1.5 cooldown=15","ForceLightning2: PASS exact Bible text TLK 5362","ForceLightning2: PASS exact Bible text TLK 5362",""
"PASS","Scoped implemented","Force","21","Alter","3.0","3","Force Drain II","Force 25","Force 25; Character Type ForceSensitive","Force","Combat","WIL","None","Combat Formula","","6.0","-","1 second","12 seconds","Implemented","","Replacement tier: improves single-target siphon damage and low-health sustain.","Deals 24 force DMG plus WIL scaling to one target and heals you for 35% of damage dealt. If the target is below 50% HP, healing increases to 45%.","Deals 24 force DMG plus WIL scaling to one target and heals you for 35% of damage dealt. If the target is below 50% HP, healing increases to 45%.","ForceDrain/ForceAlter/Force Drain rank 2","ForceDrain2","ForceDrain2: ForceDrainAbilityDefinition.cs name='Force Drain II' level=2 skill=Force activation=Casted FP=6 STM=- cast=1 cooldown=12","ForceDrain2: PASS exact Bible text TLK 3947","ForceDrain2: PASS exact Bible text TLK 3947",""
"PASS","Scoped implemented","Force","22","Alter","3.0","3","Force Push II","Force 28","Force 28; Character Type ForceSensitive","Force","Combat","None","None","None","","3.0","-","-","45 seconds","Implemented","","Replacement tier: extends cone reach and target cap. Alter kinetic pressure. No affinity scaling.","Deals 12 force DMG to up to 2 targets in an 8m x 5m cone, knocks them down for 6 seconds, and slows their movement for 12 seconds.","Deals 12 force DMG to up to 2 targets in an 8m x 5m cone, knocks them down for 6 seconds, and slows their movement for 12 seconds.","ForcePush/ForceAlter/Force Push rank 2","ForcePush2","ForcePush2: ForcePushAbilityDefinition.cs name='Force Push II' level=2 skill=Force activation=Casted FP=3 STM=- cast=0 cooldown=45","ForcePush2: PASS exact Bible text TLK 5311","ForcePush2: PASS exact Bible text TLK 5311",""
"PASS","Scoped implemented","Force","23","Alter","4.0","4","Devouring Strike","Force 28","Force 28; Character Type ForceSensitive","Force","Trait","WIL","None","Combat Formula","","-","-","-","-","Implemented","","Execute bonus for Alter damage powers, kept in line with other low-health damage traits.","Alter powers that damage enemies deal 15% more damage to targets below 35% HP.","Alter powers that damage enemies deal 15% more damage to targets below 35% HP.","DevouringStrike/ForceAlter/Devouring Strike rank 1","DevouringStrikeTrait","DevouringStrikeTrait: no active ability definition","DevouringStrikeTrait: PASS exact Bible text TLK 3923","-",""
"PASS","Scoped implemented","Force","24","Alter","4.0","4","Throw Lightsaber II","Force 30","Force 30; Character Type ForceSensitive","Force","Combat","WIL","PER","Combat Formula","","3.0","1.0","1.5 seconds","12 seconds","Implemented","","Replacement tier: selected target receives the full lower-rank effect. Lower bonus damage than dedicated weapon lines because this is ranged, works with any equipped weapon, and can add secondary targets.","Hurls your equipped weapon with the Force through a 15m x 2.5m line, dealing weapon DMG + 20 physical DMG plus WIL/PER scaling to the selected target and one additional enemy in the line.","Hurls your equipped weapon with the Force through a 15m x 2.5m line, dealing weapon DMG + 20 physical DMG plus WIL/PER scaling to the selected target and one additional enemy in the line.","ThrowLightsaber/ForceAlter/Throw Lightsaber rank 2","ThrowLightsaber2","ThrowLightsaber2: ThrowLightsaberAbilityDefinition.cs name='Throw Lightsaber II' level=2 skill=Force activation=Casted FP=3 STM=1 cast=1.5 cooldown=12","ThrowLightsaber2: PASS exact Bible text TLK 3866","ThrowLightsaber2: PASS exact Bible text TLK 3866",""
"PASS","Scoped implemented","Force","25","Alter","4.0","4","Force Choke III","Force 30","Force 30; Character Type ForceSensitive","Force","Combat","WIL","None","Combat Formula","","4.0","-","1.5 seconds","45 seconds","Implemented","","Replacement tier: makes the third rank part of the active Force Choke line instead of a dependent trait.","Immobilizes one target for 30 seconds, interrupts activation, and deals 24 force DMG plus WIL scaling over the duration.","Immobilizes one target for 30 seconds, interrupts activation, and deals 24 force DMG plus WIL scaling over the duration.","ForceChoke/ForceAlter/Force Choke rank 3","ForceChoke3","ForceChoke3: ForceChokeAbilityDefinition.cs name='Force Choke III' level=3 skill=Force activation=Casted FP=4 STM=- cast=1.5 cooldown=45","ForceChoke3: PASS exact Bible text TLK 5375","ForceChoke3: PASS exact Bible text TLK 5375",""
"PASS","Scoped implemented","Force","26","Alter","4","4","Force Burst","Force 32","Force 32; Character Type ForceSensitive","Force","Combat","WIL","None","Combat Formula","","6.0","-","1.5 seconds","15 seconds","Implemented","","Single-rank Light Alter area damage priced as a Force-32 power; its rider-free damage stays below Force Judgment III while preserving Force and Devices SP and ability-count parity.","Deals 44 force DMG plus WIL scaling to the selected target and enemies within 5m.","Deals 44 force DMG plus WIL scaling to the selected target and enemies within 5m.","ForceBurst/ForceAlter/Force Burst rank 1","ForceBurst1","ForceBurst1: ForceBurstAbilityDefinition.cs name='Force Burst' level=1 skill=Force activation=Casted FP=6 STM=- cast=1.5 cooldown=15","ForceBurst1: PASS exact Bible text TLK 82538","ForceBurst1: PASS exact Bible text TLK 82538",""
"PASS","Scoped implemented","Force","27","Alter","4.0","4","Unstable Pressure","Force 32","Force 32; Character Type ForceSensitive","Force","Trait","WIL","None","Combat Formula","","-","-","-","-","Implemented","","Alter pressure trait tied to the Force Spark and Force Lightning damage lines.","Force Spark and Force Lightning mark affected enemies with unstable pressure for 30 seconds,
reducing Evasion by 5%. Enemies below 35% HP also suffer +5% force damage taken while marked.","Force Spark and Force Lightning mark affected enemies with unstable pressure for 30 seconds, reducing Evasion by 5%. Enemies below 35% HP also suffer +5% force damage taken while marked.","UnstablePressure/ForceAlter/Unstable Pressure rank 1","UnstablePressureTrait","UnstablePressureTrait: no active ability definition","UnstablePressureTrait: PASS exact Bible text TLK 5406","-",""
"PASS","Scoped implemented","Force","28","Alter","4.0","4","Purifying Wave","Force 35","Force 35; Character Type ForceSensitive","Force","Combat","WIL","None","Design Added","","7.0","-","1.5 seconds","45 seconds","Implemented","","Alter offensive pressure plus minor cleanup.","Releases a 5m wave of focused light, dealing 22 force DMG plus WIL scaling to enemies and removing one minor negative effect (Bleed, Poison, or Hobble) from allies within 5m.","Releases a 5m wave of focused light, dealing 22 force DMG plus WIL scaling to enemies and removing one minor negative effect (Bleed, Poison, or Hobble) from allies within 5m.","PurifyingWave/ForceAlter/Purifying Wave rank 1","PurifyingWave1","PurifyingWave1: PurifyingWaveAbilityDefinition.cs name='Purifying Wave' level=1 skill=Force activation=Casted FP=7 STM=- cast=1.5 cooldown=45","PurifyingWave1: PASS exact Bible text TLK 4009","PurifyingWave1: PASS exact Bible text TLK 4009",""
"PASS","Scoped implemented","Force","29","Alter","4.0","4","Creeping Terror III","Force 38","Force 38; Character Type ForceSensitive","Force","Combat","WIL","None","Combat Formula","","8.0","-","1.5 seconds","32 seconds","Implemented","","Replacement tier: 8m area, longer duration, and higher pulse damage.","Creates a visible 8m field within 15m for 30 seconds. Enemies inside are Hobbled and take 18 force DMG plus WIL scaling every 3 seconds.","Creates a visible 8m field within 15m for 30 seconds. Enemies inside are Hobbled and take 18 force DMG plus WIL scaling every 3 seconds.","CreepingTerror/ForceAlter/Creeping Terror rank 3","CreepingTerror3","CreepingTerror3: CreepingTerrorAbilityDefinition.cs name='Creeping Terror III' level=3 skill=Force activation=Casted FP=8 STM=- cast=1.5 cooldown=32","CreepingTerror3: PASS exact Bible text TLK 5387","CreepingTerror3: PASS exact Bible text TLK 5387",""
"PASS","Scoped implemented","Force","30","Alter","4.0","4","Force Drain III","Force 38","Force 38; Character Type ForceSensitive","Force","Combat","WIL","None","Combat Formula","","8.0","-","1 second","12 seconds","Implemented","","Replacement tier: top life siphon rank remains single-target so it does not overlap with Force Lightning's chain role.","Deals 36 force DMG plus WIL scaling to one target and heals you for 40% of damage dealt. If the target is below 50% HP, healing increases to 50%.","Deals 36 force DMG plus WIL scaling to one target and heals you for 40% of damage dealt. If the target is below 50% HP, healing increases to 50%.","ForceDrain/ForceAlter/Force Drain rank 3","ForceDrain3","ForceDrain3: ForceDrainAbilityDefinition.cs name='Force Drain III' level=3 skill=Force activation=Casted FP=8 STM=- cast=1 cooldown=12","ForceDrain3: PASS exact Bible text TLK 3948","ForceDrain3: PASS exact Bible text TLK 3948",""
"PASS","Scoped implemented","Force","31","Alter","4.0","4","Throw Rock III","Force 40","Force 40; Character Type ForceSensitive","Force","Combat","WIL","PER","Combat Formula","","5.0","-","1.5 seconds","6 seconds","Implemented","","Replacement tier: final direct-damage rank stays below Dark's sustained damage and self-sustain pressure because it has no drain, Shock, or execute rider.","Hurls a crushing mass of stone and debris with the Force up to 30m, dealing 60 physical DMG plus WIL/PER scaling to one target.","Hurls a crushing mass of stone and debris with the Force up to 30m, dealing 60 physical DMG plus WIL/PER scaling to one target.","ThrowRock/ForceAlter/Throw Rock rank 3","ThrowRock3","ThrowRock3: ThrowRockAbilityDefinition.cs name='Throw Rock III' level=3 skill=Force activation=Casted FP=5 STM=- cast=1.5 cooldown=6","ThrowRock3: PASS exact Bible text TLK 3870","ThrowRock3: PASS exact Bible text TLK 3870",""
"PASS","Scoped implemented","Force","32","Alter","4.0","4","Force Lightning III","Force 42","Force 42; Character Type ForceSensitive","Force","Combat","WIL","None","Combat Formula","","8.0","-","1.5 seconds","15 seconds","Implemented","","Final chain pressure rank: restores late-game Force Lightning burst while capped half-damage arcs keep it supplemental instead of replacing Force Spark's filler cadence.","Deals 40 force DMG plus WIL scaling to one target, then arcs to up to three enemies within 5m for 50% damage. Affected targets suffer Shock for 30 seconds.","Deals 40 force DMG plus WIL scaling to one target, then arcs to up to three enemies within 5m for 50% damage. Affected targets suffer Shock for 30 seconds.","ForceLightning/ForceAlter/Force Lightning rank 3","ForceLightning3","ForceLightning3: ForceLightningAbilityDefinition.cs name='Force Lightning III' level=3 skill=Force activation=Casted FP=8 STM=- cast=1.5 cooldown=15","ForceLightning3: PASS exact Bible text TLK 82544","ForceLightning3: PASS exact Bible text TLK 82544",""
"PASS","Scoped implemented","Force","33","Alter","5.0","5","Throw Lightsaber III","Force 45","Force 45; Character Type ForceSensitive","Force","Combat","WIL","PER","Combat Formula","","4.0","2.0","1.5 seconds","12 seconds","Implemented","","Replacement tier: selected target receives the full lower-rank effect. Multi-target ranged utility stays below top dedicated weapon single-target strikes.","Hurls your equipped weapon with the Force through a 15m x 2.5m line, dealing weapon DMG + 30 physical DMG plus WIL/PER scaling to the selected target and up to two additional enemies in the line.","Hurls your equipped weapon with the Force through a 15m x 2.5m line, dealing weapon DMG + 30 physical DMG plus WIL/PER scaling to the selected target and up to two additional enemies in the line.","ThrowLightsaber/ForceAlter/Throw Lightsaber rank 3","ThrowLightsaber3","ThrowLightsaber3: ThrowLightsaberAbilityDefinition.cs name='Throw Lightsaber III' level=3 skill=Force activation=Casted FP=4 STM=2 cast=1.5 cooldown=12","ThrowLightsaber3: PASS exact Bible text TLK 3867","ThrowLightsaber3: PASS exact Bible text TLK 3867",""
"PASS","Scoped implemented","Force","34","Alter","4.0","4","Force Push III","Force 48","Force 48; Character Type ForceSensitive","Force","Combat","None","None","None","","4.0","-","-","45 seconds","Implemented","","Replacement tier: extends cone reach and target cap. Alter kinetic pressure. No affinity scaling.","Deals 18 force DMG to up to 3 targets in a 10m x 5m cone, knocks them down for 6 seconds, and slows their movement for 12 seconds.","Deals 18 force DMG to up to 3 targets in a 10m x 5m cone, knocks them down for 6 seconds, and slows their movement for 12 seconds.","ForcePush/ForceAlter/Force Push rank 3","ForcePush3","ForcePush3: ForcePushAbilityDefinition.cs name='Force Push III' level=3 skill=Force activation=Casted FP=4 STM=- cast=0 cooldown=45","ForcePush3: PASS exact Bible text TLK 5326","ForcePush3: PASS exact Bible text TLK 5326",""
"PASS","Scoped implemented","Force","35","Alter","4.0","4","Force Choke IV","Force 48","Force 48; Character Type ForceSensitive","Force","Combat","WIL","None","Combat Formula","","5.0","-","1.5 seconds","45 seconds","Implemented","","Replacement tier: increases duration and total damage without adding a second target.","Immobilizes one target for 30 seconds, interrupts activation, and deals 34 force DMG plus WIL scaling over the duration.","Immobilizes one target for 30 seconds, interrupts activation, and deals 34 force DMG plus WIL scaling over the duration.","ForceChoke/ForceAlter/Force Choke rank 4","ForceChoke4","ForceChoke4: ForceChokeAbilityDefinition.cs name='Force Choke IV' level=4 skill=Force activation=Casted FP=5 STM=- cast=1.5 cooldown=45","ForceChoke4: PASS exact Bible text TLK 5390","ForceChoke4: PASS exact Bible text TLK 5390",""
"PASS","Scoped implemented","Force","36","Alter","5.0","5","Last Stand of the Light","Force 50","Force 50; Character Type ForceSensitive; Quest last_stand_of_the_light_mastery","Force","Combat","WIL","None","Design Added","","10.0","-","1.5 seconds","90 seconds","Implemented","","Alter capstone: shared Capstone timer; uses a fixed 90-second capstone cooldown with a 45-second active duration and has no weapon/tool activation requirement.","For 45 seconds, damage that would drop the target below 1 HP is prevented once and the target gains temporary HP equal to 15% of maximum HP plus WIL scaling.","For 45 seconds, damage that would drop the target below 1 HP is prevented once and the target gains temporary HP equal to 15% of maximum HP plus WIL scaling.","LastStandOfTheLight/ForceAlter/Last Stand of the Light rank 1","LastStandOfTheLight1","LastStandOfTheLight1: LastStandOfTheLightAbilityDefinition.cs name='Last Stand of the Light' level=1 skill=Force activation=Casted FP=10 STM=- cast=1.5 cooldown=90","LastStandOfTheLight1: PASS exact Bible text TLK 3821","LastStandOfTheLight1: PASS exact Bible text TLK 3821",""
"PASS","Scoped implemented","Force","39","Control","2.0","2","Benevolence I","-","Character Type ForceSensitive","Force","Combat","WIL","None","Design Added","","3.0","-","1 second","6 seconds","Implemented","","Below First Aid burst healing at comparable tier.","Restores 8% of the target's maximum HP plus WIL scaling to a single target. Healing gains +25% when targeting someone other than yourself.","Restores 8% of the target's maximum HP plus WIL scaling to a single target. Healing gains +25% when targeting someone other than yourself.","Benevolence/ForceControl/Benevolence rank 1","Benevolence1","Benevolence1: BenevolenceAbilityDefinition.cs name='Benevolence I' level=1 skill=Force activation=Casted FP=3 STM=- cast=1 cooldown=6","Benevolence1: PASS exact Bible text TLK 3059","Benevolence1: PASS exact Bible text TLK 3059",""
"PASS","Scoped implemented","Force","40","Control","3.0","3","Guardian Ward I","Force 2","Force 2; Character Type ForceSensitive","Force","Combat","WIL","None","Design Added","","2.0","-","1 second","12 seconds","Implemented","","Opening Control shield rank.","Grants a single ally temporary HP equal to 6% of the target's maximum HP plus WIL scaling for 30 seconds.","Grants a single ally temporary HP equal to 6% of the target's maximum HP plus WIL scaling for 30 seconds.","GuardianWard/ForceControl/Guardian Ward rank 1","GuardianWard1","GuardianWard1: GuardianWardAbilityDefinition.cs name='Guardian Ward I' level=1 skill=Force activation=Casted FP=2 STM=- cast=1 cooldown=12","GuardianWard1: PASS exact Bible text TLK 3228","GuardianWard1: PASS exact Bible text TLK 3228",""
"PASS","Scoped implemented","Force","41","Control","4.0","4","Protective Presence","Force 5","Force 5; Character Type ForceSensitive","Force","Trait","None","None","None","","-","-","-","-","Implemented","","Control protection trait placed early so protection support begins before later Ward ranks.","Control powers that grant temporary HP, absorb damage, or prevent defeat grant affected allies +4 Ranged Deflection for 30 seconds.","Control powers that grant temporary HP, absorb damage, or prevent defeat grant affected allies +4 Ranged Deflection for 30 seconds.","LightGuardianDeflectivePresence/ForceControl/Protective Presence rank 1","LightGuardianDeflectivePresenceTrait","LightGuardianDeflectivePresenceTrait: no active ability definition","LightGuardianDeflectivePresenceTrait: PASS exact Bible text TLK 5422","-",""
"PASS","Scoped implemented","Force","42","Control","3.0","3","Renewal I","Force 8","Force 8; Character Type ForceSensitive","Force","Combat","WIL","None","Design Added","","4.0","-","1 second","15 seconds","Implemented","","Light affinity affects total healing.","Applies regeneration to a single ally, restoring 2% of maximum HP plus WIL scaling every 3 seconds for 30 seconds.","Applies regeneration to a single ally, restoring 2% of maximum HP plus WIL scaling every 3 seconds for 30 seconds.","Renewal/ForceControl/Renewal rank 1","Renewal1","Renewal1: RenewalAbilityDefinition.cs name='Renewal I' level=1 skill=Force activation=Casted FP=4 STM=- cast=1 cooldown=15","Renewal1: PASS exact Bible text TLK 5331","Renewal1: PASS exact Bible text TLK 5331",""
"PASS","Scoped implemented","Force","43","Control","3.0","3","Force Leap I","Force 10","Force 10; Character Type ForceSensitive","Force","Combat","WIL","None","Combat Formula","","3.0","-","-","18 seconds","Implemented","","Control mobility attack. No affinity scaling.","Leap to a hostile target up to 15m away, dealing 10 force DMG plus WIL scaling and interrupting activation.","Leap to a hostile target up to 15m away, dealing 10 force DMG plus WIL scaling and interrupting activation.","ForceLeap/ForceControl/Force Leap rank 1","ForceLeap1","ForceLeap1: ForceLeapAbilityDefinition.cs name='Force Leap I' level=1 skill=Force activation=Casted FP=3 STM=- cast=0 cooldown=18","ForceLeap1: PASS exact Bible text TLK 3191","ForceLeap1: PASS exact Bible text TLK 3191",""
"PASS","Scoped implemented","Force","44","Control","3.0","3","Serene Focus","Force 12","Force 12; Character Type ForceSensitive","Force","Trait","WIL","None","Design Added","","-","-","-","-","Implemented","","Defines the resource cadence explicitly and avoids self-target FP loops.","Control powers that restore HP cause affected allies to restore 1 STM and 1 FP every 6 seconds for 30 seconds. This benefit does not trigger when you target yourself.","Control powers that restore HP cause affected allies to restore 1 STM and 1 FP every 6 seconds for 30 seconds. This benefit does not trigger when you target yourself.","SereneFocus/ForceControl/Serene Focus rank 1","SereneFocusTrait","SereneFocusTrait: no active ability definition","SereneFocusTrait: PASS exact Bible text TLK 5220","-",""
"PASS","Scoped implemented","Force","45","Control","3.0","3","Fury Stance I","Force 12","Force 12; Character Type ForceSensitive","Force","Stance","WIL","None","Design Added","","5.0","-","-","30 seconds","Implemented","","Converted from a timed buff into a Control stance so the tradeoff is intentional and persistent.","While active, gain +8% weapon and force damage and +10% critical damage, but take 5% more damage and suffer -5% Defense and Force Defense. Only one stance may be active.","While active, gain +8% weapon and force damage and +10% critical damage, but take 5% more damage and suffer -5% Defense and Force Defense. Only one stance may be active.","FuryStance/ForceControl/Fury Stance rank 1","FuryStance1","FuryStance1: FuryStanceAbilityDefinition.cs name='Fury Stance I' level=1 skill=Force activation=Casted FP=5 STM=- cast=2 cooldown=30","FuryStance1: PASS exact Bible text TLK 3964","FuryStance1: PASS exact Bible text TLK 3964",""
"PASS","Scoped implemented","Force","46","Control","4.0","4","Guardian Ward II","Force 15","Force 15; Character Type ForceSensitive","Force","Combat","WIL","None","Design Added","","3.0","-","1 second","12 seconds","Implemented","","Second Control shield rank, spread out so the Ward line has a real progression.","Grants a single ally temporary HP equal to 9% of the target's maximum HP plus WIL scaling for 30 seconds.","Grants a single ally temporary HP equal to 9% of the target's maximum HP plus WIL scaling for 30 seconds.","GuardianWard/ForceControl/Guardian Ward rank 2","GuardianWard2","GuardianWard2: GuardianWardAbilityDefinition.cs name='Guardian Ward II' level=2 skill=Force activation=Casted FP=3 STM=- cast=1 cooldown=12","GuardianWard2: PASS exact Bible text TLK 3230","GuardianWard2: PASS exact Bible text TLK 3230",""
"PASS","Scoped implemented","Force","47","Control","3.0","3","Benevolence II","Force 18","Force 18; Character Type ForceSensitive","Force","Combat","WIL","None","Design Added","","5.0","-","1 second","6 seconds","Implemented","","First Aid remains the top recovery line.","Restores 14% of the target's maximum HP plus WIL scaling to a single target. Healing gains +25% when targeting someone other than yourself.","Restores 14% of the target's maximum HP plus WIL scaling to a single target. Healing gains +25% when targeting someone other than yourself.","Benevolence/ForceControl/Benevolence rank 2","Benevolence2","Benevolence2: BenevolenceAbilityDefinition.cs name='Benevolence II' level=2 skill=Force activation=Casted FP=5 STM=- cast=1 cooldown=6","Benevolence2: PASS exact Bible text TLK 3060","Benevolence2: PASS exact Bible text TLK 3060",""
"PASS","Scoped implemented","Force","48","Control","4.0","4","Renewal II","Force 20","Force 20; Character Type ForceSensitive","Force","Combat","WIL","None","Design Added","","5.0","-","1 second","15 seconds","Implemented","","Replacement tier: increased from 3% per tick so the upgrade is more noticeable.","Applies regeneration to a single ally, restoring 4% of maximum HP plus WIL scaling every 3 seconds for 30 seconds.","Applies regeneration to a single ally, restoring 4% of maximum HP plus WIL scaling every 3 seconds for 30 seconds.","Renewal/ForceControl/Renewal rank 2","Renewal2","Renewal2: RenewalAbilityDefinition.cs name='Renewal II' level=2 skill=Force activation=Casted FP=5 STM=- cast=1 cooldown=15","Renewal2: PASS exact Bible text TLK 5338","Renewal2: PASS exact Bible text TLK 5338",""
"PASS","Scoped implemented","Force","49","Control","4.0","4","Reflective Barrier","Force 22","Force 22; Character Type ForceSensitive","Force","Trait","WIL","None","Design Added","","-","-","-","-","Implemented","","Reflect value is lower than dedicated damage bonuses because it rides on Control protection powers.","Control powers that grant temporary HP reflect 8% of force and energy damage taken, plus WIL scaling, back to the attacker while the temporary HP remains.","Control powers that grant temporary HP reflect 8% of force and energy damage taken, plus WIL scaling, back to the attacker while the temporary HP remains.","ReflectiveBarrier/ForceControl/Reflective Barrier rank 1","ReflectiveBarrierTrait","ReflectiveBarrierTrait: no active ability definition","ReflectiveBarrierTrait: PASS exact Bible text TLK 4016","-",""
"PASS","Scoped implemented","Force","50","Control","4.0","4","Force Mend","Force 25","Force 25; Character Type ForceSensitive","Force","Trait","WIL","None","Design Added","","-","-","-","-","Implemented","","Control cleansing trait for restorative Force powers.","Control powers that restore HP can remove one standard negative effect from the target and restore HP
equal to 10% of maximum HP plus WIL scaling. This can trigger once every 24 seconds per target.","Control powers that restore HP can remove one standard negative effect from the target and restore HP equal to 10% of maximum HP plus WIL scaling. This can trigger once every 24 seconds per target.","ForceMend/ForceControl/Force Mend rank 1","ForceMendTrait","ForceMendTrait: no active ability definition","ForceMendTrait: PASS exact Bible text TLK 4100","-",""
"PASS","Scoped implemented","Force","51","Control","4.0","4","Cruel Momentum","Force 28","Force 28; Character Type ForceSensitive","Force","Trait","WIL","None","Design Added","","-","-","-","-","Implemented","","Control sustain trait. Hunger of the Dark remains the Control capstone.","When an enemy you damaged within the last 6 seconds is defeated, restore 2 FP and gain +5% Force ability Accuracy for 30 seconds. This can trigger once every 10 seconds.","When an enemy you damaged within the last 6 seconds is defeated, restore 2 FP and gain +5% Force ability Accuracy for 30 seconds. This can trigger once every 10 seconds.","CruelMomentum/ForceControl/Cruel Momentum rank 1","CruelMomentumTrait","CruelMomentumTrait: no active ability definition","CruelMomentumTrait: PASS exact Bible text TLK 5219","-",""
"PASS","Scoped implemented","Force","52","Control","4.0","4","Force Leap II","Force 30","Force 30; Character Type ForceSensitive","Force","Combat","WIL","None","Combat Formula","","4.0","-","-","18 seconds","Implemented","","Replacement tier: selected target receives the full lower-rank effect. Control mobility attack. No affinity scaling.","Leap to a hostile target up to 18m away, dealing 18 force DMG plus WIL scaling and interrupting activation.","Leap to a hostile target up to 18m away, dealing 18 force DMG plus WIL scaling and interrupting activation.","ForceLeap/ForceControl/Force Leap rank 2","ForceLeap2","ForceLeap2: ForceLeapAbilityDefinition.cs name='Force Leap II' level=2 skill=Force activation=Casted FP=4 STM=- cast=0 cooldown=18","ForceLeap2: PASS exact Bible text TLK 3192","ForceLeap2: PASS exact Bible text TLK 3192",""
"PASS","Scoped implemented","Force","53","Control","4.0","4","Force Sanctuary","Force 32","Force 32; Character Type ForceSensitive","Force","Combat","WIL","None","Design Added","","6.0","-","1.5 seconds","45 seconds","Implemented","","Restored as Control's dedicated AoE healing active.","Creates a 4m sanctuary for 30 seconds. Allies inside gain regeneration equal to 2% of maximum HP plus WIL scaling every 3 seconds and take 5% less force damage.","Creates a 4m sanctuary for 30 seconds. Allies inside gain regeneration equal to 2% of maximum HP plus WIL scaling every 3 seconds and take 5% less force damage.","ForceSanctuary/ForceControl/Force Sanctuary rank 1","ForceSanctuary1","ForceSanctuary1: ForceSanctuaryAbilityDefinition.cs name='Force Sanctuary' level=1 skill=Force activation=Casted FP=6 STM=- cast=1.5 cooldown=45","ForceSanctuary1: PASS exact Bible text TLK 5348","ForceSanctuary1: PASS exact Bible text TLK 5348",""
"PASS","Scoped implemented","Force","54","Control","5.0","5","Guardian Ward III","Force 35","Force 35; Character Type ForceSensitive","Force","Combat","WIL","None","Design Added","","4.0","-","1 second","12 seconds","Implemented","","Third Control shield rank lands in the mid-late tree instead of immediately after Guardian Ward II.","Grants a single ally temporary HP equal to 12% of the target's maximum HP plus WIL scaling for 30 seconds.","Grants a single ally temporary HP equal to 12% of the target's maximum HP plus WIL scaling for 30 seconds.","GuardianWard/ForceControl/Guardian Ward rank 3","GuardianWard3","GuardianWard3: GuardianWardAbilityDefinition.cs name='Guardian Ward III' level=3 skill=Force activation=Casted FP=4 STM=- cast=1 cooldown=12","GuardianWard3: PASS exact Bible text TLK 3232","GuardianWard3: PASS exact Bible text TLK 3232",""
"PASS","Scoped implemented","Force","55","Control","4.0","4","Benevolence III","Force 38","Force 38; Character Type ForceSensitive","Force","Combat","WIL","None","Design Added","","7.0","-","1 second","6 seconds","Implemented","","Kept below high-tier med kit burst.","Restores 20% of the target's maximum HP plus WIL scaling to a single target. Healing gains +25% when targeting someone other than yourself.","Restores 20% of the target's maximum HP plus WIL scaling to a single target. Healing gains +25% when targeting someone other than yourself.","Benevolence/ForceControl/Benevolence rank 3","Benevolence3","Benevolence3: BenevolenceAbilityDefinition.cs name='Benevolence III' level=3 skill=Force activation=Casted FP=7 STM=- cast=1 cooldown=6","Benevolence3: PASS exact Bible text TLK 3061","Benevolence3: PASS exact Bible text TLK 3061",""
"PASS","Scoped implemented","Force","56","Control","4.0","4","Renewal III","Force 40","Force 40; Character Type ForceSensitive","Force","Combat","WIL","None","Design Added","","7.0","-","1 second","15 seconds","Implemented","","Replacement tier: increased from 4% per tick to create a clear top-rank heal-over-time payoff.","Applies regeneration to a single ally, restoring 6% of maximum HP plus WIL scaling every 3 seconds for 30 seconds.","Applies regeneration to a single ally, restoring 6% of maximum HP plus WIL scaling every 3 seconds for 30 seconds.","Renewal/ForceControl/Renewal rank 3","Renewal3","Renewal3: RenewalAbilityDefinition.cs name='Renewal III' level=3 skill=Force activation=Casted FP=7 STM=- cast=1 cooldown=15","Renewal3: PASS exact Bible text TLK 5352","Renewal3: PASS exact Bible text TLK 5352",""
"PASS","Scoped implemented","Force","57","Control","4.0","4","Fury Stance II","Force 42","Force 42; Character Type ForceSensitive","Force","Stance","WIL","None","Design Added","","8.0","-","-","30 seconds","Implemented","","Replacement tier: stronger Control stance benefits without turning the perk into a short-duration attack button.","While active, gain +12% weapon and force damage and +15% critical damage, but take 5% more damage and suffer -5% Defense and Force Defense. Only one stance may be active.","While active, gain +12% weapon and force damage and +15% critical damage, but take 5% more damage and suffer -5% Defense and Force Defense. Only one stance may be active.","FuryStance/ForceControl/Fury Stance rank 2","FuryStance2","FuryStance2: FuryStanceAbilityDefinition.cs name='Fury Stance II' level=2 skill=Force activation=Casted FP=8 STM=- cast=2 cooldown=30","FuryStance2: PASS exact Bible text TLK 3965","FuryStance2: PASS exact Bible text TLK 3965",""
"PASS","Scoped implemented","Force","58","Control","5.0","5","Guardian Ward IV","Force 45","Force 45; Character Type ForceSensitive","Force","Combat","WIL","None","Design Added","","6.0","-","1 second","12 seconds","Implemented","","Final regular Control Ward rank is delayed into the upper tree before the Force 50 capstone.","Grants a single ally temporary HP equal to 15% of the target's maximum HP plus WIL scaling for 30 seconds.","Grants a single ally temporary HP equal to 15% of the target's maximum HP plus WIL scaling for 30 seconds.","GuardianWard/ForceControl/Guardian Ward rank 4","GuardianWard4","GuardianWard4: GuardianWardAbilityDefinition.cs name='Guardian Ward IV' level=4 skill=Force activation=Casted FP=6 STM=- cast=1 cooldown=12","GuardianWard4: PASS exact Bible text TLK 3234","GuardianWard4: PASS exact Bible text TLK 3234",""
"PASS","Scoped implemented","Force","59","Control","4.0","4","Harmonic Restoration","Force 45","Force 45; Character Type ForceSensitive","Force","Trait","WIL","None","Design Added","","-","-","-","-","Implemented","","Control recovery payoff for sustained healing and restoration play.","When you restore HP to an ally below 50% HP with a Control power, up to two allies within 5m recover 6% of maximum HP
plus WIL scaling and gain +10 Trauma Resistance rating for 30 seconds. This can trigger once every 20 seconds.","When you restore HP to an ally below 50% HP with a Control power, up to two allies within 5m recover 6% of maximum HP plus WIL scaling and gain +10 Trauma Resistance rating for 30 seconds. This can trigger once every 20 seconds.","HarmonicRestoration/ForceControl/Harmonic Restoration rank 1","HarmonicRestorationTrait","HarmonicRestorationTrait: no active ability definition","HarmonicRestorationTrait: PASS exact Bible text TLK 5407","-",""
"PASS","Scoped implemented","Force","60","Control","4.0","4","Force Convergence","Force 48","Force 48; Character Type ForceSensitive","Force","Trait","WIL","None","Design Added","","-","-","-","-","Implemented","","Control resource trait: provides a recovery window without relying on another specific perk line.","After spending FP on a Force power, restore 20% of your maximum FP over 10 seconds and gain +5% Force ability Accuracy for 30 seconds. This can trigger once every 45 seconds.","After spending FP on a Force power, restore 20% of your maximum FP over 10 seconds and gain +5% Force ability Accuracy for 30 seconds. This can trigger once every 45 seconds.","ForceConvergence/ForceControl/Force Convergence rank 1","ForceConvergenceTrait","ForceConvergenceTrait: no active ability definition","ForceConvergenceTrait: PASS exact Bible text TLK 5224","-",""
"PASS","Scoped implemented","Force","61","Control","5.0","5","Hunger of the Dark","Force 50","Force 50; Character Type ForceSensitive; Quest hunger_of_the_dark_mastery","Force","Combat","WIL","None","Design Added","","10.0","-","Instant","90 seconds","Implemented","","Control capstone sustain remains strong but no longer stacks into heavy self-healing loops as aggressively.","For 45 seconds, Dark damage you deal heals you for 12% of damage dealt and defeated enemies restore 3 FP.","For 45 seconds, Dark damage you deal heals you for 12% of damage dealt and defeated enemies restore 3 FP.","HungerOfTheDark/ForceControl/Hunger of the Dark rank 1","HungerOfTheDark1","HungerOfTheDark1: HungerOfTheDarkAbilityDefinition.cs name='Hunger of the Dark' level=1 skill=Force activation=Casted FP=10 STM=- cast=0 cooldown=90","HungerOfTheDark1: PASS exact Bible text TLK 3975","HungerOfTheDark1: PASS exact Bible text TLK 3975",""
"PASS","Scoped implemented","Force","64","Sense","3.0","3","Weaken Resolve I","-","Character Type ForceSensitive","Force","Combat","WIL","None","Combat Formula","","3.0","-","1 second","12 seconds","Implemented","","Set-up debuff for Force parties.","Increases force damage taken by 5% for 24 seconds.","Increases force damage taken by 5% for 24 seconds.","WeakenResolve/ForceSense/Weaken Resolve rank 1","WeakenResolve1","WeakenResolve1: WeakenResolveAbilityDefinition.cs name='Weaken Resolve I' level=1 skill=Force activation=Casted FP=3 STM=- cast=1 cooldown=12","WeakenResolve1: PASS exact Bible text TLK 5372","WeakenResolve1: PASS exact Bible text TLK 5372",""
"PASS","Scoped implemented","Force","65","Sense","2","2","Force Judgment I","Force 5","Force 5; Character Type ForceSensitive","Force","Combat","WIL","None","Combat Formula","","2.0","-","1.5 seconds","12 seconds","Implemented","","Light-side offensive pressure that still reads as restraint rather than raw Dark damage.","Deals 18 force DMG plus WIL scaling to one target and reduces outgoing weapon and force damage by 4% for 30 seconds.","Deals 18 force DMG plus WIL scaling to one target and reduces outgoing weapon and force damage by 4% for 30 seconds.","ForceJudgment/ForceSense/Force Judgment rank 1","ForceJudgment1","ForceJudgment1: ForceJudgmentAbilityDefinition.cs name='Force Judgment I' level=1 skill=Force activation=Casted FP=2 STM=- cast=1.5 cooldown=12","ForceJudgment1: PASS exact Bible text TLK 5403","ForceJudgment1: PASS exact Bible text TLK 5403",""
"PASS","Scoped implemented","Force","66","Sense","3.0","3","Radiant Lance I","Force 8","Force 8; Character Type ForceSensitive","Force","Combat","WIL","None","Combat Formula","","4.0","-","1.5 seconds","15 seconds","Implemented","","Additive Light Sense line attack. Shorter range and lower per-target damage than Throw Rock because it can hit multiple enemies.","Fires a focused lance of radiant Force energy in an 8m x 2.5m line, dealing 16 force DMG plus WIL scaling to hostile targets in the line.","Fires a focused lance of radiant Force energy in an 8m x 2.5m line, dealing 16 force DMG plus WIL scaling to hostile targets in the line.","RadiantLance/ForceSense/Radiant Lance rank 1","RadiantLance1","RadiantLance1: RadiantLanceAbilityDefinition.cs name='Radiant Lance I' level=1 skill=Force activation=Casted FP=4 STM=- cast=1.5 cooldown=15","RadiantLance1: PASS exact Bible text TLK 3858","RadiantLance1: PASS exact Bible text TLK 3858",""
"PASS","Scoped implemented","Force","67","Sense","3.0","3","Mind Trick I","Force 12","Force 12; Character Type ForceSensitive","Force","Combat","WIL","None","Combat Formula","","4.0","-","1 second","45 seconds","Implemented","","Sense mind-control utility. Confusion mechanics are defined in the Status Effects tab.","Attempts to inflict Confusion on one non-mechanical target for 30 seconds. Caster Willpower increases duration, while target Willpower and Mind Resistance reduce it.","Attempts to inflict Confusion on one non-mechanical target for 30 seconds. Caster Willpower increases duration, while target Willpower and Mind Resistance reduce it.","MindTrick/ForceSense/Mind Trick rank 1","MindTrick1","MindTrick1: MindTrickAbilityDefinition.cs name='Mind Trick I' level=1 skill=Force activation=Casted FP=4 STM=- cast=1 cooldown=45","MindTrick1: PASS exact Bible text TLK 5334","MindTrick1: PASS exact Bible text TLK 5334",""
"PASS","Scoped implemented","Force","68","Sense","4.0","4","Courageous Resolve","Force 15","Force 15; Character Type ForceSensitive","Force","Trait","None","None","None","","-","-","-","-","Implemented","","Sense resolve trait that provides mental protection without adding another active button.","When you use a Sense power, you and allies within 5m gain +10 Mind Resistance rating for 30 seconds. Allies with temporary HP from one of your Force powers gain +15 instead.","When you use a Sense power, you and allies within 5m gain +10 Mind Resistance rating for 30 seconds. Allies with temporary HP from one of your Force powers gain +15 instead.","CourageousResolve/ForceSense/Courageous Resolve rank 1","CourageousResolveTrait","CourageousResolveTrait: no active ability definition","CourageousResolveTrait: PASS exact Bible text TLK 5408","-",""
"PASS","Scoped implemented","Force","69","Sense","4.0","4","Nightmare Field","Force 18","Force 18; Character Type ForceSensitive","Force","Combat","WIL","None","Combat Formula","","7.0","-","1.5 seconds","36 seconds","Implemented","","Uses percentages instead of raw Accuracy and Evasion numbers so the debuff scales with the rest of the combat upgrade.","Enemies within 5m suffer -10% physical and Force ability Accuracy and -10% Evasion for 30 seconds.","Enemies within 5m suffer -10% physical and Force ability Accuracy and -10% Evasion for 30 seconds.","NightmareField/ForceSense/Nightmare Field rank 1","NightmareField1","NightmareField1: NightmareFieldAbilityDefinition.cs name='Nightmare Field' level=1 skill=Force activation=Casted FP=7 STM=- cast=1.5 cooldown=36","NightmareField1: PASS exact Bible text TLK 5377","NightmareField1: PASS exact Bible text TLK 5377",""
"PASS","Scoped implemented","Force","70","Sense","3.0","3","Precognition","Force 22","Force 22; Character Type ForceSensitive","Force","Trait","None","None","Design Added","","-","-","-","-","Implemented","","Sense combat trait that benefits any Force style without adding an active button or equipment requirement.","After spending FP on a Force power, gain +5% Defense and +5% Evasion for 30 seconds. This can trigger once every 12 seconds.","After spending FP on a Force power, gain +5% Defense and +5% Evasion for 30 seconds. This can trigger once every 12 seconds.","Precognition/ForceSense/Precognition rank 1","PrecognitionTrait","PrecognitionTrait: no active ability definition","PrecognitionTrait: PASS exact Bible text TLK 5223","-",""
"PASS","Scoped implemented","Force","71","Sense","2","2","Force Judgment II","Force 25","Force 25; Character Type ForceSensitive","Force","Combat","WIL","None","Combat Formula","","3.0","-","1.5 seconds","12 seconds","Implemented","","Replacement tier: selected target receives the full lower-rank effect before the nearby enemy is added.","Deals 32 force DMG plus WIL scaling to the selected target and one enemy within 5m, reducing outgoing weapon and force damage by 6% for 30 seconds.","Deals 32 force DMG plus WIL scaling to the selected target and one enemy within 5m, reducing outgoing weapon and force damage by 6% for 30 seconds.","ForceJudgment/ForceSense/Force Judgment rank 2","ForceJudgment2","ForceJudgment2: ForceJudgmentAbilityDefinition.cs name='Force Judgment II' level=2 skill=Force activation=Casted FP=3 STM=- cast=1.5 cooldown=12","ForceJudgment2: PASS exact Bible text TLK 5404","ForceJudgment2: PASS exact Bible text TLK 5404",""
"PASS","Scoped implemented","Force","72","Sense","3.0","3","Weaken Resolve II","Force 28","Force 28; Character Type ForceSensitive","Force","Combat","WIL","None","Combat Formula","","5.0","-","1 second","12 seconds","Implemented","","Set-up debuff for Force parties.","Increases force damage taken by 10% for 24 seconds.","Increases force damage taken by 10% for 24 seconds.","WeakenResolve/ForceSense/Weaken Resolve rank 2","WeakenResolve2","WeakenResolve2: WeakenResolveAbilityDefinition.cs name='Weaken Resolve II' level=2 skill=Force activation=Casted FP=5 STM=- cast=1 cooldown=12","WeakenResolve2: PASS exact Bible text TLK 5379","WeakenResolve2: PASS exact Bible text TLK 5379",""
"PASS","Scoped implemented","Force","73","Sense","4.0","4","Force Intercept","Force 32","Force 32; Character Type ForceSensitive","Force","Combat","None","None","None","","5.0","-","-","24 seconds","Implemented","","Sense ally-protection response. Cannot target self.","Leap to an ally up to 15m away and absorb 50% of the next hit they take within 30 seconds.","Leap to an ally up to 15m away and absorb 50% of the next hit they take within 30 seconds.","ForceIntercept/ForceSense/Force Intercept rank 1","ForceIntercept1","ForceIntercept1: ForceInterceptAbilityDefinition.cs name='Force Intercept' level=1 skill=Force activation=Casted FP=5 STM=- cast=0 cooldown=24","ForceIntercept1: PASS exact Bible text TLK 5323","ForceIntercept1: PASS exact Bible text TLK 5323",""
"PASS","Scoped implemented","Force","74","Sense","4.0","4","Radiant Lance II","Force 35","Force 35; Character Type ForceSensitive","Force","Combat","WIL","None","Combat Formula","","5.0","-","1.5 seconds","15 seconds","Implemented","","Replacement tier: raises line damage without adding Dark-style drain, Shock, execute pressure, or self-sustain.","Fires a focused lance of radiant Force energy in an 8m x 2.5m line, dealing 30 force DMG plus WIL scaling to hostile targets in the line.","Fires a focused lance of radiant Force energy in an 8m x 2.5m line, dealing 30 force DMG plus WIL scaling to hostile targets in the line.","RadiantLance/ForceSense/Radiant Lance rank 2","RadiantLance2","RadiantLance2: RadiantLanceAbilityDefinition.cs name='Radiant Lance II' level=2 skill=Force activation=Casted FP=5 STM=- cast=1.5 cooldown=15","RadiantLance2: PASS exact Bible text TLK 3860","RadiantLance2: PASS exact Bible text TLK 3860",""
"PASS","Scoped implemented","Force","75","Sense","4.0","4","Mind Trick II","Force 38","Force 38; Character Type ForceSensitive","Force","Combat","WIL","None","Combat Formula","","5.0","-","1 second","45 seconds","Implemented","","Replacement tier: expands target count and uses the same Willpower contest as rank I. Confusion mechanics are defined in the Status Effects tab.","Attempts to inflict Confusion on the selected non-mechanical target and one non-mechanical target within 5m for 30 seconds.
Caster Willpower increases duration, while target Willpower and Mind Resistance reduce it.","Attempts to inflict Confusion on the selected non-mechanical target and one non-mechanical target within 5m for 30 seconds. Caster Willpower increases duration, while target Willpower and Mind Resistance reduce it.","MindTrick/ForceSense/Mind Trick rank 2","MindTrick2","MindTrick2: MindTrickAbilityDefinition.cs name='Mind Trick II' level=2 skill=Force activation=Casted FP=5 STM=- cast=1 cooldown=45","MindTrick2: PASS exact Bible text TLK 5413","MindTrick2: PASS exact Bible text TLK 5413",""
"PASS","Scoped implemented","Force","76","Sense","4.0","4","Collapse Will","Force 42","Force 42; Character Type ForceSensitive","Force","Trait","WIL","None","Combat Formula","","-","-","-","-","Implemented","","High-tier Sense debuff setup. Converted from separate active ability to Trait row for the active-button budget. Former active values: FP 9; casting 1 second; cooldown 75 seconds.","Nightmare Field and Eclipse of Resolve also apply Exposed and Force Erosion for 30 seconds.","Nightmare Field and Eclipse of Resolve also apply Exposed and Force Erosion for 30 seconds.","CollapseWill/ForceSense/Collapse Will rank 1","CollapseWillTrait","CollapseWillTrait: no active ability definition","CollapseWillTrait: PASS exact Bible text TLK 5217","-",""
"PASS","Scoped implemented","Force","77","Sense","3","3","Force Judgment III","Force 45","Force 45; Character Type ForceSensitive","Force","Combat","WIL","None","Combat Formula","","4.0","-","1.5 seconds","15 seconds","Implemented","","Replacement tier: selected target receives the full lower-rank effect before nearby enemies are added.","Deals 48 force DMG plus WIL scaling to the selected target and enemies within 5m, reducing outgoing weapon and force damage by 8% for 30 seconds.","Deals 48 force DMG plus WIL scaling to the selected target and enemies within 5m, reducing outgoing weapon and force damage by 8% for 30 seconds.","ForceJudgment/ForceSense/Force Judgment rank 3","ForceJudgment3","ForceJudgment3: ForceJudgmentAbilityDefinition.cs name='Force Judgment III' level=3 skill=Force activation=Casted FP=4 STM=- cast=1.5 cooldown=15","ForceJudgment3: PASS exact Bible text TLK 5405","ForceJudgment3: PASS exact Bible text TLK 5405",""
"PASS","Scoped implemented","Force","78","Sense","4.0","4","Radiant Lance III","Force 48","Force 48; Character Type ForceSensitive","Force","Combat","WIL","None","Combat Formula","","6.0","-","1.5 seconds","18 seconds","Implemented","","Replacement tier: final line rank keeps controlled Light-side pressure and stays below Dark's raw sustained damage package.","Fires a focused lance of radiant Force energy in an 8m x 2.5m line, dealing 44 force DMG plus WIL scaling to hostile targets in the line.","Fires a focused lance of radiant Force energy in an 8m x 2.5m line, dealing 44 force DMG plus WIL scaling to hostile targets in the line.","RadiantLance/ForceSense/Radiant Lance rank 3","RadiantLance3","RadiantLance3: RadiantLanceAbilityDefinition.cs name='Radiant Lance III' level=3 skill=Force activation=Casted FP=6 STM=- cast=1.5 cooldown=18","RadiantLance3: PASS exact Bible text TLK 3862","RadiantLance3: PASS exact Bible text TLK 3862",""
"PASS","Scoped implemented","Force","79","Sense","5.0","5","Eclipse of Resolve","Force 50","Force 50; Character Type ForceSensitive; Quest eclipse_of_resolve_mastery","Force","Combat","WIL","None","Combat Formula","","10.0","-","1.5 seconds","90 seconds","Implemented","","Sense capstone debuff remains broad, but its duration and penalties are below Leadership's major command windows.","Enemies within 5m suffer -12% physical and Force ability Accuracy, -12% Evasion, and +20% FP and STM costs for 30 seconds.","Enemies within 5m suffer -12% physical and Force ability Accuracy, -12% Evasion, and +20% FP and STM costs for 30 seconds.","EclipseOfResolve/ForceSense/Eclipse of Resolve rank 1","EclipseOfResolve1","EclipseOfResolve1: EclipseOfResolveAbilityDefinition.cs name='Eclipse of Resolve' level=1 skill=Force activation=Casted FP=10 STM=- cast=1.5 cooldown=90","EclipseOfResolve1: PASS exact Bible text TLK 3925","EclipseOfResolve1: PASS exact Bible text TLK 3925",""
"PASS","Scoped implemented","Devices","9","Grenadier","2.0","2","Frag Grenade I","-","Character Type Standard","Standard","Combat","PER","None","Combat Formula","","-","2.0","1 second","8 seconds","Implemented","","Thrown active combat explosive. Droid instruction AI slots: 1.","Deals 18 fire DMG plus PER scaling to enemies in a 3m blast. Consumes explosives.","Deals 18 fire DMG plus PER scaling to enemies in a 3m blast. Consumes explosives.","FragGrenade/DevicesGrenadier/Frag Grenade rank 1","FragGrenade1","FragGrenade1: FragGrenadeAbilityDefinition.cs name='Frag Grenade I' level=1 skill=Devices activation=Casted FP=- STM=2 cast=1 cooldown=8","FragGrenade1: PASS exact Bible text TLK 3216","FragGrenade1: PASS exact Bible text TLK 3216",""
"PASS","Scoped implemented","Devices","10","Grenadier","3.0","3","Blast Radius I","Devices 5","Devices 5; Character Type Standard","Standard","Trait","PER","None","Design Added","","-","-","-","-","Implemented","","Replaces resource-saving SP tax with tactical area scaling.","Grenade abilities, Remote Charge, and Overload Barrage gain +1m blast radius.","Grenade abilities, Remote Charge, and Overload Barrage gain +1m blast radius.","BlastRadius/DevicesGrenadier/Blast Radius rank 1","BlastRadiusTrait","BlastRadiusTrait: no active ability definition","BlastRadiusTrait: PASS exact Bible text TLK 4221","-",""
"PASS","Scoped implemented","Devices","11","Grenadier","3.0","3","Concussion Grenade I","Devices 8","Devices 8; Character Type Standard","Standard","Combat","PER","None","Combat Formula","","-","3.0","1 second","45 seconds","Implemented","","Droid instruction AI slots: 1.","Deals 14 electrical DMG plus PER scaling in a 3m blast and knocks down for 3 seconds. Affects up to 5 targets. Consumes explosives.","Deals 14 electrical DMG plus PER scaling in a 3m blast and knocks down for 3 seconds. Affects up to 5 targets. Consumes explosives.","ConcussionGrenade/DevicesGrenadier/Concussion Grenade rank 1","ConcussionGrenade1","ConcussionGrenade1: ConcussionGrenadeAbilityDefinition.cs name='Concussion Grenade I' level=1 skill=Devices activation=Casted FP=- STM=3 cast=1 cooldown=45","ConcussionGrenade1: PASS exact Bible text TLK 5296","ConcussionGrenade1: PASS exact Bible text TLK 5296",""
"PASS","Scoped implemented","Devices","12","Grenadier","3.0","3","Flash Grenade","Devices 12","Devices 12; Character Type Standard","Standard","Combat","None","None","None","","-","2.0","1 second","15 seconds","Implemented","","Droid instruction AI slots: 1.","Attempts to inflict Flash, reducing physical and Force ability hit chance by 8% for 30 seconds in a 4m blast. Affects up to 5 targets. Consumes explosives.","Attempts to inflict Flash, reducing physical and Force ability hit chance by 8% for 30 seconds in a 4m blast. Affects up to 5 targets. Consumes explosives.","FlashGrenade/DevicesGrenadier/Flash Grenade rank 1","FlashGrenade1","FlashGrenade1: FlashGrenadeAbilityDefinition.cs name='Flash Grenade' level=1 skill=Devices activation=Casted FP=- STM=2 cast=1 cooldown=15","FlashGrenade1: PASS exact Bible text TLK 5301","FlashGrenade1: PASS exact Bible text TLK 5301",""
"PASS","Scoped implemented","Devices","13","Grenadier","3.0","3","Frag Grenade II","Devices 15","Devices 15; Character Type Standard","Standard","Combat","PER","None","Combat Formula","","-","3.0","1 second","8 seconds","Implemented","","Droid instruction AI slots: 2.","Deals 32 fire DMG plus PER scaling to enemies in a 3m blast and attempts to inflict Bleed for 12 seconds. Consumes explosives.","Deals 32 fire DMG plus PER scaling to enemies in a 3m blast and attempts to inflict Bleed for 12 seconds. Consumes explosives.","FragGrenade/DevicesGrenadier/Frag Grenade rank 2","FragGrenade2","FragGrenade2: FragGrenadeAbilityDefinition.cs name='Frag Grenade II' level=2 skill=Devices activation=Casted FP=- STM=3 cast=1 cooldown=8","FragGrenade2: PASS exact Bible text TLK 3962","FragGrenade2: PASS exact Bible text TLK 3962",""
"PASS","Scoped implemented","Devices","14","Grenadier","3.0","3","Ion Grenade I","Devices 18","Devices 18; Character Type Standard","Standard","Combat","PER","None","Combat Formula","","-","3.0","1 second","12 seconds","Implemented","","Droid instruction AI slots: 1.","Deals 20 electrical DMG plus PER scaling in a 3m blast. Deals 50% bonus damage to droids. Consumes explosives.","Deals 20 electrical DMG plus PER scaling in a 3m blast. Deals 50% bonus damage to droids. Consumes explosives.","IonGrenade/DevicesGrenadier/Ion Grenade rank 1","IonGrenade1","IonGrenade1: IonGrenadeAbilityDefinition.cs name='Ion Grenade I' level=1 skill=Devices activation=Casted FP=- STM=3 cast=1 cooldown=12","IonGrenade1: PASS exact Bible text TLK 3269","IonGrenade1: PASS exact Bible text TLK 3269",""
"PASS","Scoped implemented","Devices","15","Grenadier","4.0","4","Blast Radius II","Devices 22","Devices 22; Character Type Standard","Standard","Trait","PER","None","Design Added","","-","-","-","-","Implemented","","","Grenade abilities, Remote Charge, and Overload Barrage gain +2m blast radius.","Grenade abilities, Remote Charge, and Overload Barrage gain +2m blast radius.","BlastRadius/DevicesGrenadier/Blast Radius rank 2","","-","-","-",""
"PASS","Scoped implemented","Devices","16","Grenadier","4.0","4","Adhesive Grenade I","Devices 25","Devices 25; Character Type Standard","Standard","Combat","None","None","None","","-","4.0","1 second","45 seconds","Implemented","","Droid instruction AI slots: 1.","Slows enemies in a 4m blast for 6 seconds. Affects up to 3 targets. Consumes explosives.","Slows enemies in a 4m blast for 6 seconds. Affects up to 3 targets. Consumes explosives.","AdhesiveGrenade/DevicesGrenadier/Adhesive Grenade rank 1","AdhesiveGrenade1","AdhesiveGrenade1: AdhesiveGrenadeAbilityDefinition.cs name='Adhesive Grenade I' level=1 skill=Devices activation=Casted FP=- STM=4 cast=1 cooldown=45","AdhesiveGrenade1: PASS exact Bible text TLK 5320","AdhesiveGrenade1: PASS exact Bible text TLK 5320",""
"PASS","Scoped implemented","Devices","17","Grenadier","4.0","4","Concussion Grenade II","Devices 28","Devices 28; Character Type Standard","Standard","Combat","PER","None","Combat Formula","","-","4.0","1 second","45 seconds","Implemented","","Droid instruction AI slots: 2.","Deals 28 electrical DMG plus PER scaling in a 3m blast and knocks down for 3 seconds. Affects up to 5 targets. Consumes explosives.","Deals 28 electrical DMG plus PER scaling in a 3m blast and knocks down for 3 seconds. Affects up to 5 targets. Consumes explosives.","ConcussionGrenade/DevicesGrenadier/Concussion Grenade rank 2","ConcussionGrenade2","ConcussionGrenade2: ConcussionGrenadeAbilityDefinition.cs name='Concussion Grenade II' level=2 skill=Devices activation=Casted FP=- STM=4 cast=1 cooldown=45","ConcussionGrenade2: PASS exact Bible text TLK 5322","ConcussionGrenade2: PASS exact Bible text TLK 5322",""
"PASS","Scoped implemented","Devices","18","Grenadier","4.0","4","Cluster Grenade","Devices 30","Devices 30; Character Type Standard","Standard","Combat","PER","None","Combat Formula","","-","5.0","1 second","24 seconds","Implemented","","Droid instruction AI slots: 1.","Throws three adjacent grenades within 3m of the target point. Each grenade deals 18 fire DMG plus PER scaling in a 2m blast, and overlapping blasts can hit the same enemy. Consumes explosives.","Throws three adjacent grenades within 3m of the target point. Each grenade deals 18 fire DMG plus PER scaling in a 2m blast, and overlapping blasts can hit the same enemy. Consumes explosives.","ClusterGrenade/DevicesGrenadier/Cluster Grenade rank 1","ClusterGrenade1","ClusterGrenade1: ClusterGrenadeAbilityDefinition.cs name='Cluster Grenade' level=1 skill=Devices activation=Casted FP=- STM=5 cast=1 cooldown=24","ClusterGrenade1: PASS exact Bible text TLK 3902","ClusterGrenade1: PASS exact Bible text TLK 3902",""
"PASS","Scoped implemented","Devices","19","Grenadier","4.0","4","Disruption Pulse","Devices 35","Devices 35; Character Type Standard","Standard","Combat","PER","None","Combat Formula","","-","4.0","1.5 seconds","24 seconds","Implemented","","Grenadier control explosive carried over from the shared Devices set; replaces redundant late Flash and Concussion ranks with an area disruption tool. Droid instruction AI slots: 1.","Emits a 5m disruption pulse at a target point within 12m, dealing 18 electrical DMG plus PER scaling to enemies and
reducing physical and Force ability Accuracy by 6% for 12 seconds. Consumes explosives.","Emits a 5m disruption pulse at a target point within 12m, dealing 18 electrical DMG plus PER scaling to enemies and reducing physical and Force ability Accuracy by 6% for 12 seconds. Consumes explosives.","DisruptionPulse/DevicesGrenadier/Disruption Pulse rank 1","DisruptionPulse1","DisruptionPulse1: DisruptionPulseAbilityDefinition.cs name='Disruption Pulse' level=1 skill=Devices activation=Casted FP=- STM=4 cast=1.5 cooldown=24","DisruptionPulse1: PASS exact Bible text TLK 5421","DisruptionPulse1: PASS exact Bible text TLK 5421",""
"PASS","Scoped implemented","Devices","20","Grenadier","4.0","4","Ion Grenade II","Devices 38","Devices 38; Character Type Standard","Standard","Combat","PER","None","Combat Formula","","-","5.0","1 second","12 seconds","Implemented","","Droid instruction AI slots: 2.","Deals 34 electrical DMG plus PER scaling in a 3m blast. Deals 60% bonus damage to droids and inflicts Shock for 12 seconds. Consumes explosives.","Deals 34 electrical DMG plus PER scaling in a 3m blast. Deals 60% bonus damage to droids and inflicts Shock for 12 seconds. Consumes explosives.","IonGrenade/DevicesGrenadier/Ion Grenade rank 2","IonGrenade2","IonGrenade2: IonGrenadeAbilityDefinition.cs name='Ion Grenade II' level=2 skill=Devices activation=Casted FP=- STM=5 cast=1 cooldown=12","IonGrenade2: PASS exact Bible text TLK 3984","IonGrenade2: PASS exact Bible text TLK 3984",""
"PASS","Scoped implemented","Devices","21","Grenadier","5.0","5","Frag Grenade III","Devices 40","Devices 40; Character Type Standard","Standard","Combat","PER","None","Combat Formula","","-","5.0","1 second","8 seconds","Implemented","","Droid instruction AI slots: 3.","Deals 48 fire DMG plus PER scaling to enemies in a 3m blast and attempts to inflict Bleed for 12 seconds. Consumes explosives.","Deals 48 fire DMG plus PER scaling to enemies in a 3m blast and attempts to inflict Bleed for 12 seconds. Consumes explosives.","FragGrenade/DevicesGrenadier/Frag Grenade rank 3","FragGrenade3","FragGrenade3: FragGrenadeAbilityDefinition.cs name='Frag Grenade III' level=3 skill=Devices activation=Casted FP=- STM=5 cast=1 cooldown=8","FragGrenade3: PASS exact Bible text TLK 3963","FragGrenade3: PASS exact Bible text TLK 3963",""
"PASS","Scoped implemented","Devices","22","Grenadier","4.0","4","Adhesive Grenade II","Devices 42","Devices 42; Character Type Standard","Standard","Combat","None","None","None","","-","5.0","1 second","45 seconds","Implemented","","Droid instruction AI slots: 2.","Slows enemies in a 4m blast for 12 seconds. Affects up to 5 targets. Consumes explosives.","Slows enemies in a 4m blast for 12 seconds. Affects up to 5 targets. Consumes explosives.","AdhesiveGrenade/DevicesGrenadier/Adhesive Grenade rank 2","AdhesiveGrenade2","AdhesiveGrenade2: AdhesiveGrenadeAbilityDefinition.cs name='Adhesive Grenade II' level=2 skill=Devices activation=Casted FP=- STM=5 cast=1 cooldown=45","AdhesiveGrenade2: PASS exact Bible text TLK 3882","AdhesiveGrenade2: PASS exact Bible text TLK 3882",""
"PASS","Scoped implemented","Devices","23","Grenadier","5.0","5","Blast Radius III","Devices 45","Devices 45; Character Type Standard","Standard","Trait","PER","None","Design Added","","-","-","-","-","Implemented","","Radius scaling only; no credit-saver perk tax.","Grenade abilities, Remote Charge, and Overload Barrage gain +3m blast radius, and Flash Grenade and Adhesive Grenade non-save effect strength increases by 5%.","Grenade abilities, Remote Charge, and Overload Barrage gain +3m blast radius, and Flash Grenade and Adhesive Grenade non-save effect strength increases by 5%.","BlastRadius/DevicesGrenadier/Blast Radius rank 3","","-","-","-",""
"PASS","Scoped implemented","Devices","24","Grenadier","5.0","5","Thermal Detonator","Devices 50","Devices 50; Character Type Standard; Quest thermal_detonator_mastery","Standard","Combat","PER","None","Combat Formula","","-","15.0","1.5 seconds","90 seconds","Implemented","Consumes 1 explosives.","Player capstone: shared Capstone timer; uses a fixed 90-second capstone cooldown with a 45-second active duration and has no weapon/tool activation requirement. Droid instruction AI slots: 1.","Deals 60 fire DMG plus PER scaling in a 5m blast and inflicts Burn for 45 seconds. Consumes explosives.","Deals 60 fire DMG plus PER scaling in a 5m blast and inflicts Burn for 45 seconds. Consumes explosives.","ThermalDetonator/DevicesGrenadier/Thermal Detonator rank 1","ThermalDetonator1","ThermalDetonator1: ThermalDetonatorAbilityDefinition.cs name='Thermal Detonator' level=1 skill=Devices activation=Casted FP=- STM=15 cast=1.5 cooldown=90","ThermalDetonator1: PASS exact Bible text TLK 4049","ThermalDetonator1: PASS exact Bible text TLK 4049",""
"PASS","Scoped implemented","Devices","28","Field Engineer","3.0","3","Blaster Beacon I","-","Character Type Standard","Standard","Combat","PER","None","Combat Formula","","-","3.0","1.5 seconds","45 seconds","Implemented","","No creature spawn; implement as a caster-owned timed area pulse at the target location. Hostiles only. Droid instruction AI slots: 1.","Plants a visible 12m targeting sphere for 30 seconds. Every 3 seconds, one hostile target inside is hit by an automated ranged energy pulse for 3 physical DMG plus PER scaling.","Plants a visible 12m targeting sphere for 30 seconds. Every 3 seconds, one hostile target inside is hit by an automated ranged energy pulse for 3 physical DMG plus PER scaling.","BlasterBeacon/DevicesFieldEngineer/Blaster Beacon rank 1","BlasterBeacon1","BlasterBeacon1: BlasterBeaconAbilityDefinition.cs name='Blaster Beacon I' level=1 skill=Devices activation=Casted FP=- STM=3 cast=1.5 cooldown=45","BlasterBeacon1: PASS exact Bible text TLK 5329","BlasterBeacon1: PASS exact Bible text TLK 5329",""
"PASS","Scoped implemented","Devices","29","Field Engineer","3.0","3","Beacon Targeting I","Devices 5","Devices 5; Character Type Standard","Standard","Trait","PER","None","Design Added","","-","-","-","-","Implemented","","Folded in from old Droidbreaker targeting concept; applies to beacon pulses, not spawned units.","Beacon pulses gain +4% damage and +1m pulse range.","Beacon pulses gain +4% damage and +1m pulse range.","BeaconTargeting/DevicesFieldEngineer/Beacon Targeting rank 1","BeaconTargetingTrait","BeaconTargetingTrait: no active ability definition","BeaconTargetingTrait: PASS exact Bible text TLK 4087","-",""
"PASS","Scoped implemented","Devices","30","Field Engineer","3.0","3","Incendiary Field I","Devices 8","Devices 8; Character Type Standard","Standard","Combat","PER","None","Combat Formula","","-","4.0","1.5 seconds","30 seconds","Implemented","","Droid instruction AI slots: 1.","Deploys a visible 5m-radius fire field at the target location for 30 seconds. Enemies inside take 8 fire DMG plus PER scaling every 3 seconds.","Deploys a visible 5m-radius fire field at the target location for 30 seconds. Enemies inside take 8 fire DMG plus PER scaling every 3 seconds.","IncendiaryField/DevicesFieldEngineer/Incendiary Field rank 1","IncendiaryField1","IncendiaryField1: IncendiaryFieldAbilityDefinition.cs name='Incendiary Field I' level=1 skill=Devices activation=Casted FP=- STM=4 cast=1.5 cooldown=30","IncendiaryField1: PASS exact Bible text TLK 5333","IncendiaryField1: PASS exact Bible text TLK 5333",""
"PASS","Scoped implemented","Devices","31","Field Engineer","3.0","3","Remote Charge I","Devices 12","Devices 12; Character Type Standard","Standard","Combat","PER","None","Combat Formula","","-","4.0","1 second","18 seconds","Implemented","","Not stealthy and cannot persist out of combat. Droid instruction AI slots: 1.","Arms a visible charge at your target location that detonates after 3 seconds in a 5m-radius blast for 30 fire DMG plus PER scaling.","Arms a visible charge at your target location that detonates after 3 seconds in a 5m-radius blast for 30 fire DMG plus PER scaling.","RemoteCharge/DevicesFieldEngineer/Remote Charge rank 1","RemoteCharge1","RemoteCharge1: RemoteChargeAbilityDefinition.cs name='Remote Charge I' level=1 skill=Devices activation=Casted FP=- STM=4 cast=1 cooldown=18","RemoteCharge1: PASS exact Bible text TLK 3365","RemoteCharge1: PASS exact Bible text TLK 3365",""
"PASS","Scoped implemented","Devices","32","Field Engineer","3.0","3","Blaster Beacon II","Devices 15","Devices 15; Character Type Standard","Standard","Combat","PER","None","Combat Formula","","-","4.0","1.5 seconds","45 seconds","Implemented","","No creature spawn; implement as a caster-owned timed area pulse at the target location. Hostiles only. Droid instruction AI slots: 2.","Plants a visible 12m targeting sphere for 30 seconds. Every 3 seconds, one hostile target inside is hit by an automated ranged energy pulse for 6 physical DMG plus PER scaling.","Plants a visible 12m targeting sphere for 30 seconds. Every 3 seconds, one hostile target inside is hit by an automated ranged energy pulse for 6 physical DMG plus PER scaling.","BlasterBeacon/DevicesFieldEngineer/Blaster Beacon rank 2","BlasterBeacon2","BlasterBeacon2: BlasterBeaconAbilityDefinition.cs name='Blaster Beacon II' level=2 skill=Devices activation=Casted FP=- STM=4 cast=1.5 cooldown=45","BlasterBeacon2: PASS exact Bible text TLK 5337","BlasterBeacon2: PASS exact Bible text TLK 5337",""
"PASS","Scoped implemented","Devices","33","Field Engineer","4.0","4","Signal Jammer","Devices 18","Devices 18; Character Type Standard","Standard","Combat","PER","None","Combat Formula","","-","4.0","1.5 seconds","24 seconds","Implemented","","Field Engineer control device carried over from the shared Devices set. Droid instruction AI slots: 1.","Deploys a signal jammer for 45 seconds. Hostile targets within 5m suffer -6% physical and Force ability Accuracy and cannot benefit from Haste while inside.","Deploys a signal jammer for 45 seconds. Hostile targets within 5m suffer -6% physical and Force ability Accuracy and cannot benefit from Haste while inside.","SignalJammer/DevicesFieldEngineer/Signal Jammer rank 1","SignalJammer1","SignalJammer1: SignalJammerAbilityDefinition.cs name='Signal Jammer' level=1 skill=Devices activation=Casted FP=- STM=4 cast=1.5 cooldown=24","SignalJammer1: PASS exact Bible text TLK 5401","SignalJammer1: PASS exact Bible text TLK 5401",""
"PASS","Scoped implemented","Devices","34","Field Engineer","4.0","4","Shock Beacon I","Devices 22","Devices 22; Character Type Standard","Standard","Combat","PER","None","Combat Formula","","-","5.0","1.5 seconds","36 seconds","Implemented","","No creature spawn; implement as a caster-owned timed area pulse at the target location. Hostiles only. Droid instruction AI slots: 1.","Plants a visible 5m shock sphere for 30 seconds. Every 3 seconds, one hostile target inside is hit for 10 electrical DMG plus PER scaling and suffers Shock.","Plants a visible 5m shock sphere for 30 seconds. Every 3 seconds, one hostile target inside is hit for 10 electrical DMG plus PER scaling and suffers Shock.","ShockBeacon/DevicesFieldEngineer/Shock Beacon rank 1","ShockBeacon1","ShockBeacon1: ShockBeaconAbilityDefinition.cs name='Shock Beacon I' level=1 skill=Devices activation=Casted FP=- STM=5 cast=1.5 cooldown=36","ShockBeacon1: PASS exact Bible text TLK 5339","ShockBeacon1: PASS exact Bible text TLK 5339",""
"PASS","Scoped implemented","Devices","35","Field Engineer","4.0","4","Incendiary Field II","Devices 25","Devices 25; Character Type Standard","Standard","Combat","PER","None","Combat Formula","","-","5.0","1.5 seconds","30 seconds","Implemented","","Droid instruction AI slots: 2.","Deploys a visible 5m-radius fire field at the target location for 30 seconds. Enemies inside take 12 fire DMG plus PER scaling every 3 seconds.","Deploys a visible 5m-radius fire field at the target location for 30 seconds. Enemies inside take 12 fire DMG plus PER scaling every 3 seconds.","IncendiaryField/DevicesFieldEngineer/Incendiary Field rank 2","IncendiaryField2","IncendiaryField2: IncendiaryFieldAbilityDefinition.cs name='Incendiary Field II' level=2 skill=Devices activation=Casted FP=- STM=5 cast=1.5 cooldown=30","IncendiaryField2: PASS exact Bible text TLK 5342","IncendiaryField2: PASS exact Bible text TLK 5342",""
"PASS","Scoped implemented","Devices","36","Field Engineer","4.0","4","Remote Charge II","Devices 28","Devices 28; Character Type Standard","Standard","Combat","PER","None","Combat Formula","","-","5.0","1 second","18 seconds","Implemented","","Droid instruction AI slots: 2.","Arms a visible charge at your target location that detonates after 3 seconds in a 5m-radius blast for 42 fire DMG plus PER scaling and inflicts Knockdown for 6 seconds.","Arms a visible charge at your target location that detonates after 3 seconds in a 5m-radius blast for 42 fire DMG plus PER scaling and inflicts Knockdown for 6 seconds.","RemoteCharge/DevicesFieldEngineer/Remote Charge rank 2","RemoteCharge2","RemoteCharge2: RemoteChargeAbilityDefinition.cs name='Remote Charge II' level=2 skill=Devices activation=Casted FP=- STM=5 cast=1 cooldown=18","RemoteCharge2: PASS exact Bible text TLK 5343","RemoteCharge2: PASS exact Bible text TLK 5343",""
"PASS","Scoped implemented","Devices","37","Field Engineer","4.0","4","Blaster Beacon III","Devices 30","Devices 30; Character Type Standard","Standard","Combat","PER","None","Combat Formula","","-","6.0","1.5 seconds","45 seconds","Implemented","","No creature spawn; implement as a caster-owned timed area pulse at the target location. Hostiles only. Droid instruction AI slots: 3.","Plants a visible 14m targeting sphere for 30 seconds. Every 3 seconds, one hostile target inside is hit by an automated ranged energy pulse for 10 physical DMG plus PER scaling.","Plants a visible 14m targeting sphere for 30 seconds. Every 3 seconds, one hostile target inside is hit by an automated ranged energy pulse for 10 physical DMG plus PER scaling.","BlasterBeacon/DevicesFieldEngineer/Blaster Beacon rank 3","BlasterBeacon3","BlasterBeacon3: BlasterBeaconAbilityDefinition.cs name='Blaster Beacon III' level=3 skill=Devices activation=Casted FP=- STM=6 cast=1.5 cooldown=45","BlasterBeacon3: PASS exact Bible text TLK 5347","BlasterBeacon3: PASS exact Bible text TLK 5347",""
"PASS","Scoped implemented","Devices","38","Field Engineer","5.0","5","Diagnostic Sweep","Devices 35","Devices 35; Character Type Standard","Standard","Trait","None","None","Design Added","","-","-","-","-","Implemented","","Placed in Field Engineer because the effect is sensor and area-control utility rather than direct support or personal assault.","Field Engineer beacons, fields, charges, and jammers reveal hidden enemies in their affected area and reduce Evasion by 4% for 30 seconds.","Field Engineer beacons, fields, charges, and jammers reveal hidden enemies in their affected area and reduce Evasion by 4% for 30 seconds.","DiagnosticSweep/DevicesFieldEngineer/Diagnostic Sweep rank 1","DiagnosticSweepTrait","DiagnosticSweepTrait: no active ability definition","DiagnosticSweepTrait: PASS exact Bible text TLK 5213","-",""
"PASS","Scoped implemented","Devices","39","Field Engineer","5.0","5","Shock Beacon II","Devices 38","Devices 38; Character Type Standard","Standard","Combat","PER","None","Combat Formula","","-","6.0","1.5 seconds","36 seconds","Implemented","","No creature spawn; implement as a caster-owned timed area pulse at the target location. Hostiles only. Droid instruction AI slots: 2.","Plants a visible 5m shock sphere for 30 seconds. Every 3 seconds, one hostile target inside is hit for 14 electrical DMG plus PER scaling and suffers Shock.","Plants a visible 5m shock sphere for 30 seconds. Every 3 seconds, one hostile target inside is hit for 14 electrical DMG plus PER scaling and suffers Shock.","ShockBeacon/DevicesFieldEngineer/Shock Beacon rank 2","ShockBeacon2","ShockBeacon2: ShockBeaconAbilityDefinition.cs name='Shock Beacon II' level=2 skill=Devices activation=Casted FP=- STM=6 cast=1.5 cooldown=36","ShockBeacon2: PASS exact Bible text TLK 5349","ShockBeacon2: PASS exact Bible text TLK 5349",""
"PASS","Scoped implemented","Devices","40","Field Engineer","5.0","5","Beacon Targeting II","Devices 42","Devices 42; Character Type Standard","Standard","Trait","PER","None","Design Added","","-","-","-","-","Implemented","","Consolidates the old multi-rank beacon targeting support into one late Field Engineer trait.","Beacon pulses gain +8% damage and +2m pulse range.","Beacon pulses gain +8% damage and +2m pulse range.","BeaconTargeting/DevicesFieldEngineer/Beacon Targeting rank 2","","-","-","-",""
"PASS","Scoped implemented","Devices","41","Field Engineer","5.0","5","Incendiary Field III","Devices 45","Devices 45; Character Type Standard","Standard","Combat","PER","None","Combat Formula","","-","7.0","1.5 seconds","30 seconds","Implemented","","Droid instruction AI slots: 3.","Deploys a visible 5m-radius fire field at the target location for 30 seconds. Enemies inside take 16 fire DMG plus PER scaling every 3 seconds.","Deploys a visible 5m-radius fire field at the target location for 30 seconds. Enemies inside take 16 fire DMG plus PER scaling every 3 seconds.","IncendiaryField/DevicesFieldEngineer/Incendiary Field rank 3","IncendiaryField3","IncendiaryField3: IncendiaryFieldAbilityDefinition.cs name='Incendiary Field III' level=3 skill=Devices activation=Casted FP=- STM=7 cast=1.5 cooldown=30","IncendiaryField3: PASS exact Bible text TLK 5351","IncendiaryField3: PASS exact Bible text TLK 5351",""
"PASS","Scoped implemented","Devices","42","Field Engineer","5.0","5","Killzone Beacon","Devices 50","Devices 50; Character Type Standard; Quest killzone_beacon_mastery","Standard","Combat","PER","None","Combat Formula","","-","15.0","2 seconds","90 seconds","Implemented","","Player capstone: shared Capstone timer; uses a fixed 90-second capstone cooldown with a 45-second active duration and has no weapon/tool activation requirement. Droid instruction AI slots: 1.","Plants a visible 12m killzone sphere for 45 seconds. Every 3 seconds, all hostile targets inside are hit by one 16 physical DMG plus PER scaling pulse and one 16 electrical DMG plus PER scaling shock pulse.","Plants a visible 12m killzone sphere for 45 seconds. Every 3 seconds, all hostile targets inside are hit by one 16 physical DMG plus PER scaling pulse and one 16 electrical DMG plus PER scaling shock pulse.","KillzoneBeacon/DevicesFieldEngineer/Killzone Beacon rank 1","KillzoneBeacon1","KillzoneBeacon1: KillzoneBeaconAbilityDefinition.cs name='Killzone Beacon' level=1 skill=Devices activation=Casted FP=- STM=15 cast=2 cooldown=90","KillzoneBeacon1: PASS exact Bible text TLK 3278","KillzoneBeacon1: PASS exact Bible text TLK 3278",""
"PASS","Scoped implemented","Devices","47","Field Support","3.0","3","Deflector Shield I","-","Character Type Standard","Standard","Combat","None","None","None","","-","3.0","1 second","24 seconds","Implemented","","Flat value keeps low-HP targets from being punished. Droid instruction AI slots: 1.","Grants one ally 35 temporary HP plus 6% of the target's maximum HP for 45 seconds.","Grants one ally 35 temporary HP plus 6% of the target's maximum HP for 45 seconds.","DeflectorShield/DevicesFieldSupport/Deflector Shield rank 1","DeflectorShield1","DeflectorShield1: DeflectorShieldAbilityDefinition.cs name='Deflector Shield I' level=1 skill=Devices activation=Casted FP=- STM=3 cast=1 cooldown=24","DeflectorShield1: PASS exact Bible text TLK 3129","DeflectorShield1: PASS exact Bible text TLK 3129",""
"PASS","Scoped implemented","Devices","48","Field Support","3.0","3","Power Surge","Devices 5","Devices 5; Character Type Standard","Standard","Trait","None","None","Design Added","","-","-","-","-","Implemented","","Carries Power Surge into Field Support as a Power Cell payoff instead of another active button.","Power Cell's initial target also gains Power Surge for 30 seconds: +6% physical and Force ability Accuracy, +6% critical chance, and 1 STM every 4 seconds.","Power Cell's initial target also gains Power Surge for 30 seconds: +6% physical and Force ability Accuracy, +6% critical chance, and 1 STM every 4 seconds.","PowerSurge/DevicesFieldSupport/Power Surge rank 1","PowerSurgeTrait","PowerSurgeTrait: no active ability definition","PowerSurgeTrait: PASS exact Bible text TLK 5214","-",""
"PASS","Scoped implemented","Devices","49","Field Support","3.0","3","Weapon Jam","Devices 8","Devices 8; Character Type Standard","Standard","Combat","None","None","None","","-","4.0","1 second","15 seconds","Implemented","","Folded in from old Droidbreaker concept. Droid instruction AI slots: 1.","Reduce one target's physical and Force ability Accuracy by 6% for 18 seconds.","Reduce one target's physical and Force ability Accuracy by 6% for 18 seconds.","WeaponJam/DevicesFieldSupport/Weapon Jam rank 1","WeaponJam1","WeaponJam1: WeaponJamAbilityDefinition.cs name='Weapon Jam' level=1 skill=Devices activation=Casted FP=- STM=4 cast=1 cooldown=15","WeaponJam1: PASS exact Bible text TLK 5358","WeaponJam1: PASS exact Bible text TLK 5358",""
"PASS","Scoped implemented","Devices","50","Field Support","3.0","3","Power Cell I","Devices 12","Devices 12; Character Type Standard","Standard","Combat","None","None","None","","-","4.0","1 second","24 seconds","Implemented","","Droid instruction AI slots: 1.","Restores 10% of maximum STM to one ally and increases physical and Force ability Accuracy by 4% for 30 seconds.","Restores 10% of maximum STM to one ally and increases physical and Force ability Accuracy by 4% for 30 seconds.","PowerCell/DevicesFieldSupport/Power Cell rank 1","PowerCell1","PowerCell1: PowerCellAbilityDefinition.cs name='Power Cell I' level=1 skill=Devices activation=Casted FP=- STM=4 cast=1 cooldown=24","PowerCell1: PASS exact Bible text TLK 5359","PowerCell1: PASS exact Bible text TLK 5359",""
"PASS","Scoped implemented","Devices","51","Field Support","3.0","3","Deflector Shield II","Devices 15","Devices 15; Character Type Standard","Standard","Combat","None","None","None","","-","4.0","1 second","24 seconds","Implemented","","Flat value keeps low-HP targets from being punished. Droid instruction AI slots: 2.","Grants one ally 65 temporary HP plus 9% of the target's maximum HP for 45 seconds.","Grants one ally 65 temporary HP plus 9% of the target's maximum HP for 45 seconds.","DeflectorShield/DevicesFieldSupport/Deflector Shield rank 2","DeflectorShield2","DeflectorShield2: DeflectorShieldAbilityDefinition.cs name='Deflector Shield II' level=2 skill=Devices activation=Casted FP=- STM=4 cast=1 cooldown=24","DeflectorShield2: PASS exact Bible text TLK 3130","DeflectorShield2: PASS exact Bible text TLK 3130",""
"PASS","Scoped implemented","Devices","52","Field Support","3.0","3","Rayshield Screen I","Devices 18","Devices 18; Character Type Standard","Standard","Trait","None","None","Design Added","","-","-","-","-","Implemented","","Converted from a placed screen active to a trait for Field Support ally buffs. Former active values: STM 5; casting 1.5 seconds; cooldown 75 seconds.","Field Support ally buffs from Deflector Shield, Power Cell, Group Deflector, and Emergency Bunker also grant affected allies +8% Physical Defense for 30 seconds.","Field Support ally buffs from Deflector Shield, Power Cell, Group Deflector, and Emergency Bunker also grant affected allies +8% Physical Defense for 30 seconds.","RayshieldScreen/DevicesFieldSupport/Rayshield Screen rank 1","RayshieldScreenTrait","RayshieldScreenTrait: no active ability definition","RayshieldScreenTrait: PASS exact Bible text TLK 192544","-",""
"PASS","Scoped implemented","Devices","53","Field Support","4.0","4","Dampening Field I","Devices 22","Devices 22; Character Type Standard","Standard","Trait","None","None","Design Added","","-","-","-","-","Implemented","","Converted from a single-target mitigation active to a trait for Field Support ally buffs. Former active values: STM 5; casting 1 second; cooldown 60 seconds.","Field Support ally buffs from Deflector Shield, Power Cell, Group Deflector, and Emergency Bunker also grant affected allies 6% reduced physical and force damage for 30 seconds.","Field Support ally buffs from Deflector Shield, Power Cell, Group Deflector, and Emergency Bunker also grant affected allies 6% reduced physical and force damage for 30 seconds.","DampeningField/DevicesFieldSupport/Dampening Field rank 1","DampeningFieldTrait","DampeningFieldTrait: no active ability definition","DampeningFieldTrait: PASS exact Bible text TLK 192545","-",""
"PASS","Scoped implemented","Devices","54","Field Support","4.0","4","Power Cell II","Devices 25","Devices 25; Character Type Standard","Standard","Combat","None","None","None","","-","5.0","1 second","24 seconds","Implemented","","Droid instruction AI slots: 2.","Restores 18% of maximum STM to one ally and increases physical and Force ability Accuracy by 6% for 30 seconds.","Restores 18% of maximum STM to one ally and increases physical and Force ability Accuracy by 6% for 30 seconds.","PowerCell/DevicesFieldSupport/Power Cell rank 2","PowerCell2","PowerCell2: PowerCellAbilityDefinition.cs name='Power Cell II' level=2 skill=Devices activation=Casted FP=- STM=5 cast=1 cooldown=24","PowerCell2: PASS exact Bible text TLK 5364","PowerCell2: PASS exact Bible text TLK 5364",""
"PASS","Scoped implemented","Devices","55","Field Support","4.0","4","Deflector Shield III","Devices 30","Devices 30; Character Type Standard","Standard","Combat","None","None","None","","-","6.0","1 second","24 seconds","Implemented","","Flat value keeps low-HP targets from being punished. Droid instruction AI slots: 3.","Grants one ally 100 temporary HP plus 12% of the target's maximum HP for 45 seconds.","Grants one ally 100 temporary HP plus 12% of the target's maximum HP for 45 seconds.","DeflectorShield/DevicesFieldSupport/Deflector Shield rank 3","DeflectorShield3","DeflectorShield3: DeflectorShieldAbilityDefinition.cs name='Deflector Shield III' level=3 skill=Devices activation=Casted FP=- STM=6 cast=1 cooldown=24","DeflectorShield3: PASS exact Bible text TLK 3131","DeflectorShield3: PASS exact Bible text TLK 3131",""
"PASS","Scoped implemented","Devices","56","Field Support","5.0","5","Overclock Routine","Devices 35","Devices 35; Character Type Standard","Standard","Trait","None","None","Design Added","","-","-","-","-","Implemented","","Buffs other Gadgeteers through Field Support play without adding an active button.","Field Support abilities that affect allies also grant Overclock Routine for 30 seconds. Affected allies gain +4% Combat Readiness, increasing their ability damage, healing, and temporary HP values.","Field Support abilities that affect allies also grant Overclock Routine for 30 seconds. Affected allies gain +4% Combat Readiness, increasing their ability damage, healing, and temporary HP values.","OverclockRoutine/DevicesFieldSupport/Overclock Routine rank 1","OverclockRoutineTrait","OverclockRoutineTrait: no active ability definition","OverclockRoutineTrait: PASS exact Bible text TLK 5215","-",""
"PASS","Scoped implemented","Devices","57","Field Support","5.0","5","Rayshield Screen II","Devices 38","Devices 38; Character Type Standard","Standard","Trait","None","None","Design Added","","-","-","-","-","Implemented","","Replacement tier: improves the ranged physical mitigation rider. Converted from a placed screen active to a trait for Field Support ally buffs. Former active values: STM 6; casting 1.5 seconds; cooldown 75 seconds.","Field Support ally buffs from Deflector Shield, Power Cell, Group Deflector, and Emergency Bunker also grant affected allies +12% Physical Defense for 30 seconds.","Field Support ally buffs from Deflector Shield, Power Cell, Group Deflector, and Emergency Bunker also grant affected allies +12% Physical Defense for 30 seconds.","RayshieldScreen/DevicesFieldSupport/Rayshield Screen rank 2","","-","-","-",""
"PASS","Scoped implemented","Devices","58","Field Support","5.0","5","Dampening Field II","Devices 40","Devices 40; Character Type Standard","Standard","Trait","None","None","Design Added","","-","-","-","-","Implemented","","Replacement tier: improves the broad mitigation rider. Converted from a single-target mitigation active to a trait for Field Support ally buffs. Former active values: STM 7; casting 1 second; cooldown 60 seconds.","Field Support ally buffs from Deflector Shield, Power Cell, Group Deflector, and Emergency Bunker also grant affected allies 10% reduced physical and force damage for 30 seconds.","Field Support ally buffs from Deflector Shield, Power Cell, Group Deflector, and Emergency Bunker also grant affected allies 10% reduced physical and force damage for 30 seconds.","DampeningField/DevicesFieldSupport/Dampening Field rank 2","","-","-","-",""
"PASS","Scoped implemented","Devices","59","Field Support","5.0","5","Group Deflector","Devices 42","Devices 42; Character Type Standard","Standard","Combat","None","None","None","","-","8.0","1.5 seconds","45 seconds","Implemented","","Flat value keeps low-HP targets from being punished. Droid instruction AI slots: 1.","Allies within 5m gain 70 temporary HP plus 8% of each target's maximum HP for 30 seconds.","Allies within 5m gain 70 temporary HP plus 8% of each target's maximum HP for 30 seconds.","GroupDeflector/DevicesFieldSupport/Group Deflector rank 1","GroupDeflector1","GroupDeflector1: GroupDeflectorAbilityDefinition.cs name='Group Deflector' level=1 skill=Devices activation=Casted FP=- STM=8 cast=1.5 cooldown=45","GroupDeflector1: PASS exact Bible text TLK 3220","GroupDeflector1: PASS exact Bible text TLK 3220",""
"PASS","Scoped implemented","Devices","60","Field Support","5.0","5","Power Cell III","Devices 48","Devices 48; Character Type Standard","Standard","Combat","None","None","None","","-","7.0","1.5 seconds","30 seconds","Implemented","","Replacement tier: selected ally is guaranteed before nearby allies are considered. Droid instruction AI slots: 3.","Restores 18% of maximum STM to the selected ally and allies within 5m and increases physical and Force ability Accuracy by 6% for 30 seconds.","Restores 18% of maximum STM to the selected ally and allies within 5m and increases physical and Force ability Accuracy by 6% for 30 seconds.","PowerCell/DevicesFieldSupport/Power Cell rank 3","PowerCell3","PowerCell3: PowerCellAbilityDefinition.cs name='Power Cell III' level=3 skill=Devices activation=Casted FP=- STM=7 cast=1.5 cooldown=30","PowerCell3: PASS exact Bible text TLK 5369","PowerCell3: PASS exact Bible text TLK 5369",""
"PASS","Scoped implemented","Devices","61","Field Support","5.0","5","Emergency Bunker","Devices 50","Devices 50; Character Type Standard; Quest emergency_bunker_mastery","Standard","Combat","PER","None","Design Added","","-","15.0","2 seconds","90 seconds","Implemented","","Player capstone: shared Capstone timer; uses a fixed 90-second capstone cooldown with a 45-second active duration and has no weapon/tool activation requirement. Droid instruction AI slots: 1.","Deploys a 4m-radius shield bunker at the target location for 45 seconds. Allies inside gain 60 temporary HP plus 8% of each target's maximum HP and take 15% less ranged physical damage.","Deploys a 4m-radius shield bunker at the target location for 45 seconds. Allies inside gain 60 temporary HP plus 8% of each target's maximum HP and take 15% less ranged physical damage.","EmergencyBunker/DevicesFieldSupport/Emergency Bunker rank 1","EmergencyBunker1","EmergencyBunker1: EmergencyBunkerAbilityDefinition.cs name='Emergency Bunker' level=1 skill=Devices activation=Casted FP=- STM=15 cast=2 cooldown=90","EmergencyBunker1: PASS exact Bible text TLK 81602","EmergencyBunker1: PASS exact Bible text TLK 81602",""
"PASS","Scoped implemented","Devices","66","Assault Gadgets","2.0","2","Flamethrower I","-","Character Type Standard","Standard","Combat","PER","None","Combat Formula","","-","3.0","1 second","8 seconds","Implemented","","Close-range personal device attack. Droid instruction AI slots: 1.","Deals 16 fire DMG plus PER scaling to hostile targets in a 6m x 5m cone.","Deals 16 fire DMG plus PER scaling to hostile targets in a 6m x 5m cone.","Flamethrower/DevicesAssaultGadgets/Flamethrower rank 1","Flamethrower1","Flamethrower1: FlamethrowerAbilityDefinition.cs name='Flamethrower I' level=1 skill=Devices activation=Casted FP=- STM=3 cast=1 cooldown=8","Flamethrower1: PASS exact Bible text TLK 3933","Flamethrower1: PASS exact Bible text TLK 3933",""
"PASS","Scoped implemented","Devices","67","Assault Gadgets","2.0","2","Wrist Rocket I","Devices 5","Devices 5; Character Type Standard","Standard","Combat","PER","None","Combat Formula","","-","2.0","1 second","12 seconds","Implemented","","Droid instruction AI slots: 1.","Deals 20 fire DMG plus PER scaling to one target.","Deals 20 fire DMG plus PER scaling to one target.","WristRocket/DevicesAssaultGadgets/Wrist Rocket rank 1","WristRocket1","WristRocket1: WristRocketAbilityDefinition.cs name='Wrist Rocket I' level=1 skill=Devices activation=Casted FP=- STM=2 cast=1 cooldown=12","WristRocket1: PASS exact Bible text TLK 4057","WristRocket1: PASS exact Bible text TLK 4057",""
"PASS","Scoped implemented","Devices","68","Assault Gadgets","2.0","2","Sonic Burst I","Devices 8","Devices 8; Character Type Standard","Standard","Combat","PER","None","Combat Formula","","-","4.0","1 second","18 seconds","Implemented","","Droid instruction AI slots: 1.","Deals 10 sonic DMG to hostile targets within 5m and interrupts activation.","Deals 10 sonic DMG to hostile targets within 5m and interrupts activation.","SonicBurst/DevicesAssaultGadgets/Sonic Burst rank 1","SonicBurst1","SonicBurst1: SonicBurstAbilityDefinition.cs name='Sonic Burst I' level=1 skill=Devices activation=Casted FP=- STM=4 cast=1 cooldown=18","SonicBurst1: PASS exact Bible text TLK 3399","SonicBurst1: PASS exact Bible text TLK 3399",""
"PASS","Scoped implemented","Devices","69","Assault Gadgets","2.0","2","Gadget Harness","Devices 12","Devices 12; Character Type Standard","Standard","Trait","None","None","None","","-","-","-","-","Implemented","","Consolidates the old multi-rank harness into one early assault trait.","Assault Gadget abilities gain +8% Accuracy and +8% critical chance.","Assault Gadget abilities gain +8% Accuracy and +8% critical chance.","GadgetHarness/DevicesAssaultGadgets/Gadget Harness rank 1","GadgetHarnessTrait","GadgetHarnessTrait: no active ability definition","GadgetHarnessTrait: PASS exact Bible text TLK 4085","-",""
"PASS","Scoped implemented","Devices","70","Assault Gadgets","2.0","2","Arc Projector I","Devices 12","Devices 12; Character Type Standard","Standard","Combat","PER","None","Combat Formula","","-","3.0","1 second","12 seconds","Implemented","","Additive Devices DPS line added to keep Devices SP even with the additive Light Force Throw Rock line. Droid instruction AI slots: 1.","Projects a focused electrical arc up to 15m, dealing 22 electrical DMG plus PER scaling to one target.","Projects a focused electrical arc up to 15m, dealing 22 electrical DMG plus PER scaling to one target.","ArcProjector/DevicesAssaultGadgets/Arc Projector rank 1","ArcProjector1","ArcProjector1: ArcProjectorAbilityDefinition.cs name='Arc Projector I' level=1 skill=Devices activation=Casted FP=- STM=3 cast=1 cooldown=12","ArcProjector1: PASS exact Bible text TLK 82773","ArcProjector1: PASS exact Bible text TLK 82773",""
"PASS","Scoped implemented","Devices","71","Assault Gadgets","2.0","2","Flamethrower II","Devices 15","Devices 15; Character Type Standard","Standard","Combat","PER","None","Combat Formula","","-","4.0","1 second","8 seconds","Implemented","","Droid instruction AI slots: 2.","Deals 28 fire DMG plus PER scaling to hostile targets in a 6m x 5m cone and attempts to inflict Burn for 12 seconds.","Deals 28 fire DMG plus PER scaling to hostile targets in a 6m x 5m cone and attempts to inflict Burn for 12 seconds.","Flamethrower/DevicesAssaultGadgets/Flamethrower rank 2","Flamethrower2","Flamethrower2: FlamethrowerAbilityDefinition.cs name='Flamethrower II' level=2 skill=Devices activation=Casted FP=- STM=4 cast=1 cooldown=8","Flamethrower2: PASS exact Bible text TLK 3934","Flamethrower2: PASS exact Bible text TLK 3934",""
"PASS","Scoped implemented","Devices","72","Assault Gadgets","3","3","Ion Lance I","Devices 15","Devices 15; Character Type Standard","Standard","Combat","PER","None","Combat Formula","","-","4.0","1 second","15 seconds","Implemented","","Line AoE Devices twin priced 3/4/4 with Radiant Lance. The four narrower core Assault Gadget lines use 2/2/3 pricing so every Devices archetype remains at 60 SP. Droid instruction AI slots: 1.","Fires a focused ion beam from a wrist projector in an 8m x 2.5m line, dealing 16 electrical DMG plus PER scaling to hostile targets in the line.","Fires a focused ion beam from a wrist projector in an 8m x 2.5m line, dealing 16 electrical DMG plus PER scaling to hostile targets in the line.","IonLance/DevicesAssaultGadgets/Ion Lance rank 1","IonLance1","IonLance1: IonLanceAbilityDefinition.cs name='Ion Lance I' level=1 skill=Devices activation=Casted FP=- STM=4 cast=1 cooldown=15","IonLance1: PASS exact Bible text TLK 3852","IonLance1: PASS exact Bible text TLK 3852",""
"PASS","Scoped implemented","Devices","73","Assault Gadgets","2.0","2","Rail Dart I","Devices 18","Devices 18; Character Type Standard","Standard","Combat","PER","None","Combat Formula","","-","3.0","1 second","12 seconds","Implemented","","Droid instruction AI slots: 1.","Fires a dart that deals 18 physical DMG plus PER scaling and attempts to inflict Bleed for 12 seconds.","Fires a dart that deals 18 physical DMG plus PER scaling and attempts to inflict Bleed for 12 seconds.","RailDart/DevicesAssaultGadgets/Rail Dart rank 1","RailDart1","RailDart1: RailDartAbilityDefinition.cs name='Rail Dart I' level=1 skill=Devices activation=Casted FP=- STM=3 cast=1 cooldown=12","RailDart1: PASS exact Bible text TLK 4010","RailDart1: PASS exact Bible text TLK 4010",""
"PASS","Scoped implemented","Devices","74","Assault Gadgets","2.0","2","Tactical Uplink","Devices 22","Devices 22; Character Type Standard","Standard","Trait","None","None","Design Added","","-","-","-","-","Implemented","","Gadget support trait carried over from the shared Devices set; helps gadget-focused groups without adding another active attack.","After an Assault Gadget ability damages an enemy, you and allies within 5m gain Tactical Uplink for 30 seconds: +5% Device ability Accuracy and +5% Device critical chance.","After an Assault Gadget ability damages an enemy, you and allies within 5m gain Tactical Uplink for 30 seconds: +5% Device ability Accuracy and +5% Device critical chance.","TacticalUplink/DevicesAssaultGadgets/Tactical Uplink rank 1","TacticalUplinkTrait","TacticalUplinkTrait: no active ability definition","TacticalUplinkTrait: PASS exact Bible text TLK 5212","-",""
"PASS","Scoped implemented","Devices","75","Assault Gadgets","2","2","Wrist Rocket II","Devices 25","Devices 25; Character Type Standard","Standard","Combat","PER","None","Combat Formula","","-","4.0","1 second","12 seconds","Implemented","","The 2/2/3 core Assault Gadget curve prices this single-target control line below the twin line AoE package. Droid instruction AI slots: 2.","Deals 34 fire DMG plus PER scaling to one target and knocks down for 2 seconds.","Deals 34 fire DMG plus PER scaling to one target and knocks down for 2 seconds.","WristRocket/DevicesAssaultGadgets/Wrist Rocket rank 2","WristRocket2","WristRocket2: WristRocketAbilityDefinition.cs name='Wrist Rocket II' level=2 skill=Devices activation=Casted FP=- STM=4 cast=1 cooldown=12","WristRocket2: PASS exact Bible text TLK 5378","WristRocket2: PASS exact Bible text TLK 5378",""
"PASS","Scoped implemented","Devices","76","Assault Gadgets","2","2","Sonic Burst II","Devices 28","Devices 28; Character Type Standard","Standard","Combat","PER","None","Combat Formula","","-","5.0","1 second","18 seconds","Implemented","","The 2/2/3 core Assault Gadget curve prices Sonic Burst for low damage with interrupt and accuracy control. Droid instruction AI slots: 2.","Deals 14 sonic DMG to hostile targets within 5m, interrupts activation, and reduces Accuracy by 6% for 30 seconds.","Deals 14 sonic DMG to hostile targets within 5m, interrupts activation, and reduces Accuracy by 6% for 30 seconds.","SonicBurst/DevicesAssaultGadgets/Sonic Burst rank 2","SonicBurst2","SonicBurst2: SonicBurstAbilityDefinition.cs name='Sonic Burst II' level=2 skill=Devices activation=Casted FP=- STM=5 cast=1 cooldown=18","SonicBurst2: PASS exact Bible text TLK 5382","SonicBurst2: PASS exact Bible text TLK 5382",""
"PASS","Scoped implemented","Devices","77","Assault Gadgets","3.0","3","Cryo Sprayer","Devices 30","Devices 30; Character Type Standard","Standard","Combat","PER","None","Combat Formula","","-","5.0","1 second","15 seconds","Implemented","","Droid instruction AI slots: 1.","Deals 25 ice DMG plus PER scaling to hostile targets in a 6m x 5m cone and slows their movement for 30 seconds.","Deals 25 ice DMG plus PER scaling to hostile targets in a 6m x 5m cone and slows their movement for 30 seconds.","CryoSprayer/DevicesAssaultGadgets/Cryo Sprayer rank 1","CryoSprayer1","CryoSprayer1: CryoSprayerAbilityDefinition.cs name='Cryo Sprayer' level=1 skill=Devices activation=Casted FP=- STM=5 cast=1 cooldown=15","CryoSprayer1: PASS exact Bible text TLK 5384","CryoSprayer1: PASS exact Bible text TLK 5384",""
"PASS","Scoped implemented","Devices","78","Assault Gadgets","3.0","3","Arc Projector II","Devices 30","Devices 30; Character Type Standard","Standard","Combat","PER","None","Combat Formula","","-","4.0","1 second","12 seconds","Implemented","","Replacement tier: direct electrical pressure without grenade consumables, fields, or beacon uptime. Droid instruction AI slots: 2.","Projects a stronger electrical arc up to 15m, dealing 40 electrical DMG plus PER scaling to one target.","Projects a stronger electrical arc up to 15m, dealing 40 electrical DMG plus PER scaling to one target.","ArcProjector/DevicesAssaultGadgets/Arc Projector rank 2","ArcProjector2","ArcProjector2: ArcProjectorAbilityDefinition.cs name='Arc Projector II' level=2 skill=Devices activation=Casted FP=- STM=4 cast=1 cooldown=12","ArcProjector2: PASS exact Bible text TLK 3840","ArcProjector2: PASS exact Bible text TLK 3840",""
"PASS","Scoped implemented","Devices","79","Assault Gadgets","4","4","Ion Lance II","Devices 32","Devices 32; Character Type Standard","Standard","Combat","PER","None","Combat Formula","","-","5.0","1 second","15 seconds","Implemented","","Replacement tier: raises line damage without grenade consumables, fields, or beacon uptime. Droid instruction AI slots: 2.","Fires a focused ion beam from a wrist projector in an 8m x 2.5m line, dealing 30 electrical DMG plus PER scaling to hostile targets in the line.","Fires a focused ion beam from a wrist projector in an 8m x 2.5m line, dealing 30 electrical DMG plus PER scaling to hostile targets in the line.","IonLance/DevicesAssaultGadgets/Ion Lance rank 2","IonLance2","IonLance2: IonLanceAbilityDefinition.cs name='Ion Lance II' level=2 skill=Devices activation=Casted FP=- STM=5 cast=1 cooldown=15","IonLance2: PASS exact Bible text TLK 3854","IonLance2: PASS exact Bible text TLK 3854",""
"PASS","Scoped implemented","Devices","80","Assault Gadgets","3.0","3","Flamethrower III","Devices 35","Devices 35; Character Type Standard","Standard","Combat","PER","None","Combat Formula","","-","5.0","1 second","8 seconds","Implemented","","Droid instruction AI slots: 3.","Deals 42 fire DMG plus PER scaling to hostile targets in a 6m x 5m cone and attempts to inflict Burn for 12 seconds.","Deals 42 fire DMG plus PER scaling to hostile targets in a 6m x 5m cone and attempts to inflict Burn for 12 seconds.","Flamethrower/DevicesAssaultGadgets/Flamethrower rank 3","Flamethrower3","Flamethrower3: FlamethrowerAbilityDefinition.cs name='Flamethrower III' level=3 skill=Devices activation=Casted FP=- STM=5 cast=1 cooldown=8","Flamethrower3: PASS exact Bible text TLK 3935","Flamethrower3: PASS exact Bible text TLK 3935",""
"PASS","Scoped implemented","Devices","81","Assault Gadgets","2","2","Rail Dart II","Devices 38","Devices 38; Character Type Standard","Standard","Combat","PER","None","Combat Formula","","-","4.0","1 second","12 seconds","Implemented","","The 2/2/3 core Assault Gadget curve prices this single-target damage-over-time line below the twin line AoE package. Droid instruction AI slots: 2.","Fires a dart that deals 34 physical DMG plus PER scaling and attempts to inflict Bleed for 12 seconds.","Fires a dart that deals 34 physical DMG plus PER scaling and attempts to inflict Bleed for 12 seconds.","RailDart/DevicesAssaultGadgets/Rail Dart rank 2","RailDart2","RailDart2: RailDartAbilityDefinition.cs name='Rail Dart II' level=2 skill=Devices activation=Casted FP=- STM=4 cast=1 cooldown=12","RailDart2: PASS exact Bible text TLK 4011","RailDart2: PASS exact Bible text TLK 4011",""
"PASS","Scoped implemented","Devices","82","Assault Gadgets","3.0","3","Wrist Rocket III","Devices 40","Devices 40; Character Type Standard","Standard","Combat","PER","None","Combat Formula","","-","5.0","1 second","12 seconds","Implemented","","Droid instruction AI slots: 3.","Deals 48 fire DMG plus PER scaling to one target and knocks down for 3 seconds.","Deals 48 fire DMG plus PER scaling to one target and knocks down for 3 seconds.","WristRocket/DevicesAssaultGadgets/Wrist Rocket rank 3","WristRocket3","WristRocket3: WristRocketAbilityDefinition.cs name='Wrist Rocket III' level=3 skill=Devices activation=Casted FP=- STM=5 cast=1 cooldown=12","WristRocket3: PASS exact Bible text TLK 5386","WristRocket3: PASS exact Bible text TLK 5386",""
"PASS","Scoped implemented","Devices","83","Assault Gadgets","3.0","3","Sonic Burst III","Devices 42","Devices 42; Character Type Standard","Standard","Combat","PER","None","Combat Formula","","-","6.0","1 second","18 seconds","Implemented","","Droid instruction AI slots: 3.","Deals 18 sonic DMG to hostile targets within 5m, interrupts activation, and reduces Accuracy by 10% for 30 seconds.","Deals 18 sonic DMG to hostile targets within 5m, interrupts activation, and reduces Accuracy by 10% for 30 seconds.","SonicBurst/DevicesAssaultGadgets/Sonic Burst rank 3","SonicBurst3","SonicBurst3: SonicBurstAbilityDefinition.cs name='Sonic Burst III' level=3 skill=Devices activation=Casted FP=- STM=6 cast=1 cooldown=18","SonicBurst3: PASS exact Bible text TLK 5389","SonicBurst3: PASS exact Bible text TLK 5389",""
"PASS","Scoped implemented","Devices","84","Assault Gadgets","3","3","Rail Dart III","Devices 44","Devices 44; Character Type Standard","Standard","Combat","PER","None","Combat Formula","","-","5","1 second","12 seconds","Implemented","","Top rank of the 2/2/3 core Assault Gadget curve; its single-target Bleed package remains below the twin line AoE package. Droid instruction AI slots: 3.","Fires a dart that deals 48 physical DMG plus PER scaling and attempts to inflict Bleed for 12 seconds.","Fires a dart that deals 48 physical DMG plus PER scaling and attempts to inflict Bleed for 12 seconds.","RailDart/DevicesAssaultGadgets/Rail Dart rank 3","RailDart3","RailDart3: RailDartAbilityDefinition.cs name='Rail Dart III' level=3 skill=Devices activation=Casted FP=- STM=5 cast=1 cooldown=12","RailDart3: PASS exact Bible text TLK 6019","RailDart3: PASS exact Bible text TLK 6019",""
"PASS","Scoped implemented","Devices","85","Assault Gadgets","4.0","4","Arc Projector III","Devices 45","Devices 45; Character Type Standard","Standard","Combat","PER","None","Combat Formula","","-","5.0","1 second","12 seconds","Implemented","","Replacement tier: mirrors the additive Throw Rock budget without replacing any existing Devices option. Droid instruction AI slots: 3.","Projects an overcharged electrical arc up to 15m, dealing 60 electrical DMG plus PER scaling to one target.","Projects an overcharged electrical arc up to 15m, dealing 60 electrical DMG plus PER scaling to one target.","ArcProjector/DevicesAssaultGadgets/Arc Projector rank 3","ArcProjector3","ArcProjector3: ArcProjectorAbilityDefinition.cs name='Arc Projector III' level=3 skill=Devices activation=Casted FP=- STM=5 cast=1 cooldown=12","ArcProjector3: PASS exact Bible text TLK 3842","ArcProjector3: PASS exact Bible text TLK 3842",""
"PASS","Scoped implemented","Devices","86","Assault Gadgets","4","4","Ion Lance III","Devices 48","Devices 48; Character Type Standard","Standard","Combat","PER","None","Combat Formula","","-","6.0","1 second","18 seconds","Implemented","","Top tier of the Ion Lance line; adds line AoE damage as an extra Devices option without displacing an existing gadget. Droid instruction AI slots: 3.","Fires a focused ion beam from a wrist projector in an 8m x 2.5m line, dealing 44 electrical DMG plus PER scaling to hostile targets in the line.","Fires a focused ion beam from a wrist projector in an 8m x 2.5m line, dealing 44 electrical DMG plus PER scaling to hostile targets in the line.","IonLance/DevicesAssaultGadgets/Ion Lance rank 3","IonLance3","IonLance3: IonLanceAbilityDefinition.cs name='Ion Lance III' level=3 skill=Devices activation=Casted FP=- STM=6 cast=1 cooldown=18","IonLance3: PASS exact Bible text TLK 3856","IonLance3: PASS exact Bible text TLK 3856",""
"PASS","Scoped implemented","Devices","87","Assault Gadgets","5.0","5","Overload Barrage","Devices 50","Devices 50; Character Type Standard; Quest overload_barrage_mastery","Standard","Combat","PER","None","Combat Formula","","-","15.0","1.5 seconds","90 seconds","Implemented","","Player capstone: shared Capstone timer; uses a fixed 90-second capstone cooldown with a 45-second active duration and has no weapon/tool activation requirement. Droid instruction AI slots: 1.","Unleashes three attacks at your primary target's location: a 42 fire DMG 5m burst plus Burn for 45 seconds,
a 48 fire DMG single-target hit plus 3-second Knockdown, and a 24 sonic DMG 5m burst that interrupts activation and reduces Accuracy by 10% for 45 seconds.","Unleashes three attacks at your primary target's location: a 42 fire DMG 5m burst plus Burn for 45 seconds, a 48 fire DMG single-target hit plus 3-second Knockdown, and a 24 sonic DMG 5m burst that interrupts activation and reduces Accuracy by 10% for 45 seconds.","OverloadBarrage/DevicesAssaultGadgets/Overload Barrage rank 1","OverloadBarrage1","OverloadBarrage1: OverloadBarrageAbilityDefinition.cs name='Overload Barrage' level=1 skill=Devices activation=Casted FP=- STM=15 cast=1.5 cooldown=90","OverloadBarrage1: PASS exact Bible text TLK 3997","OverloadBarrage1: PASS exact Bible text TLK 3997",""
"PASS","Scoped implemented","Beast Mastery","10","Training","3.0","3","Tame I","-","-","All","Combat","SOC","None","Explicit Code","","-","10.0","18 seconds","2 minutes","Implemented","","","Enables you to tame & train creatures between levels 0 and 10. Also grants 'Call Beast' ability. Taming chance increases by 3% per SOC, capped at 75%.","Enables you to tame & train creatures between levels 0 and 10. Also grants 'Call Beast' ability. Taming chance increases by 3% per SOC, capped at 75%.","Tame/BeastMasteryTraining/Tame rank 1","Tame; CallBeast","Tame: TameAbilityDefinition.cs name='Tame' level=1 skill=Invalid activation=Casted FP=- STM=10 cast=18 cooldown=120; CallBeast: CallBeastAbilityDefinition.cs name='Call Beast' level=1 skill=Invalid activation=Casted FP=- STM=- cast=6 cooldown=600","Tame: PASS exact Bible text TLK 192546; CallBeast: PASS concrete non-placeholder TLK 192551","Tame: PASS exact Bible text TLK 192546",""
"PASS","Scoped implemented","Beast Mastery","11","Training","3.0","3","Tame II","Beast Mastery 10","BeastMastery 10","All","Combat","SOC","None","Explicit Code","","-","10.0","18 seconds","2 minutes","Implemented","","","Enables you to tame & train creatures between levels 0 and 20. Taming chance increases by 3% per SOC, capped at 75%.","Enables you to tame & train creatures between levels 0 and 20. Taming chance increases by 3% per SOC, capped at 75%.","Tame/BeastMasteryTraining/Tame rank 2","","Tame rank scales the existing Tame ability; higher Tame ranks grant no new feat by design. Existing ability evidence: Tame: TameAbilityDefinition.cs name='Tame' level=1 skill=Invalid activation=Casted FP=- STM=10 cast=18 cooldown=120","-","-",""
"PASS","Scoped implemented","Beast Mastery","12","Training","4.0","4","Tame III","Beast Mastery 20","BeastMastery 20","All","Combat","SOC","None","Explicit Code","","-","10.0","18 seconds","2 minutes","Implemented","","","Enables you to tame & train creatures between levels 0 and 30. Taming chance increases by 3% per SOC, capped at 75%.","Enables you to tame & train creatures between levels 0 and 30. Taming chance increases by 3% per SOC, capped at 75%.","Tame/BeastMasteryTraining/Tame rank 3","","Tame rank scales the existing Tame ability; higher Tame ranks grant no new feat by design. Existing ability evidence: Tame: TameAbilityDefinition.cs name='Tame' level=1 skill=Invalid activation=Casted FP=- STM=10 cast=18 cooldown=120","-","-",""
"PASS","Scoped implemented","Beast Mastery","13","Training","5.0","5","Tame IV","Beast Mastery 30","BeastMastery 30","All","Combat","SOC","None","Explicit Code","","-","10.0","18 seconds","2 minutes","Implemented","","","Enables you to tame & train creatures between levels 0 and 40. Taming chance increases by 3% per SOC, capped at 75%.","Enables you to tame & train creatures between levels 0 and 40. Taming chance increases by 3% per SOC, capped at 75%.","Tame/BeastMasteryTraining/Tame rank 4","","Tame rank scales the existing Tame ability; higher Tame ranks grant no new feat by design. Existing ability evidence: Tame: TameAbilityDefinition.cs name='Tame' level=1 skill=Invalid activation=Casted FP=- STM=10 cast=18 cooldown=120","-","-",""
"PASS","Scoped implemented","Beast Mastery","14","Training","5.0","5","Tame V","Beast Mastery 40","BeastMastery 40","All","Combat","SOC","None","Explicit Code","","-","10.0","18 seconds","2 minutes","Implemented","","","Enables you to tame & train creatures between levels 0 and 50. Taming chance increases by 3% per SOC, capped at 75%.","Enables you to tame & train creatures between levels 0 and 50. Taming chance increases by 3% per SOC, capped at 75%.","Tame/BeastMasteryTraining/Tame rank 5","","Tame rank scales the existing Tame ability; higher Tame ranks grant no new feat by design. Existing ability evidence: Tame: TameAbilityDefinition.cs name='Tame' level=1 skill=Invalid activation=Casted FP=- STM=10 cast=18 cooldown=120","-","-",""
"PASS","Scoped implemented","Beast Mastery","15","Training","1.0","1","Reward I","Beast Mastery 5","BeastMastery 5","All","Combat","SOC","None","Explicit Code","","-","6.0","-","12 seconds","Implemented","","","Restores 50 HP plus 20% of your pet's max HP, increased by 1% per SOC. Consumes a treat item on use.","Restores 50 HP plus 20% of your pet's max HP, increased by 1% per SOC. Consumes a treat item on use.","Reward/BeastMasteryTraining/Reward rank 1","Reward1","Reward1: RewardAbilityDefinition.cs name='Reward I' level=1 skill=Invalid activation=Casted FP=- STM=6 cast=0 cooldown=12","Reward1: PASS exact Bible text TLK 5260","Reward1: no spell row",""
"PASS","Scoped implemented","Beast Mastery","16","Training","2.0","2","Reward II","Beast Mastery 25","BeastMastery 25","All","Combat","SOC","None","Explicit Code","","-","8.0","-","12 seconds","Implemented","","","Restores 90 HP plus 20% of your pet's max HP, increased by 1% per SOC. Consumes a treat item on use.","Restores 90 HP plus 20% of your pet's max HP, increased by 1% per SOC. Consumes a treat item on use.","Reward/BeastMasteryTraining/Reward rank 2","Reward2","Reward2: RewardAbilityDefinition.cs name='Reward II' level=2 skill=Invalid activation=Casted FP=- STM=8 cast=0 cooldown=12","Reward2: PASS exact Bible text TLK 5261","Reward2: no spell row",""
"PASS","Scoped implemented","Beast Mastery","17","Training","2.0","2","Reward III","Beast Mastery 45","BeastMastery 45","All","Combat","SOC","None","Explicit Code","","-","10.0","-","12 seconds","Implemented","","","Restores 130 HP plus 20% of your pet's max HP, increased by 1% per SOC. Consumes a treat item on use.","Restores 130 HP plus 20% of your pet's max HP, increased by 1% per SOC. Consumes a treat item on use.","Reward/BeastMasteryTraining/Reward rank 3","Reward3","Reward3: RewardAbilityDefinition.cs name='Reward III' level=3 skill=Invalid activation=Casted FP=- STM=10 cast=0 cooldown=12","Reward3: PASS exact Bible text TLK 5262","Reward3: no spell row",""
"PASS","Scoped implemented","Beast Mastery","18","Training","1.0","1","Stabling I","Beast Mastery 10","BeastMastery 10","All","Trait","None","None","None","","-","-","-","-","Implemented","","","Permits you to store up to two beasts at a stable.","Permits you to store up to two beasts at a stable.","Stabling/BeastMasteryTraining/Stabling rank 1","StablingTrait","StablingTrait: no active ability definition","StablingTrait: PASS exact Bible text TLK 4084","-",""
"PASS","Scoped implemented","Beast Mastery","19","Training","1.0","1","Stabling II","Beast Mastery 20","BeastMastery 20","All","Trait","None","None","None","","-","-","-","-","Implemented","","","Permits you to store up to three beasts at a stable.","Permits you to store up to three beasts at a stable.","Stabling/BeastMasteryTraining/Stabling rank 2","","-","-","-",""
"PASS","Scoped implemented","Beast Mastery","20","Training","1.0","1","Stabling III","Beast Mastery 30","BeastMastery 30","All","Trait","None","None","None","","-","-","-","-","Implemented","","","Permits you to store up to four beasts at a stable.","Permits you to store up to four beasts at a stable.","Stabling/BeastMasteryTraining/Stabling rank 3","","-","-","-",""
"PASS","Scoped implemented","Beast Mastery","21","Training","1.0","1","Stabling IV","Beast Mastery 40","BeastMastery 40","All","Trait","None","None","None","","-","-","-","-","Implemented","","","Permits you to store up to five beasts at a stable.","Permits you to store up to five beasts at a stable.","Stabling/BeastMasteryTraining/Stabling rank 4","","-","-","-",""
"PASS","Scoped implemented","Beast Mastery","22","Training","1.0","1","Stabling V","Beast Mastery 50","BeastMastery 50","All","Trait","None","None","None","","-","-","-","-","Implemented","","","Permits you to store up to six beasts at a stable.","Permits you to store up to six beasts at a stable.","Stabling/BeastMasteryTraining/Stabling rank 5","","-","-","-",""
"PASS","Scoped implemented","Beast Mastery","23","Training","2.0","2","Guarding Bond","Beast Mastery 15","BeastMastery 15","All","Stance","None","None","None","","-","-","2 seconds","30 seconds","Implemented","","","While active, your beast gains +20% Defense, +20% Force Defense, takes 15% less damage, and generates +75% enmity. Only one stance may be active at a time.","While active, your beast gains +20% Defense, +20% Force Defense, takes 15% less damage, and generates +75% enmity. Only one stance may be active at a time.","GuardingBond/BeastMasteryTraining/Guarding Bond rank 1","GuardingBond","GuardingBond: GuardingBondAbilityDefinition.cs name='Guarding Bond' level=1 skill=BeastMastery activation=Casted FP=- STM=- cast=2 cooldown=30","GuardingBond: PASS exact Bible text TLK 5263","GuardingBond: no spell row",""
"PASS","Scoped implemented","Beast Mastery","24","Training","2.0","2","Predatory Bond","Beast Mastery 15","BeastMastery 15","All","Stance","None","None","None","","-","-","2 seconds","30 seconds","Implemented","","","While active, your beast deals +25% damage, gains +15% haste and +10% ability accuracy, and generates 40% less enmity. Only one stance may be active at a time.","While active, your beast deals +25% damage, gains +15% haste and +10% ability accuracy, and generates 40% less enmity. Only one stance may be active at a time.","PredatoryBond/BeastMasteryTraining/Predatory Bond rank 1","PredatoryBond","PredatoryBond: PredatoryBondAbilityDefinition.cs name='Predatory Bond' level=1 skill=BeastMastery activation=Casted FP=- STM=- cast=2 cooldown=30","PredatoryBond: PASS exact Bible text TLK 5264","PredatoryBond: no spell row",""
"PASS","Scoped implemented","Beast Mastery","25","Training","2.0","2","Soothe Pet","Beast Mastery 25","BeastMastery 25","All","Combat","None","None","None","","-","2.0","1 second","60 seconds","Implemented","","","Removes debuffs from your pet.","Removes debuffs from your pet.","SoothePet/BeastMasteryTraining/Soothe Pet rank 1","SoothePet","SoothePet: SoothePetAbilityDefinition.cs name='Soothe Pet' level=1 skill=Invalid activation=Casted FP=- STM=2 cast=1 cooldown=60","SoothePet: PASS exact Bible text TLK 5265","SoothePet: no spell row",""
"PASS","Scoped implemented","Beast Mastery","26","Training","1.0","1","Revive Beast I","-","-","All","Combat","None","None","None","","-","15.0","4 seconds","90 seconds","Implemented","","","Revives your pet with 1 HP.","Revives your pet with 1 HP.","ReviveBeast/BeastMasteryTraining/Revive Beast rank 1","ReviveBeast1","ReviveBeast1: ReviveBeastAbilityDefinition.cs name='Revive Beast I' level=1 skill=Invalid activation=Casted FP=- STM=15 cast=4 cooldown=90","ReviveBeast1: PASS exact Bible text TLK 5266","ReviveBeast1: no spell row",""
"PASS","Scoped implemented","Beast Mastery","27","Training","2.0","2","Revive Beast II","Beast Mastery 25","BeastMastery 25","All","Combat","SOC","None","Explicit Code","","-","17.0","4 seconds","90 seconds","Implemented","","","Revives your pet with (10 + SOC)% HP.","Revives your pet with (10 + SOC)% HP.","ReviveBeast/BeastMasteryTraining/Revive Beast rank 2","ReviveBeast2","ReviveBeast2: ReviveBeastAbilityDefinition.cs name='Revive Beast II' level=2 skill=Invalid activation=Casted FP=- STM=17 cast=4 cooldown=90","ReviveBeast2: PASS exact Bible text TLK 5267","ReviveBeast2: no spell row",""
"PASS","Scoped implemented","Beast Mastery","28","Training","3.0","3","Revive Beast III","Beast Mastery 40","BeastMastery 40","All","Combat","SOC","None","Explicit Code","","-","18.0","4 seconds","90 seconds","Implemented","","","Revives your pet with (45 + SOC)% HP.","Revives your pet with (45 + SOC)% HP.","ReviveBeast/BeastMasteryTraining/Revive Beast rank 3","ReviveBeast3","ReviveBeast3: ReviveBeastAbilityDefinition.cs name='Revive Beast III' level=3 skill=Invalid activation=Casted FP=- STM=18 cast=4 cooldown=90","ReviveBeast3: PASS exact Bible text TLK 5268","ReviveBeast3: no spell row",""
"PASS","Scoped implemented","Beast Mastery","31","Bioengineer","2.0","2","DNA Manipulation I","Beast Mastery 5","BeastMastery 5","All","Trait","None","None","None","","-","-","-","-","Implemented","","","Enables you to harvest DNA from creatures between levels 0 and 10 and use incubators.","Enables you to harvest DNA from creatures between levels 0 and 10 and use incubators.","DNAManipulation/BeastMasteryIncubation/DNA Manipulation rank 1","DNAManipulationTrait","DNAManipulationTrait: no active ability definition","DNAManipulationTrait: PASS exact Bible text TLK 4080","-",""
"PASS","Scoped implemented","Beast Mastery","32","Bioengineer","2.0","2","DNA Manipulation II","Beast Mastery 15","BeastMastery 15","All","Trait","None","None","None","","-","-","-","-","Implemented","","","Enables you to harvest DNA from creatures between levels 0 and 20.","Enables you to harvest DNA from creatures between levels 0 and 20.","DNAManipulation/BeastMasteryIncubation/DNA Manipulation rank 2","","-","-","-",""
"PASS","Scoped implemented","Beast Mastery","33","Bioengineer","2.0","2","DNA Manipulation III","Beast Mastery 25","BeastMastery 25","All","Trait","None","None","None","","-","-","-","-","Implemented","","","Enables you to harvest DNA from creatures between levels 0 and 30.","Enables you to harvest DNA from creatures between levels 0 and 30.","DNAManipulation/BeastMasteryIncubation/DNA Manipulation rank 3","","-","-","-",""
"PASS","Scoped implemented","Beast Mastery","34","Bioengineer","3.0","3","DNA Manipulation IV","Beast Mastery 35","BeastMastery 35","All","Trait","None","None","None","","-","-","-","-","Implemented","","","Enables you to harvest DNA from creatures between levels 0 and 40.","Enables you to harvest DNA from creatures between levels 0 and 40.","DNAManipulation/BeastMasteryIncubation/DNA Manipulation rank 4","","-","-","-",""
"PASS","Scoped implemented","Beast Mastery","35","Bioengineer","3.0","3","DNA Manipulation V","Beast Mastery 45","BeastMastery 45","All","Trait","None","None","None","","-","-","-","-","Implemented","","","Enables you to harvest DNA from creatures between levels 0 and 50.","Enables you to harvest DNA from creatures between levels 0 and 50.","DNAManipulation/BeastMasteryIncubation/DNA Manipulation rank 5","","-","-","-",""
"PASS","Scoped implemented","Beast Mastery","36","Bioengineer","2.0","2","Incubation Processing I","Beast Mastery 15","BeastMastery 15","All","Trait","None","None","None","","-","-","-","-","Implemented","","","Reduces incubation time by 10%.","Reduces incubation time by 10%.","IncubationProcessing/BeastMasteryIncubation/Incubation Processing rank 1","IncubationProcessingTrait","IncubationProcessingTrait: no active ability definition","IncubationProcessingTrait: PASS exact Bible text TLK 4081","-",""
"PASS","Scoped implemented","Beast Mastery","37","Bioengineer","2.0","2","Incubation Processing II","Beast Mastery 25","BeastMastery 25","All","Trait","None","None","None","","-","-","-","-","Implemented","","","Reduces incubation time by 20%.","Reduces incubation time by 20%.","IncubationProcessing/BeastMasteryIncubation/Incubation Processing rank 2","","-","-","-",""
"PASS","Scoped implemented","Beast Mastery","38","Bioengineer","3.0","3","Incubation Processing III","Beast Mastery 35","BeastMastery 35","All","Trait","None","None","None","","-","-","-","-","Implemented","","","Reduces incubation time by 30%.","Reduces incubation time by 30%.","IncubationProcessing/BeastMasteryIncubation/Incubation Processing rank 3","","-","-","-",""
"PASS","Scoped implemented","Beast Mastery","39","Bioengineer","3.0","3","Incubation Processing IV","Beast Mastery 45","BeastMastery 45","All","Trait","None","None","None","","-","-","-","-","Implemented","","","Reduces incubation time by 40%.","Reduces incubation time by 40%.","IncubationProcessing/BeastMasteryIncubation/Incubation Processing rank 4","","-","-","-",""
"PASS","Scoped implemented","Beast Mastery","40","Bioengineer","2.0","2","Erratic Genius I","Beast Mastery 20","BeastMastery 20","All","Trait","None","None","None","","-","-","-","-","Implemented","","","Increases the mutation chance by 2%.","Increases the mutation chance by 2%.","ErraticGenius/BeastMasteryIncubation/Erratic Genius rank 1","ErraticGeniusTrait","ErraticGeniusTrait: no active ability definition","ErraticGeniusTrait: PASS exact Bible text TLK 4082","-",""
"PASS","Scoped implemented","Beast Mastery","41","Bioengineer","3.0","3","Erratic Genius II","Beast Mastery 30","BeastMastery 30","All","Trait","None","None","None","","-","-","-","-","Implemented","","","Increases the mutation chance by 4%.","Increases the mutation chance by 4%.","ErraticGenius/BeastMasteryIncubation/Erratic Genius rank 2","","-","-","-",""
"PASS","Scoped implemented","Beast Mastery","42","Bioengineer","3.0","3","Erratic Genius III","Beast Mastery 40","BeastMastery 40","All","Trait","None","None","None","","-","-","-","-","Implemented","","","Increases the mutation chance by 8%.","Increases the mutation chance by 8%.","ErraticGenius/BeastMasteryIncubation/Erratic Genius rank 3","","-","-","-",""
"PASS","Scoped implemented","Beast Mastery","43","Bioengineer","2.0","2","Incubation Management I","Beast Mastery 25","BeastMastery 25","All","Trait","None","None","None","","-","-","-","-","Implemented","","","Increases the maximum number of concurrent incubation jobs by 1, for a total of 2.","Increases the maximum number of concurrent incubation jobs by 1, for a total of 2.","IncubationManagement/BeastMasteryIncubation/Incubation Management rank 1","IncubationManagementTrait","IncubationManagementTrait: no active ability definition","IncubationManagementTrait: PASS exact Bible text TLK 4083","-",""
"PASS","Scoped implemented","Beast Mastery","44","Bioengineer","3.0","3","Incubation Management II","Beast Mastery 50","BeastMastery 50","All","Trait","None","None","None","","-","-","-","-","Implemented","","","Increases the maximum number of concurrent incubation jobs by 1, for a total of 3.","Increases the maximum number of concurrent incubation jobs by 1, for a total of 3.","IncubationManagement/BeastMasteryIncubation/Incubation Management rank 2","","-","-","-",""
"PASS","Scoped implemented","Beast Mastery","48","Damage","2.0","2","Bite I","5.0","Beast Level 5; Beast Role Damage","Beast","Combat","MGT","PER","Design Added","","-","3.0","-","8 seconds","Implemented","Damage beast only","","The beast's next attack deals +12 physical DMG.","The beast's next attack deals +12 physical DMG.","Bite/BeastDamage/Bite rank 1","Bite1","Bite1: BiteAbilityDefinition.cs name='Bite I' level=1 skill=BeastMastery activation=Casted FP=- STM=3 cast=0 cooldown=8","Bite1: PASS exact Bible text TLK 3062","Bite1: PASS exact Bible text TLK 3062",""
"PASS","Scoped implemented","Beast Mastery","49","Damage","2.0","2","Hunter's Focus I","8.0","Beast Level 8; Beast Role Damage","Beast","Trait","MGT","PER","Design Added","","-","-","-","-","Implemented","Damage beast only","","The beast gains +5% hit chance and +5% critical chance.","The beast gains +5% hit chance and +5% critical chance.","HuntersFocus/BeastDamage/Hunter's Focus rank 1","HuntersFocusTrait","HuntersFocusTrait: no active ability definition","HuntersFocusTrait: PASS exact Bible text TLK 4071","-",""
"PASS","Scoped implemented","Beast Mastery","50","Damage","3.0","3","Rending Claw I","12.0","Beast Level 12; Beast Role Damage","Beast","Combat","MGT","PER","Combat Formula","","-","4.0","-","12 seconds","Implemented","Damage beast only","","The beast's next attack deals +10 physical DMG and attempts to inflict Bleed for 12 seconds.","The beast's next attack deals +10 physical DMG and attempts to inflict Bleed for 12 seconds.","RendingClaw/BeastDamage/Rending Claw rank 1","RendingClaw1","RendingClaw1: RendingClawAbilityDefinition.cs name='Rending Claw I' level=1 skill=BeastMastery activation=Casted FP=- STM=4 cast=0 cooldown=12","RendingClaw1: PASS exact Bible text TLK 3088","RendingClaw1: PASS exact Bible text TLK 3088",""
"PASS","Scoped implemented","Beast Mastery","51","Damage","3.0","3","Pounce I","15.0","Beast Level 15; Beast Role Damage","Beast","Combat","MGT","PER","Combat Formula","","-","5.0","-","18 seconds","Implemented","Damage beast only","","The beast leaps to its target, deals +14 physical DMG, and interrupts activation.","The beast leaps to its target, deals +14 physical DMG, and interrupts activation.","Pounce/BeastDamage/Pounce rank 1","Pounce1","Pounce1: PounceAbilityDefinition.cs name='Pounce I' level=1 skill=BeastMastery activation=Casted FP=- STM=5 cast=0 cooldown=18","Pounce1: PASS exact Bible text TLK 3323","Pounce1: PASS exact Bible text TLK 3323",""
"PASS","Scoped implemented","Beast Mastery","52","Damage","3.0","3","Bite II","18.0","Beast Level 18; Beast Role Damage","Beast","Combat","MGT","PER","Design Added","","-","4.0","-","8 seconds","Implemented","Damage beast only","","The beast's next attack deals +22 physical DMG.","The beast's next attack deals +22 physical DMG.","Bite/BeastDamage/Bite rank 2","Bite2","Bite2: BiteAbilityDefinition.cs name='Bite II' level=2 skill=BeastMastery activation=Casted FP=- STM=4 cast=0 cooldown=8","Bite2: PASS exact Bible text TLK 3063","Bite2: PASS exact Bible text TLK 3063",""
"PASS","Scoped implemented","Beast Mastery","53","Damage","3.0","3","Predator's Mark I","22.0","Beast Level 22; Beast Role Damage","Beast","Trait","MGT","PER","Combat Formula","","-","-","-","-","Implemented","Damage beast only","Converted from separate active ability to Trait row for the 4-6 active-button budget. Former active values: STM 5; cooldown 45 seconds.","When your beast uses a Damage active ability, it marks the target for 30 seconds. The beast deals +10% damage to marked targets.","When your beast uses a Damage active ability, it marks the target for 30 seconds. The beast deals +10% damage to marked targets.","PredatorsMark/BeastDamage/Predator's Mark rank 1","PredatorsMarkTrait","PredatorsMarkTrait: no active ability definition","PredatorsMarkTrait: PASS exact Bible text TLK 192547","-",""
"PASS","Scoped implemented","Beast Mastery","54","Damage","2.0","2","Hunter's Focus II","25.0","Beast Level 25; Beast Role Damage","Beast","Trait","MGT","PER","Design Added","","-","-","-","-","Implemented","Damage beast only","","The beast gains +10% hit chance and +10% critical chance.","The beast gains +10% hit chance and +10% critical chance.","HuntersFocus/BeastDamage/Hunter's Focus rank 2","","-","-","-",""
"PASS","Scoped implemented","Beast Mastery","55","Damage","4.0","4","Rending Claw II","28.0","Beast Level 28; Beast Role Damage","Beast","Combat","MGT","PER","Combat Formula","","-","5.0","-","12 seconds","Implemented","Damage beast only","","The beast's next attack deals +18 physical DMG and attempts to inflict Bleed for 12 seconds.","The beast's next attack deals +18 physical DMG and attempts to inflict Bleed for 12 seconds.","RendingClaw/BeastDamage/Rending Claw rank 2","RendingClaw2","RendingClaw2: RendingClawAbilityDefinition.cs name='Rending Claw II' level=2 skill=BeastMastery activation=Casted FP=- STM=5 cast=0 cooldown=12","RendingClaw2: PASS exact Bible text TLK 3089","RendingClaw2: PASS exact Bible text TLK 3089",""
"PASS","Scoped implemented","Beast Mastery","56","Damage","3.0","3","Pounce II","30.0","Beast Level 30; Beast Role Damage","Beast","Combat","MGT","PER","Combat Formula","","-","6.0","-","18 seconds","Implemented","Damage beast only","","The beast leaps to its target, deals +24 physical DMG, and interrupts activation.","The beast leaps to its target, deals +24 physical DMG, and interrupts activation.","Pounce/BeastDamage/Pounce rank 2","Pounce2","Pounce2: PounceAbilityDefinition.cs name='Pounce II' level=2 skill=BeastMastery activation=Casted FP=- STM=6 cast=0 cooldown=18","Pounce2: PASS exact Bible text TLK 3325","Pounce2: PASS exact Bible text TLK 3325",""
"PASS","Scoped implemented","Beast Mastery","57","Damage","4.0","4","Expose Prey","35.0","Beast Level 35; Beast Role Damage","Beast","Combat","MGT","PER","Combat Formula","","-","7.0","-","24 seconds","Implemented","Damage beast only","","The beast's next attack deals +20 physical DMG and attempts to inflict Exposed for 30 seconds.","The beast's next attack deals +20 physical DMG and attempts to inflict Exposed for 30 seconds.","ExposePrey/BeastDamage/Expose Prey rank 1","ExposePrey1","ExposePrey1: ExposePreyAbilityDefinition.cs name='Expose Prey' level=1 skill=BeastMastery activation=Casted FP=- STM=7 cast=0 cooldown=24","ExposePrey1: PASS exact Bible text TLK 5366","ExposePrey1: PASS exact Bible text TLK 5366",""
"PASS","Scoped implemented","Beast Mastery","58","Damage","3.0","3","Bite III","38.0","Beast Level 38; Beast Role Damage","Beast","Combat","MGT","PER","Design Added","","-","5.0","-","8 seconds","Implemented","Damage beast only","","The beast's next attack deals +36 physical DMG.","The beast's next attack deals +36 physical DMG.","Bite/BeastDamage/Bite rank 3","Bite3","Bite3: BiteAbilityDefinition.cs name='Bite III' level=3 skill=BeastMastery activation=Casted FP=- STM=5 cast=0 cooldown=8","Bite3: PASS exact Bible text TLK 3064","Bite3: PASS exact Bible text TLK 3064",""
"PASS","Scoped implemented","Beast Mastery","59","Damage","3.0","3","Blood Frenzy I","40.0","Beast Level 40; Beast Role Damage","Beast","Trait","MGT","PER","Design Added","","-","-","-","-","Implemented","Damage beast only","","When the beast damages a bleeding target, it has a 20% chance to restore 1 STM.","When the beast damages a bleeding target, it has a 20% chance to restore 1 STM.","BeastBloodFrenzy/BeastDamage/Blood Frenzy rank 1","BeastBloodFrenzyTrait","BeastBloodFrenzyTrait: no active ability definition","BeastBloodFrenzyTrait: PASS exact Bible text TLK 4072","-",""
"PASS","Scoped implemented","Beast Mastery","60","Damage","4.0","4","Rending Claw III","42.0","Beast Level 42; Beast Role Damage","Beast","Combat","MGT","PER","Combat Formula","","-","7.0","-","12 seconds","Implemented","Damage beast only","","The beast's next attack deals +28 physical DMG and attempts to inflict Bleed for 12 seconds.","The beast's next attack deals +28 physical DMG and attempts to inflict Bleed for 12 seconds.","RendingClaw/BeastDamage/Rending Claw rank 3","RendingClaw3","RendingClaw3: RendingClawAbilityDefinition.cs name='Rending Claw III' level=3 skill=BeastMastery activation=Casted FP=- STM=7 cast=0 cooldown=12","RendingClaw3: PASS exact Bible text TLK 3090","RendingClaw3: PASS exact Bible text TLK 3090",""
"PASS","Scoped implemented","Beast Mastery","61","Damage","4.0","4","Predator's Mark II","45.0","Beast Level 45; Beast Role Damage","Beast","Trait","MGT","PER","Design Added","","-","-","-","-","Implemented","Damage beast only","Converted from separate active ability to Trait row for the 4-6 active-button budget. Former active values: STM 8; cooldown 75 seconds.","Predator's Mark also causes damage against marked targets to grant the beast +5% Haste
and +2% hit chance for 30 seconds, stacking up to +20% Haste and +8% hit chance.","Predator's Mark also causes damage against marked targets to grant the beast +5% Haste and +2% hit chance for 30 seconds, stacking up to +20% Haste and +8% hit chance.","PredatorsMark/BeastDamage/Predator's Mark rank 2","","-","-","-",""
"PASS","Scoped implemented","Beast Mastery","62","Damage","4.0","4","Blood Frenzy II","48.0","Beast Level 48; Beast Role Damage","Beast","Trait","MGT","PER","Design Added","","-","-","-","-","Implemented","Damage beast only","","When the beast damages a bleeding target, it has a 30% chance to restore 1 STM.","When the beast damages a bleeding target, it has a 30% chance to restore 1 STM.","BeastBloodFrenzy/BeastDamage/Blood Frenzy rank 2","","-","-","-",""
"PASS","Scoped implemented","Beast Mastery","63","Damage","3.0","3","Execute Prey","50.0","Beast Level 50; Beast Role Damage","Beast","Combat","MGT","PER","Combat Formula","","-","8.0","-","30 seconds","Implemented","Damage beast only","","The beast's next attack deals +30 physical DMG, increased by 50% against targets below 35% HP.","The beast's next attack deals +30 physical DMG, increased by 50% against targets below 35% HP.","ExecutePrey/BeastDamage/Execute Prey rank 1","ExecutePrey1","ExecutePrey1: ExecutePreyAbilityDefinition.cs name='Execute Prey' level=1 skill=BeastMastery activation=Casted FP=- STM=8 cast=0 cooldown=30","ExecutePrey1: PASS exact Bible text TLK 3160","ExecutePrey1: PASS exact Bible text TLK 3160",""
"PASS","Scoped implemented","Beast Mastery","64","Damage","5.0","5","Apex Bite","50.0","Beast Level 50; Beast Role Damage; Quest apex_bite_mastery","Beast","Combat","MGT","PER","Combat Formula","","-","10.0","-","45 seconds","Implemented","Damage beast only","High-rank beast ability, not part of the shared player capstone pool.","The beast's next attack deals +45 physical DMG and gains +25% critical chance.","The beast's next attack deals +45 physical DMG and gains +25% critical chance.","ApexBite/BeastDamage/Apex Bite rank 1","ApexBite1","ApexBite1: ApexBiteAbilityDefinition.cs name='Apex Bite' level=1 skill=BeastMastery activation=Casted FP=- STM=10 cast=0 cooldown=45","ApexBite1: PASS exact Bible text TLK 3762","ApexBite1: PASS exact Bible text TLK 3762",""
"PASS","Scoped implemented","Beast Mastery","67","Tank","2.0","2","Iron Hide I","5.0","Beast Level 5; Beast Role Tank","Beast","Combat","MGT","PER","Design Added","","-","3.0","-","18 seconds","Implemented","Tank beast only","","The beast takes 5% less physical and force damage for 3 minutes.","The beast takes 5% less physical and force damage for 3 minutes.","IronHide/BeastTank/Iron Hide rank 1","IronHide1","IronHide1: IronHideAbilityDefinition.cs name='Iron Hide I' level=1 skill=BeastMastery activation=Casted FP=- STM=3 cast=0 cooldown=18","IronHide1: PASS exact Bible text TLK 3272","IronHide1: PASS exact Bible text TLK 3272",""
"PASS","Scoped implemented","Beast Mastery","68","Tank","2.0","2","Anger I","8.0","Beast Level 8; Beast Role Tank","Beast","Combat","MGT","PER","Design Added","","-","3.0","-","12 seconds","Implemented","Tank beast only","","Goads a single target into attacking the beast.","Goads a single target into attacking the beast.","Anger/BeastTank/Anger rank 1","Anger1","Anger1: AngerAbilityDefinition.cs name='Anger I' level=1 skill=BeastMastery activation=Casted FP=- STM=3 cast=0 cooldown=12","Anger1: PASS exact Bible text TLK 3046","Anger1: PASS exact Bible text TLK 3046",""
"PASS","Scoped implemented","Beast Mastery","69","Tank","2.0","2","Focus Attention I","12.0","Beast Level 12; Beast Role Tank","Beast","Trait","MGT","PER","Design Added","","-","-","-","-","Implemented","Tank beast only","","The beast's enmity generation is increased by 15%.","The beast's enmity generation is increased by 15%.","FocusAttention/BeastTank/Focus Attention rank 1","FocusAttentionTrait","FocusAttentionTrait: no active ability definition","FocusAttentionTrait: PASS exact Bible text TLK 4077","-",""
"PASS","Scoped implemented","Beast Mastery","70","Tank","3.0","3","Guarding Roar I","15.0","Beast Level 15; Beast Role Tank","Beast","Combat","MGT","PER","Design Added","","-","6.0","-","24 seconds","Implemented","Tank beast only","","Enemies within 5m are goaded into attacking the beast and the beast takes 6% less physical damage for 30 seconds.","Enemies within 5m are goaded into attacking the beast and the beast takes 6% less physical damage for 30 seconds.","GuardingRoar/BeastTank/Guarding Roar rank 1","GuardingRoar1","GuardingRoar1: GuardingRoarAbilityDefinition.cs name='Guarding Roar I' level=1 skill=BeastMastery activation=Casted FP=- STM=6 cast=0 cooldown=24","GuardingRoar1: PASS exact Bible text TLK 5373","GuardingRoar1: PASS exact Bible text TLK 5373",""
"PASS","Scoped implemented","Beast Mastery","71","Tank","3.0","3","Iron Hide II","18.0","Beast Level 18; Beast Role Tank","Beast","Combat","MGT","PER","Design Added","","-","4.0","-","18 seconds","Implemented","Tank beast only","","The beast takes 8% less physical and force damage for 3 minutes.","The beast takes 8% less physical and force damage for 3 minutes.","IronHide/BeastTank/Iron Hide rank 2","IronHide2","IronHide2: IronHideAbilityDefinition.cs name='Iron Hide II' level=2 skill=BeastMastery activation=Casted FP=- STM=4 cast=0 cooldown=18","IronHide2: PASS exact Bible text TLK 3274","IronHide2: PASS exact Bible text TLK 3274",""
"PASS","Scoped implemented","Beast Mastery","72","Tank","3.0","3","Intercept I","22.0","Beast Level 22; Beast Role Tank","Beast","Combat","MGT","PER","Design Added","","-","6.0","-","24 seconds","Implemented","Tank beast only","","The beast redirects 35% of the next hit taken by its master within 30 seconds to itself.","The beast redirects 35% of the next hit taken by its master within 30 seconds to itself.","Intercept/BeastTank/Intercept rank 1","Intercept1","Intercept1: InterceptAbilityDefinition.cs name='Intercept I' level=1 skill=BeastMastery activation=Casted FP=- STM=6 cast=0 cooldown=24","Intercept1: PASS exact Bible text TLK 5376","Intercept1: PASS exact Bible text TLK 5376",""
"PASS","Scoped implemented","Beast Mastery","73","Tank","3.0","3","Focus Attention II","25.0","Beast Level 25; Beast Role Tank","Beast","Trait","MGT","PER","Design Added","","-","-","-","-","Implemented","Tank beast only","","The beast's enmity generation is increased by 30%.","The beast's enmity generation is increased by 30%.","FocusAttention/BeastTank/Focus Attention rank 2","","-","-","-",""
"PASS","Scoped implemented","Beast Mastery","74","Tank","4.0","4","Anger II","28.0","Beast Level 28; Beast Role Tank","Beast","Combat","MGT","PER","Design Added","","-","5.0","-","12 seconds","Implemented","Tank beast only","","Goads a single target into attacking the beast and grants the beast temporary HP equal to 15% of its maximum HP for 30 seconds.","Goads a single target into attacking the beast and grants the beast temporary HP equal to 15% of its maximum HP for 30 seconds.","Anger/BeastTank/Anger rank 2","Anger2","Anger2: AngerAbilityDefinition.cs name='Anger II' level=2 skill=BeastMastery activation=Casted FP=- STM=5 cast=0 cooldown=12","Anger2: PASS exact Bible text TLK 5380","Anger2: PASS exact Bible text TLK 5380",""
"PASS","Scoped implemented","Beast Mastery","75","Tank","3.0","3","Bodyguard's Resolve","30.0","Beast Level 30; Beast Role Tank","Beast","Trait","MGT","PER","Design Added","","-","-","-","-","Implemented","Tank beast only","","The beast takes 10% less damage while its master is below 50% HP.","The beast takes 10% less damage while its master is below 50% HP.","BodyguardsResolve/BeastTank/Bodyguard's Resolve rank 1","BodyguardsResolveTrait","BodyguardsResolveTrait: no active ability definition","BodyguardsResolveTrait: PASS exact Bible text TLK 4078","-",""
"PASS","Scoped implemented","Beast Mastery","76","Tank","4.0","4","Guarding Roar II","35.0","Beast Level 35; Beast Role Tank","Beast","Combat","MGT","PER","Design Added","","-","8.0","-","24 seconds","Implemented","Tank beast only","","Enemies within 5m are goaded into attacking the beast and the beast takes 10% less physical damage for 30 seconds.","Enemies within 5m are goaded into attacking the beast and the beast takes 10% less physical damage for 30 seconds.","GuardingRoar/BeastTank/Guarding Roar rank 2","GuardingRoar2","GuardingRoar2: GuardingRoarAbilityDefinition.cs name='Guarding Roar II' level=2 skill=BeastMastery activation=Casted FP=- STM=8 cast=0 cooldown=24","GuardingRoar2: PASS exact Bible text TLK 5383","GuardingRoar2: PASS exact Bible text TLK 5383",""
"PASS","Scoped implemented","Beast Mastery","77","Tank","3.0","3","Iron Hide III","38.0","Beast Level 38; Beast Role Tank","Beast","Combat","MGT","PER","Design Added","","-","6.0","-","18 seconds","Implemented","Tank beast only","","The beast takes 12% less physical and force damage for 3 minutes.","The beast takes 12% less physical and force damage for 3 minutes.","IronHide/BeastTank/Iron Hide rank 3","IronHide3","IronHide3: IronHideAbilityDefinition.cs name='Iron Hide III' level=3 skill=BeastMastery activation=Casted FP=- STM=6 cast=0 cooldown=18","IronHide3: PASS exact Bible text TLK 3276","IronHide3: PASS exact Bible text TLK 3276",""
"PASS","Scoped implemented","Beast Mastery","78","Tank","3.0","3","Intercept II","40.0","Beast Level 40; Beast Role Tank","Beast","Combat","MGT","PER","Design Added","","-","8.0","-","24 seconds","Implemented","Tank beast only","","The beast redirects 50% of the next hit taken by its master within 30 seconds to itself.","The beast redirects 50% of the next hit taken by its master within 30 seconds to itself.","Intercept/BeastTank/Intercept rank 2","Intercept2","Intercept2: InterceptAbilityDefinition.cs name='Intercept II' level=2 skill=BeastMastery activation=Casted FP=- STM=8 cast=0 cooldown=24","Intercept2: PASS exact Bible text TLK 5385","Intercept2: PASS exact Bible text TLK 5385",""
"PASS","Scoped implemented","Beast Mastery","79","Tank","4.0","4","Focus Attention III","42.0","Beast Level 42; Beast Role Tank","Beast","Trait","MGT","PER","Design Added","","-","-","-","-","Implemented","Tank beast only","","The beast's enmity generation is increased by 45% and Anger cooldown is reduced by 3 seconds.","The beast's enmity generation is increased by 45% and Anger cooldown is reduced by 3 seconds.","FocusAttention/BeastTank/Focus Attention rank 3","","-","-","-",""
"PASS","Scoped implemented","Beast Mastery","80","Tank","4.0","4","Rampart Hide","45.0","Beast Level 45; Beast Role Tank","Beast","Combat","MGT","PER","Design Added","","-","9.0","-","45 seconds","Implemented","Tank beast only","","The beast gains 20% damage reduction for 30 seconds.","The beast gains 20% damage reduction for 30 seconds.","RampartHide/BeastTank/Rampart Hide rank 1","RampartHide1","RampartHide1: RampartHideAbilityDefinition.cs name='Rampart Hide' level=1 skill=BeastMastery activation=Casted FP=- STM=9 cast=0 cooldown=45","RampartHide1: PASS exact Bible text TLK 5388","RampartHide1: PASS exact Bible text TLK 5388",""
"PASS","Scoped implemented","Beast Mastery","81","Tank","4.0","4","Guarding Roar III","48.0","Beast Level 48; Beast Role Tank","Beast","Combat","MGT","PER","Design Added","","-","10.0","-","24 seconds","Implemented","Tank beast only","","Enemies within 5m are goaded into attacking the beast and the beast takes 15% less physical damage for 30 seconds.","Enemies within 5m are goaded into attacking the beast and the beast takes 15% less physical damage for 30 seconds.","GuardingRoar/BeastTank/Guarding Roar rank 3","GuardingRoar3","GuardingRoar3: GuardingRoarAbilityDefinition.cs name='Guarding Roar III' level=3 skill=BeastMastery activation=Casted FP=- STM=10 cast=0 cooldown=24","GuardingRoar3: PASS exact Bible text TLK 5391","GuardingRoar3: PASS exact Bible text TLK 5391",""
"PASS","Scoped implemented","Beast Mastery","82","Tank","4","4","Last Guardian","50.0","Beast Level 50; Beast Role Tank","Beast","Trait","MGT","PER","Design Added","","-","-","-","-","Implemented","Tank beast only","","Once every 3 minutes, when the beast would take fatal damage, prevent that damage and grant temporary HP equal to 20% of its maximum HP for 30 seconds.","Once every 3 minutes, when the beast would take fatal damage, prevent that damage and grant temporary HP equal to 20% of its maximum HP for 30 seconds.","LastGuardian/BeastTank/Last Guardian rank 1","LastGuardianTrait","LastGuardianTrait: no active ability definition","LastGuardianTrait: PASS exact Bible text TLK 5211","-",""
"PASS","Scoped implemented","Beast Mastery","83","Tank","5.0","5","Unbreakable Beast","50.0","Beast Level 50; Beast Role Tank; Quest unbreakable_beast_mastery","Beast","Combat","MGT","PER","Design Added","","-","12.0","-","60 seconds","Implemented","Tank beast only","High-rank beast ability, not part of the shared player capstone pool.","The beast becomes immune to knockdown, daze, and forced movement for 30 seconds and gains 25% damage reduction.","The beast becomes immune to knockdown, daze, and forced movement for 30 seconds and gains 25% damage reduction.","UnbreakableBeast/BeastTank/Unbreakable Beast rank 1","UnbreakableBeast1","UnbreakableBeast1: UnbreakableBeastAbilityDefinition.cs name='Unbreakable Beast' level=1 skill=BeastMastery activation=Casted FP=- STM=12 cast=0 cooldown=60","UnbreakableBeast1: PASS exact Bible text TLK 5393","UnbreakableBeast1: PASS exact Bible text TLK 5393",""
"PASS","Scoped implemented","Beast Mastery","86","Balanced","2.0","2","Claw I","5.0","Beast Level 5; Beast Role Balanced","Beast","Combat","MGT","PER","Combat Formula","","-","3.0","-","10 seconds","Implemented","Balanced beast only","","The beast's next attack deals +10 physical DMG and attempts to inflict Bleed for 12 seconds.","The beast's next attack deals +10 physical DMG and attempts to inflict Bleed for 12 seconds.","Claw/BeastBalanced/Claw rank 1","Claw1","Claw1: ClawAbilityDefinition.cs name='Claw I' level=1 skill=BeastMastery activation=Casted FP=- STM=3 cast=0 cooldown=10","Claw1: PASS exact Bible text TLK 3088","Claw1: PASS exact Bible text TLK 3088",""
"PASS","Scoped implemented","Beast Mastery","87","Balanced","2.0","2","Bolster Attack I","8.0","Beast Level 8; Beast Role Balanced","Beast","Combat","MGT","PER","Design Added","","-","3.0","-","18 seconds","Implemented","Balanced beast only","","The beast deals 5% more damage for 3 minutes.","The beast deals 5% more damage for 3 minutes.","BolsterAttack/BeastBalanced/Bolster Attack rank 1","BolsterAttack1","BolsterAttack1: BolsterAttackAbilityDefinition.cs name='Bolster Attack I' level=1 skill=BeastMastery activation=Casted FP=- STM=3 cast=0 cooldown=18","BolsterAttack1: PASS exact Bible text TLK 3071","BolsterAttack1: PASS exact Bible text TLK 3071",""
"PASS","Scoped implemented","Beast Mastery","88","Balanced","3.0","3","Guarded Bite I","12.0","Beast Level 12; Beast Role Balanced","Beast","Combat","MGT","PER","Combat Formula","","-","4.0","-","12 seconds","Implemented","Balanced beast only","","The beast's next attack deals +12 physical DMG and causes the beast to take 5% less physical damage for 30 seconds.","The beast's next attack deals +12 physical DMG and causes the beast to take 5% less physical damage for 30 seconds.","GuardedBite/BeastBalanced/Guarded Bite rank 1","GuardedBite1","GuardedBite1: GuardedBiteAbilityDefinition.cs name='Guarded Bite I' level=1 skill=BeastMastery activation=Casted FP=- STM=4 cast=0 cooldown=12","GuardedBite1: PASS exact Bible text TLK 5394","GuardedBite1: PASS exact Bible text TLK 5394",""
"PASS","Scoped implemented","Beast Mastery","89","Balanced","3.0","3","Pack Rhythm I","15.0","Beast Level 15; Beast Role Balanced","Beast","Trait","MGT","PER","Design Added","","-","-","-","-","Implemented","Balanced beast only","","When the beast uses an ability, its master gains +3% physical and force ability hit chance for 30 seconds.","When the beast uses an ability, its master gains +3% physical and force ability hit chance for 30 seconds.","PackRhythm/BeastBalanced/Pack Rhythm rank 1","PackRhythmTrait","PackRhythmTrait: no active ability definition","PackRhythmTrait: PASS exact Bible text TLK 192548","-",""
"PASS","Scoped implemented","Beast Mastery","90","Balanced","3.0","3","Claw II","18.0","Beast Level 18; Beast Role Balanced","Beast","Combat","MGT","PER","Combat Formula","","-","4.0","-","10 seconds","Implemented","Balanced beast only","","The beast's next attack deals +18 physical DMG and attempts to inflict Bleed for 12 seconds.","The beast's next attack deals +18 physical DMG and attempts to inflict Bleed for 12 seconds.","Claw/BeastBalanced/Claw rank 2","Claw2","Claw2: ClawAbilityDefinition.cs name='Claw II' level=2 skill=BeastMastery activation=Casted FP=- STM=4 cast=0 cooldown=10","Claw2: PASS exact Bible text TLK 3089","Claw2: PASS exact Bible text TLK 3089",""
"PASS","Scoped implemented","Beast Mastery","91","Balanced","3.0","3","Hasten I","22.0","Beast Level 22; Beast Role Balanced","Beast","Combat","MGT","PER","Design Added","","-","5.0","-","30 seconds","Implemented","Balanced beast only","","The beast gains +15% Haste for 30 seconds.","The beast gains +15% Haste for 30 seconds.","Hasten/BeastBalanced/Hasten rank 1","Hasten1","Hasten1: HastenAbilityDefinition.cs name='Hasten I' level=1 skill=BeastMastery activation=Casted FP=- STM=5 cast=0 cooldown=30","Hasten1: PASS exact Bible text TLK 5395","Hasten1: PASS exact Bible text TLK 5395",""
"PASS","Scoped implemented","Beast Mastery","92","Balanced","2.0","2","Bolster Attack II","25.0","Beast Level 25; Beast Role Balanced","Beast","Combat","MGT","PER","Design Added","","-","4.0","-","18 seconds","Implemented","Balanced beast only","","The beast deals 8% more damage for 3 minutes.","The beast deals 8% more damage for 3 minutes.","BolsterAttack/BeastBalanced/Bolster Attack rank 2","BolsterAttack2","BolsterAttack2: BolsterAttackAbilityDefinition.cs name='Bolster Attack II' level=2 skill=BeastMastery activation=Casted FP=- STM=4 cast=0 cooldown=18","BolsterAttack2: PASS exact Bible text TLK 3072","BolsterAttack2: PASS exact Bible text TLK 3072",""
"PASS","Scoped implemented","Beast Mastery","93","Balanced","4.0","4","Coordinated Strike I","28.0","Beast Level 28; Beast Role Balanced","Beast","Combat","MGT","PER","Combat Formula","","-","5.0","-","15 seconds","Implemented","Balanced beast only","","The beast's next attack deals +18 physical DMG. If its master damaged the target within 6 seconds, damage increases by 25%.","The beast's next attack deals +18 physical DMG. If its master damaged the target within 6 seconds, damage increases by 25%.","CoordinatedStrike/BeastBalanced/Coordinated Strike rank 1","CoordinatedStrike1","CoordinatedStrike1: CoordinatedStrikeAbilityDefinition.cs name='Coordinated Strike I' level=1 skill=BeastMastery activation=Casted FP=- STM=5 cast=0 cooldown=15","CoordinatedStrike1: PASS exact Bible text TLK 3108","CoordinatedStrike1: PASS exact Bible text TLK 3108",""
"PASS","Scoped implemented","Beast Mastery","94","Balanced","3.0","3","Guarded Bite II","30.0","Beast Level 30; Beast Role Balanced","Beast","Combat","MGT","PER","Combat Formula","","-","5.0","-","12 seconds","Implemented","Balanced beast only","","The beast's next attack deals +22 physical DMG and causes the beast to take 8% less physical damage for 30 seconds.","The beast's next attack deals +22 physical DMG and causes the beast to take 8% less physical damage for 30 seconds.","GuardedBite/BeastBalanced/Guarded Bite rank 2","GuardedBite2","GuardedBite2: GuardedBiteAbilityDefinition.cs name='Guarded Bite II' level=2 skill=BeastMastery activation=Casted FP=- STM=5 cast=0 cooldown=12","GuardedBite2: PASS exact Bible text TLK 5397","GuardedBite2: PASS exact Bible text TLK 5397",""
"PASS","Scoped implemented","Beast Mastery","95","Balanced","4.0","4","Pack Rhythm II","35.0","Beast Level 35; Beast Role Balanced","Beast","Trait","MGT","PER","Design Added","","-","-","-","-","Implemented","Balanced beast only","","When the beast uses an ability, its master gains +6% physical and force ability hit chance for 30 seconds.","When the beast uses an ability, its master gains +6% physical and force ability hit chance for 30 seconds.","PackRhythm/BeastBalanced/Pack Rhythm rank 2","","-","-","-",""
"PASS","Scoped implemented","Beast Mastery","96","Balanced","3.0","3","Claw III","38.0","Beast Level 38; Beast Role Balanced","Beast","Combat","MGT","PER","Combat Formula","","-","6.0","-","10 seconds","Implemented","Balanced beast only","","The beast's next attack deals +28 physical DMG and attempts to inflict Bleed for 12 seconds.","The beast's next attack deals +28 physical DMG and attempts to inflict Bleed for 12 seconds.","Claw/BeastBalanced/Claw rank 3","Claw3","Claw3: ClawAbilityDefinition.cs name='Claw III' level=3 skill=BeastMastery activation=Casted FP=- STM=6 cast=0 cooldown=10","Claw3: PASS exact Bible text TLK 3090","Claw3: PASS exact Bible text TLK 3090",""
"PASS","Scoped implemented","Beast Mastery","97","Balanced","3.0","3","Hasten II","40.0","Beast Level 40; Beast Role Balanced","Beast","Combat","MGT","PER","Design Added","","-","7.0","-","30 seconds","Implemented","Balanced beast only","","The beast gains +25% Haste for 30 seconds.","The beast gains +25% Haste for 30 seconds.","Hasten/BeastBalanced/Hasten rank 2","Hasten2","Hasten2: HastenAbilityDefinition.cs name='Hasten II' level=2 skill=BeastMastery activation=Casted FP=- STM=7 cast=0 cooldown=30","Hasten2: PASS exact Bible text TLK 5398","Hasten2: PASS exact Bible text TLK 5398",""
"PASS","Scoped implemented","Beast Mastery","98","Balanced","4.0","4","Bolster Attack III","42.0","Beast Level 42; Beast Role Balanced","Beast","Combat","MGT","PER","Design Added","","-","6.0","-","18 seconds","Implemented","Balanced beast only","","The beast deals 12% more damage for 3 minutes.","The beast deals 12% more damage for 3 minutes.","BolsterAttack/BeastBalanced/Bolster Attack rank 3","BolsterAttack3","BolsterAttack3: BolsterAttackAbilityDefinition.cs name='Bolster Attack III' level=3 skill=BeastMastery activation=Casted FP=- STM=6 cast=0 cooldown=18","BolsterAttack3: PASS exact Bible text TLK 3073","BolsterAttack3: PASS exact Bible text TLK 3073",""
"PASS","Scoped implemented","Beast Mastery","99","Balanced","4.0","4","Coordinated Strike II","45.0","Beast Level 45; Beast Role Balanced","Beast","Combat","MGT","PER","Combat Formula","","-","7.0","-","15 seconds","Implemented","Balanced beast only","","The beast's next attack deals +30 physical DMG. If its master damaged the target within 6 seconds, damage increases by 25%.","The beast's next attack deals +30 physical DMG. If its master damaged the target within 6 seconds, damage increases by 25%.","CoordinatedStrike/BeastBalanced/Coordinated Strike rank 2","CoordinatedStrike2","CoordinatedStrike2: CoordinatedStrikeAbilityDefinition.cs name='Coordinated Strike II' level=2 skill=BeastMastery activation=Casted FP=- STM=7 cast=0 cooldown=15","CoordinatedStrike2: PASS exact Bible text TLK 3110","CoordinatedStrike2: PASS exact Bible text TLK 3110",""
"PASS","Scoped implemented","Beast Mastery","100","Balanced","4.0","4","Pack Recovery","48.0","Beast Level 48; Beast Role Balanced","Beast","Trait","MGT","PER","Design Added","","-","-","-","-","Implemented","Balanced beast only","Converted from separate active ability to Trait row for the 4-6 active-button budget. Former active values: STM 8; cooldown 90 seconds.","When your beast uses a Balanced active ability, the beast and master each restore 1 STM. This can trigger once every 8 seconds.","When your beast uses a Balanced active ability, the beast and master each restore 1 STM. This can trigger once every 8 seconds.","PackRecovery/BeastBalanced/Pack Recovery rank 1","PackRecoveryTrait","PackRecoveryTrait: no active ability definition","PackRecoveryTrait: PASS exact Bible text TLK 4000","-",""
"PASS","Scoped implemented","Beast Mastery","101","Balanced","3.0","3","Guarded Bite III","50.0","Beast Level 50; Beast Role Balanced","Beast","Combat","MGT","PER","Combat Formula","","-","8.0","-","12 seconds","Implemented","Balanced beast only","","The beast's next attack deals +34 physical DMG and causes the beast to take 12% less physical damage for 30 seconds.","The beast's next attack deals +34 physical DMG and causes the beast to take 12% less physical damage for 30 seconds.","GuardedBite/BeastBalanced/Guarded Bite rank 3","GuardedBite3","GuardedBite3: GuardedBiteAbilityDefinition.cs name='Guarded Bite III' level=3 skill=BeastMastery activation=Casted FP=- STM=8 cast=0 cooldown=12","GuardedBite3: PASS exact Bible text TLK 5399","GuardedBite3: PASS exact Bible text TLK 5399",""
"PASS","Scoped implemented","Beast Mastery","102","Balanced","5.0","5","Alpha Rhythm","50.0","Beast Level 50; Beast Role Balanced; Quest alpha_rhythm_mastery","Beast","Combat","MGT","PER","Design Added","","-","10.0","-","45 seconds","Implemented","Balanced beast only","High-rank beast ability, not part of the shared player capstone pool.","For 30 seconds, the beast deals 10% more damage and takes 10% less damage, and its master gains +8% physical and force ability hit chance.","For 30 seconds, the beast deals 10% more damage and takes 10% less damage, and its master gains +8% physical and force ability hit chance.","AlphaRhythm/BeastBalanced/Alpha Rhythm rank 1","AlphaRhythm1","AlphaRhythm1: AlphaRhythmAbilityDefinition.cs name='Alpha Rhythm' level=1 skill=BeastMastery activation=Casted FP=- STM=10 cast=0 cooldown=45","AlphaRhythm1: PASS exact Bible text TLK 5291","AlphaRhythm1: PASS exact Bible text TLK 5291",""
"PASS","Scoped implemented","Beast Mastery","105","Bruiser","2.0","2","Poison Breath I","5.0","Beast Level 5; Beast Role Bruiser","Beast","Combat","MGT","PER","Combat Formula","","-","4.0","-","15 seconds","Implemented","Bruiser beast only","Hostiles only. If cone AI remains unstable, implement as a hostile-only target-centered burst.","The beast breathes poison at hostile targets in a 6m x 5m cone, dealing 10 poison DMG plus MGT scaling and attempting to inflict Poison for 12 seconds.","The beast breathes poison at hostile targets in a 6m x 5m cone, dealing 10 poison DMG plus MGT scaling and attempting to inflict Poison for 12 seconds.","PoisonBreath/BeastBruiser/Poison Breath rank 1","PoisonBreath1","PoisonBreath1: PoisonBreathAbilityDefinition.cs name='Poison Breath I' level=1 skill=BeastMastery activation=Casted FP=- STM=4 cast=0 cooldown=15","PoisonBreath1: PASS exact Bible text TLK 4003","PoisonBreath1: PASS exact Bible text TLK 4003",""
"PASS","Scoped implemented","Beast Mastery","106","Bruiser","2.0","2","Ice Breath I","8.0","Beast Level 8; Beast Role Bruiser","Beast","Combat","MGT","PER","Combat Formula","","-","4.0","-","15 seconds","Implemented","Bruiser beast only","Hostiles only. If cone AI remains unstable, implement as a hostile-only target-centered burst.","The beast breathes ice at hostile targets in a 6m x 5m cone, dealing 10 ice DMG plus MGT scaling and slowing affected enemies for 4 seconds.","The beast breathes ice at hostile targets in a 6m x 5m cone, dealing 10 ice DMG plus MGT scaling and slowing affected enemies for 4 seconds.","IceBreath/BeastBruiser/Ice Breath rank 1","IceBreath1","IceBreath1: IceBreathAbilityDefinition.cs name='Ice Breath I' level=1 skill=BeastMastery activation=Casted FP=- STM=4 cast=0 cooldown=15","IceBreath1: PASS exact Bible text TLK 5292","IceBreath1: PASS exact Bible text TLK 5292",""
"PASS","Scoped implemented","Beast Mastery","107","Bruiser","3.0","3","Crushing Slam I","12.0","Beast Level 12; Beast Role Bruiser","Beast","Combat","MGT","PER","Combat Formula","","-","5.0","-","24 seconds","Implemented","Bruiser beast only","Hostiles only.","The beast slams hostile enemies within 5m for 10 physical DMG plus MGT scaling and Dazes them for 15 seconds.","The beast slams hostile enemies within 5m for 10 physical DMG plus MGT scaling and Dazes them for 15 seconds.","CrushingSlam/BeastBruiser/Crushing Slam rank 1","CrushingSlam1","CrushingSlam1: CrushingSlamAbilityDefinition.cs name='Crushing Slam I' level=1 skill=BeastMastery activation=Casted FP=- STM=5 cast=0 cooldown=24","CrushingSlam1: PASS exact Bible text TLK 5293","CrushingSlam1: PASS exact Bible text TLK 5293",""
"PASS","Scoped implemented","Beast Mastery","108","Bruiser","3.0","3","Endurance Link I","15.0","Beast Level 15; Beast Role Bruiser","Beast","Trait","MGT","PER","Design Added","","-","-","-","-","Implemented","Bruiser beast only","","The beast has a 10% chance to restore 1 STM to its master when it lands an attack.","The beast has a 10% chance to restore 1 STM to its master when it lands an attack.","EnduranceLink/BeastBruiser/Endurance Link rank 1","EnduranceLinkTrait","EnduranceLinkTrait: no active ability definition","EnduranceLinkTrait: PASS exact Bible text TLK 4069","-",""
"PASS","Scoped implemented","Beast Mastery","109","Bruiser","3.0","3","Poison Breath II","18.0","Beast Level 18; Beast Role Bruiser","Beast","Combat","MGT","PER","Combat Formula","","-","5.0","-","15 seconds","Implemented","Bruiser beast only","Hostiles only. If cone AI remains unstable, implement as a hostile-only target-centered burst.","The beast breathes poison at hostile targets in a 6m x 5m cone, dealing 14 poison DMG plus MGT scaling and attempting to inflict Poison for 12 seconds.","The beast breathes poison at hostile targets in a 6m x 5m cone, dealing 14 poison DMG plus MGT scaling and attempting to inflict Poison for 12 seconds.","PoisonBreath/BeastBruiser/Poison Breath rank 2","PoisonBreath2","PoisonBreath2: PoisonBreathAbilityDefinition.cs name='Poison Breath II' level=2 skill=BeastMastery activation=Casted FP=- STM=5 cast=0 cooldown=15","PoisonBreath2: PASS exact Bible text TLK 4004","PoisonBreath2: PASS exact Bible text TLK 4004",""
"PASS","Scoped implemented","Beast Mastery","110","Bruiser","3.0","3","Venomous Hide I","22.0","Beast Level 22; Beast Role Bruiser","Beast","Trait","MGT","PER","Design Added","","-","-","-","-","Implemented","Bruiser beast only","","Enemies that damage the beast in melee have a 10% chance to suffer 8 poison DMG plus MGT scaling.","Enemies that damage the beast in melee have a 10% chance to suffer 8 poison DMG plus MGT scaling.","VenomousHide/BeastBruiser/Venomous Hide rank 1","VenomousHideTrait","VenomousHideTrait: no active ability definition","VenomousHideTrait: PASS exact Bible text TLK 4070","-",""
"PASS","Scoped implemented","Beast Mastery","111","Bruiser","3","3","Ice Breath II","25.0","Beast Level 25; Beast Role Bruiser","Beast","Combat","MGT","PER","Combat Formula","","-","5.0","-","15 seconds","Implemented","Bruiser beast only","Hostiles only. If cone AI remains unstable, implement as a hostile-only target-centered burst.","The beast breathes ice at hostile targets in a 6m x 5m cone, dealing 14 ice DMG plus MGT scaling and slowing affected enemies for 5 seconds.","The beast breathes ice at hostile targets in a 6m x 5m cone, dealing 14 ice DMG plus MGT scaling and slowing affected enemies for 5 seconds.","IceBreath/BeastBruiser/Ice Breath rank 2","IceBreath2","IceBreath2: IceBreathAbilityDefinition.cs name='Ice Breath II' level=2 skill=BeastMastery activation=Casted FP=- STM=5 cast=0 cooldown=15","IceBreath2: PASS exact Bible text TLK 5294","IceBreath2: PASS exact Bible text TLK 5294",""
"PASS","Scoped implemented","Beast Mastery","112","Bruiser","4.0","4","Crushing Slam II","28.0","Beast Level 28; Beast Role Bruiser","Beast","Combat","MGT","PER","Combat Formula","","-","7.0","-","24 seconds","Implemented","Bruiser beast only","Hostiles only.","The beast slams hostile enemies within 5m for 14 physical DMG plus MGT scaling and Dazes them for 15 seconds.","The beast slams hostile enemies within 5m for 14 physical DMG plus MGT scaling and Dazes them for 15 seconds.","CrushingSlam/BeastBruiser/Crushing Slam rank 2","CrushingSlam2","CrushingSlam2: CrushingSlamAbilityDefinition.cs name='Crushing Slam II' level=2 skill=BeastMastery activation=Casted FP=- STM=7 cast=0 cooldown=24","CrushingSlam2: PASS exact Bible text TLK 5295","CrushingSlam2: PASS exact Bible text TLK 5295",""
"PASS","Scoped implemented","Beast Mastery","113","Bruiser","3.0","3","Endurance Link II","30.0","Beast Level 30; Beast Role Bruiser","Beast","Trait","MGT","PER","Design Added","","-","-","-","-","Implemented","Bruiser beast only","","The beast has a 20% chance to restore 1 STM to its master when it lands an attack.","The beast has a 20% chance to restore 1 STM to its master when it lands an attack.","EnduranceLink/BeastBruiser/Endurance Link rank 2","","-","-","-",""
"PASS","Scoped implemented","Beast Mastery","114","Bruiser","3.0","3","Rampage I","35.0","Beast Level 35; Beast Role Bruiser","Beast","Combat","MGT","PER","Combat Formula","","-","7.0","-","24 seconds","Implemented","Bruiser beast only","Hostiles only.","The beast attacks up to 3 hostile enemies within 5m for 10 physical DMG plus MGT scaling each.","The beast attacks up to 3 hostile enemies within 5m for 10 physical DMG plus MGT scaling each.","Rampage/BeastBruiser/Rampage rank 1","Rampage1","Rampage1: RampageAbilityDefinition.cs name='Rampage I' level=1 skill=BeastMastery activation=Casted FP=- STM=7 cast=0 cooldown=24","Rampage1: PASS exact Bible text TLK 4012","Rampage1: PASS exact Bible text TLK 4012",""
"PASS","Scoped implemented","Beast Mastery","115","Bruiser","3.0","3","Poison Breath III","38.0","Beast Level 38; Beast Role Bruiser","Beast","Combat","MGT","PER","Combat Formula","","-","7.0","-","15 seconds","Implemented","Bruiser beast only","Hostiles only. If cone AI remains unstable, implement as a hostile-only target-centered burst.","The beast breathes poison at hostile targets in a 6m x 5m cone, dealing 18 poison DMG plus MGT scaling and attempting to inflict Poison for 12 seconds.","The beast breathes poison at hostile targets in a 6m x 5m cone, dealing 18 poison DMG plus MGT scaling and attempting to inflict Poison for 12 seconds.","PoisonBreath/BeastBruiser/Poison Breath rank 3","PoisonBreath3","PoisonBreath3: PoisonBreathAbilityDefinition.cs name='Poison Breath III' level=3 skill=BeastMastery activation=Casted FP=- STM=7 cast=0 cooldown=15","PoisonBreath3: PASS exact Bible text TLK 4005","PoisonBreath3: PASS exact Bible text TLK 4005",""
"PASS","Scoped implemented","Beast Mastery","116","Bruiser","3.0","3","Venomous Hide II","40.0","Beast Level 40; Beast Role Bruiser","Beast","Trait","MGT","PER","Design Added","","-","-","-","-","Implemented","Bruiser beast only","","Enemies that damage the beast in melee have a 20% chance to suffer 8 poison DMG plus MGT scaling.","Enemies that damage the beast in melee have a 20% chance to suffer 8 poison DMG plus MGT scaling.","VenomousHide/BeastBruiser/Venomous Hide rank 2","","-","-","-",""
"PASS","Scoped implemented","Beast Mastery","117","Bruiser","4.0","4","Ice Breath III","42.0","Beast Level 42; Beast Role Bruiser","Beast","Combat","MGT","PER","Combat Formula","","-","7.0","-","15 seconds","Implemented","Bruiser beast only","Hostiles only. If cone AI remains unstable, implement as a hostile-only target-centered burst.","The beast breathes ice at hostile targets in a 6m x 5m cone, dealing 18 ice DMG plus MGT scaling and immobilizing affected enemies for 10 seconds.","The beast breathes ice at hostile targets in a 6m x 5m cone, dealing 18 ice DMG plus MGT scaling and immobilizing affected enemies for 10 seconds.","IceBreath/BeastBruiser/Ice Breath rank 3","IceBreath3","IceBreath3: IceBreathAbilityDefinition.cs name='Ice Breath III' level=3 skill=BeastMastery activation=Casted FP=- STM=7 cast=0 cooldown=15","IceBreath3: PASS exact Bible text TLK 5297","IceBreath3: PASS exact Bible text TLK 5297",""
"PASS","Scoped implemented","Beast Mastery","118","Bruiser","4.0","4","Crushing Slam III","45.0","Beast Level 45; Beast Role Bruiser","Beast","Combat","MGT","PER","Combat Formula","","-","9.0","-","24 seconds","Implemented","Bruiser beast only","Hostiles only.","The beast slams hostile enemies within 5m for 18 physical DMG plus MGT scaling and Dazes them for 15 seconds.","The beast slams hostile enemies within 5m for 18 physical DMG plus MGT scaling and Dazes them for 15 seconds.","CrushingSlam/BeastBruiser/Crushing Slam rank 3","CrushingSlam3","CrushingSlam3: CrushingSlamAbilityDefinition.cs name='Crushing Slam III' level=3 skill=BeastMastery activation=Casted FP=- STM=9 cast=0 cooldown=24","CrushingSlam3: PASS exact Bible text TLK 5298","CrushingSlam3: PASS exact Bible text TLK 5298",""
"PASS","Scoped implemented","Beast Mastery","119","Bruiser","4.0","4","Endurance Link III","48.0","Beast Level 48; Beast Role Bruiser","Beast","Trait","MGT","PER","Design Added","","-","-","-","-","Implemented","Bruiser beast only","","The beast has a 30% chance to restore 1 STM to its master when it lands an attack.","The beast has a 30% chance to restore 1 STM to its master when it lands an attack.","EnduranceLink/BeastBruiser/Endurance Link rank 3","","-","-","-",""
"PASS","Scoped implemented","Beast Mastery","120","Bruiser","4.0","4","Rampage II","50.0","Beast Level 50; Beast Role Bruiser","Beast","Combat","MGT","PER","Combat Formula","","-","9.0","-","24 seconds","Implemented","Bruiser beast only","Hostiles only.","The beast attacks up to 4 hostile enemies within 5m for 14 physical DMG plus MGT scaling each.","The beast attacks up to 4 hostile enemies within 5m for 14 physical DMG plus MGT scaling each.","Rampage/BeastBruiser/Rampage rank 2","Rampage2","Rampage2: RampageAbilityDefinition.cs name='Rampage II' level=2 skill=BeastMastery activation=Casted FP=- STM=9 cast=0 cooldown=24","Rampage2: PASS exact Bible text TLK 4013","Rampage2: PASS exact Bible text TLK 4013",""
"PASS","Scoped implemented","Beast Mastery","121","Bruiser","5.0","5","Primal Overrun","50.0","Beast Level 50; Beast Role Bruiser; Quest primal_overrun_mastery","Beast","Combat","MGT","PER","Design Added","","-","12.0","-","45 seconds","Implemented","Bruiser beast only","High-rank beast ability, not part of the shared player capstone pool.","The beast deals 42 physical DMG plus MGT scaling to hostile enemies within 5m and deals 12% more damage for 30 seconds.","The beast deals 42 physical DMG plus MGT scaling to hostile enemies within 5m and deals 12% more damage for 30 seconds.","PrimalOverrun/BeastBruiser/Primal Overrun rank 1","PrimalOverrun1","PrimalOverrun1: PrimalOverrunAbilityDefinition.cs name='Primal Overrun' level=1 skill=BeastMastery activation=Casted FP=- STM=12 cast=0 cooldown=45","PrimalOverrun1: PASS exact Bible text TLK 5299","PrimalOverrun1: PASS exact Bible text TLK 5299",""
"PASS","Scoped implemented","Beast Mastery","124","Evasion","2.0","2","Evasive Maneuver I","5.0","Beast Level 5; Beast Role Evasion","Beast","Combat","MGT","PER","Design Added","","-","3.0","-","18 seconds","Implemented","Evasion beast only","","The beast gains +6% evasion chance for 3 minutes.","The beast gains +6% evasion chance for 3 minutes.","EvasiveManeuver/BeastEvasion/Evasive Maneuver rank 1","EvasiveManeuver1","EvasiveManeuver1: EvasiveManeuverAbilityDefinition.cs name='Evasive Maneuver I' level=1 skill=BeastMastery activation=Casted FP=- STM=3 cast=0 cooldown=18","EvasiveManeuver1: PASS exact Bible text TLK 3156","EvasiveManeuver1: PASS exact Bible text TLK 3156",""
"PASS","Scoped implemented","Beast Mastery","125","Evasion","2.0","2","Assault I","8.0","Beast Level 8; Beast Role Evasion","Beast","Combat","MGT","PER","Combat Formula","","-","3.0","-","10 seconds","Implemented","Evasion beast only","","The beast's next attack deals +10 physical DMG and grants +6% evasion chance for 30 seconds.","The beast's next attack deals +10 physical DMG and grants +6% evasion chance for 30 seconds.","Assault/BeastEvasion/Assault rank 1","Assault1","Assault1: AssaultAbilityDefinition.cs name='Assault I' level=1 skill=BeastMastery activation=Casted FP=- STM=3 cast=0 cooldown=10","Assault1: PASS exact Bible text TLK 5302","Assault1: PASS exact Bible text TLK 5302",""
"PASS","Scoped implemented","Beast Mastery","126","Evasion","3.0","3","Distracting Feint I","12.0","Beast Level 12; Beast Role Evasion","Beast","Combat","MGT","PER","Design Added","","-","4.0","-","15 seconds","Implemented","Evasion beast only","","The beast's next attack reduces target hit chance and evasion chance by 4% for 15 seconds and generates 350 base Enmity plus VIT scaling.","The beast's next attack reduces target hit chance and evasion chance by 4% for 15 seconds and generates 350 base Enmity plus VIT scaling.","DistractingFeint/BeastEvasion/Distracting Feint rank 1","DistractingFeint1","DistractingFeint1: DistractingFeintAbilityDefinition.cs name='Distracting Feint I' level=1 skill=BeastMastery activation=Weapon FP=- STM=4 cast=0 cooldown=15","DistractingFeint1: PASS exact Bible text TLK 5303","DistractingFeint1: PASS exact Bible text TLK 5303",""
"PASS","Scoped implemented","Beast Mastery","127","Evasion","3.0","3","Evasive Challenge I","15.0","Beast Level 15; Beast Role Evasion","Beast","Combat","MGT","PER","Combat Formula","","-","5.0","-","30 seconds","Implemented","Evasion beast only","Replaces enmity drop so evade-trigger perks can actually fire.","The beast goads a single target, gains +8% evasion chance for 30 seconds, and restores 1 STM the next time it evades during the effect.","The beast goads a single target, gains +8% evasion chance for 30 seconds, and restores 1 STM the next time it evades during the effect.","EvasiveChallenge/BeastEvasion/Evasive Challenge rank 1","EvasiveChallenge1","EvasiveChallenge1: EvasiveChallengeAbilityDefinition.cs name='Evasive Challenge I' level=1 skill=BeastMastery activation=Casted FP=- STM=5 cast=0 cooldown=30","EvasiveChallenge1: PASS exact Bible text TLK 5304","EvasiveChallenge1: PASS exact Bible text TLK 5304",""
"PASS","Scoped implemented","Beast Mastery","128","Evasion","3.0","3","Evasive Maneuver II","18.0","Beast Level 18; Beast Role Evasion","Beast","Combat","MGT","PER","Design Added","","-","4.0","-","18 seconds","Implemented","Evasion beast only","","The beast gains +10% evasion chance for 3 minutes.","The beast gains +10% evasion chance for 3 minutes.","EvasiveManeuver/BeastEvasion/Evasive Maneuver rank 2","EvasiveManeuver2","EvasiveManeuver2: EvasiveManeuverAbilityDefinition.cs name='Evasive Maneuver II' level=2 skill=BeastMastery activation=Casted FP=- STM=4 cast=0 cooldown=18","EvasiveManeuver2: PASS exact Bible text TLK 3157","EvasiveManeuver2: PASS exact Bible text TLK 3157",""
"PASS","Scoped implemented","Beast Mastery","129","Evasion","3.0","3","Sniff I","22.0","Beast Level 22; Beast Role Evasion","Beast","Trait","MGT","PER","Design Added","","-","-","-","-","Implemented","Evasion beast only","Kept as Evasion role utility.","The beast gains +5% rare item find chance after combat.","The beast gains +5% rare item find chance after combat.","Sniff/BeastEvasion/Sniff rank 1","SniffTrait","SniffTrait: no active ability definition","SniffTrait: PASS exact Bible text TLK 4073","-",""
"PASS","Scoped implemented","Beast Mastery","130","Evasion","2.0","2","Assault II","25.0","Beast Level 25; Beast Role Evasion","Beast","Combat","MGT","PER","Combat Formula","","-","5.0","-","10 seconds","Implemented","Evasion beast only","","The beast's next attack deals +20 physical DMG and grants +10% evasion chance for 30 seconds.","The beast's next attack deals +20 physical DMG and grants +10% evasion chance for 30 seconds.","Assault/BeastEvasion/Assault rank 2","Assault2","Assault2: AssaultAbilityDefinition.cs name='Assault II' level=2 skill=BeastMastery activation=Casted FP=- STM=5 cast=0 cooldown=10","Assault2: PASS exact Bible text TLK 5305","Assault2: PASS exact Bible text TLK 5305",""
"PASS","Scoped implemented","Beast Mastery","131","Evasion","4.0","4","Distracting Feint II","28.0","Beast Level 28; Beast Role Evasion","Beast","Combat","MGT","PER","Design Added","","-","5.0","-","15 seconds","Implemented","Evasion beast only","","The beast's next attack reduces target hit chance and evasion chance by 8% for 15 seconds and generates 500 base Enmity plus VIT scaling.","The beast's next attack reduces target hit chance and evasion chance by 8% for 15 seconds and generates 500 base Enmity plus VIT scaling.","DistractingFeint/BeastEvasion/Distracting Feint rank 2","DistractingFeint2","DistractingFeint2: DistractingFeintAbilityDefinition.cs name='Distracting Feint II' level=2 skill=BeastMastery activation=Weapon FP=- STM=5 cast=0 cooldown=15","DistractingFeint2: PASS exact Bible text TLK 5306","DistractingFeint2: PASS exact Bible text TLK 5306",""
"PASS","Scoped implemented","Beast Mastery","132","Evasion","3.0","3","Quick Recovery I","30.0","Beast Level 30; Beast Role Evasion","Beast","Trait","MGT","PER","Design Added","","-","-","-","-","Implemented","Evasion beast only","","When the beast evades an attack, it has a 15% chance to restore 1 STM.","When the beast evades an attack, it has a 15% chance to restore 1 STM.","QuickRecovery/BeastEvasion/Quick Recovery rank 1","QuickRecoveryTrait","QuickRecoveryTrait: no active ability definition","QuickRecoveryTrait: PASS exact Bible text TLK 4074","-",""
"PASS","Scoped implemented","Beast Mastery","133","Evasion","4.0","4","Evasive Challenge II","35.0","Beast Level 35; Beast Role Evasion","Beast","Combat","MGT","PER","Combat Formula","","-","7.0","-","30 seconds","Implemented","Evasion beast only","Replacement tier: selected target receives the full lower-rank goad before nearby enemies are added.","The beast goads the selected target and enemies within 5m, removes movement slow,
gains +14% evasion chance for 30 seconds, and restores 1 STM the next time it evades during the effect.","The beast goads the selected target and enemies within 5m, removes movement slow, gains +14% evasion chance for 30 seconds, and restores 1 STM the next time it evades during the effect.","EvasiveChallenge/BeastEvasion/Evasive Challenge rank 2","EvasiveChallenge2","EvasiveChallenge2: EvasiveChallengeAbilityDefinition.cs name='Evasive Challenge II' level=2 skill=BeastMastery activation=Casted FP=- STM=7 cast=0 cooldown=30","EvasiveChallenge2: PASS exact Bible text TLK 5409","EvasiveChallenge2: PASS exact Bible text TLK 5409",""
"PASS","Scoped implemented","Beast Mastery","134","Evasion","3.0","3","Evasive Maneuver III","38.0","Beast Level 38; Beast Role Evasion","Beast","Combat","MGT","PER","Design Added","","-","6.0","-","18 seconds","Implemented","Evasion beast only","","The beast gains +14% evasion chance for 3 minutes.","The beast gains +14% evasion chance for 3 minutes.","EvasiveManeuver/BeastEvasion/Evasive Maneuver rank 3","EvasiveManeuver3","EvasiveManeuver3: EvasiveManeuverAbilityDefinition.cs name='Evasive Maneuver III' level=3 skill=BeastMastery activation=Casted FP=- STM=6 cast=0 cooldown=18","EvasiveManeuver3: PASS exact Bible text TLK 3158","EvasiveManeuver3: PASS exact Bible text TLK 3158",""
"PASS","Scoped implemented","Beast Mastery","135","Evasion","3.0","3","Sniff II","40.0","Beast Level 40; Beast Role Evasion","Beast","Trait","MGT","PER","Design Added","","-","-","-","-","Implemented","Evasion beast only","","The beast gains +10% rare item find chance after combat.","The beast gains +10% rare item find chance after combat.","Sniff/BeastEvasion/Sniff rank 2","","-","-","-",""
"PASS","Scoped implemented","Beast Mastery","136","Evasion","4.0","4","Assault III","42.0","Beast Level 42; Beast Role Evasion","Beast","Combat","MGT","PER","Combat Formula","","-","7.0","-","10 seconds","Implemented","Evasion beast only","","The beast's next attack deals +32 physical DMG and grants +14% evasion chance for 30 seconds.","The beast's next attack deals +32 physical DMG and grants +14% evasion chance for 30 seconds.","Assault/BeastEvasion/Assault rank 3","Assault3","Assault3: AssaultAbilityDefinition.cs name='Assault III' level=3 skill=BeastMastery activation=Casted FP=- STM=7 cast=0 cooldown=10","Assault3: PASS exact Bible text TLK 5308","Assault3: PASS exact Bible text TLK 5308",""
"PASS","Scoped implemented","Beast Mastery","137","Evasion","4.0","4","Distracting Feint III","45.0","Beast Level 45; Beast Role Evasion","Beast","Combat","MGT","PER","Design Added","","-","7.0","-","15 seconds","Implemented","Evasion beast only","","The beast's next attack reduces target hit chance and evasion chance by 12% for 15 seconds and generates 650 base Enmity plus VIT scaling.","The beast's next attack reduces target hit chance and evasion chance by 12% for 15 seconds and generates 650 base Enmity plus VIT scaling.","DistractingFeint/BeastEvasion/Distracting Feint rank 3","DistractingFeint3","DistractingFeint3: DistractingFeintAbilityDefinition.cs name='Distracting Feint III' level=3 skill=BeastMastery activation=Weapon FP=- STM=7 cast=0 cooldown=15","DistractingFeint3: PASS exact Bible text TLK 5309","DistractingFeint3: PASS exact Bible text TLK 5309",""
"PASS","Scoped implemented","Beast Mastery","138","Evasion","4.0","4","Quick Recovery II","48.0","Beast Level 48; Beast Role Evasion","Beast","Trait","MGT","PER","Design Added","","-","-","-","-","Implemented","Evasion beast only","","When the beast evades an attack, it has a 25% chance to restore 1 STM.","When the beast evades an attack, it has a 25% chance to restore 1 STM.","QuickRecovery/BeastEvasion/Quick Recovery rank 2","","-","-","-",""
"PASS","Scoped implemented","Beast Mastery","139","Evasion","3.0","3","Sniff III","50.0","Beast Level 50; Beast Role Evasion","Beast","Trait","MGT","PER","Design Added","","-","-","-","-","Implemented","Evasion beast only","","The beast gains +15% rare item find chance after combat.","The beast gains +15% rare item find chance after combat.","Sniff/BeastEvasion/Sniff rank 3","","-","-","-",""
"PASS","Scoped implemented","Beast Mastery","140","Evasion","5.0","5","Untouchable Instinct","50.0","Beast Level 50; Beast Role Evasion; Quest untouchable_instinct_mastery","Beast","Combat","MGT","PER","Design Added","","-","10.0","-","45 seconds","Implemented","Evasion beast only","High-rank beast ability, not part of the shared player capstone pool.","The beast gains +20% evasion chance, +30% enmity generation, and 20% movement speed for 30 seconds.","The beast gains +20% evasion chance, +30% enmity generation, and 20% movement speed for 30 seconds.","UntouchableInstinct/BeastEvasion/Untouchable Instinct rank 1","UntouchableInstinct1","UntouchableInstinct1: UntouchableInstinctAbilityDefinition.cs name='Untouchable Instinct' level=1 skill=BeastMastery activation=Casted FP=- STM=10 cast=0 cooldown=45","UntouchableInstinct1: PASS exact Bible text TLK 5310","UntouchableInstinct1: PASS exact Bible text TLK 5310",""
"PASS","Scoped implemented","Beast Mastery","143","Force","2.0","2","Force Touch I","5.0","Beast Level 5; Beast Role Force","Beast","Combat","MGT","PER","Combat Formula","","3.0","-","-","8 seconds","Implemented","Force beast only","Beast Force role does not alter character Force Affinity.","The beast's next attack deals +12 force DMG.","The beast's next attack deals +12 force DMG.","ForceTouch/BeastForce/Force Touch rank 1","ForceTouch1","ForceTouch1: ForceTouchAbilityDefinition.cs name='Force Touch I' level=1 skill=BeastMastery activation=Casted FP=3 STM=- cast=0 cooldown=8","ForceTouch1: PASS exact Bible text TLK 3209","ForceTouch1: PASS exact Bible text TLK 3209",""
"PASS","Scoped implemented","Beast Mastery","144","Force","2.0","2","Innervate I","8.0","Beast Level 8; Beast Role Force","Beast","Combat","MGT","PER","Design Added","","3.0","-","-","12 seconds","Implemented","Force beast only","Lower throughput than First Aid.","The beast restores 6% of maximum HP to a single ally.","The beast restores 6% of maximum HP to a single ally.","Innervate/BeastForce/Innervate rank 1","Innervate1","Innervate1: InnervateAbilityDefinition.cs name='Innervate I' level=1 skill=BeastMastery activation=Casted FP=3 STM=- cast=0 cooldown=12","Innervate1: PASS exact Bible text TLK 3262","Innervate1: PASS exact Bible text TLK 3262",""
"PASS","Scoped implemented","Beast Mastery","145","Force","3.0","3","Warding Howl I","12.0","Beast Level 12; Beast Role Force","Beast","Combat","MGT","PER","Design Added","","4.0","-","-","24 seconds","Implemented","Force beast only","","The beast causes allies within 5m to take 5% less force damage for 30 seconds.","The beast causes allies within 5m to take 5% less force damage for 30 seconds.","WardingHowl/BeastForce/Warding Howl rank 1","WardingHowl1","WardingHowl1: WardingHowlAbilityDefinition.cs name='Warding Howl I' level=1 skill=BeastMastery activation=Casted FP=4 STM=- cast=0 cooldown=24","WardingHowl1: PASS exact Bible text TLK 5312","WardingHowl1: PASS exact Bible text TLK 5312",""
"PASS","Scoped implemented","Beast Mastery","146","Force","3.0","3","Force Link I","15.0","Beast Level 15; Beast Role Force","Beast","Trait","MGT","PER","Design Added","","-","-","-","-","Implemented","Force beast only","","The beast has a 10% chance to restore 1 FP to its master when it lands an attack.","The beast has a 10% chance to restore 1 FP to its master when it lands an attack.","ForceLink/BeastForce/Force Link rank 1","ForceLinkTrait","ForceLinkTrait: no active ability definition","ForceLinkTrait: PASS exact Bible text TLK 4075","-",""
"PASS","Scoped implemented","Beast Mastery","147","Force","3.0","3","Force Touch II","18.0","Beast Level 18; Beast Role Force","Beast","Combat","MGT","PER","Combat Formula","","4.0","-","-","8 seconds","Implemented","Force beast only","","The beast's next attack deals +22 force DMG.","The beast's next attack deals +22 force DMG.","ForceTouch/BeastForce/Force Touch rank 2","ForceTouch2","ForceTouch2: ForceTouchAbilityDefinition.cs name='Force Touch II' level=2 skill=BeastMastery activation=Casted FP=4 STM=- cast=0 cooldown=8","ForceTouch2: PASS exact Bible text TLK 3210","ForceTouch2: PASS exact Bible text TLK 3210",""
"PASS","Scoped implemented","Beast Mastery","148","Force","3.0","3","Psychic Cry I","22.0","Beast Level 22; Beast Role Force","Beast","Combat","MGT","PER","Combat Formula","","5.0","-","-","24 seconds","Implemented","Force beast only","","The beast reduces the hit chance of enemies within 5m by 5% for 30 seconds.","The beast reduces the hit chance of enemies within 5m by 5% for 30 seconds.","PsychicCry/BeastForce/Psychic Cry rank 1","PsychicCry1","PsychicCry1: PsychicCryAbilityDefinition.cs name='Psychic Cry I' level=1 skill=BeastMastery activation=Casted FP=5 STM=- cast=0 cooldown=24","PsychicCry1: PASS exact Bible text TLK 5313","PsychicCry1: PASS exact Bible text TLK 5313",""
"PASS","Scoped implemented","Beast Mastery","149","Force","2.0","2","Innervate II","25.0","Beast Level 25; Beast Role Force","Beast","Combat","MGT","PER","Design Added","","4.0","-","-","12 seconds","Implemented","Force beast only","Lower throughput than First Aid.","The beast restores 10% of maximum HP to a single ally.","The beast restores 10% of maximum HP to a single ally.","Innervate/BeastForce/Innervate rank 2","Innervate2","Innervate2: InnervateAbilityDefinition.cs name='Innervate II' level=2 skill=BeastMastery activation=Casted FP=4 STM=- cast=0 cooldown=12","Innervate2: PASS exact Bible text TLK 3263","Innervate2: PASS exact Bible text TLK 3263",""
"PASS","Scoped implemented","Beast Mastery","150","Force","4.0","4","Warding Howl II","28.0","Beast Level 28; Beast Role Force","Beast","Combat","MGT","PER","Design Added","","5.0","-","-","24 seconds","Implemented","Force beast only","","The beast causes allies within 5m to take 8% less force damage for 30 seconds.","The beast causes allies within 5m to take 8% less force damage for 30 seconds.","WardingHowl/BeastForce/Warding Howl rank 2","WardingHowl2","WardingHowl2: WardingHowlAbilityDefinition.cs name='Warding Howl II' level=2 skill=BeastMastery activation=Casted FP=5 STM=- cast=0 cooldown=24","WardingHowl2: PASS exact Bible text TLK 5314","WardingHowl2: PASS exact Bible text TLK 5314",""
"PASS","Scoped implemented","Beast Mastery","151","Force","3.0","3","Force Link II","30.0","Beast Level 30; Beast Role Force","Beast","Trait","MGT","PER","Design Added","","-","-","-","-","Implemented","Force beast only","","The beast has a 20% chance to restore 1 FP to its master when it lands an attack.","The beast has a 20% chance to restore 1 FP to its master when it lands an attack.","ForceLink/BeastForce/Force Link rank 2","","-","-","-",""
"PASS","Scoped implemented","Beast Mastery","152","Force","4.0","4","Force Touch III","35.0","Beast Level 35; Beast Role Force","Beast","Combat","MGT","PER","Combat Formula","","6.0","-","-","8 seconds","Implemented","Force beast only","","The beast's next attack deals +34 force DMG.","The beast's next attack deals +34 force DMG.","ForceTouch/BeastForce/Force Touch rank 3","ForceTouch3","ForceTouch3: ForceTouchAbilityDefinition.cs name='Force Touch III' level=3 skill=BeastMastery activation=Casted FP=6 STM=- cast=0 cooldown=8","ForceTouch3: PASS exact Bible text TLK 3211","ForceTouch3: PASS exact Bible text TLK 3211",""
"PASS","Scoped implemented","Beast Mastery","153","Force","3.0","3","Mindful Hide","38.0","Beast Level 38; Beast Role Force","Beast","Trait","MGT","PER","Design Added","","-","-","-","-","Implemented","Force beast only","","The beast takes 8% less force damage and gains +10 Mind Resistance.","The beast takes 8% less force damage and gains +10 Mind Resistance.","MindfulHide/BeastForce/Mindful Hide rank 1","MindfulHideTrait","MindfulHideTrait: no active ability definition","MindfulHideTrait: PASS exact Bible text TLK 4076","-",""
"PASS","Scoped implemented","Beast Mastery","154","Force","3.0","3","Psychic Cry II","40.0","Beast Level 40; Beast Role Force","Beast","Combat","MGT","PER","Combat Formula","","7.0","-","-","24 seconds","Implemented","Force beast only","","The beast reduces the hit chance of enemies within 5m by 8% and increases their force damage taken by 5% for 30 seconds.","The beast reduces the hit chance of enemies within 5m by 8% and increases their force damage taken by 5% for 30 seconds.","PsychicCry/BeastForce/Psychic Cry rank 2","PsychicCry2","PsychicCry2: PsychicCryAbilityDefinition.cs name='Psychic Cry II' level=2 skill=BeastMastery activation=Casted FP=7 STM=- cast=0 cooldown=24","PsychicCry2: PASS exact Bible text TLK 5315","PsychicCry2: PASS exact Bible text TLK 5315",""
"PASS","Scoped implemented","Beast Mastery","155","Force","4.0","4","Innervate III","42.0","Beast Level 42; Beast Role Force","Beast","Combat","MGT","PER","Design Added","","6.0","-","-","12 seconds","Implemented","Force beast only","Lower throughput than First Aid.","The beast restores 14% of maximum HP to a single ally.","The beast restores 14% of maximum HP to a single ally.","Innervate/BeastForce/Innervate rank 3","Innervate3","Innervate3: InnervateAbilityDefinition.cs name='Innervate III' level=3 skill=BeastMastery activation=Casted FP=6 STM=- cast=0 cooldown=12","Innervate3: PASS exact Bible text TLK 3264","Innervate3: PASS exact Bible text TLK 3264",""
"PASS","Scoped implemented","Beast Mastery","156","Force","4.0","4","Warding Howl III","45.0","Beast Level 45; Beast Role Force","Beast","Combat","MGT","PER","Design Added","","7.0","-","-","24 seconds","Implemented","Force beast only","","The beast causes allies within 5m to take 12% less force damage for 30 seconds.","The beast causes allies within 5m to take 12% less force damage for 30 seconds.","WardingHowl/BeastForce/Warding Howl rank 3","WardingHowl3","WardingHowl3: WardingHowlAbilityDefinition.cs name='Warding Howl III' level=3 skill=BeastMastery activation=Casted FP=7 STM=- cast=0 cooldown=24","WardingHowl3: PASS exact Bible text TLK 5316","WardingHowl3: PASS exact Bible text TLK 5316",""
"PASS","Scoped implemented","Beast Mastery","157","Force","4.0","4","Force Link III","48.0","Beast Level 48; Beast Role Force","Beast","Trait","MGT","PER","Design Added","","-","-","-","-","Implemented","Force beast only","","The beast has a 30% chance to restore 1 FP to its master when it lands an attack.","The beast has a 30% chance to restore 1 FP to its master when it lands an attack.","ForceLink/BeastForce/Force Link rank 3","","-","-","-",""
"PASS","Scoped implemented","Beast Mastery","158","Force","3.0","3","Psychic Cry III","50.0","Beast Level 50; Beast Role Force","Beast","Combat","MGT","PER","Combat Formula","","8.0","-","-","24 seconds","Implemented","Force beast only","","The beast reduces the hit chance of enemies within 5m by 12% and increases their force damage taken by 8% for 30 seconds.","The beast reduces the hit chance of enemies within 5m by 12% and increases their force damage taken by 8% for 30 seconds.","PsychicCry/BeastForce/Psychic Cry rank 3","PsychicCry3","PsychicCry3: PsychicCryAbilityDefinition.cs name='Psychic Cry III' level=3 skill=BeastMastery activation=Casted FP=8 STM=- cast=0 cooldown=24","PsychicCry3: PASS exact Bible text TLK 5317","PsychicCry3: PASS exact Bible text TLK 5317",""
"PASS","Scoped implemented","Beast Mastery","159","Force","5.0","5","Force-Bonded Beast","50.0","Beast Level 50; Beast Role Force; Quest force_bonded_beast_mastery","Beast","Combat","MGT","PER","Design Added","","9.0","-","-","45 seconds","Implemented","Force beast only","High-rank beast ability, not part of the shared player capstone pool.","The beast and its master take 10% less force damage and restore 1 FP every 3 seconds for 30 seconds.","The beast and its master take 10% less force damage and restore 1 FP every 3 seconds for 30 seconds.","ForceBondedBeast/BeastForce/Force-Bonded Beast rank 1","ForceBondedBeast1","ForceBondedBeast1: ForceBondedBeastAbilityDefinition.cs name='Force-Bonded Beast' level=1 skill=BeastMastery activation=Casted FP=9 STM=- cast=0 cooldown=45","ForceBondedBeast1: PASS exact Bible text TLK 5318","ForceBondedBeast1: PASS exact Bible text TLK 5318",""
"PASS","Scoped implemented","Piloting","9","Shipwright","1.0","1","Starships I","-","-","All","Trait","None","None","Legacy Noncombat","","-","-","-","-","Implemented","","","Enables you to pilot tier 1 starships.","Enables you to pilot tier 1 starships.","Starships/Piloting/Starships rank 1","StarshipsTrait","StarshipsTrait: no active ability definition","StarshipsTrait: PASS exact Bible text TLK 82211","-",""
"PASS","Scoped implemented","Piloting","10","Shipwright","1.0","1","Starships II","Piloting 10","Piloting 10","All","Trait","None","None","Legacy Noncombat","","-","-","-","-","Implemented","","","Enables you to pilot tier 2 starships.","Enables you to pilot tier 2 starships.","Starships/Piloting/Starships rank 2","","-","-","-",""
"PASS","Scoped implemented","Piloting","11","Shipwright","2.0","2","Starships III","Piloting 20","Piloting 20","All","Trait","None","None","Legacy Noncombat","","-","-","-","-","Implemented","","","Enables you to pilot tier 3 starships.","Enables you to pilot tier 3 starships.","Starships/Piloting/Starships rank 3","","-","-","-",""
"PASS","Scoped implemented","Piloting","12","Shipwright","3.0","3","Starships IV","Piloting 30","Piloting 30","All","Trait","None","None","Legacy Noncombat","","-","-","-","-","Implemented","","","Enables you to pilot tier 4 starships.","Enables you to pilot tier 4 starships.","Starships/Piloting/Starships rank 4","","-","-","-",""
"PASS","Scoped implemented","Piloting","13","Shipwright","4.0","4","Starships V","Piloting 40","Piloting 40","All","Trait","None","None","Legacy Noncombat","","-","-","-","-","Implemented","","","Enables you to pilot tier 5 starships.","Enables you to pilot tier 5 starships.","Starships/Piloting/Starships rank 5","","-","-","-",""
"PASS","Scoped implemented","Piloting","15","Shipwright","1.0","1","Defensive Modules I","-","-","All","Trait","None","None","Legacy Noncombat","","-","-","-","-","Implemented","","","Enables you to attach tier 1 defensive modules on starships.","Enables you to attach tier 1 defensive modules on starships.","DefensiveModules/Piloting/Defensive Modules rank 1","DefensiveModulesTrait","DefensiveModulesTrait: no active ability definition","DefensiveModulesTrait: PASS exact Bible text TLK 82215","-",""
"PASS","Scoped implemented","Piloting","16","Shipwright","1.0","1","Defensive Modules II","Piloting 10","Piloting 10","All","Trait","None","None","Legacy Noncombat","","-","-","-","-","Implemented","","","Enables you to attach tier 2 defensive modules on starships.","Enables you to attach tier 2 defensive modules on starships.","DefensiveModules/Piloting/Defensive Modules rank 2","","-","-","-",""
"PASS","Scoped implemented","Piloting","17","Shipwright","2.0","2","Defensive Modules III","Piloting 20","Piloting 20","All","Trait","None","None","Legacy Noncombat","","-","-","-","-","Implemented","","","Enables you to attach tier 3 defensive modules on starships.","Enables you to attach tier 3 defensive modules on starships.","DefensiveModules/Piloting/Defensive Modules rank 3","","-","-","-",""
"PASS","Scoped implemented","Piloting","18","Shipwright","3.0","3","Defensive Modules IV","Piloting 30","Piloting 30","All","Trait","None","None","Legacy Noncombat","","-","-","-","-","Implemented","","","Enables you to attach tier 4 defensive modules on starships.","Enables you to attach tier 4 defensive modules on starships.","DefensiveModules/Piloting/Defensive Modules rank 4","","-","-","-",""
"PASS","Scoped implemented","Piloting","19","Shipwright","4","4","Defensive Modules V","Piloting 40","Piloting 40","All","Trait","None","None","Legacy Noncombat","","-","-","-","-","Implemented","","","Enables you to attach tier 5 defensive modules on starships.","Enables you to attach tier 5 defensive modules on starships.","DefensiveModules/Piloting/Defensive Modules rank 5","","-","-","-",""
"PASS","Scoped implemented","Piloting","21","Shipwright","1.0","1","Offensive Modules I","-","-","All","Trait","None","None","Legacy Noncombat","","-","-","-","-","Implemented","","","Enables you to attach tier 1 offensive modules on starships.","Enables you to attach tier 1 offensive modules on starships.","OffensiveModules/Piloting/Offensive Modules rank 1","OffensiveModulesTrait","OffensiveModulesTrait: no active ability definition","OffensiveModulesTrait: PASS exact Bible text TLK 82220","-",""
"PASS","Scoped implemented","Piloting","22","Shipwright","1.0","1","Offensive Modules II","Piloting 10","Piloting 10","All","Trait","None","None","Legacy Noncombat","","-","-","-","-","Implemented","","","Enables you to attach tier 2 offensive modules on starships.","Enables you to attach tier 2 offensive modules on starships.","OffensiveModules/Piloting/Offensive Modules rank 2","","-","-","-",""
"PASS","Scoped implemented","Piloting","23","Shipwright","2.0","2","Offensive Modules III","Piloting 20","Piloting 20","All","Trait","None","None","Legacy Noncombat","","-","-","-","-","Implemented","","","Enables you to attach tier 3 offensive modules on starships.","Enables you to attach tier 3 offensive modules on starships.","OffensiveModules/Piloting/Offensive Modules rank 3","","-","-","-",""
"PASS","Scoped implemented","Piloting","24","Shipwright","3.0","3","Offensive Modules IV","Piloting 30","Piloting 30","All","Trait","None","None","Legacy Noncombat","","-","-","-","-","Implemented","","","Enables you to attach tier 4 offensive modules on starships.","Enables you to attach tier 4 offensive modules on starships.","OffensiveModules/Piloting/Offensive Modules rank 4","","-","-","-",""
"PASS","Scoped implemented","Piloting","25","Shipwright","4","4","Offensive Modules V","Piloting 40","Piloting 40","All","Trait","None","None","Legacy Noncombat","","-","-","-","-","Implemented","","","Enables you to attach tier 5 offensive modules on starships.","Enables you to attach tier 5 offensive modules on starships.","OffensiveModules/Piloting/Offensive Modules rank 5","","-","-","-",""
"PASS","Scoped implemented","Piloting","27","Shipwright","5.0","5","Energy Management I","Piloting 20","Piloting 20","All","Trait","None","None","Legacy Noncombat","","-","-","-","-","Implemented","","","Reduces energy consumption of modules by 20%.","Reduces energy consumption of modules by 20%.","EnergyManagement/Piloting/Energy Management rank 1","EnergyManagementTrait","EnergyManagementTrait: no active ability definition","EnergyManagementTrait: PASS exact Bible text TLK 82226","-",""
"PASS","Scoped implemented","Piloting","28","Shipwright","5.0","5","Energy Management II","Piloting 40","Piloting 40","All","Trait","None","None","Legacy Noncombat","","-","-","-","-","Implemented","","","Reduces energy consumption of modules by 40%.","Reduces energy consumption of modules by 40%.","EnergyManagement/Piloting/Energy Management rank 2","","-","-","-",""
"PASS","Scoped implemented","Piloting","30","Shipwright","1.0","1","Mining Modules I","-","-","All","Trait","None","None","Legacy Noncombat","","-","-","-","-","Implemented","","","Enables you to attach tier 1 mining modules on starships.","Enables you to attach tier 1 mining modules on starships.","MiningModules/Piloting/Mining Modules rank 1","MiningModulesTrait","MiningModulesTrait: no active ability definition","MiningModulesTrait: PASS exact Bible text TLK 82228","-",""
"PASS","Scoped implemented","Piloting","31","Shipwright","1.0","1","Mining Modules II","Piloting 10","Piloting 10","All","Trait","None","None","Legacy Noncombat","","-","-","-","-","Implemented","","","Enables you to attach tier 2 mining modules on starships.","Enables you to attach tier 2 mining modules on starships.","MiningModules/Piloting/Mining Modules rank 2","","-","-","-",""
"PASS","Scoped implemented","Piloting","32","Shipwright","2.0","2","Mining Modules III","Piloting 20","Piloting 20","All","Trait","None","None","Legacy Noncombat","","-","-","-","-","Implemented","","","Enables you to attach tier 3 mining modules on starships.","Enables you to attach tier 3 mining modules on starships.","MiningModules/Piloting/Mining Modules rank 3","","-","-","-",""
"PASS","Scoped implemented","Piloting","33","Shipwright","3.0","3","Mining Modules IV","Piloting 30","Piloting 30","All","Trait","None","None","Legacy Noncombat","","-","-","-","-","Implemented","","","Enables you to attach tier 4 mining modules on starships.","Enables you to attach tier 4 mining modules on starships.","MiningModules/Piloting/Mining Modules rank 4","","-","-","-",""
"PASS","Scoped implemented","Piloting","34","Shipwright","4","4","Mining Modules V","Piloting 40","Piloting 40","All","Trait","None","None","Legacy Noncombat","","-","-","-","-","Implemented","","","Enables you to attach tier 5 mining modules on starships.","Enables you to attach tier 5 mining modules on starships.","MiningModules/Piloting/Mining Modules rank 5","","-","-","-",""
"PASS","Scoped implemented","Piloting","36","Shipwright","5.0","5","Starship Mining I","Piloting 20","Piloting 20","All","Trait","None","None","Legacy Noncombat","","-","-","-","-","Implemented","","","Mining yield improves by 1 unit per cycle.","Mining yield improves by 1 unit per cycle.","StarshipMining/Piloting/Starship Mining rank 1","StarshipMiningTrait","StarshipMiningTrait: no active ability definition","StarshipMiningTrait: PASS exact Bible text TLK 82233","-",""
"PASS","Scoped implemented","Piloting","37","Shipwright","5.0","5","Starship Mining II","Piloting 40","Piloting 40","All","Trait","None","None","Legacy Noncombat","","-","-","-","-","Implemented","","","Mining yield improves by 2 units per cycle.","Mining yield improves by 2 units per cycle.","StarshipMining/Piloting/Starship Mining rank 2","","-","-","-",""
"PASS","Scoped implemented","Piloting","39","Shipwright","3.0","3","Intuitive Piloting","-","-","All","Trait","None","None","Legacy Noncombat","","-","-","-","-","Implemented","","","Allows for Willpower to be used in place of Perception for starship module effectiveness.","Allows for Willpower to be used in place of Perception for starship module effectiveness.","IntuitivePiloting/Piloting/Intuitive Piloting rank 1","IntuitivePilotingTrait","IntuitivePilotingTrait: no active ability definition","IntuitivePilotingTrait: PASS exact Bible text TLK 4140","-",""
"PASS","Scoped implemented","Leadership","8","Mayor","2.0","2","City Management I","Leadership 5","Leadership 5","All","Trait","None","None","None","","-","-","-","-","Implemented","","","Enables you to become mayor of a city. You can manage cities up to rank 2 (Village).","Enables you to become mayor of a city. You can manage cities up to rank 2 (Village).","CityManagement/Leadership/City Management rank 1","CityManagementTrait","CityManagementTrait: no active ability definition","CityManagementTrait: PASS exact Bible text TLK 82712","-",""
"PASS","Scoped implemented","Leadership","9","Mayor","3.0","3","City Management II","Leadership 10","Leadership 10","All","Trait","None","None","None","","-","-","-","-","Implemented","","","You can manage cities up to rank 3 (Township).","You can manage cities up to rank 3 (Township).","CityManagement/Leadership/City Management rank 2","","-","-","-",""
"PASS","Scoped implemented","Leadership","10","Mayor","4.0","4","City Management III","Leadership 15","Leadership 15","All","Trait","None","None","None","","-","-","-","-","Implemented","","","You can manage cities up to rank 4 (City).","You can manage cities up to rank 4 (City).","CityManagement/Leadership/City Management rank 3","","-","-","-",""
"PASS","Scoped implemented","Leadership","11","Mayor","5.0","5","City Management IV","Leadership 20","Leadership 20","All","Trait","None","None","None","","-","-","-","-","Implemented","","","You can manage cities up to rank 5 (Metropolis).","You can manage cities up to rank 5 (Metropolis).","CityManagement/Leadership/City Management rank 4","","-","-","-",""
"PASS","Scoped implemented","Leadership","12","Mayor","3.0","3","Upkeep I","Leadership 10","Leadership 10","All","Trait","None","None","None","","-","-","-","-","Implemented","","","Weekly maintenance fees are reduced by 5%.","Weekly maintenance fees are reduced by 5%.","Upkeep/Leadership/Upkeep rank 1","UpkeepTrait","UpkeepTrait: no active ability definition","UpkeepTrait: PASS exact Bible text TLK 82716","-",""
"PASS","Scoped implemented","Leadership","13","Mayor","4","4","Upkeep II","Leadership 20","Leadership 20","All","Trait","None","None","None","","-","-","-","-","Implemented","","","Weekly maintenance fees are reduced by 10%.","Weekly maintenance fees are reduced by 10%.","Upkeep/Leadership/Upkeep rank 2","","-","-","-",""
"PASS","Scoped implemented","Leadership","16","Diplomat","2.0","2","Guild Relations I","Leadership 5","Leadership 5","All","Trait","None","None","None","","-","-","-","-","Implemented","","","Improves GP and credit rewards from guild tasks by 5%.","Improves GP and credit rewards from guild tasks by 5%.","GuildRelations/Leadership/Guild Relations rank 1","GuildRelationsTrait","GuildRelationsTrait: no active ability definition","GuildRelationsTrait: PASS exact Bible text TLK 4128","-",""
"PASS","Scoped implemented","Leadership","17","Diplomat","2.0","2","Guild Relations II","Leadership 10","Leadership 10","All","Trait","None","None","None","","-","-","-","-","Implemented","","","Improves GP and credit rewards from guild tasks by 10%.","Improves GP and credit rewards from guild tasks by 10%.","GuildRelations/Leadership/Guild Relations rank 2","","-","-","-",""
"PASS","Scoped implemented","Leadership","18","Diplomat","3.0","3","Guild Relations III","Leadership 15","Leadership 15","All","Trait","None","None","None","","-","-","-","-","Implemented","","","Improves GP and credit rewards from guild tasks by 15%.","Improves GP and credit rewards from guild tasks by 15%.","GuildRelations/Leadership/Guild Relations rank 3","","-","-","-",""
"PASS","Scoped implemented","Leadership","19","Diplomat","3.0","3","Guild Relations IV","Leadership 20","Leadership 20","All","Trait","None","None","None","","-","-","-","-","Implemented","","","Improves GP and credit rewards from guild tasks by 20%.","Improves GP and credit rewards from guild tasks by 20%.","GuildRelations/Leadership/Guild Relations rank 4","","-","-","-",""
"PASS","Scoped implemented","Leadership","24","Vanguard Command","2.0","2","Rallying Standard I","-","-","All","Aura","SOC","None","Design Added","","-","-","2 seconds","30 seconds","Implemented","","Leadership aura. Counts toward the SOC-based aura cap; same-family ranks replace each other. Aura turn-on/replacement grants +1 Leadership CP to tagged NPCs.","Aura: Party members within Leadership range (5m base) gain +3% physical and Force ability hit chance. SOC scaling can raise this to +4%.","Aura: Party members within Leadership range (5m base) gain +3% physical and Force ability hit chance. SOC scaling can raise this to +4%.","RallyingStandard/LeadershipVanguardCommand/Rallying Standard rank 1","RallyingStandard1","RallyingStandard1: RallyingStandardAbilityDefinition.cs name='Rallying Standard I' level=1 skill=Leadership activation=Casted FP=- STM=- cast=2 cooldown=30","RallyingStandard1: PASS exact Bible text TLK 82881","RallyingStandard1: PASS exact Bible text TLK 82881",""
"PASS","Scoped implemented","Leadership","25","Vanguard Command","2.0","2","Press the Attack I","Leadership 5","Leadership 5","All","Combat","SOC","None","Design Added","","-","4.0","Instant","24 seconds","Implemented","","Offensive command. Affects the leader and nearby party members; valid use grants +2 Leadership CP to tagged NPCs. Only one Leadership command effect (Press the Attack, Cleanse Order, Decisive Command) can be active per leader; a new command replaces the previous one.","Party members within Leadership range (5m base) deal +6% damage for 30 seconds. SOC scaling can raise this to +8%.","Party members within Leadership range (5m base) deal +6% damage for 30 seconds. SOC scaling can raise this to +8%.","PressTheAttack/LeadershipVanguardCommand/Press the Attack rank 1","PressTheAttack1","PressTheAttack1: PressTheAttackAbilityDefinition.cs name='Press the Attack I' level=1 skill=Leadership activation=Casted FP=- STM=4 cast=0 cooldown=24","PressTheAttack1: PASS exact Bible text TLK 5327","PressTheAttack1: PASS exact Bible text TLK 5327",""
"PASS","Scoped implemented","Leadership","26","Vanguard Command","3.0","3","Coordinated Focus I","Leadership 8","Leadership 8","All","Aura","SOC","None","Design Added","","-","-","2 seconds","30 seconds","Implemented","","Leadership aura. Counts toward the SOC-based aura cap; same-family ranks replace each other. Aura turn-on/replacement grants +1 Leadership CP to tagged NPCs.","Aura: Party members within Leadership range (5m base) gain +3% critical hit chance. SOC scaling can raise this to +4%.","Aura: Party members within Leadership range (5m base) gain +3% critical hit chance. SOC scaling can raise this to +4%.","CoordinatedFocus/LeadershipVanguardCommand/Coordinated Focus rank 1","CoordinatedFocus1","CoordinatedFocus1: CoordinatedFocusAbilityDefinition.cs name='Coordinated Focus I' level=1 skill=Leadership activation=Casted FP=- STM=- cast=2 cooldown=30","CoordinatedFocus1: PASS exact Bible text TLK 82877","CoordinatedFocus1: PASS exact Bible text TLK 82877",""
"PASS","Scoped implemented","Leadership","27","Vanguard Command","3.0","3","Mark Target I","Leadership 12","Leadership 12","All","Trait","SOC","None","Combat Formula","","-","-","-","-","Implemented","","Single-target focus command. Valid attempt grants +2 Leadership CP to tagged NPCs; the mark applies only on hit. Converted from separate active ability to Trait row for the 4-6 active-button budget. Former active values: STM 5; casting 1 second; cooldown 45 seconds.","Vanguard Command offensive commands mark affected enemies for 30 seconds.
Party members deal +8% damage to marked targets. SOC scaling can raise this to +10%.","Vanguard Command offensive commands mark affected enemies for 30 seconds. Party members deal +8% damage to marked targets. SOC scaling can raise this to +10%.","MarkTarget/LeadershipVanguardCommand/Mark Target rank 1","MarkTargetTrait","MarkTargetTrait: no active ability definition","MarkTargetTrait: PASS exact Bible text TLK 192549","-",""
"PASS","Scoped implemented","Leadership","28","Vanguard Command","2.0","2","Charge Order I","Leadership 15","Leadership 15","All","Aura","SOC","None","Design Added","","-","-","2 seconds","30 seconds","Implemented","","Leadership aura. Counts toward the SOC-based aura cap; same-family ranks replace each other. Aura turn-on/replacement grants +1 Leadership CP to tagged NPCs.","Aura: Party members within Leadership range (5m base) gain +10% movement speed and +30 Mobility Resistance. SOC scaling can raise these to +12% movement speed and +40 Mobility Resistance.","Aura: Party members within Leadership range (5m base) gain +10% movement speed and +30 Mobility Resistance. SOC scaling can raise these to +12% movement speed and +40 Mobility Resistance.","ChargeOrder/LeadershipVanguardCommand/Charge Order rank 1","ChargeOrder1","ChargeOrder1: ChargeOrderAbilityDefinition.cs name='Charge Order I' level=1 skill=Leadership activation=Casted FP=- STM=- cast=2 cooldown=30","ChargeOrder1: PASS exact Bible text TLK 3900","ChargeOrder1: PASS exact Bible text TLK 3900",""
"PASS","Scoped implemented","Leadership","29","Vanguard Command","3.0","3","Press the Attack II","Leadership 18","Leadership 18","All","Combat","SOC","None","Design Added","","-","6.0","Instant","24 seconds","Implemented","","Offensive command. Affects the leader and nearby party members; valid use grants +2 Leadership CP to tagged NPCs. Only one Leadership command effect can be active per leader; a new command replaces the previous one.","Party members within Leadership range (5m base) deal +8% damage for 30 seconds. SOC scaling can raise this to +10%.","Party members within Leadership range (5m base) deal +8% damage for 30 seconds. SOC scaling can raise this to +10%.","PressTheAttack/LeadershipVanguardCommand/Press the Attack rank 2","PressTheAttack2","PressTheAttack2: PressTheAttackAbilityDefinition.cs name='Press the Attack II' level=2 skill=Leadership activation=Casted FP=- STM=6 cast=0 cooldown=24","PressTheAttack2: PASS exact Bible text TLK 5330","PressTheAttack2: PASS exact Bible text TLK 5330",""
"PASS","Scoped implemented","Leadership","30","Vanguard Command","3.0","3","Rallying Standard II","Leadership 22","Leadership 22","All","Aura","SOC","None","Design Added","","-","-","2 seconds","30 seconds","Implemented","","Leadership aura. Counts toward the SOC-based aura cap; same-family ranks replace each other. Aura turn-on/replacement grants +1 Leadership CP to tagged NPCs.","Aura: Party members within Leadership range (5m base) gain +5% physical and Force ability hit chance. SOC scaling can raise this to +6%.","Aura: Party members within Leadership range (5m base) gain +5% physical and Force ability hit chance. SOC scaling can raise this to +6%.","RallyingStandard/LeadershipVanguardCommand/Rallying Standard rank 2","RallyingStandard2","RallyingStandard2: RallyingStandardAbilityDefinition.cs name='Rallying Standard II' level=2 skill=Leadership activation=Casted FP=- STM=- cast=2 cooldown=30","RallyingStandard2: PASS exact Bible text TLK 3796","RallyingStandard2: PASS exact Bible text TLK 3796",""
"PASS","Scoped implemented","Leadership","31","Vanguard Command","3.0","3","Break Morale I","Leadership 25","Leadership 25","All","Combat","SOC","None","Combat Formula","","-","7.0","0.5 seconds","45 seconds","Implemented","","Reliable area control command. Grants +2 Leadership CP to tagged NPCs if at least one enemy is affected.","Enemies within Leadership range (5m base) suffer Flash for 30 seconds, reducing physical and Force ability hit chance by 10%.
SOC scaling can raise the penalty to 12%. This command applies reliably to valid enemies within Leadership range (5m base).","Enemies within Leadership range (5m base) suffer Flash for 30 seconds, reducing physical and Force ability hit chance by 10%. SOC scaling can raise the penalty to 12%. This command applies reliably to valid enemies within Leadership range (5m base).","BreakMorale/LeadershipVanguardCommand/Break Morale rank 1","BreakMorale1","BreakMorale1: BreakMoraleAbilityDefinition.cs name='Break Morale I' level=1 skill=Leadership activation=Casted FP=- STM=7 cast=0.5 cooldown=45","BreakMorale1: PASS exact Bible text TLK 5411","BreakMorale1: PASS exact Bible text TLK 5411",""
"PASS","Scoped implemented","Leadership","32","Vanguard Command","4.0","4","Coordinated Focus II","Leadership 28","Leadership 28","All","Aura","SOC","None","Design Added","","-","-","2 seconds","30 seconds","Implemented","","Leadership aura. Counts toward the SOC-based aura cap; same-family ranks replace each other. Aura turn-on/replacement grants +1 Leadership CP to tagged NPCs.","Aura: Party members within Leadership range (5m base) gain +4% critical hit chance and +5% critical damage. SOC scaling can raise these to +5% and +7%.","Aura: Party members within Leadership range (5m base) gain +4% critical hit chance and +5% critical damage. SOC scaling can raise these to +5% and +7%.","CoordinatedFocus/LeadershipVanguardCommand/Coordinated Focus rank 2","CoordinatedFocus2","CoordinatedFocus2: CoordinatedFocusAbilityDefinition.cs name='Coordinated Focus II' level=2 skill=Leadership activation=Casted FP=- STM=- cast=2 cooldown=30","CoordinatedFocus2: PASS exact Bible text TLK 3773","CoordinatedFocus2: PASS exact Bible text TLK 3773",""
"PASS","Scoped implemented","Leadership","33","Vanguard Command","3.0","3","Command Presence I","Leadership 30","Leadership 30","All","Trait","SOC","None","Design Added","","-","-","-","-","Implemented","","Shared Leadership range and duration trait. Does not extend Decisive Command or Hold the Line.","All Leadership auras and area commands have +2m range. Non-capstone Leadership command buffs last 2 seconds longer.
SOC scaling can raise the duration bonus to +3 seconds.","All Leadership auras and area commands have +2m range. Non-capstone Leadership command buffs last 2 seconds longer. SOC scaling can raise the duration bonus to +3 seconds.","CommandRadius/LeadershipVanguardCommand/Command Presence rank 1","CommandRadiusTrait","CommandRadiusTrait: no active ability definition","CommandRadiusTrait: PASS exact Bible text TLK 4129","-",""
"PASS","Scoped implemented","Leadership","34","Vanguard Command","4.0","4","Mark Target II","Leadership 35","Leadership 35","All","Trait","SOC","None","Combat Formula","","-","-","-","-","Implemented","","Single-target focus command. Valid attempt grants +2 Leadership CP to tagged NPCs; the mark applies only on hit. Converted from separate active ability to Trait row for the 4-6 active-button budget. Former active values: STM 7; casting 1 second; cooldown 45 seconds.","Vanguard Command offensive commands mark affected enemies for 30 seconds. Party members deal +12% damage to marked targets, and marked targets suffer -10% evasion chance.
SOC scaling can raise these to +15% damage and -12% evasion.","Vanguard Command offensive commands mark affected enemies for 30 seconds. Party members deal +12% damage to marked targets, and marked targets suffer -10% evasion chance. SOC scaling can raise these to +15% damage and -12% evasion.","MarkTarget/LeadershipVanguardCommand/Mark Target rank 2","","-","-","-",""
"PASS","Scoped implemented","Leadership","35","Vanguard Command","3.0","3","Charge Order II","Leadership 38","Leadership 38","All","Aura","SOC","None","Design Added","","-","-","2 seconds","30 seconds","Implemented","","Leadership aura. Counts toward the SOC-based aura cap; same-family ranks replace each other. Aura turn-on/replacement grants +1 Leadership CP to tagged NPCs.","Aura: Party members within Leadership range (5m base) gain +15% movement speed and +50 Mobility Resistance. SOC scaling can raise these to +18% movement speed and +65 Mobility Resistance.","Aura: Party members within Leadership range (5m base) gain +15% movement speed and +50 Mobility Resistance. SOC scaling can raise these to +18% movement speed and +65 Mobility Resistance.","ChargeOrder/LeadershipVanguardCommand/Charge Order rank 2","ChargeOrder2","ChargeOrder2: ChargeOrderAbilityDefinition.cs name='Charge Order II' level=2 skill=Leadership activation=Casted FP=- STM=- cast=2 cooldown=30","ChargeOrder2: PASS exact Bible text TLK 3901","ChargeOrder2: PASS exact Bible text TLK 3901",""
"PASS","Scoped implemented","Leadership","36","Vanguard Command","4.0","4","Press the Attack III","Leadership 40","Leadership 40","All","Combat","SOC","None","Design Added","","-","9.0","Instant","30 seconds","Implemented","","Offensive command. Affects the leader and nearby party members; valid use grants +2 Leadership CP to tagged NPCs. Only one Leadership command effect can be active per leader; a new command replaces the previous one.","Party members within Leadership range (5m base) gain +10% damage and +5% physical and Force ability hit chance for 30 seconds. SOC scaling can raise these to +12% damage and +7% hit chance.","Party members within Leadership range (5m base) gain +10% damage and +5% physical and Force ability hit chance for 30 seconds. SOC scaling can raise these to +12% damage and +7% hit chance.","PressTheAttack/LeadershipVanguardCommand/Press the Attack rank 3","PressTheAttack3","PressTheAttack3: PressTheAttackAbilityDefinition.cs name='Press the Attack III' level=3 skill=Leadership activation=Casted FP=- STM=9 cast=0 cooldown=30","PressTheAttack3: PASS exact Bible text TLK 5412","PressTheAttack3: PASS exact Bible text TLK 5412",""
"PASS","Scoped implemented","Leadership","37","Vanguard Command","4.0","4","Break Morale II","Leadership 42","Leadership 42","All","Combat","SOC","None","Combat Formula","","-","9.0","0.5 seconds","45 seconds","Implemented","","Reliable area control command. Grants +2 Leadership CP to tagged NPCs if at least one enemy is affected.","Enemies within Leadership range (5m base) suffer Flash, reducing physical and Force ability hit chance by 15%, and Weakened, reducing Attack by 12%, for 30 seconds. SOC scaling can raise these penalties to 18% and 15%. This command applies reliably to valid enemies within Leadership range (5m base).","Enemies within Leadership range (5m base) suffer Flash, reducing physical and Force ability hit chance by 15%, and Weakened, reducing Attack by 12%, for 30 seconds. SOC scaling can raise these penalties to 18% and 15%. This command applies reliably to valid enemies within Leadership range (5m base).","BreakMorale/LeadershipVanguardCommand/Break Morale rank 2","BreakMorale2","BreakMorale2: BreakMoraleAbilityDefinition.cs name='Break Morale II' level=2 skill=Leadership activation=Casted FP=- STM=9 cast=0.5 cooldown=45","BreakMorale2: PASS exact Bible text TLK 5345","BreakMorale2: PASS exact Bible text TLK 5345",""
"PASS","Scoped implemented","Leadership","38","Vanguard Command","4.0","4","Coordinated Focus III","Leadership 45","Leadership 45","All","Aura","SOC","None","Design Added","","-","-","2 seconds","30 seconds","Implemented","","Leadership aura. Counts toward the SOC-based aura cap; same-family ranks replace each other. Aura turn-on/replacement grants +1 Leadership CP to tagged NPCs.","Aura: Party members within Leadership range (5m base) gain +6% critical hit chance and +8% critical damage. SOC scaling can raise these to +7% and +10%.","Aura: Party members within Leadership range (5m base) gain +6% critical hit chance and +8% critical damage. SOC scaling can raise these to +7% and +10%.","CoordinatedFocus/LeadershipVanguardCommand/Coordinated Focus rank 3","CoordinatedFocus3","CoordinatedFocus3: CoordinatedFocusAbilityDefinition.cs name='Coordinated Focus III' level=3 skill=Leadership activation=Casted FP=- STM=- cast=2 cooldown=30","CoordinatedFocus3: PASS exact Bible text TLK 3774","CoordinatedFocus3: PASS exact Bible text TLK 3774",""
"PASS","Scoped implemented","Leadership","39","Vanguard Command","3.0","3","Command Presence II","Leadership 48","Leadership 48","All","Trait","SOC","None","Design Added","","-","-","-","-","Implemented","","Shared Leadership range and duration trait. Does not extend Decisive Command or Hold the Line.","All Leadership auras and area commands have +4m range. Non-capstone Leadership command buffs last 4 seconds longer.
SOC scaling can raise the duration bonus to +5 seconds.","All Leadership auras and area commands have +4m range. Non-capstone Leadership command buffs last 4 seconds longer. SOC scaling can raise the duration bonus to +5 seconds.","CommandRadius/LeadershipVanguardCommand/Command Presence rank 2","","-","-","-",""
"PASS","Scoped implemented","Leadership","40","Vanguard Command","5.0","5","Decisive Command","Leadership 50","Leadership 50; Quest decisive_command_mastery","All","Combat","SOC","None","Design Added","","-","15.0","1 second","90 seconds","Implemented","","Player capstone: shared Capstone timer; uses a fixed 90-second capstone cooldown with a 45-second active duration and has no weapon/tool activation requirement. Only one Leadership command effect can be active per leader; a new command replaces the previous one. Leadership damage-reduction effects do not stack; the strongest active source applies.","For 45 seconds, party members within Leadership range (5m base), including you, gain +12% damage, +6% physical and Force ability hit chance, +6% critical hit chance, and restore 1 STM every 3 seconds. SOC scaling can raise the bonuses to +15%, +8%, and +8%.","For 45 seconds, party members within Leadership range (5m base), including you, gain +12% damage, +6% physical and Force ability hit chance, +6% critical hit chance, and restore 1 STM every 3 seconds. SOC scaling can raise the bonuses to +15%, +8%, and +8%.","DecisiveCommand/LeadershipVanguardCommand/Decisive Command rank 1","DecisiveCommand1","DecisiveCommand1: DecisiveCommandAbilityDefinition.cs name='Decisive Command' level=1 skill=Leadership activation=Casted FP=- STM=15 cast=1 cooldown=90","DecisiveCommand1: PASS exact Bible text TLK 81182","DecisiveCommand1: PASS exact Bible text TLK 81182",""
"PASS","Scoped implemented","Leadership","43","Field Steward","2.0","2","Watchful Presence I","-","-","All","Aura","SOC","None","Design Added","","-","-","2 seconds","30 seconds","Implemented","","Leadership aura. Counts toward the SOC-based aura cap; same-family ranks replace each other. Aura turn-on/replacement grants +1 Leadership CP to tagged NPCs.","Aura: Party members within Leadership range (5m base) take 4% less physical and Force damage. SOC scaling can raise this to 5%.","Aura: Party members within Leadership range (5m base) take 4% less physical and Force damage. SOC scaling can raise this to 5%.","WatchfulPresence/LeadershipFieldSteward/Watchful Presence rank 1","WatchfulPresence1","WatchfulPresence1: WatchfulPresenceAbilityDefinition.cs name='Watchful Presence I' level=1 skill=Leadership activation=Casted FP=- STM=- cast=2 cooldown=30","WatchfulPresence1: PASS exact Bible text TLK 82883","WatchfulPresence1: PASS exact Bible text TLK 82883",""
"PASS","Scoped implemented","Leadership","44","Field Steward","2.0","2","Rousing Shout I","Leadership 5","Leadership 5","All","Combat","SOC","None","Design Added","","-","6.0","1 second","45 seconds","Implemented","","Single-target rescue command. Valid use grants +2 Leadership CP to tagged NPCs.","Bolsters one living ally, granting temporary HP equal to 10% of maximum HP for 30 seconds.
SOC scaling can raise this to 13%. If the target is at or below 35% HP, they also take 10% less damage, scaling up to 12%.","Bolsters one living ally, granting temporary HP equal to 10% of maximum HP for 30 seconds. SOC scaling can raise this to 13%. If the target is at or below 35% HP, they also take 10% less damage, scaling up to 12%.","RousingShout/LeadershipFieldSteward/Rousing Shout rank 1","RousingShout1","RousingShout1: RousingShoutAbilityDefinition.cs name='Rousing Shout I' level=1 skill=Leadership activation=Casted FP=- STM=6 cast=1 cooldown=45","RousingShout1: PASS exact Bible text TLK 5414","RousingShout1: PASS exact Bible text TLK 5414",""
"PASS","Scoped implemented","Leadership","45","Field Steward","3.0","3","Steady Formation I","Leadership 8","Leadership 8","All","Aura","SOC","None","Design Added","","-","-","2 seconds","30 seconds","Implemented","","Leadership aura. Counts toward the SOC-based aura cap; same-family ranks replace each other. Aura turn-on/replacement grants +1 Leadership CP to tagged NPCs.","Aura: Party members within Leadership range (5m base) gain +3% evasion chance, +30 Mind Resistance, and +30 Mobility Resistance. SOC scaling can raise these to +4% evasion chance, +40 Mind Resistance, and +40 Mobility Resistance.","Aura: Party members within Leadership range (5m base) gain +3% evasion chance, +30 Mind Resistance, and +30 Mobility Resistance. SOC scaling can raise these to +4% evasion chance, +40 Mind Resistance, and +40 Mobility Resistance.","SteadyFormation/LeadershipFieldSteward/Steady Formation rank 1","SteadyFormation1","SteadyFormation1: SteadyFormationAbilityDefinition.cs name='Steady Formation I' level=1 skill=Leadership activation=Casted FP=- STM=- cast=2 cooldown=30","SteadyFormation1: PASS exact Bible text TLK 4043","SteadyFormation1: PASS exact Bible text TLK 4043",""
"PASS","Scoped implemented","Leadership","46","Field Steward","3.0","3","Bolster Resolve I","Leadership 12","Leadership 12","All","Trait","SOC","None","Design Added","","-","-","-","-","Implemented","","Support command. Affects the leader and nearby party members; valid use grants +2 Leadership CP to tagged NPCs. Converted from separate active ability to Trait row for the 4-6 active-button budget. Former active values: STM 4; casting 1 second; cooldown 45 seconds.","Field Steward recovery commands also grant party members within Leadership range (5m base) temporary HP equal to 8% of maximum HP for 30 seconds. SOC scaling can raise this to 10%.","Field Steward recovery commands also grant party members within Leadership range (5m base) temporary HP equal to 8% of maximum HP for 30 seconds. SOC scaling can raise this to 10%.","BolsterResolve/LeadershipFieldSteward/Bolster Resolve rank 1","BolsterResolveTrait","BolsterResolveTrait: no active ability definition","BolsterResolveTrait: PASS exact Bible text TLK 192550","-",""
"PASS","Scoped implemented","Leadership","47","Field Steward","2.0","2","Field Recovery I","Leadership 15","Leadership 15","All","Aura","SOC","None","Design Added","","-","-","2 seconds","30 seconds","Implemented","","Leadership aura. Counts toward the SOC-based aura cap; same-family ranks replace each other. Aura turn-on/replacement grants +1 Leadership CP to tagged NPCs.","Aura: Party members within Leadership range (5m base) restore 1 STM every 4 seconds. SOC scaling can raise this to 2 STM per tick.","Aura: Party members within Leadership range (5m base) restore 1 STM every 4 seconds. SOC scaling can raise this to 2 STM per tick.","FieldRecovery/LeadershipFieldSteward/Field Recovery rank 1","FieldRecovery1","FieldRecovery1: FieldRecoveryAbilityDefinition.cs name='Field Recovery I' level=1 skill=Leadership activation=Casted FP=- STM=- cast=2 cooldown=30","FieldRecovery1: PASS exact Bible text TLK 82879","FieldRecovery1: PASS exact Bible text TLK 82879",""
"PASS","Scoped implemented","Leadership","48","Field Steward","3.0","3","Rousing Shout II","Leadership 18","Leadership 18","All","Combat","SOC","None","Design Added","","-","8.0","1 second","45 seconds","Implemented","","Single-target rescue command. Valid use grants +2 Leadership CP to tagged NPCs.","Bolsters one living ally, granting temporary HP equal to 15% of maximum HP for 30 seconds. SOC scaling can raise this to 19%.
If the target is at or below 35% HP, they also take 15% less damage, scaling up to 18%.","Bolsters one living ally, granting temporary HP equal to 15% of maximum HP for 30 seconds. SOC scaling can raise this to 19%. If the target is at or below 35% HP, they also take 15% less damage, scaling up to 18%.","RousingShout/LeadershipFieldSteward/Rousing Shout rank 2","RousingShout2","RousingShout2: RousingShoutAbilityDefinition.cs name='Rousing Shout II' level=2 skill=Leadership activation=Casted FP=- STM=8 cast=1 cooldown=45","RousingShout2: PASS exact Bible text TLK 5415","RousingShout2: PASS exact Bible text TLK 5415",""
"PASS","Scoped implemented","Leadership","49","Field Steward","3.0","3","Watchful Presence II","Leadership 22","Leadership 22","All","Aura","SOC","None","Design Added","","-","-","2 seconds","30 seconds","Implemented","","Leadership aura. Counts toward the SOC-based aura cap; same-family ranks replace each other. Aura turn-on/replacement grants +1 Leadership CP to tagged NPCs.","Aura: Party members within Leadership range (5m base) take 6% less physical and Force damage. SOC scaling can raise this to 7%.","Aura: Party members within Leadership range (5m base) take 6% less physical and Force damage. SOC scaling can raise this to 7%.","WatchfulPresence/LeadershipFieldSteward/Watchful Presence rank 2","WatchfulPresence2","WatchfulPresence2: WatchfulPresenceAbilityDefinition.cs name='Watchful Presence II' level=2 skill=Leadership activation=Casted FP=- STM=- cast=2 cooldown=30","WatchfulPresence2: PASS exact Bible text TLK 3813","WatchfulPresence2: PASS exact Bible text TLK 3813",""
"PASS","Scoped implemented","Leadership","50","Field Steward","3.0","3","Cleanse Order I","Leadership 25","Leadership 25","All","Combat","SOC","None","Design Added","","-","6.0","1 second","45 seconds","Implemented","","Support command. Affects the leader and nearby party members; valid use grants +2 Leadership CP to tagged NPCs.","Removes one standard elemental or trauma ailment from party members within Leadership range (5m base) and
grants temporary HP equal to 6% of maximum HP for 30 seconds. SOC scaling can raise temporary HP to 8%.","Removes one standard elemental or trauma ailment from party members within Leadership range (5m base) and grants temporary HP equal to 6% of maximum HP for 30 seconds. SOC scaling can raise temporary HP to 8%.","CleanseOrder/LeadershipFieldSteward/Cleanse Order rank 1","CleanseOrder1","CleanseOrder1: CleanseOrderAbilityDefinition.cs name='Cleanse Order I' level=1 skill=Leadership activation=Casted FP=- STM=6 cast=1 cooldown=45","CleanseOrder1: PASS exact Bible text TLK 5416","CleanseOrder1: PASS exact Bible text TLK 5416",""
"PASS","Scoped implemented","Leadership","51","Field Steward","4.0","4","Steady Formation II","Leadership 28","Leadership 28","All","Aura","SOC","None","Design Added","","-","-","2 seconds","30 seconds","Implemented","","Leadership aura. Counts toward the SOC-based aura cap; same-family ranks replace each other. Aura turn-on/replacement grants +1 Leadership CP to tagged NPCs.","Aura: Party members within Leadership range (5m base) gain +5% evasion chance, +50 Mind Resistance, and +50 Mobility Resistance. SOC scaling can raise these to +6% evasion chance, +65 Mind Resistance, and +65 Mobility Resistance.","Aura: Party members within Leadership range (5m base) gain +5% evasion chance, +50 Mind Resistance, and +50 Mobility Resistance. SOC scaling can raise these to +6% evasion chance, +65 Mind Resistance, and +65 Mobility Resistance.","SteadyFormation/LeadershipFieldSteward/Steady Formation rank 2","SteadyFormation2","SteadyFormation2: SteadyFormationAbilityDefinition.cs name='Steady Formation II' level=2 skill=Leadership activation=Casted FP=- STM=- cast=2 cooldown=30","SteadyFormation2: PASS exact Bible text TLK 4044","SteadyFormation2: PASS exact Bible text TLK 4044",""
"PASS","Scoped implemented","Leadership","52","Field Steward","3.0","3","Triage Protocol I","Leadership 30","Leadership 30","All","Trait","SOC","None","Design Added","","-","-","-","-","Implemented","","Field Steward recovery trait. Improves active shouts only; does not improve auras.","Non-capstone Field Steward shouts also grant +8% healing received for their duration. SOC scaling can raise this to +10%.","Non-capstone Field Steward shouts also grant +8% healing received for their duration. SOC scaling can raise this to +10%.","TriageProtocol/LeadershipFieldSteward/Triage Protocol rank 1","TriageProtocolTrait","TriageProtocolTrait: no active ability definition","TriageProtocolTrait: PASS exact Bible text TLK 4127","-",""
"PASS","Scoped implemented","Leadership","53","Field Steward","4.0","4","Bolster Resolve II","Leadership 35","Leadership 35","All","Trait","SOC","None","Design Added","","-","-","-","-","Implemented","","Support command. Affects the leader and nearby party members; valid use grants +2 Leadership CP to tagged NPCs. Converted from separate active ability to Trait row for the 4-6 active-button budget. Former active values: STM 8; casting 1 second; cooldown 45 seconds.","Field Steward recovery commands also grant party members within Leadership range (5m base) temporary HP equal to 12% of maximum HP and 12% damage reduction for 30 seconds.
SOC scaling can raise these to 15% temporary HP and 15% damage reduction.","Field Steward recovery commands also grant party members within Leadership range (5m base) temporary HP equal to 12% of maximum HP and 12% damage reduction for 30 seconds. SOC scaling can raise these to 15% temporary HP and 15% damage reduction.","BolsterResolve/LeadershipFieldSteward/Bolster Resolve rank 2","","-","-","-",""
"PASS","Scoped implemented","Leadership","54","Field Steward","3.0","3","Field Recovery II","Leadership 38","Leadership 38","All","Aura","SOC","None","Design Added","","-","-","2 seconds","30 seconds","Implemented","","Leadership aura. Counts toward the SOC-based aura cap; same-family ranks replace each other. Aura turn-on/replacement grants +1 Leadership CP to tagged NPCs.","Aura: Party members within Leadership range (5m base) restore 2 STM every 4 seconds. SOC scaling can raise this to 3 STM per tick.","Aura: Party members within Leadership range (5m base) restore 2 STM every 4 seconds. SOC scaling can raise this to 3 STM per tick.","FieldRecovery/LeadershipFieldSteward/Field Recovery rank 2","FieldRecovery2","FieldRecovery2: FieldRecoveryAbilityDefinition.cs name='Field Recovery II' level=2 skill=Leadership activation=Casted FP=- STM=- cast=2 cooldown=30","FieldRecovery2: PASS exact Bible text TLK 3780","FieldRecovery2: PASS exact Bible text TLK 3780",""
"PASS","Scoped implemented","Leadership","55","Field Steward","4.0","4","Rousing Shout III","Leadership 40","Leadership 40","All","Combat","SOC","None","Design Added","","-","10.0","1 second","45 seconds","Implemented","","Single-target rescue command. Valid use grants +2 Leadership CP to tagged NPCs.","Bolsters one living ally, granting temporary HP equal to 20% of maximum HP for 30 seconds. SOC scaling can raise this to 25%.
If the target is at or below 35% HP, they also take 20% less damage, scaling up to 25%.","Bolsters one living ally, granting temporary HP equal to 20% of maximum HP for 30 seconds. SOC scaling can raise this to 25%. If the target is at or below 35% HP, they also take 20% less damage, scaling up to 25%.","RousingShout/LeadershipFieldSteward/Rousing Shout rank 3","RousingShout3","RousingShout3: RousingShoutAbilityDefinition.cs name='Rousing Shout III' level=3 skill=Leadership activation=Casted FP=- STM=10 cast=1 cooldown=45","RousingShout3: PASS exact Bible text TLK 5417","RousingShout3: PASS exact Bible text TLK 5417",""
"PASS","Scoped implemented","Leadership","56","Field Steward","4.0","4","Cleanse Order II","Leadership 42","Leadership 42","All","Combat","SOC","None","Design Added","","-","9.0","1 second","45 seconds","Implemented","","Support command. Affects the leader and nearby party members; valid use grants +2 Leadership CP to tagged NPCs.","Removes one major negative status effect from party members within Leadership range (5m base) and grants 12% damage reduction for 30 seconds. SOC scaling can raise this to 15%.","Removes one major negative status effect from party members within Leadership range (5m base) and grants 12% damage reduction for 30 seconds. SOC scaling can raise this to 15%.","CleanseOrder/LeadershipFieldSteward/Cleanse Order rank 2","CleanseOrder2","CleanseOrder2: CleanseOrderAbilityDefinition.cs name='Cleanse Order II' level=2 skill=Leadership activation=Casted FP=- STM=9 cast=1 cooldown=45","CleanseOrder2: PASS exact Bible text TLK 5365","CleanseOrder2: PASS exact Bible text TLK 5365",""
"PASS","Scoped implemented","Leadership","57","Field Steward","4.0","4","Watchful Presence III","Leadership 45","Leadership 45","All","Aura","SOC","None","Design Added","","-","-","2 seconds","30 seconds","Implemented","","Leadership aura. Counts toward the SOC-based aura cap; same-family ranks replace each other. Aura turn-on/replacement grants +1 Leadership CP to tagged NPCs.","Aura: Party members within Leadership range (5m base) take 8% less physical and Force damage. SOC scaling can raise this to 10%.","Aura: Party members within Leadership range (5m base) take 8% less physical and Force damage. SOC scaling can raise this to 10%.","WatchfulPresence/LeadershipFieldSteward/Watchful Presence rank 3","WatchfulPresence3","WatchfulPresence3: WatchfulPresenceAbilityDefinition.cs name='Watchful Presence III' level=3 skill=Leadership activation=Casted FP=- STM=- cast=2 cooldown=30","WatchfulPresence3: PASS exact Bible text TLK 3814","WatchfulPresence3: PASS exact Bible text TLK 3814",""
"PASS","Scoped implemented","Leadership","58","Field Steward","3.0","3","Triage Protocol II","Leadership 48","Leadership 48","All","Trait","SOC","None","Design Added","","-","-","-","-","Implemented","","Field Steward recovery trait. Improves active shouts only; does not improve auras.","Non-capstone Field Steward shouts also grant +12% healing received and last 3 seconds longer. SOC scaling can raise the healing received bonus to +15%.","Non-capstone Field Steward shouts also grant +12% healing received and last 3 seconds longer. SOC scaling can raise the healing received bonus to +15%.","TriageProtocol/LeadershipFieldSteward/Triage Protocol rank 2","","-","-","-",""
"PASS","Scoped implemented","Leadership","59","Field Steward","5.0","5","Hold the Line","Leadership 50","Leadership 50; Quest hold_the_line_mastery","All","Combat","SOC","None","Design Added","","-","15.0","1 second","90 seconds","Implemented","","Player capstone: shared Capstone timer; uses a fixed 90-second capstone cooldown with a 45-second active duration and has no weapon/tool activation requirement.","For 45 seconds, party members within Leadership range (5m base), including you, gain temporary HP equal to 18% of maximum HP,
take 18% less damage, and become immune to Mind and Mobility effects. SOC scaling can raise temporary HP and damage reduction to 22%.","For 45 seconds, party members within Leadership range (5m base), including you, gain temporary HP equal to 18% of maximum HP, take 18% less damage, and become immune to Mind and Mobility effects. SOC scaling can raise temporary HP and damage reduction to 22%.","HoldTheLine/LeadershipFieldSteward/Hold the Line rank 1","HoldTheLine1","HoldTheLine1: HoldTheLineAbilityDefinition.cs name='Hold the Line' level=1 skill=Leadership activation=Casted FP=- STM=15 cast=1 cooldown=90","HoldTheLine1: PASS exact Bible text TLK 82116","HoldTheLine1: PASS exact Bible text TLK 82116",""
"PASS","Scoped implemented","First Aid","8","Trauma Medic","2.0","2","Med Kit I","-","-","All","Combat","WIL","None","Design Added","","-","4.0","1.5 seconds","6 seconds","Implemented","","Best baseline direct healing. Droid instruction AI slots: 1.","Restores 10% of the target's maximum HP plus WIL scaling to a single target. Consumes medical supplies.","Restores 10% of the target's maximum HP plus WIL scaling to a single target. Consumes medical supplies.","MedKit/FirstAidTraumaMedic/Med Kit rank 1","MedKit1","MedKit1: MedKitAbilityDefinition.cs name='Med Kit I' level=1 skill=FirstAid activation=Casted FP=- STM=4 cast=1.5 cooldown=6","MedKit1: PASS exact Bible text TLK 3293","MedKit1: PASS exact Bible text TLK 3293",""
"PASS","Scoped implemented","First Aid","9","Trauma Medic","2.0","2","Treatment Kit I","First Aid 5","FirstAid 5","All","Combat","None","None","None","","-","3.0","1 second","6 seconds","Implemented","","Droid instruction AI slots: 1.","Removes Bleed and Poison from a single target. Consumes medical supplies.","Removes Bleed and Poison from a single target. Consumes medical supplies.","TreatmentKit/FirstAidTraumaMedic/Treatment Kit rank 1","TreatmentKit1","TreatmentKit1: TreatmentKitAbilityDefinition.cs name='Treatment Kit I' level=1 skill=FirstAid activation=Casted FP=- STM=3 cast=1 cooldown=6","TreatmentKit1: PASS exact Bible text TLK 3407","TreatmentKit1: PASS exact Bible text TLK 3407",""
"PASS","Scoped implemented","First Aid","10","Trauma Medic","3.0","3","Medical Injector Rig I","First Aid 8","FirstAid 8","All","Trait","WIL","None","Design Added","","-","-","-","-","Implemented","","Cross-skill: applies to direct, area, and periodic ability healing from every skill tree. Damage-derived healing, system healing, temporary HP, and fixed 1 HP revival are intentionally excluded.","All direct, area, and periodic healing caused by your abilities is increased by 5%.","All direct, area, and periodic healing caused by your abilities is increased by 5%.","MedicalInjectorRig/FirstAidTraumaMedic/Medical Injector Rig rank 1","MedicalInjectorRigTrait","MedicalInjectorRigTrait: no active ability definition","MedicalInjectorRigTrait: PASS exact Bible text TLK 4096","-",""
"PASS","Scoped implemented","First Aid","11","Trauma Medic","3.0","3","Emergency Sealant","First Aid 12","FirstAid 12","All","Trait","WIL","None","Design Added","","-","-","-","-","Implemented","","Converted from separate active ability to Trait row for the 4-6 active-button budget. Former active values: STM 4; casting 1 second; cooldown 18 seconds.","Trauma Medic healing and treatment abilities also stop one Bleed or Burn effect. If an effect is removed this way, the target restores HP equal to 4% of maximum HP plus WIL scaling every 3 seconds for 30 seconds.","Trauma Medic healing and treatment abilities also stop one Bleed or Burn effect. If an effect is removed this way, the target restores HP equal to 4% of maximum HP plus WIL scaling every 3 seconds for 30 seconds.","EmergencySealant/FirstAidTraumaMedic/Emergency Sealant rank 1","EmergencySealantTrait","EmergencySealantTrait: no active ability definition","EmergencySealantTrait: PASS exact Bible text TLK 5216","-",""
"PASS","Scoped implemented","First Aid","12","Trauma Medic","3.0","3","Kolto Mist I","First Aid 15","FirstAid 15","All","Combat","WIL","None","Design Added","","-","6.0","1.5 seconds","18 seconds","Implemented","","First Aid owns medical area recovery. Droid instruction AI slots: 1.","Deploys a 30-second healing mist cloud at a target location up to 15m away. Allies within 8m heal for 1% of maximum HP plus WIL scaling every 3 seconds. Consumes medical supplies.","Deploys a 30-second healing mist cloud at a target location up to 15m away. Allies within 8m heal for 1% of maximum HP plus WIL scaling every 3 seconds. Consumes medical supplies.","KoltoMist/FirstAidTraumaMedic/Kolto Mist rank 1","KoltoMist1","KoltoMist1: KoltoMistAbilityDefinition.cs name='Kolto Mist I' level=1 skill=FirstAid activation=Casted FP=- STM=6 cast=1.5 cooldown=18","KoltoMist1: PASS exact Bible text TLK 5300","KoltoMist1: PASS exact Bible text TLK 5300",""
"PASS","Scoped implemented","First Aid","13","Trauma Medic","3.0","3","Resuscitation I","First Aid 18","FirstAid 18","All","Combat","WIL","None","Design Added","","-","10.0","4 seconds","60 seconds","Implemented","","Droid instruction AI slots: 1.","Revives an unconscious target with 1 HP. Consumes medical supplies.","Revives an unconscious target with 1 HP. Consumes medical supplies.","Resuscitation/FirstAidTraumaMedic/Resuscitation rank 1","Resuscitation1","Resuscitation1: ResuscitationAbilityDefinition.cs name='Resuscitation I' level=1 skill=FirstAid activation=Casted FP=- STM=10 cast=4 cooldown=60","Resuscitation1: PASS exact Bible text TLK 3379","Resuscitation1: PASS exact Bible text TLK 3379",""
"PASS","Scoped implemented","First Aid","14","Trauma Medic","2.0","2","Treatment Kit II","First Aid 22","FirstAid 22","All","Combat","None","None","None","","-","4.0","1 second","6 seconds","Implemented","","Droid instruction AI slots: 2.","Removes Bleed, Poison, Toxin, Burn, Shock, and Disease from a single target. Consumes medical supplies.","Removes Bleed, Poison, Toxin, Burn, Shock, and Disease from a single target. Consumes medical supplies.","TreatmentKit/FirstAidTraumaMedic/Treatment Kit rank 2","TreatmentKit2","TreatmentKit2: TreatmentKitAbilityDefinition.cs name='Treatment Kit II' level=2 skill=FirstAid activation=Casted FP=- STM=4 cast=1 cooldown=6","TreatmentKit2: PASS exact Bible text TLK 3408","TreatmentKit2: PASS exact Bible text TLK 3408",""
"PASS","Scoped implemented","First Aid","15","Trauma Medic","4.0","4","Med Kit II","First Aid 25","FirstAid 25","All","Combat","WIL","None","Design Added","","-","6.0","1.5 seconds","6 seconds","Implemented","","Droid instruction AI slots: 2.","Restores 20% of the target's maximum HP plus WIL scaling to a single target. Consumes medical supplies.","Restores 20% of the target's maximum HP plus WIL scaling to a single target. Consumes medical supplies.","MedKit/FirstAidTraumaMedic/Med Kit rank 2","MedKit2","MedKit2: MedKitAbilityDefinition.cs name='Med Kit II' level=2 skill=FirstAid activation=Casted FP=- STM=6 cast=1.5 cooldown=6","MedKit2: PASS exact Bible text TLK 3294","MedKit2: PASS exact Bible text TLK 3294",""
"PASS","Scoped implemented","First Aid","16","Trauma Medic","3.0","3","Infusion I","First Aid 28","FirstAid 28","All","Combat","WIL","None","Design Added","","-","6.0","1 second","24 seconds","Implemented","","First Aid regeneration counterpart to Force Renewal. Droid instruction AI slots: 1.","Grants a single target regeneration, healing 3% of maximum HP plus WIL scaling every 3 seconds for 30 seconds. Consumes medical supplies.","Grants a single target regeneration, healing 3% of maximum HP plus WIL scaling every 3 seconds for 30 seconds. Consumes medical supplies.","Infusion/FirstAidTraumaMedic/Infusion rank 1","Infusion1","Infusion1: InfusionAbilityDefinition.cs name='Infusion I' level=1 skill=FirstAid activation=Casted FP=- STM=6 cast=1 cooldown=24","Infusion1: PASS exact Bible text TLK 5319","Infusion1: PASS exact Bible text TLK 5319",""
"PASS","Scoped implemented","First Aid","17","Trauma Medic","4.0","4","Kolto Mist II","First Aid 30","FirstAid 30","All","Combat","WIL","None","Design Added","","-","7.0","1.5 seconds","18 seconds","Implemented","","First Aid owns medical area recovery. Droid instruction AI slots: 2.","Deploys a 30-second healing mist cloud at a target location up to 15m away. Allies within 8m heal for 2% of maximum HP plus WIL scaling every 3 seconds. Consumes medical supplies.","Deploys a 30-second healing mist cloud at a target location up to 15m away. Allies within 8m heal for 2% of maximum HP plus WIL scaling every 3 seconds. Consumes medical supplies.","KoltoMist/FirstAidTraumaMedic/Kolto Mist rank 2","KoltoMist2","KoltoMist2: KoltoMistAbilityDefinition.cs name='Kolto Mist II' level=2 skill=FirstAid activation=Casted FP=- STM=7 cast=1.5 cooldown=18","KoltoMist2: PASS exact Bible text TLK 5321","KoltoMist2: PASS exact Bible text TLK 5321",""
"PASS","Scoped implemented","First Aid","18","Trauma Medic","3.0","3","Resuscitation II","First Aid 35","FirstAid 35","All","Combat","WIL","None","Design Added","","-","10.0","4 seconds","60 seconds","Implemented","","Droid instruction AI slots: 2.","Revives an unconscious target with 20% HP plus WIL scaling. Consumes medical supplies.","Revives an unconscious target with 20% HP plus WIL scaling. Consumes medical supplies.","Resuscitation/FirstAidTraumaMedic/Resuscitation rank 2","Resuscitation2","Resuscitation2: ResuscitationAbilityDefinition.cs name='Resuscitation II' level=2 skill=FirstAid activation=Casted FP=- STM=10 cast=4 cooldown=60","Resuscitation2: PASS exact Bible text TLK 3380","Resuscitation2: PASS exact Bible text TLK 3380",""
"PASS","Scoped implemented","First Aid","19","Trauma Medic","3.0","3","Medical Injector Rig II","First Aid 38","FirstAid 38","All","Trait","WIL","None","Design Added","","-","-","-","-","Implemented","","Balanced at 10% total: below Benevolence's 25% ally-healing bonus and Triage Protocol's 15% healing-received ceiling, while requiring 6 SP total and First Aid 38. Uses the same exclusions as rank I.","All direct, area, and periodic healing caused by your abilities is increased by 10%.","All direct, area, and periodic healing caused by your abilities is increased by 10%.","MedicalInjectorRig/FirstAidTraumaMedic/Medical Injector Rig rank 2","","-","-","-",""
"PASS","Scoped implemented","First Aid","20","Trauma Medic","4.0","4","Med Kit III","First Aid 40","FirstAid 40","All","Combat","WIL","None","Design Added","","-","7.0","1.5 seconds","6 seconds","Implemented","","Droid instruction AI slots: 3.","Restores 28% of the target's maximum HP plus WIL scaling to a single target. Consumes medical supplies.","Restores 28% of the target's maximum HP plus WIL scaling to a single target. Consumes medical supplies.","MedKit/FirstAidTraumaMedic/Med Kit rank 3","MedKit3","MedKit3: MedKitAbilityDefinition.cs name='Med Kit III' level=3 skill=FirstAid activation=Casted FP=- STM=7 cast=1.5 cooldown=6","MedKit3: PASS exact Bible text TLK 3295","MedKit3: PASS exact Bible text TLK 3295",""
"PASS","Scoped implemented","First Aid","21","Trauma Medic","4.0","4","Treatment Kit III","First Aid 42","FirstAid 42","All","Combat","None","None","None","","-","5.0","1 second","12 seconds","Implemented","","Droid instruction AI slots: 3.","Removes Bleed, Poison, Toxin, Burn, Shock, and Disease from a single target and grants 50% Fire Resistance,
50% Poison Resistance, 50% Electrical Resistance, 50% Ice Resistance, and 50% Trauma Resistance for 30 seconds.","Removes Bleed, Poison, Toxin, Burn, Shock, and Disease from a single target and grants 50% Fire Resistance, 50% Poison Resistance, 50% Electrical Resistance, 50% Ice Resistance, and 50% Trauma Resistance for 30 seconds.","TreatmentKit/FirstAidTraumaMedic/Treatment Kit rank 3","TreatmentKit3","TreatmentKit3: TreatmentKitAbilityDefinition.cs name='Treatment Kit III' level=3 skill=FirstAid activation=Casted FP=- STM=5 cast=1 cooldown=12","TreatmentKit3: PASS exact Bible text TLK 5410","TreatmentKit3: PASS exact Bible text TLK 5410",""
"PASS","Scoped implemented","First Aid","22","Trauma Medic","4.0","4","Emergency Triage","First Aid 50","FirstAid 50","All","Combat","WIL","None","Design Added","","-","8.0","-","24 seconds","Implemented","","Droid instruction AI slots: 1.","Restores 18% of the target's maximum HP plus WIL scaling instantly. Can target allies up to 15m away. Healing is doubled if the target is below 35% HP. Consumes extra medical supplies.","Restores 18% of the target's maximum HP plus WIL scaling instantly. Can target allies up to 15m away. Healing is doubled if the target is below 35% HP. Consumes extra medical supplies.","EmergencyTriage/FirstAidTraumaMedic/Emergency Triage rank 1","EmergencyTriage1","EmergencyTriage1: EmergencyTriageAbilityDefinition.cs name='Emergency Triage' level=1 skill=FirstAid activation=Casted FP=- STM=8 cast=0 cooldown=24","EmergencyTriage1: PASS exact Bible text TLK 3151","EmergencyTriage1: PASS exact Bible text TLK 3151",""
"PASS","Scoped implemented","First Aid","23","Trauma Medic","3.0","3","Infusion II","First Aid 45","FirstAid 45","All","Combat","WIL","None","Design Added","","-","8.0","1 second","24 seconds","Implemented","","First Aid regeneration counterpart to Force Renewal. Droid instruction AI slots: 2.","Grants a single target regeneration, healing 5% of maximum HP plus WIL scaling every 3 seconds for 30 seconds. Consumes medical supplies.","Grants a single target regeneration, healing 5% of maximum HP plus WIL scaling every 3 seconds for 30 seconds. Consumes medical supplies.","Infusion/FirstAidTraumaMedic/Infusion rank 2","Infusion2","Infusion2: InfusionAbilityDefinition.cs name='Infusion II' level=2 skill=FirstAid activation=Casted FP=- STM=8 cast=1 cooldown=24","Infusion2: PASS exact Bible text TLK 5325","Infusion2: PASS exact Bible text TLK 5325",""
"PASS","Scoped implemented","First Aid","24","Trauma Medic","5.0","5","Med Kit IV","First Aid 48","FirstAid 48","All","Combat","WIL","None","Design Added","","-","8.0","1.5 seconds","6 seconds","Implemented","","Top single-target recovery benchmark. Droid instruction AI slots: 4.","Restores 36% of the target's maximum HP plus WIL scaling to a single target. Consumes medical supplies.","Restores 36% of the target's maximum HP plus WIL scaling to a single target. Consumes medical supplies.","MedKit/FirstAidTraumaMedic/Med Kit rank 4","MedKit4","MedKit4: MedKitAbilityDefinition.cs name='Med Kit IV' level=4 skill=FirstAid activation=Casted FP=- STM=8 cast=1.5 cooldown=6","MedKit4: PASS exact Bible text TLK 3296","MedKit4: PASS exact Bible text TLK 3296",""
"PASS","Scoped implemented","First Aid","27","Combat Pharmacology","2.0","2","Adrenal Stim I","-","-","All","Combat","WIL","None","Design Added","","-","-","1 second","45 seconds","Implemented","","Droid instruction AI slots: 1.","Restores 10% of maximum STM and restores 1 STM every 3 seconds for 30 seconds. Consumes a stim pack.","Restores 10% of maximum STM and restores 1 STM every 3 seconds for 30 seconds. Consumes a stim pack.","AdrenalStim/FirstAidCombatPharmacology/Adrenal Stim rank 1","AdrenalStim1","AdrenalStim1: AdrenalStimAbilityDefinition.cs name='Adrenal Stim I' level=1 skill=FirstAid activation=Casted FP=- STM=- cast=1 cooldown=45","AdrenalStim1: PASS exact Bible text TLK 5328","AdrenalStim1: PASS exact Bible text TLK 5328",""
"PASS","Scoped implemented","First Aid","28","Combat Pharmacology","2.0","2","Shielding I","First Aid 5","FirstAid 5","All","Combat","WIL","None","Design Added","","-","3.0","1 second","18 seconds","Implemented","","One medical defense serum active at a time. Droid instruction AI slots: 1.","Reduces physical and force damage taken by 5% for 3 minutes. Consumes a stim pack.","Reduces physical and force damage taken by 5% for 3 minutes. Consumes a stim pack.","Shielding/FirstAidCombatPharmacology/Shielding rank 1","Shielding1","Shielding1: ShieldingAbilityDefinition.cs name='Shielding I' level=1 skill=FirstAid activation=Casted FP=- STM=3 cast=1 cooldown=18","Shielding1: PASS exact Bible text TLK 3391","Shielding1: PASS exact Bible text TLK 3391",""
"PASS","Scoped implemented","First Aid","29","Combat Pharmacology","3.0","3","Coagulant I","First Aid 8","FirstAid 8","All","Trait","None","None","None","","-","-","-","-","Implemented","","Physical damage over time resistance applies to Bleed and future physical DoT ticks. Converted from separate active ability to Trait row for the 4-6 active-button budget. Former active values: STM 3; casting 1 second; cooldown 45 seconds.","Combat Pharmacology stim effects also grant +50 Trauma Resistance and 10% resistance to incoming physical damage over time effects for 2 minutes.","Combat Pharmacology stim effects also grant +50 Trauma Resistance and 10% resistance to incoming physical damage over time effects for 2 minutes.","Coagulant/FirstAidCombatPharmacology/Coagulant rank 1","CoagulantTrait","CoagulantTrait: no active ability definition","CoagulantTrait: PASS exact Bible text TLK 3904","-",""
"PASS","Scoped implemented","First Aid","30","Combat Pharmacology","3.0","3","Adrenal Stim II","First Aid 12","FirstAid 12","All","Combat","WIL","None","Design Added","","-","-","1 second","45 seconds","Implemented","","Droid instruction AI slots: 2.","Restores 18% of maximum STM and restores 1 STM every 3 seconds for 30 seconds. Consumes a stim pack.","Restores 18% of maximum STM and restores 1 STM every 3 seconds for 30 seconds. Consumes a stim pack.","AdrenalStim/FirstAidCombatPharmacology/Adrenal Stim rank 2","AdrenalStim2","AdrenalStim2: AdrenalStimAbilityDefinition.cs name='Adrenal Stim II' level=2 skill=FirstAid activation=Casted FP=- STM=- cast=1 cooldown=45","AdrenalStim2: PASS exact Bible text TLK 5332","AdrenalStim2: PASS exact Bible text TLK 5332",""
"PASS","Scoped implemented","First Aid","31","Combat Pharmacology","3.0","3","Pain Suppressant I","First Aid 15","FirstAid 15","All","Combat","WIL","None","Design Added","","-","5.0","1 second","30 seconds","Implemented","","Droid instruction AI slots: 1.","Grants temporary HP equal to 10% of the target's maximum HP plus WIL scaling and 10% damage reduction for 30 seconds. Consumes a stim pack.","Grants temporary HP equal to 10% of the target's maximum HP plus WIL scaling and 10% damage reduction for 30 seconds. Consumes a stim pack.","PainSuppressant/FirstAidCombatPharmacology/Pain Suppressant rank 1","PainSuppressant1","PainSuppressant1: PainSuppressantAbilityDefinition.cs name='Pain Suppressant I' level=1 skill=FirstAid activation=Casted FP=- STM=5 cast=1 cooldown=30","PainSuppressant1: PASS exact Bible text TLK 5336","PainSuppressant1: PASS exact Bible text TLK 5336",""
"PASS","Scoped implemented","First Aid","32","Combat Pharmacology","3.0","3","Antitoxin","First Aid 18","FirstAid 18","All","Combat","None","None","None","","-","3.0","1 second","24 seconds","Implemented","","Droid instruction AI slots: 1.","Grants 50% Poison Resistance for 2 minutes and removes one Poison or Toxin effect. Poison Resistance also weakens Disease and Toxin effects. Consumes a stim pack.","Grants 50% Poison Resistance for 2 minutes and removes one Poison or Toxin effect. Poison Resistance also weakens Disease and Toxin effects. Consumes a stim pack.","Antitoxin/FirstAidCombatPharmacology/Antitoxin rank 1","Antitoxin1","Antitoxin1: AntitoxinAbilityDefinition.cs name='Antitoxin' level=1 skill=FirstAid activation=Casted FP=- STM=3 cast=1 cooldown=24","Antitoxin1: PASS exact Bible text TLK 3885","Antitoxin1: PASS exact Bible text TLK 3885",""
"PASS","Scoped implemented","First Aid","33","Combat Pharmacology","2.0","2","Field Pharmacist I","First Aid 22","FirstAid 22","All","Trait","None","None","None","","-","-","-","-","Implemented","","","Stim pack effects last 15% longer and have a 10% chance not to consume the stim pack.","Stim pack effects last 15% longer and have a 10% chance not to consume the stim pack.","FieldPharmacist/FirstAidCombatPharmacology/Field Pharmacist rank 1","FieldPharmacistTrait","FieldPharmacistTrait: no active ability definition","FieldPharmacistTrait: PASS exact Bible text TLK 4095","-",""
"PASS","Scoped implemented","First Aid","34","Combat Pharmacology","4.0","4","Shielding II","First Aid 25","FirstAid 25","All","Combat","WIL","None","Design Added","","-","4.0","1 second","18 seconds","Implemented","","Droid instruction AI slots: 2.","Reduces physical and force damage taken by 8% for 3 minutes. Consumes a stim pack.","Reduces physical and force damage taken by 8% for 3 minutes. Consumes a stim pack.","Shielding/FirstAidCombatPharmacology/Shielding rank 2","Shielding2","Shielding2: ShieldingAbilityDefinition.cs name='Shielding II' level=2 skill=FirstAid activation=Casted FP=- STM=4 cast=1 cooldown=18","Shielding2: PASS exact Bible text TLK 3392","Shielding2: PASS exact Bible text TLK 3392",""
"PASS","Scoped implemented","First Aid","35","Combat Pharmacology","3.0","3","Focus Stim I","First Aid 28","FirstAid 28","All","Combat","WIL","None","Design Added","","-","4.0","1 second","24 seconds","Implemented","","Droid instruction AI slots: 1.","Increases physical and Force ability Accuracy by 5% for 2 minutes. Consumes a stim pack.","Increases physical and Force ability Accuracy by 5% for 2 minutes. Consumes a stim pack.","FocusStim/FirstAidCombatPharmacology/Focus Stim rank 1","FocusStim1","FocusStim1: FocusStimAbilityDefinition.cs name='Focus Stim I' level=1 skill=FirstAid activation=Casted FP=- STM=4 cast=1 cooldown=24","FocusStim1: PASS exact Bible text TLK 3171","FocusStim1: PASS exact Bible text TLK 3171",""
"PASS","Scoped implemented","First Aid","36","Combat Pharmacology","4.0","4","Adrenal Stim III","First Aid 30","FirstAid 30","All","Combat","WIL","None","Design Added","","-","-","1 second","45 seconds","Implemented","","Droid instruction AI slots: 3.","Restores 25% of maximum STM and restores 1 STM every 3 seconds for 30 seconds. Consumes a stim pack.","Restores 25% of maximum STM and restores 1 STM every 3 seconds for 30 seconds. Consumes a stim pack.","AdrenalStim/FirstAidCombatPharmacology/Adrenal Stim rank 3","AdrenalStim3","AdrenalStim3: AdrenalStimAbilityDefinition.cs name='Adrenal Stim III' level=3 skill=FirstAid activation=Casted FP=- STM=- cast=1 cooldown=45","AdrenalStim3: PASS exact Bible text TLK 5341","AdrenalStim3: PASS exact Bible text TLK 5341",""
"PASS","Scoped implemented","First Aid","37","Combat Pharmacology","3.0","3","Pain Suppressant II","First Aid 35","FirstAid 35","All","Combat","WIL","None","Design Added","","-","6.0","1 second","30 seconds","Implemented","","Droid instruction AI slots: 2.","Grants temporary HP equal to 15% of the target's maximum HP plus WIL scaling and 15% damage reduction for 30 seconds. Consumes a stim pack.","Grants temporary HP equal to 15% of the target's maximum HP plus WIL scaling and 15% damage reduction for 30 seconds. Consumes a stim pack.","PainSuppressant/FirstAidCombatPharmacology/Pain Suppressant rank 2","PainSuppressant2","PainSuppressant2: PainSuppressantAbilityDefinition.cs name='Pain Suppressant II' level=2 skill=FirstAid activation=Casted FP=- STM=6 cast=1 cooldown=30","PainSuppressant2: PASS exact Bible text TLK 5346","PainSuppressant2: PASS exact Bible text TLK 5346",""
"PASS","Scoped implemented","First Aid","38","Combat Pharmacology","3.0","3","Field Pharmacist II","First Aid 38","FirstAid 38","All","Trait","None","None","None","","-","-","-","-","Implemented","","","Stim pack effects last 25% longer and have a 20% chance not to consume the stim pack.","Stim pack effects last 25% longer and have a 20% chance not to consume the stim pack.","FieldPharmacist/FirstAidCombatPharmacology/Field Pharmacist rank 2","","-","-","-",""
"PASS","Scoped implemented","First Aid","39","Combat Pharmacology","4.0","4","Coagulant II","First Aid 40","FirstAid 40","All","Trait","None","None","None","","-","-","-","-","Implemented","","Physical damage over time resistance applies to Bleed and future physical DoT ticks. Converted from separate active ability to Trait row for the 4-6 active-button budget. Former active values: STM 4; casting 1 second; cooldown 45 seconds.","Combat Pharmacology stim effects also grant Trauma immunity and 20% resistance to incoming physical damage over time effects for 2 minutes.","Combat Pharmacology stim effects also grant Trauma immunity and 20% resistance to incoming physical damage over time effects for 2 minutes.","Coagulant/FirstAidCombatPharmacology/Coagulant rank 2","","-","-","-",""
"PASS","Scoped implemented","First Aid","40","Combat Pharmacology","4.0","4","Shielding III","First Aid 42","FirstAid 42","All","Combat","WIL","None","Design Added","","-","5.0","1 second","18 seconds","Implemented","","Droid instruction AI slots: 3.","Reduces physical and force damage taken by 11% for 3 minutes. Consumes a stim pack.","Reduces physical and force damage taken by 11% for 3 minutes. Consumes a stim pack.","Shielding/FirstAidCombatPharmacology/Shielding rank 3","Shielding3","Shielding3: ShieldingAbilityDefinition.cs name='Shielding III' level=3 skill=FirstAid activation=Casted FP=- STM=5 cast=1 cooldown=18","Shielding3: PASS exact Bible text TLK 3393","Shielding3: PASS exact Bible text TLK 3393",""
"PASS","Scoped implemented","First Aid","41","Combat Pharmacology","4.0","4","Focus Stim II","First Aid 45","FirstAid 45","All","Combat","WIL","None","Design Added","","-","5.0","1 second","24 seconds","Implemented","","Droid instruction AI slots: 2.","Increases physical and Force ability Accuracy by 8% for 2 minutes. Consumes a stim pack.","Increases physical and Force ability Accuracy by 8% for 2 minutes. Consumes a stim pack.","FocusStim/FirstAidCombatPharmacology/Focus Stim rank 2","FocusStim2","FocusStim2: FocusStimAbilityDefinition.cs name='Focus Stim II' level=2 skill=FirstAid activation=Casted FP=- STM=5 cast=1 cooldown=24","FocusStim2: PASS exact Bible text TLK 3173","FocusStim2: PASS exact Bible text TLK 3173",""
"PASS","Scoped implemented","First Aid","42","Combat Pharmacology","3.0","3","Field Pharmacist III","First Aid 48","FirstAid 48","All","Trait","None","None","None","","-","-","-","-","Implemented","","","Stim pack effects last 35% longer and have a 30% chance not to consume the stim pack.","Stim pack effects last 35% longer and have a 30% chance not to consume the stim pack.","FieldPharmacist/FirstAidCombatPharmacology/Field Pharmacist rank 3","","-","-","-",""
"PASS","Scoped implemented","First Aid","43","Combat Pharmacology","5.0","5","Emergency Cocktail","First Aid 50","FirstAid 50; Quest emergency_cocktail_mastery","All","Combat","WIL","None","Design Added","","-","15.0","1 second","90 seconds","Implemented","Consumes 1 stim pack.","Player capstone: shared Capstone timer; uses a fixed 90-second capstone cooldown with a 45-second active duration and has no weapon/tool activation requirement. Droid instruction AI slots: 1.","Restores 25% of maximum STM, removes one Poison or Toxin effect, then for 45 seconds restores 1 STM every 3 seconds,
grants temporary HP equal to 12% of maximum HP plus WIL scaling, reduces damage taken by 12%, and grants 50% Poison Resistance.","Restores 25% of maximum STM, removes one Poison or Toxin effect, then for 45 seconds restores 1 STM every 3 seconds, grants temporary HP equal to 12% of maximum HP plus WIL scaling, reduces damage taken by 12%, and grants 50% Poison Resistance.","EmergencyCocktail/FirstAidCombatPharmacology/Emergency Cocktail rank 1","EmergencyCocktail1","EmergencyCocktail1: EmergencyCocktailAbilityDefinition.cs name='Emergency Cocktail' level=1 skill=FirstAid activation=Casted FP=- STM=15 cast=1 cooldown=90","EmergencyCocktail1: PASS exact Bible text TLK 3926","EmergencyCocktail1: PASS exact Bible text TLK 3926",""
"PASS","Scoped implemented","Espionage","9","Tradecraft","2.0","2","False Identities I","Espionage 10","Espionage 10; Character Type Standard","Standard","Trait","None","None","None","","-","-","-","-","Implemented","","","Increases the number of disguises you may keep on file to 2.","Increases the number of disguises you may keep on file to 2.","FalseIdentities/EspionageTradecraft/False Identities rank 1","FalseIdentitiesTrait","FalseIdentitiesTrait: no active ability definition","FalseIdentitiesTrait: PASS exact Bible text TLK 6139","-",""
"PASS","Scoped implemented","Espionage","10","Tradecraft","3.0","3","Cover Story I","Espionage 20","Espionage 20; Character Type Standard","Standard","Trait","None","None","None","","-","-","-","-","Implemented","","","Reduces the delay between disguise activations by 40%.","Reduces the delay between disguise activations by 40%.","CoverStory/EspionageTradecraft/Cover Story rank 1","CoverStoryTrait","CoverStoryTrait: no active ability definition","CoverStoryTrait: PASS exact Bible text TLK 6141","-",""
"PASS","Scoped implemented","Espionage","11","Tradecraft","3.0","3","False Identities II","Espionage 28","Espionage 28; Character Type Standard","Standard","Trait","None","None","None","","-","-","-","-","Implemented","","","Increases the number of disguises you may keep on file to 3.","Increases the number of disguises you may keep on file to 3.","FalseIdentities/EspionageTradecraft/False Identities rank 2","","-","-","-",""
"PASS","Scoped implemented","Espionage","12","Tradecraft","3.0","3","Cover Story II","Espionage 40","Espionage 40; Character Type Standard","Standard","Trait","None","None","None","","-","-","-","-","Implemented","","","Reduces the delay between disguise activations by 70%.","Reduces the delay between disguise activations by 70%.","CoverStory/EspionageTradecraft/Cover Story rank 2","","-","-","-",""
"PASS","Scoped implemented","Espionage","13","Tradecraft","4.0","4","False Identities III","Espionage 44","Espionage 44; Character Type Standard","Standard","Trait","None","None","None","","-","-","-","-","Implemented","","","Increases the number of disguises you may keep on file to 4.","Increases the number of disguises you may keep on file to 4.","FalseIdentities/EspionageTradecraft/False Identities rank 3","","-","-","-",""
"PASS","Scoped implemented","Espionage","16","Infiltrator","2.0","2","Stealth I","-","Character Type Standard","Standard","Toggle","None","None","None","","-","-","-","-","Implemented","","","Enter stealth, increasing Stealth by 5 while active. Drains 2 STM every 6 seconds, breaks on hostile action, and can only be entered while out of combat.","Enter stealth, increasing Stealth by 5 while active. Drains 2 STM every 6 seconds, breaks on hostile action, and can only be entered while out of combat.","Stealth/EspionageInfiltrator/Stealth rank 1","","Uses NWN's built-in Stealth action; no custom feat or ability definition by design.","-","-",""
"PASS","Scoped implemented","Espionage","17","Infiltrator","2.0","2","Back Attack I","Espionage 5","Espionage 5; Character Type Standard","Standard","Trait","PER","None","None","","-","-","-","-","Implemented","","","Melee weapon attacks from behind a target deal +3% damage.","Melee weapon attacks from behind a target deal +3% damage.","BackAttack/EspionageInfiltrator/Back Attack rank 1","BackAttackTrait","BackAttackTrait: no active ability definition","BackAttackTrait: PASS exact Bible text TLK 6082","-",""
"PASS","Scoped implemented","Espionage","18","Infiltrator","2.0","2","Slicing I","Espionage 8","Espionage 8; Character Type Standard","Standard","Trait","None","None","None","","-","-","-","-","Implemented","","","Can slice tier 1 lockboxes and terminals.","Can slice tier 1 lockboxes and terminals.","Slicing/EspionageInfiltrator/Slicing rank 1","SlicingTrait","SlicingTrait: no active ability definition","SlicingTrait: PASS exact Bible text TLK 6084","-",""
"PASS","Scoped implemented","Espionage","19","Infiltrator","3.0","3","Tactical Escape I","Espionage 12","Espionage 12; Character Type Standard","Standard","Combat","None","None","None","","-","8.0","-","45 seconds","Implemented","","","Reduces your enmity by 35% and increases Evasion by 8% for 30 seconds.","Reduces your enmity by 35% and increases Evasion by 8% for 30 seconds.","TacticalEscape/EspionageInfiltrator/Tactical Escape rank 1","TacticalEscape1","TacticalEscape1: TacticalEscapeAbilityDefinition.cs name='Tactical Escape I' level=1 skill=Espionage activation=Casted FP=- STM=8 cast=0 cooldown=45","TacticalEscape1: PASS exact Bible text TLK 6110","TacticalEscape1: PASS exact Bible text TLK 6110",""
"PASS","Scoped implemented","Espionage","20","Infiltrator","3.0","3","Stealth II","Espionage 15","Espionage 15; Character Type Standard","Standard","Toggle","None","None","None","","-","-","-","-","Implemented","","","Enter stealth, increasing Stealth by 10 while active. Drains 2 STM every 6 seconds, breaks on hostile action, and can only be entered while out of combat.","Enter stealth, increasing Stealth by 10 while active. Drains 2 STM every 6 seconds, breaks on hostile action, and can only be entered while out of combat.","Stealth/EspionageInfiltrator/Stealth rank 2","","Uses NWN's built-in Stealth action; no custom feat or ability definition by design.","-","-",""
"PASS","Scoped implemented","Espionage","21","Infiltrator","3.0","3","Back Attack II","Espionage 18","Espionage 18; Character Type Standard","Standard","Trait","PER","None","None","","-","-","-","-","Implemented","","","Melee weapon attacks from behind a target deal +5% damage and gain +3% Critical Rate.","Melee weapon attacks from behind a target deal +5% damage and gain +3% Critical Rate.","BackAttack/EspionageInfiltrator/Back Attack rank 2","","-","-","-",""
"PASS","Scoped implemented","Espionage","22","Infiltrator","3.0","3","Slicing II","Espionage 22","Espionage 22; Character Type Standard","Standard","Trait","None","None","None","","-","-","-","-","Implemented","","","Can slice tier 2 lockboxes and terminals.","Can slice tier 2 lockboxes and terminals.","Slicing/EspionageInfiltrator/Slicing rank 2","","-","-","-",""
"PASS","Scoped implemented","Espionage","23","Infiltrator","4.0","4","Shadow Step I","Espionage 25","Espionage 25; Character Type Standard","Standard","Combat","None","None","None","","-","10.0","-","24 seconds","Implemented","","","Dash behind one hostile target within 5m and increase Evasion by 10% for 30 seconds. Does not grant invisibility.","Dash behind one hostile target within 5m and increase Evasion by 10% for 30 seconds. Does not grant invisibility.","ShadowStep/EspionageInfiltrator/Shadow Step rank 1","ShadowStep1","ShadowStep1: ShadowStepAbilityDefinition.cs name='Shadow Step I' level=1 skill=Espionage activation=Casted FP=- STM=10 cast=0 cooldown=24","ShadowStep1: PASS exact Bible text TLK 6114","ShadowStep1: PASS exact Bible text TLK 6114",""
"PASS","Scoped implemented","Espionage","24","Infiltrator","3.0","3","Stealth III","Espionage 28","Espionage 28; Character Type Standard","Standard","Toggle","None","None","None","","-","-","-","-","Implemented","","","Enter stealth, increasing Stealth by 15 while active. Drains 2 STM every 6 seconds, breaks on hostile action, and can only be entered while out of combat.","Enter stealth, increasing Stealth by 15 while active. Drains 2 STM every 6 seconds, breaks on hostile action, and can only be entered while out of combat.","Stealth/EspionageInfiltrator/Stealth rank 3","","Uses NWN's built-in Stealth action; no custom feat or ability definition by design.","-","-",""
"PASS","Scoped implemented","Espionage","25","Infiltrator","3.0","3","Slicing III","Espionage 30","Espionage 30; Character Type Standard","Standard","Trait","None","None","None","","-","-","-","-","Implemented","","","Can slice tier 3 lockboxes and terminals. Grants +1 trace during slicing.","Can slice tier 3 lockboxes and terminals. Grants +1 trace during slicing.","Slicing/EspionageInfiltrator/Slicing rank 3","","-","-","-",""
"PASS","Scoped implemented","Espionage","26","Infiltrator","4.0","4","Silent Stride","Espionage 32","Espionage 32; Character Type Standard","Standard","Trait","None","None","None","","-","-","-","-","Implemented","","","While stealthed, increases Movement Speed by 30% and reduces STM drain by 20%, from 2 STM every 6 seconds to 2 STM every 7.5 seconds. Stealth still prevents running at full speed.","While stealthed, increases Movement Speed by 30% and reduces STM drain by 20%, from 2 STM every 6 seconds to 2 STM every 7.5 seconds. Stealth still prevents running at full speed.","SilentStride/EspionageInfiltrator/Silent Stride rank 1","SilentStrideTrait","SilentStrideTrait: no active ability definition","SilentStrideTrait: PASS exact Bible text TLK 6086","-",""
"PASS","Scoped implemented","Espionage","27","Infiltrator","3.0","3","Tactical Escape II","Espionage 35","Character Type Standard; Espionage 35","Standard","Combat","None","None","None","","-","12.0","-","45 seconds","Implemented","","","Reduces your enmity by 60%, removes negative movement-speed effects, and increases Evasion by 12% for 30 seconds.","Reduces your enmity by 60%, removes negative movement-speed effects, and increases Evasion by 12% for 30 seconds.","TacticalEscape/EspionageInfiltrator/Tactical Escape rank 2","TacticalEscape2","TacticalEscape2: TacticalEscapeAbilityDefinition.cs name='Tactical Escape II' level=2 skill=Espionage activation=Casted FP=- STM=12 cast=0 cooldown=45","TacticalEscape2: PASS exact Bible text TLK 6112","TacticalEscape2: PASS exact Bible text TLK 6112",""
"PASS","Scoped implemented","Espionage","28","Infiltrator","3.0","3","Back Attack III","Espionage 38","Espionage 38; Character Type Standard","Standard","Trait","PER","None","None","","-","-","-","-","Implemented","","","Melee weapon attacks from behind a target deal +8% damage and gain +5% Critical Rate.","Melee weapon attacks from behind a target deal +8% damage and gain +5% Critical Rate.","BackAttack/EspionageInfiltrator/Back Attack rank 3","","-","-","-",""
"PASS","Scoped implemented","Espionage","29","Infiltrator","4.0","4","Stealth IV","Espionage 40","Espionage 40; Character Type Standard","Standard","Toggle","None","None","None","","-","-","-","-","Implemented","","","Enter stealth, increasing Stealth by 20 while active. Drains 2 STM every 6 seconds, breaks on hostile action, and can only be entered while out of combat.","Enter stealth, increasing Stealth by 20 while active. Drains 2 STM every 6 seconds, breaks on hostile action, and can only be entered while out of combat.","Stealth/EspionageInfiltrator/Stealth rank 4","","Uses NWN's built-in Stealth action; no custom feat or ability definition by design.","-","-",""
"PASS","Scoped implemented","Espionage","30","Infiltrator","4.0","4","Slicing IV","Espionage 42","Espionage 42; Character Type Standard","Standard","Trait","None","None","None","","-","-","-","-","Implemented","","","Can slice tier 4 lockboxes and terminals. Grants +2 trace during slicing.","Can slice tier 4 lockboxes and terminals. Grants +2 trace during slicing.","Slicing/EspionageInfiltrator/Slicing rank 4","","-","-","-",""
"PASS","Scoped implemented","Espionage","31","Infiltrator","4.0","4","Shadow Step II","Espionage 45","Character Type Standard; Espionage 45","Standard","Combat","None","None","None","","-","14.0","-","24 seconds","Implemented","","","Dash behind one hostile target within 5m, remove negative movement-speed effects, and increase Evasion by 15% for 30 seconds.","Dash behind one hostile target within 5m, remove negative movement-speed effects, and increase Evasion by 15% for 30 seconds.","ShadowStep/EspionageInfiltrator/Shadow Step rank 2","ShadowStep2","ShadowStep2: ShadowStepAbilityDefinition.cs name='Shadow Step II' level=2 skill=Espionage activation=Casted FP=- STM=14 cast=0 cooldown=24","ShadowStep2: PASS exact Bible text TLK 6116","ShadowStep2: PASS exact Bible text TLK 6116",""
"PASS","Scoped implemented","Espionage","32","Infiltrator","4.0","4","Slicing V","Espionage 48","Character Type Standard; Espionage 48","Standard","Trait","None","None","None","","-","-","-","-","Implemented","","","Can slice tier 5 lockboxes and terminals. Grants +3 trace during slicing.","Can slice tier 5 lockboxes and terminals. Grants +3 trace during slicing.","Slicing/EspionageInfiltrator/Slicing rank 5","","-","-","-",""
"PASS","Scoped implemented","Espionage","33","Infiltrator","6.0","6","Ghost Protocol","Espionage 50","Character Type Standard; Espionage 50","Standard","Capstone","None","None","None","","-","15.0","-","90 seconds","Implemented","","Player capstone: shared Capstone recast timer. Unlike Stealth ranks, Ghost Protocol can be activated while in combat.","Reduces your enmity by 80%, enters stealth for up to 30 seconds, and causes your next back attack within 30 seconds to critically hit and inflict Exposed, reducing Defense by 20% for 30 seconds.","Reduces your enmity by 80%, enters stealth for up to 30 seconds, and causes your next back attack within 30 seconds to critically hit and inflict Exposed, reducing Defense by 20% for 30 seconds.","GhostProtocol/EspionageInfiltrator/Ghost Protocol rank 1","GhostProtocol","GhostProtocol: GhostProtocolAbilityDefinition.cs name='Ghost Protocol' level=1 skill=Espionage activation=Casted FP=- STM=15 cast=0 cooldown=90","GhostProtocol: PASS exact Bible text TLK 6118","GhostProtocol: PASS exact Bible text TLK 6118",""
"PASS","Scoped implemented","Espionage","36","Saboteur","2.0","2","Poisoncraft I","-","Character Type Standard","Standard","Trait","None","None","None","","-","-","-","-","Implemented","","Only crafting is gated: anyone may apply and use crafted poisons. Poisons cannot be applied to lightsabers or saberstaffs.","Can craft tier 1 weapon poisons.","Can craft tier 1 weapon poisons.","Poisoncraft/EspionageSaboteur/Poisoncraft rank 1","PoisoncraftTrait","PoisoncraftTrait: no active ability definition","PoisoncraftTrait: PASS exact Bible text TLK 6088","-",""
"PASS","Scoped implemented","Espionage","37","Saboteur","2.0","2","Trapcraft I","Espionage 5","Espionage 5; Character Type Standard","Standard","Trait","PER","None","None","","-","-","-","-","Implemented","","","Can craft, place, detect, and disarm tier 1 traps.","Can craft, place, detect, and disarm tier 1 traps.","Trapcraft/EspionageSaboteur/Trapcraft rank 1","TrapcraftTrait","TrapcraftTrait: no active ability definition","TrapcraftTrait: PASS exact Bible text TLK 6090","-",""
"PASS","Scoped implemented","Espionage","38","Saboteur","3.0","3","Venom Expertise I","Espionage 8","Espionage 8; Character Type Standard","Standard","Trait","PER","None","None","","-","-","-","-","Implemented","","","Venom from weapon poisons you apply deals 10% more damage.","Venom from weapon poisons you apply deals 10% more damage.","VenomExpertise/EspionageSaboteur/Venom Expertise rank 1","VenomExpertiseTrait","VenomExpertiseTrait: no active ability definition","VenomExpertiseTrait: PASS exact Bible text TLK 6092","-",""
"PASS","Scoped implemented","Espionage","39","Saboteur","3.0","3","Razor Trap I","Espionage 12","Espionage 12; Character Type Standard","Standard","Combat","PER","None","Combat Formula","","-","5.0","2 seconds","12 seconds","Implemented","","","Places a visible trap that arms after 3 seconds. When triggered, enemies within its 3m blast take 14 physical DMG plus PER scaling and Bleed for 30 seconds.","Places a visible trap that arms after 3 seconds. When triggered, enemies within its 3m blast take 14 physical DMG plus PER scaling and Bleed for 30 seconds.","RazorTrap/EspionageSaboteur/Razor Trap rank 1","RazorTrap1","RazorTrap1: RazorTrapAbilityDefinition.cs name='Razor Trap I' level=1 skill=Espionage activation=Casted FP=- STM=5 cast=2 cooldown=12","RazorTrap1: PASS exact Bible text TLK 6120","RazorTrap1: PASS exact Bible text TLK 6120",""
"PASS","Scoped implemented","Espionage","40","Saboteur","3.0","3","Poisoncraft II","Espionage 15","Espionage 15; Character Type Standard","Standard","Trait","None","None","None","","-","-","-","-","Implemented","","","Can craft tier 2 weapon poisons.","Can craft tier 2 weapon poisons.","Poisoncraft/EspionageSaboteur/Poisoncraft rank 2","","-","-","-",""
"PASS","Scoped implemented","Espionage","41","Saboteur","3.0","3","Trapcraft II","Espionage 18","Espionage 18; Character Type Standard","Standard","Trait","PER","None","None","","-","-","-","-","Implemented","","","Can craft, place, detect, and disarm tier 2 traps.","Can craft, place, detect, and disarm tier 2 traps.","Trapcraft/EspionageSaboteur/Trapcraft rank 2","","-","-","-",""
"PASS","Scoped implemented","Espionage","42","Saboteur","2.0","2","Trap Management I","Espionage 22","Espionage 22; Character Type Standard","Standard","Trait","PER","None","None","","-","-","-","-","Implemented","","","Increases maximum concurrent traps to 2.","Increases maximum concurrent traps to 2.","TrapManagement/EspionageSaboteur/Trap Management rank 1","TrapManagementTrait","TrapManagementTrait: no active ability definition","TrapManagementTrait: PASS exact Bible text TLK 6094","-",""
"PASS","Scoped implemented","Espionage","43","Saboteur","4.0","4","Shock Trap","Espionage 25","Character Type Standard; Espionage 25","Standard","Combat","PER","None","Combat Formula","","-","6.0","2 seconds","18 seconds","Implemented","","","Places a visible trap that arms after 3 seconds. When triggered, enemies within its 3m blast take 22 electrical DMG plus PER scaling and suffer Shock for 30 seconds.","Places a visible trap that arms after 3 seconds. When triggered, enemies within its 3m blast take 22 electrical DMG plus PER scaling and suffer Shock for 30 seconds.","ShockTrap/EspionageSaboteur/Shock Trap rank 1","ShockTrap","ShockTrap: ShockTrapAbilityDefinition.cs name='Shock Trap' level=1 skill=Espionage activation=Casted FP=- STM=6 cast=2 cooldown=18","ShockTrap: PASS exact Bible text TLK 6124","ShockTrap: PASS exact Bible text TLK 6124",""
"PASS","Scoped implemented","Espionage","44","Saboteur","3.0","3","Poisoncraft III","Espionage 28","Espionage 28; Character Type Standard","Standard","Trait","None","None","None","","-","-","-","-","Implemented","","","Can craft tier 3 weapon poisons.","Can craft tier 3 weapon poisons.","Poisoncraft/EspionageSaboteur/Poisoncraft rank 3","","-","-","-",""
"PASS","Scoped implemented","Espionage","45","Saboteur","4.0","4","Trapcraft III","Espionage 30","Espionage 30; Character Type Standard","Standard","Trait","PER","None","None","","-","-","-","-","Implemented","","","Can craft, place, detect, and disarm tier 3 traps. Traps arm 20% faster, reducing their arming time from 3 seconds to 2.4 seconds.","Can craft, place, detect, and disarm tier 3 traps. Traps arm 20% faster, reducing their arming time from 3 seconds to 2.4 seconds.","Trapcraft/EspionageSaboteur/Trapcraft rank 3","","-","-","-",""
"PASS","Scoped implemented","Espionage","46","Saboteur","4.0","4","Lasting Coatings","Espionage 32","Espionage 32; Character Type Standard","Standard","Trait","PER","None","None","","-","-","-","-","Implemented","","","Weapon poison coatings you apply gain 50% more charges, increasing from 20 to 30 charges.","Weapon poison coatings you apply gain 50% more charges, increasing from 20 to 30 charges.","LastingCoatings/EspionageSaboteur/Lasting Coatings rank 1","LastingCoatingsTrait","LastingCoatingsTrait: no active ability definition","LastingCoatingsTrait: PASS exact Bible text TLK 6096","-",""
"PASS","Scoped implemented","Espionage","47","Saboteur","3.0","3","Venom Expertise II","Espionage 35","Espionage 35; Character Type Standard","Standard","Trait","PER","None","None","","-","-","-","-","Implemented","","","Venom from weapon poisons you apply deals 20% more damage.","Venom from weapon poisons you apply deals 20% more damage.","VenomExpertise/EspionageSaboteur/Venom Expertise rank 2","","-","-","-",""
"PASS","Scoped implemented","Espionage","48","Saboteur","3.0","3","Razor Trap II","Espionage 38","Character Type Standard; Espionage 38","Standard","Combat","PER","None","Combat Formula","","-","7.0","2 seconds","12 seconds","Implemented","","","Places a visible trap that arms after 3 seconds. When triggered, enemies within its 3m blast take 30 physical DMG plus PER scaling and Bleed for 30 seconds.","Places a visible trap that arms after 3 seconds. When triggered, enemies within its 3m blast take 30 physical DMG plus PER scaling and Bleed for 30 seconds.","RazorTrap/EspionageSaboteur/Razor Trap rank 2","RazorTrap2","RazorTrap2: RazorTrapAbilityDefinition.cs name='Razor Trap II' level=2 skill=Espionage activation=Casted FP=- STM=7 cast=2 cooldown=12","RazorTrap2: PASS exact Bible text TLK 6122","RazorTrap2: PASS exact Bible text TLK 6122",""
"PASS","Scoped implemented","Espionage","49","Saboteur","3.0","3","Poisoncraft IV","Espionage 40","Espionage 40; Character Type Standard","Standard","Trait","None","None","None","","-","-","-","-","Implemented","","","Can craft tier 4 weapon poisons.","Can craft tier 4 weapon poisons.","Poisoncraft/EspionageSaboteur/Poisoncraft rank 4","","-","-","-",""
"PASS","Scoped implemented","Espionage","50","Saboteur","4.0","4","Trap Management II","Espionage 42","Espionage 42; Character Type Standard","Standard","Trait","PER","None","None","","-","-","-","-","Implemented","","","Increases maximum concurrent traps to 3 and trap detection range by 5m, from 6m to 11m.","Increases maximum concurrent traps to 3 and trap detection range by 5m, from 6m to 11m.","TrapManagement/EspionageSaboteur/Trap Management rank 2","","-","-","-",""
"PASS","Scoped implemented","Espionage","51","Saboteur","4.0","4","Trapcraft IV","Espionage 45","Character Type Standard; Espionage 45","Standard","Trait","PER","None","None","","-","-","-","-","Implemented","","","Can craft, place, detect, and disarm tier 4 traps. Traps arm 30% faster, reducing their arming time from 3 seconds to 2.1 seconds.","Can craft, place, detect, and disarm tier 4 traps. Traps arm 30% faster, reducing their arming time from 3 seconds to 2.1 seconds.","Trapcraft/EspionageSaboteur/Trapcraft rank 4","","-","-","-",""
"PASS","Scoped implemented","Espionage","52","Saboteur","4.0","4","Poisoncraft V","Espionage 48","Character Type Standard; Espionage 48","Standard","Trait","None","None","None","","-","-","-","-","Implemented","","","Can craft tier 5 weapon poisons.","Can craft tier 5 weapon poisons.","Poisoncraft/EspionageSaboteur/Poisoncraft rank 5","","-","-","-",""
"PASS","Scoped implemented","Espionage","53","Saboteur","6.0","6","Master Saboteur","Espionage 50","Espionage 50; Character Type Standard","Standard","Capstone","PER","None","None","","-","-","-","-","Implemented","","","Can craft, place, detect, and disarm tier 5 traps. Your trap damage and weapon-poison Venom damage increase by 10%.","Can craft, place, detect, and disarm tier 5 traps. Your trap damage and weapon-poison Venom damage increase by 10%.","MasterSaboteur/EspionageSaboteur/Master Saboteur rank 1","MasterSaboteurTrait","MasterSaboteurTrait: no active ability definition","MasterSaboteurTrait: PASS exact Bible text TLK 6098","-",""
"PASS","Scoped implemented","Engineering","9","Droidcraft","1","1","Droid Assembly I","-","-","All","Trait","None","None","Legacy Noncombat","","","","","","Implemented","","","Enables the construction and programming of tier 1 droids.","Enables the construction and programming of tier 1 droids.","DroidAssembly/Engineering/Droid Assembly rank 1","DroidAssemblyTrait","DroidAssemblyTrait: no active ability definition","DroidAssemblyTrait: PASS exact Bible text TLK 4091","-",""
"PASS","Scoped implemented","Engineering","10","Droidcraft","1","1","Droid Assembly II","Engineering 10","Engineering 10","All","Trait","None","None","Legacy Noncombat","","","","","","Implemented","","","Enables the construction and programming of tier 2 droids.","Enables the construction and programming of tier 2 droids.","DroidAssembly/Engineering/Droid Assembly rank 2","","-","-","-",""
"PASS","Scoped implemented","Engineering","11","Droidcraft","2","2","Droid Assembly III","Engineering 20","Engineering 20","All","Trait","None","None","Legacy Noncombat","","","","","","Implemented","","","Enables the construction and programming of tier 3 droids.","Enables the construction and programming of tier 3 droids.","DroidAssembly/Engineering/Droid Assembly rank 3","","-","-","-",""
"PASS","Scoped implemented","Engineering","12","Droidcraft","3","3","Droid Assembly IV","Engineering 30","Engineering 30","All","Trait","None","None","Legacy Noncombat","","","","","","Implemented","","","Enables the construction and programming of tier 4 droids.","Enables the construction and programming of tier 4 droids.","DroidAssembly/Engineering/Droid Assembly rank 4","","-","-","-",""
"PASS","Scoped implemented","Engineering","13","Droidcraft","4","4","Droid Assembly V","Engineering 40","Engineering 40","All","Trait","None","None","Legacy Noncombat","","","","","","Implemented","","","Enables the construction and programming of tier 5 droids.","Enables the construction and programming of tier 5 droids.","DroidAssembly/Engineering/Droid Assembly rank 5","","-","-","-",""
"PASS","Scoped implemented","Fabrication","9","Invention","2.0","2","Research I","Fabrication 10","Fabrication 10","All","Trait","None","None","Legacy Noncombat","","","","","","Implemented","","","Grants ability to research tier 1 blueprints.","Grants ability to research tier 1 blueprints.","Research/Fabrication/Research rank 1","ResearchTrait","ResearchTrait: no active ability definition","ResearchTrait: PASS exact Bible text TLK 4092","-",""
"PASS","Scoped implemented","Fabrication","10","Invention","2.0","2","Research II","Fabrication 20","Fabrication 20","All","Trait","None","None","Legacy Noncombat","","","","","","Implemented","","","Grants ability to research tier 2 blueprints.","Grants ability to research tier 2 blueprints.","Research/Fabrication/Research rank 2","","-","-","-",""
"PASS","Scoped implemented","Fabrication","11","Invention","3.0","3","Research III","Fabrication 30","Fabrication 30","All","Trait","None","None","Legacy Noncombat","","","","","","Implemented","","","Grants ability to research tier 3 blueprints.","Grants ability to research tier 3 blueprints.","Research/Fabrication/Research rank 3","","-","-","-",""
"PASS","Scoped implemented","Fabrication","12","Invention","3.0","3","Research IV","Fabrication 40","Fabrication 40","All","Trait","None","None","Legacy Noncombat","","","","","","Implemented","","","Grants ability to research tier 4 blueprints.","Grants ability to research tier 4 blueprints.","Research/Fabrication/Research rank 4","","-","-","-",""
"PASS","Scoped implemented","Fabrication","13","Invention","4","4","Research V","Fabrication 50","Fabrication 50","All","Trait","None","None","Legacy Noncombat","","","","","","Implemented","","","Grants ability to research tier 5 blueprints.","Grants ability to research tier 5 blueprints.","Research/Fabrication/Research rank 5","","-","-","-",""
"PASS","Scoped implemented","Fabrication","14","Invention","3.0","3","Scientific Networking I","Fabrication 25","Fabrication 25","All","Trait","None","None","Legacy Noncombat","","","","","","Implemented","","","Blueprints are created with one additional licensed run per rank.","Blueprints are created with one additional licensed run per rank.","ScientificNetworking/Fabrication/Scientific Networking rank 1","ScientificNetworkingTrait","ScientificNetworkingTrait: no active ability definition","ScientificNetworkingTrait: PASS exact Bible text TLK 4093","-",""
"PASS","Scoped implemented","Fabrication","15","Invention","4","4","Scientific Networking II","Fabrication 50","Fabrication 50","All","Trait","None","None","Legacy Noncombat","","","","","","Implemented","","","Blueprints are created with one additional licensed run per rank.","Blueprints are created with one additional licensed run per rank.","ScientificNetworking/Fabrication/Scientific Networking rank 2","","-","-","-",""
"PASS","Scoped implemented","Fabrication","16","Invention","2.0","2","Research Projects I","Fabrication 25","Fabrication 25","All","Trait","None","None","Legacy Noncombat","","","","","","Implemented","","","Increases the maximum number of concurrent research jobs by 1, for a total of 2.","Increases the maximum number of concurrent research jobs by 1, for a total of 2.","ResearchProjects/Fabrication/Research Projects rank 1","ResearchProjectsTrait","ResearchProjectsTrait: no active ability definition","ResearchProjectsTrait: PASS exact Bible text TLK 4094","-",""
"PASS","Scoped implemented","Fabrication","17","Invention","3.0","3","Research Projects II","Fabrication 50","Fabrication 50","All","Trait","None","None","Legacy Noncombat","","","","","","Implemented","","","Increases the maximum number of concurrent research jobs by 1, for a total of 3.","Increases the maximum number of concurrent research jobs by 1, for a total of 3.","ResearchProjects/Fabrication/Research Projects rank 2","","-","-","-",""
"SKIP","Skipped: out-of-scope tab Agriculture","Agriculture","9","Farming","1.0","","Crop Management I","-","","All","Trait","None","None","Legacy Noncombat","","","","","","Not Started","","","Grants the ability to plant and maintain tier 1 crops.","","","","","","","Skipped: out-of-scope tab Agriculture"
"SKIP","Skipped: out-of-scope tab Agriculture","Agriculture","10","Farming","1.0","","Crop Management II","Agriculture 10","","All","Trait","None","None","Legacy Noncombat","","","","","","Not Started","","","Grants the ability to plant and maintain tier 2 crops.","","","","","","","Skipped: out-of-scope tab Agriculture"
"SKIP","Skipped: out-of-scope tab Agriculture","Agriculture","11","Farming","2","","Crop Management III","Agriculture 20","","All","Trait","None","None","Legacy Noncombat","","","","","","Not Started","","","Grants the ability to plant and maintain tier 3 crops.","","","","","","","Skipped: out-of-scope tab Agriculture"
"SKIP","Skipped: out-of-scope tab Agriculture","Agriculture","12","Farming","2","","Crop Management IV","Agriculture 30","","All","Trait","None","None","Legacy Noncombat","","","","","","Not Started","","","Grants the ability to plant and maintain tier 4 crops.","","","","","","","Skipped: out-of-scope tab Agriculture"
"SKIP","Skipped: out-of-scope tab Agriculture","Agriculture","13","Farming","3","","Crop Management V","Agriculture 40","","All","Trait","None","None","Legacy Noncombat","","","","","","Not Started","","","Grants the ability to plant and maintain tier 5 crops.","","","","","","","Skipped: out-of-scope tab Agriculture"
"PASS","Scoped implemented","Gathering","9","General","3.0","3","Treasure Hunter I","Gathering 15","Gathering 15","All","Trait","None","None","Legacy Noncombat","","-","-","-","-","Implemented","","","Increases the chance to find rare items by 10.","Increases the chance to find rare items by 10.","TreasureHunter/Gathering/Treasure Hunter rank 1","TreasureHunterTrait","TreasureHunterTrait: no active ability definition","TreasureHunterTrait: PASS exact Bible text TLK 4105","-",""
"PASS","Scoped implemented","Gathering","10","General","3.0","3","Treasure Hunter II","Gathering 30","Gathering 30","All","Trait","None","None","Legacy Noncombat","","-","-","-","-","Implemented","","","Increases the chance to find rare items by 20.","Increases the chance to find rare items by 20.","TreasureHunter/Gathering/Treasure Hunter rank 2","","-","-","-",""
"PASS","Scoped implemented","Gathering","11","General","4.0","4","Treasure Hunter III","Gathering 45","Gathering 45","All","Trait","None","None","Legacy Noncombat","","-","-","-","-","Implemented","","","Increases the chance to find rare items by 30.","Increases the chance to find rare items by 30.","TreasureHunter/Gathering/Treasure Hunter rank 3","","-","-","-",""
"PASS","Scoped implemented","Gathering","12","General","3.0","3","Creditfinder I","Gathering 20","Gathering 20","All","Trait","None","None","Legacy Noncombat","","-","-","-","-","Implemented","","","Increases the amount of credits found by 20%.","Increases the amount of credits found by 20%.","CreditFinder/Gathering/Creditfinder rank 1","CreditFinderTrait","CreditFinderTrait: no active ability definition","CreditFinderTrait: PASS exact Bible text TLK 4106","-",""
"PASS","Scoped implemented","Gathering","13","General","3.0","3","Creditfinder II","Gathering 40","Gathering 40","All","Trait","None","None","Legacy Noncombat","","-","-","-","-","Implemented","","","Increases the amount of credits found by 40%.","Increases the amount of credits found by 40%.","CreditFinder/Gathering/Creditfinder rank 2","","-","-","-",""
"PASS","Scoped implemented","Gathering","14","General","4.0","4","Creditfinder III","Gathering 50","Gathering 50","All","Trait","None","None","Legacy Noncombat","","-","-","-","-","Implemented","","","Increases the amount of credits found by 60%.","Increases the amount of credits found by 60%.","CreditFinder/Gathering/Creditfinder rank 3","","-","-","-",""
"PASS","Scoped implemented","Gathering","16","Harvesting","1.0","1","Harvesting I","-","-","All","Trait","None","None","Legacy Noncombat","","-","-","-","-","Implemented","","","You can use tier 1 harvesters.","You can use tier 1 harvesters.","Harvesting/Gathering/Harvesting rank 1","Harvesting1","Harvesting1: no active ability definition","Harvesting1: PASS exact Bible text TLK 5243","-",""
"PASS","Scoped implemented","Gathering","17","Harvesting","1.0","1","Harvesting II","Gathering 10","Gathering 10","All","Trait","None","None","Legacy Noncombat","","-","-","-","-","Implemented","","","You can use tier 2 harvesters.","You can use tier 2 harvesters.","Harvesting/Gathering/Harvesting rank 2","Harvesting2","Harvesting2: no active ability definition","Harvesting2: PASS exact Bible text TLK 5244","-",""
"PASS","Scoped implemented","Gathering","18","Harvesting","2.0","2","Harvesting III","Gathering 20","Gathering 20","All","Trait","None","None","Legacy Noncombat","","-","-","-","-","Implemented","","","You can use tier 3 harvesters.","You can use tier 3 harvesters.","Harvesting/Gathering/Harvesting rank 3","Harvesting3","Harvesting3: no active ability definition","Harvesting3: PASS exact Bible text TLK 5245","-",""
"PASS","Scoped implemented","Gathering","19","Harvesting","3.0","3","Harvesting IV","Gathering 30","Gathering 30","All","Trait","None","None","Legacy Noncombat","","-","-","-","-","Implemented","","","You can use tier 4 harvesters.","You can use tier 4 harvesters.","Harvesting/Gathering/Harvesting rank 4","Harvesting4","Harvesting4: no active ability definition","Harvesting4: PASS exact Bible text TLK 5246","-",""
"PASS","Scoped implemented","Gathering","20","Harvesting","4","4","Harvesting V","Gathering 40","Gathering 40","All","Trait","None","None","Legacy Noncombat","","-","-","-","-","Implemented","","","You can use tier 5 harvesters.","You can use tier 5 harvesters.","Harvesting/Gathering/Harvesting rank 5","Harvesting5","Harvesting5: no active ability definition","Harvesting5: PASS exact Bible text TLK 5247","-",""
"PASS","Scoped implemented","Gathering","22","Harvesting","1.0","1","Refining I","-","-","All","Trait","None","None","Legacy Noncombat","","-","-","-","-","Implemented","","","You can refine Veldite and Tilarium.","You can refine Veldite and Tilarium.","Refining/Gathering/Refining rank 1","Refining1","Refining1: no active ability definition","Refining1: PASS exact Bible text TLK 5248","-",""
"PASS","Scoped implemented","Gathering","23","Harvesting","1.0","1","Refining II","Gathering 10","Gathering 10","All","Trait","None","None","Legacy Noncombat","","-","-","-","-","Implemented","","","You can refine Veldite, Tilarium, Scordspar, and Currian.","You can refine Veldite, Tilarium, Scordspar, and Currian.","Refining/Gathering/Refining rank 2","Refining2","Refining2: no active ability definition","Refining2: PASS exact Bible text TLK 5249","-",""
"PASS","Scoped implemented","Gathering","24","Harvesting","2.0","2","Refining III","Gathering 20","Gathering 20","All","Trait","None","None","Legacy Noncombat","","-","-","-","-","Implemented","","","You can refine Veldite, Tilarium, Scordspar, Currian, Plagionite, and Idailia.","You can refine Veldite, Tilarium, Scordspar, Currian, Plagionite, and Idailia.","Refining/Gathering/Refining rank 3","Refining3","Refining3: no active ability definition","Refining3: PASS exact Bible text TLK 5250","-",""
"PASS","Scoped implemented","Gathering","25","Harvesting","3.0","3","Refining IV","Gathering 30","Gathering 30","All","Trait","None","None","Legacy Noncombat","","-","-","-","-","Implemented","","","You can refine Veldite, Tilarium, Scordspar, Currian, Plagionite, Idailia, Keromber, and Barinium.","You can refine Veldite, Tilarium, Scordspar, Currian, Plagionite, Idailia, Keromber, and Barinium.","Refining/Gathering/Refining rank 4","Refining4","Refining4: no active ability definition","Refining4: PASS exact Bible text TLK 5251","-",""
"PASS","Scoped implemented","Gathering","26","Harvesting","4","4","Refining V","Gathering 40","Gathering 40","All","Trait","None","None","Legacy Noncombat","","-","-","-","-","Implemented","","","You can refine Veldite, Tilarium, Scordspar, Currian, Plagionite, Idailia, Keromber, Barinium, Jasioclase, and Gostian.","You can refine Veldite, Tilarium, Scordspar, Currian, Plagionite, Idailia, Keromber, Barinium, Jasioclase, and Gostian.","Refining/Gathering/Refining rank 5","Refining5","Refining5: no active ability definition","Refining5: PASS exact Bible text TLK 5252","-",""
"PASS","Scoped implemented","Gathering","28","Harvesting","1.0","1","Refinery Management I","-","-","All","Trait","None","None","Legacy Noncombat","","-","-","-","-","Implemented","","","Power cores refine one additional item.","Power cores refine one additional item.","RefineryManagement/Gathering/Refinery Management rank 1","RefineryManagement1","RefineryManagement1: no active ability definition","RefineryManagement1: PASS exact Bible text TLK 5253","-",""
"PASS","Scoped implemented","Gathering","29","Harvesting","1.0","1","Refinery Management II","Gathering 10","Gathering 10","All","Trait","None","None","Legacy Noncombat","","-","-","-","-","Implemented","","","Power cores refine two additional items.","Power cores refine two additional items.","RefineryManagement/Gathering/Refinery Management rank 2","RefineryManagement2","RefineryManagement2: no active ability definition","RefineryManagement2: PASS exact Bible text TLK 5254","-",""
"PASS","Scoped implemented","Gathering","30","Harvesting","2.0","2","Refinery Management III","Gathering 20","Gathering 20","All","Trait","None","None","Legacy Noncombat","","-","-","-","-","Implemented","","","Power cores refine three additional items.","Power cores refine three additional items.","RefineryManagement/Gathering/Refinery Management rank 3","RefineryManagement3","RefineryManagement3: no active ability definition","RefineryManagement3: PASS exact Bible text TLK 5255","-",""
"PASS","Scoped implemented","Gathering","31","Harvesting","2.0","2","Refinery Management IV","Gathering 30","Gathering 30","All","Trait","None","None","Legacy Noncombat","","-","-","-","-","Implemented","","","Power cores refine four additional items.","Power cores refine four additional items.","RefineryManagement/Gathering/Refinery Management rank 4","RefineryManagement4","RefineryManagement4: no active ability definition","RefineryManagement4: PASS exact Bible text TLK 5256","-",""
"PASS","Scoped implemented","Gathering","32","Harvesting","3","3","Refinery Management V","Gathering 40","Gathering 40","All","Trait","None","None","Legacy Noncombat","","-","-","-","-","Implemented","","","Power cores refine five additional items.","Power cores refine five additional items.","RefineryManagement/Gathering/Refinery Management rank 5","RefineryManagement5","RefineryManagement5: no active ability definition","RefineryManagement5: PASS exact Bible text TLK 5257","-",""
"PASS","Scoped implemented","Gathering","33","Harvesting","4","4","Refinery Management VI","Gathering 45","Gathering 45","All","Trait","None","None","Legacy Noncombat","","-","-","-","-","Implemented","","","Power cores refine six additional items.","Power cores refine six additional items.","RefineryManagement/Gathering/Refinery Management rank 6","RefineryManagement6","RefineryManagement6: no active ability definition","RefineryManagement6: PASS exact Bible text TLK 5258","-",""
"PASS","Scoped implemented","Gathering","35","Scavenging","1.0","1","Scavenging I","-","-","All","Trait","None","None","Legacy Noncombat","","-","-","-","-","Implemented","","","You can scavenge tier 1 resources.","You can scavenge tier 1 resources.","Scavenging/Gathering/Scavenging rank 1","Scavenging1","Scavenging1: no active ability definition","Scavenging1: PASS exact Bible text TLK 82442","-",""
"PASS","Scoped implemented","Gathering","36","Scavenging","1.0","1","Scavenging II","Gathering 10","Gathering 10","All","Trait","None","None","Legacy Noncombat","","-","-","-","-","Implemented","","","You can scavenge tier 2 resources.","You can scavenge tier 2 resources.","Scavenging/Gathering/Scavenging rank 2","Scavenging2","Scavenging2: no active ability definition","Scavenging2: PASS exact Bible text TLK 82443","-",""
"PASS","Scoped implemented","Gathering","37","Scavenging","2.0","2","Scavenging III","Gathering 20","Gathering 20","All","Trait","None","None","Legacy Noncombat","","-","-","-","-","Implemented","","","You can scavenge tier 3 resources.","You can scavenge tier 3 resources.","Scavenging/Gathering/Scavenging rank 3","Scavenging3","Scavenging3: no active ability definition","Scavenging3: PASS exact Bible text TLK 82444","-",""
"PASS","Scoped implemented","Gathering","38","Scavenging","3.0","3","Scavenging IV","Gathering 30","Gathering 30","All","Trait","None","None","Legacy Noncombat","","-","-","-","-","Implemented","","","You can scavenge tier 4 resources.","You can scavenge tier 4 resources.","Scavenging/Gathering/Scavenging rank 4","Scavenging4","Scavenging4: no active ability definition","Scavenging4: PASS exact Bible text TLK 82445","-",""
"PASS","Scoped implemented","Gathering","39","Scavenging","4","4","Scavenging V","Gathering 40","Gathering 40","All","Trait","None","None","Legacy Noncombat","","-","-","-","-","Implemented","","","You can scavenge tier 5 resources.","You can scavenge tier 5 resources.","Scavenging/Gathering/Scavenging rank 5","Scavenging5","Scavenging5: no active ability definition","Scavenging5: PASS exact Bible text TLK 82446","-",""
"PASS","Scoped implemented","Gathering","41","Scavenging","1.0","1","Hard Look I","-","-","All","Trait","None","None","Legacy Noncombat","","-","-","-","-","Implemented","","","Grants a 10% chance to search a second time at each search site.","Grants a 10% chance to search a second time at each search site.","HardLook/Gathering/Hard Look rank 1","HardLook1","HardLook1: no active ability definition","HardLook1: PASS exact Bible text TLK 82447","-",""
"PASS","Scoped implemented","Gathering","42","Scavenging","1.0","1","Hard Look II","Gathering 10","Gathering 10","All","Trait","None","None","Legacy Noncombat","","-","-","-","-","Implemented","","","Grants a 20% chance to search a second time at each search site.","Grants a 20% chance to search a second time at each search site.","HardLook/Gathering/Hard Look rank 2","HardLook2","HardLook2: no active ability definition","HardLook2: PASS exact Bible text TLK 82448","-",""
"PASS","Scoped implemented","Gathering","43","Scavenging","2.0","2","Hard Look III","Gathering 20","Gathering 20","All","Trait","None","None","Legacy Noncombat","","-","-","-","-","Implemented","","","Grants a 30% chance to search a second time at each search site.","Grants a 30% chance to search a second time at each search site.","HardLook/Gathering/Hard Look rank 3","HardLook3","HardLook3: no active ability definition","HardLook3: PASS exact Bible text TLK 82449","-",""
"PASS","Scoped implemented","Gathering","44","Scavenging","3.0","3","Hard Look IV","Gathering 30","Gathering 30","All","Trait","None","None","Legacy Noncombat","","-","-","-","-","Implemented","","","Grants a 40% chance to search a second time at each search site.","Grants a 40% chance to search a second time at each search site.","HardLook/Gathering/Hard Look rank 4","HardLook4","HardLook4: no active ability definition","HardLook4: PASS exact Bible text TLK 82450","-",""
"PASS","Scoped implemented","Gathering","45","Scavenging","3.0","3","Hard Look V","Gathering 40","Gathering 40","All","Trait","None","None","Legacy Noncombat","","-","-","-","-","Implemented","","","Grants a 50% chance to search a second time at each search site.","Grants a 50% chance to search a second time at each search site.","HardLook/Gathering/Hard Look rank 5","HardLook5","HardLook5: no active ability definition","HardLook5: PASS exact Bible text TLK 82451","-",""
"PASS","Scoped implemented","Mimicry","8","Mimicry","2.0","2","Combat Analyzer I","-","Mimicry 0","All","Trait","None","None","None","","-","-","-","-","Implemented","","Unlocks the Techniques window (/techniques) and technique learning. Individual techniques require the Mimicry ranks listed on their rows.","Grants a combat analyzer capable of recording enemy creature techniques. Unlocks technique learning and the Techniques window. Provides 2 technique slots.","Grants a combat analyzer capable of recording enemy creature techniques. Unlocks technique learning and the Techniques window. Provides 2 technique slots.","CombatAnalyzer/Mimicry/Combat Analyzer rank 1","CombatAnalyzerTrait","CombatAnalyzerTrait: no active ability definition","CombatAnalyzerTrait: PASS exact Bible text TLK 192575","-",""
"PASS","Scoped implemented","Mimicry","9","Mimicry","3.0","3","Combat Analyzer II","Mimicry 15","Mimicry 15","All","Trait","None","None","None","","-","-","-","-","Implemented","","Cumulative equipped technique potency bonus: +5%. Requires Combat Analyzer I.","Upgrades the combat analyzer, increasing equipped technique potency by 5%.","Upgrades the combat analyzer, increasing equipped technique potency by 5%.","CombatAnalyzer/Mimicry/Combat Analyzer rank 2","","-","-","-",""
"PASS","Scoped implemented","Mimicry","10","Mimicry","3.0","3","Combat Analyzer III","Mimicry 30","Mimicry 30","All","Trait","None","None","None","","-","-","-","-","Implemented","","Cumulative equipped technique potency bonus: +10%. Requires Combat Analyzer II.","Further upgrades the combat analyzer, increasing equipped technique potency by 10% in total.","Further upgrades the combat analyzer, increasing equipped technique potency by 10% in total.","CombatAnalyzer/Mimicry/Combat Analyzer rank 3","","-","-","-",""
"PASS","Scoped implemented","Mimicry","11","Mimicry","3.0","3","Combat Analyzer IV","Mimicry 45","Mimicry 45","All","Trait","None","None","None","","-","-","-","-","Implemented","","Cumulative equipped technique potency bonus: +15%. Requires Combat Analyzer III.","Maximizes the combat analyzer, increasing equipped technique potency by 15% in total.","Maximizes the combat analyzer, increasing equipped technique potency by 15% in total.","CombatAnalyzer/Mimicry/Combat Analyzer rank 4","","-","-","-",""
"PASS","Scoped implemented","Mimicry","12","Mimicry","2.0","2","Analyzer Memory I","Mimicry 10","Mimicry 10; Must Have Perk CombatAnalyzer level 1","All","Trait","None","None","None","","-","-","-","-","Implemented","","Cumulative total technique slots: 4 (2 base + 2). Requires Combat Analyzer.","Expands your combat analyzer's memory, granting 2 additional technique slots.","Expands your combat analyzer's memory, granting 2 additional technique slots.","AnalyzerMemory/Mimicry/Analyzer Memory rank 1","AnalyzerMemoryTrait","AnalyzerMemoryTrait: no active ability definition","AnalyzerMemoryTrait: PASS exact Bible text TLK 192579","-",""
"PASS","Scoped implemented","Mimicry","13","Mimicry","3.0","3","Analyzer Memory II","Mimicry 25","Mimicry 25; Must Have Perk CombatAnalyzer level 1","All","Trait","None","None","None","","-","-","-","-","Implemented","","Cumulative total technique slots: 6 (2 base + 4). Requires Combat Analyzer.","Expands your combat analyzer's memory further, granting 4 additional technique slots in total.","Expands your combat analyzer's memory further, granting 4 additional technique slots in total.","AnalyzerMemory/Mimicry/Analyzer Memory rank 2","","-","-","-",""
"PASS","Scoped implemented","Mimicry","14","Mimicry","4.0","4","Analyzer Memory III","Mimicry 40","Mimicry 40; Must Have Perk CombatAnalyzer level 1","All","Trait","None","None","None","","-","-","-","-","Implemented","","Cumulative total technique slots: 8 (2 base + 6). Requires Combat Analyzer.","Maximizes your combat analyzer's memory, granting 6 additional technique slots in total.","Maximizes your combat analyzer's memory, granting 6 additional technique slots in total.","AnalyzerMemory/Mimicry/Analyzer Memory rank 3","","-","-","-",""
"PASS","Scoped implemented","Mimicry","15","Mimicry","2.0","2","Pattern Recognition I","Mimicry 10","Mimicry 10; Must Have Perk CombatAnalyzer level 1","All","Trait","None","None","None","","-","-","-","-","Implemented","","Cumulative technique learn chance bonus: +10%. Requires Combat Analyzer.","Sharpens your ability to recognize enemy combat patterns, improving your technique learn chance by 10%.","Sharpens your ability to recognize enemy combat patterns, improving your technique learn chance by 10%.","PatternRecognition/Mimicry/Pattern Recognition rank 1","PatternRecognitionTrait","PatternRecognitionTrait: no active ability definition","PatternRecognitionTrait: PASS exact Bible text TLK 192581","-",""
"PASS","Scoped implemented","Mimicry","16","Mimicry","3.0","3","Pattern Recognition II","Mimicry 30","Mimicry 30; Must Have Perk CombatAnalyzer level 1","All","Trait","None","None","None","","-","-","-","-","Implemented","","Cumulative technique learn chance bonus: +20%. Requires Combat Analyzer.","Further sharpens your ability to recognize enemy combat patterns, improving your technique learn chance by 20% in total.","Further sharpens your ability to recognize enemy combat patterns, improving your technique learn chance by 20% in total.","PatternRecognition/Mimicry/Pattern Recognition rank 2","","-","-","-",""
"PASS","Scoped implemented","Mimicry","17","Mimicry","6.0","6","Overclocked Analyzer","Mimicry 50","Mimicry 50; Must Have Perk CombatAnalyzer level 4","All","Capstone","None","None","None","","-","10","1 second","60 seconds","Implemented","","Capstone. Grants +2 technique slots and the Overload active ability. Requires Combat Analyzer IV.","Overclocks the combat analyzer, granting 2 additional technique slots and an activated ability that briefly boosts your equipped techniques' potency and on-hit effect chance.","Overclocks the combat analyzer, granting 2 additional technique slots and an activated ability that briefly boosts your equipped techniques' potency and on-hit effect chance.","OverclockedAnalyzer/Mimicry/Overclocked Analyzer rank 1","Overload","Overload: OverclockedAnalyzerAbilityDefinition.cs name='Overclocked Analyzer' level=1 skill=Mimicry activation=Casted FP=- STM=10 cast=1 cooldown=60","Overload: PASS exact Bible text TLK 192739","Overload: PASS exact Bible text TLK 192739",""
"PASS","Scoped implemented Mimicry technique","Mimicry","19","Technique","-","-","Crippling Talons","Mimicry 4","Mimicry rank 4; slots 1","All","Trait","None","None","None","","-","-","-","-","Implemented","","Requires Mimicry rank 4. Passive trait applied while equipped; learned from creatures via the combat analyzer.","Your attacks have a 6% chance to inflict Hemorrhage.","Your attacks have a 6% chance to inflict Hemorrhage.","CripplingTalonsTechnique/CripplingTalonsTechniqueAbilityDefinition/Mimicry rank 4","CripplingTalonsTechnique","CripplingTalonsTechnique: CripplingTalonsTechniqueAbilityDefinition.cs name='Crippling Talons' level=1 skill=Mimicry activation=Invalid FP=- STM=- cast=0 cooldown=- mimicryRank=4 slots=1 trait=True stance=False","CripplingTalonsTechnique: PASS exact Bible text TLK 192603","-",""
"PASS","Scoped implemented Mimicry technique","Mimicry","20","Technique","-","-","Frost Spit","Mimicry 3","Mimicry rank 3; slots 1","All","Combat","None","None","None","","-","3.0","1.2 seconds","12 seconds","Implemented","","Requires Mimicry rank 3. Learned from creatures via the combat analyzer.","Strikes a single target, inflicting Hamstring for 30 seconds. Deals no direct damage.","Strikes a single target, inflicting Hamstring for 30 seconds. Deals no direct damage.","FrostSpitTechnique/FrostSpitTechniqueAbilityDefinition/Mimicry rank 3","FrostSpitTechnique","FrostSpitTechnique: FrostSpitTechniqueAbilityDefinition.cs name='Frost Spit' level=1 skill=Mimicry activation=Casted FP=- STM=3 cast=1.2 cooldown=12 mimicryRank=3 slots=1 trait=False stance=False","FrostSpitTechnique: PASS exact Bible text TLK 192557","FrostSpitTechnique: PASS exact Bible text TLK 192557",""
"PASS","Scoped implemented Mimicry technique","Mimicry","21","Technique","-","-","Raking Claws","Mimicry 6","Mimicry rank 6; slots 1","All","Combat","AGI","None","Combat Formula","","-","3.0","1 second","12 seconds","Implemented","","Requires Mimicry rank 6. Learned from creatures via the combat analyzer.","Deals 12 physical DMG plus AGI scaling to a single target. Inflicts Hamstring for 30 seconds.","Deals 12 physical DMG plus AGI scaling to a single target. Inflicts Hamstring for 30 seconds.","RakingClawsTechnique/RakingClawsTechniqueAbilityDefinition/Mimicry rank 6","RakingClawsTechnique","RakingClawsTechnique: RakingClawsTechniqueAbilityDefinition.cs name='Raking Claws' level=1 skill=Mimicry activation=Casted FP=- STM=3 cast=1 cooldown=12 mimicryRank=6 slots=1 trait=False stance=False","RakingClawsTechnique: PASS exact Bible text TLK 192559","RakingClawsTechnique: PASS exact Bible text TLK 192559",""
"PASS","Scoped implemented Mimicry technique","Mimicry","22","Technique","-","-","Rending Bite","Mimicry 7","Mimicry rank 7; slots 1","All","Trait","None","None","None","","-","-","-","-","Implemented","","Requires Mimicry rank 7. Passive trait applied while equipped; learned from creatures via the combat analyzer.","Your attacks have a 6% chance to inflict Bleed.","Your attacks have a 6% chance to inflict Bleed.","RendingBiteTechnique/RendingBiteTechniqueAbilityDefinition/Mimicry rank 7","RendingBiteTechnique","RendingBiteTechnique: RendingBiteTechniqueAbilityDefinition.cs name='Rending Bite' level=1 skill=Mimicry activation=Invalid FP=- STM=- cast=0 cooldown=- mimicryRank=7 slots=1 trait=True stance=False","RendingBiteTechnique: PASS exact Bible text TLK 192689","-",""
"PASS","Scoped implemented Mimicry technique","Mimicry","23","Technique","-","-","Target Lock","Mimicry 18","Mimicry rank 18; slots 1","All","Trait","None","None","None","","-","-","-","-","Implemented","","Requires Mimicry rank 18. Passive trait applied while equipped; learned from creatures via the combat analyzer.","Increases your Accuracy by 4%.","Increases your Accuracy by 4%.","TargetLockTechnique/TargetLockTechniqueAbilityDefinition/Mimicry rank 18","TargetLockTechnique","TargetLockTechnique: TargetLockTechniqueAbilityDefinition.cs name='Target Lock' level=1 skill=Mimicry activation=Invalid FP=- STM=- cast=0 cooldown=- mimicryRank=18 slots=1 trait=True stance=False","TargetLockTechnique: PASS exact Bible text TLK 192719","-",""
"PASS","Scoped implemented Mimicry technique","Mimicry","24","Technique","-","-","Toxic Spit","Mimicry 28","Mimicry rank 28; slots 1","All","Combat","PER","None","Combat Formula","","-","3.0","1 second","12 seconds","Implemented","","Requires Mimicry rank 28. Learned from creatures via the combat analyzer.","Deals 12 poison DMG plus PER scaling to a single target. Inflicts Poison for 30 seconds.","Deals 12 poison DMG plus PER scaling to a single target. Inflicts Poison for 30 seconds.","ToxicSpitTechnique/ToxicSpitTechniqueAbilityDefinition/Mimicry rank 28","ToxicSpitTechnique","ToxicSpitTechnique: ToxicSpitTechniqueAbilityDefinition.cs name='Toxic Spit' level=1 skill=Mimicry activation=Casted FP=- STM=3 cast=1 cooldown=12 mimicryRank=28 slots=1 trait=False stance=False","ToxicSpitTechnique: PASS exact Bible text TLK 192555","ToxicSpitTechnique: PASS exact Bible text TLK 192555",""
"PASS","Scoped implemented Mimicry technique","Mimicry","25","Technique","-","-","Barbed Volley","Mimicry 47","Mimicry rank 47; slots 2","All","Combat","PER","None","Combat Formula","","-","5.0","1.4 seconds","18 seconds","Implemented","","Requires Mimicry rank 47. Learned from creatures via the combat analyzer.","Deals 18 physical DMG plus PER scaling in an 8m x 5m cone. Inflicts Bleed for 30 seconds.","Deals 18 physical DMG plus PER scaling in an 8m x 5m cone. Inflicts Bleed for 30 seconds.","BarbedVolleyTechnique/BarbedVolleyTechniqueAbilityDefinition/Mimicry rank 47","BarbedVolleyTechnique","BarbedVolleyTechnique: BarbedVolleyTechniqueAbilityDefinition.cs name='Barbed Volley' level=1 skill=Mimicry activation=Casted FP=- STM=5 cast=1.4 cooldown=18 mimicryRank=47 slots=2 trait=False stance=False","BarbedVolleyTechnique: PASS exact Bible text TLK 192587","BarbedVolleyTechnique: PASS exact Bible text TLK 192587",""
"PASS","Scoped implemented Mimicry technique","Mimicry","26","Technique","-","-","Bonecrusher Bite","Mimicry 19","Mimicry rank 19; slots 2","All","Trait","None","None","None","","-","-","-","-","Implemented","","Requires Mimicry rank 19. Passive trait applied while equipped; learned from creatures via the combat analyzer.","Your attacks have a 9% chance to inflict Sunder.","Your attacks have a 9% chance to inflict Sunder.","BonecrusherBiteTechnique/BonecrusherBiteTechniqueAbilityDefinition/Mimicry rank 19","BonecrusherBiteTechnique","BonecrusherBiteTechnique: BonecrusherBiteTechniqueAbilityDefinition.cs name='Bonecrusher Bite' level=1 skill=Mimicry activation=Invalid FP=- STM=- cast=0 cooldown=- mimicryRank=19 slots=2 trait=True stance=False","BonecrusherBiteTechnique: PASS exact Bible text TLK 192591","-",""
"PASS","Scoped implemented Mimicry technique","Mimicry","27","Technique","-","-","Brutal Bash","Mimicry 29","Mimicry rank 29; slots 2","All","Combat","MGT","None","Combat Formula","","-","5.0","1 second","15 seconds","Implemented","","Requires Mimicry rank 29. Learned from creatures via the combat analyzer.","Deals 22 physical DMG plus MGT scaling to a single target. Inflicts Knockdown for 6 seconds.","Deals 22 physical DMG plus MGT scaling to a single target. Inflicts Knockdown for 6 seconds.","BrutalBashTechnique/BrutalBashTechniqueAbilityDefinition/Mimicry rank 29","BrutalBashTechnique","BrutalBashTechnique: BrutalBashTechniqueAbilityDefinition.cs name='Brutal Bash' level=1 skill=Mimicry activation=Casted FP=- STM=5 cast=1 cooldown=15 mimicryRank=29 slots=2 trait=False stance=False","BrutalBashTechnique: PASS exact Bible text TLK 192595","BrutalBashTechnique: PASS exact Bible text TLK 192595",""
"PASS","Scoped implemented Mimicry technique","Mimicry","28","Technique","-","-","Capacitor Surge","Mimicry 2","Mimicry rank 2; slots 2","All","Combat","None","None","None","","-","5.0","1.2 seconds","18 seconds","Implemented","","Requires Mimicry rank 2. Learned from creatures via the combat analyzer.","Inflicts Shock on enemies within 4m of you for 30 seconds. Deals no direct damage.","Inflicts Shock on enemies within 4m of you for 30 seconds. Deals no direct damage.","CapacitorSurgeTechnique/CapacitorSurgeTechniqueAbilityDefinition/Mimicry rank 2","CapacitorSurgeTechnique","CapacitorSurgeTechnique: CapacitorSurgeTechniqueAbilityDefinition.cs name='Capacitor Surge' level=1 skill=Mimicry activation=Casted FP=- STM=5 cast=1.2 cooldown=18 mimicryRank=2 slots=2 trait=False stance=False","CapacitorSurgeTechnique: PASS exact Bible text TLK 192597","CapacitorSurgeTechnique: PASS exact Bible text TLK 192597",""
"PASS","Scoped implemented Mimicry technique","Mimicry","29","Technique","-","-","Chitin Guard","Mimicry 20","Mimicry rank 20; slots 2","All","Trait","None","None","None","","-","-","-","-","Implemented","","Requires Mimicry rank 20. Passive trait applied while equipped; learned from creatures via the combat analyzer.","Hardens your carapace: +10% Physical Defense, +15% Force Defense, +20 Fire Resistance, and +20 Poison Resistance.","Hardens your carapace: +10% Physical Defense, +15% Force Defense, +20 Fire Resistance, and +20 Poison Resistance.","ChitinGuardTechnique/ChitinGuardTechniqueAbilityDefinition/Mimicry rank 20","ChitinGuardTechnique","ChitinGuardTechnique: ChitinGuardTechniqueAbilityDefinition.cs name='Chitin Guard' level=1 skill=Mimicry activation=Invalid FP=- STM=- cast=0 cooldown=- mimicryRank=20 slots=2 trait=True stance=False","ChitinGuardTechnique: PASS exact Bible text TLK 192599","-",""
"PASS","Scoped implemented Mimicry technique","Mimicry","30","Technique","-","-","Concussive Challenge","Mimicry 47","Mimicry rank 47; slots 2","All","Combat","None","None","None","","-","5.0","1 second","18 seconds","Implemented","","Requires Mimicry rank 47. Learned from creatures via the combat analyzer.","Inflicts Dazed on enemies within 6m of you for 15 seconds. Deals no direct damage.","Inflicts Dazed on enemies within 6m of you for 15 seconds. Deals no direct damage.","ConcussiveChallengeTechnique/ConcussiveChallengeTechniqueAbilityDefinition/Mimicry rank 47","ConcussiveChallengeTechnique","ConcussiveChallengeTechnique: ConcussiveChallengeTechniqueAbilityDefinition.cs name='Concussive Challenge' level=1 skill=Mimicry activation=Casted FP=- STM=5 cast=1 cooldown=18 mimicryRank=47 slots=2 trait=False stance=False","ConcussiveChallengeTechnique: PASS exact Bible text TLK 192601","ConcussiveChallengeTechnique: PASS exact Bible text TLK 192601",""
"PASS","Scoped implemented Mimicry technique","Mimicry","31","Technique","-","-","Force Rend","Mimicry 23","Mimicry rank 23; slots 2","All","Trait","None","None","None","","-","-","-","-","Implemented","","Requires Mimicry rank 23. Passive trait applied while equipped; learned from creatures via the combat analyzer.","Increases your Force Attack by 6%.","Increases your Force Attack by 6%.","ForceRendTechnique/ForceRendTechniqueAbilityDefinition/Mimicry rank 23","ForceRendTechnique","ForceRendTechnique: ForceRendTechniqueAbilityDefinition.cs name='Force Rend' level=1 skill=Mimicry activation=Invalid FP=- STM=- cast=0 cooldown=- mimicryRank=23 slots=2 trait=True stance=False","ForceRendTechnique: PASS exact Bible text TLK 192627","-",""
"PASS","Scoped implemented Mimicry technique","Mimicry","32","Technique","-","-","Glacial Slime","Mimicry 24","Mimicry rank 24; slots 2","All","Trait","None","None","None","","-","-","-","-","Implemented","","Requires Mimicry rank 24. Passive trait applied while equipped; learned from creatures via the combat analyzer.","Your attacks have an 18% chance to inflict Poison.","Your attacks have an 18% chance to inflict Poison.","GlacialSlimeTechnique/GlacialSlimeTechniqueAbilityDefinition/Mimicry rank 24","GlacialSlimeTechnique","GlacialSlimeTechnique: GlacialSlimeTechniqueAbilityDefinition.cs name='Glacial Slime' level=1 skill=Mimicry activation=Invalid FP=- STM=- cast=0 cooldown=- mimicryRank=24 slots=2 trait=True stance=False","GlacialSlimeTechnique: PASS exact Bible text TLK 192631","-",""
"PASS","Scoped implemented Mimicry technique","Mimicry","33","Technique","-","-","Hoarfrost Glob","Mimicry 32","Mimicry rank 32; slots 2","All","Trait","None","None","None","","-","-","-","-","Implemented","","Requires Mimicry rank 32. Passive trait applied while equipped; learned from creatures via the combat analyzer.","Your attacks have an 18% chance to inflict Freezing.","Your attacks have an 18% chance to inflict Freezing.","HoarfrostGlobTechnique/HoarfrostGlobTechniqueAbilityDefinition/Mimicry rank 32","HoarfrostGlobTechnique","HoarfrostGlobTechnique: HoarfrostGlobTechniqueAbilityDefinition.cs name='Hoarfrost Glob' level=1 skill=Mimicry activation=Invalid FP=- STM=- cast=0 cooldown=- mimicryRank=32 slots=2 trait=True stance=False","HoarfrostGlobTechnique: PASS exact Bible text TLK 192635","-",""
"PASS","Scoped implemented Mimicry technique","Mimicry","34","Technique","-","-","Ion Burst","Mimicry 36","Mimicry rank 36; slots 2","All","Combat","None","None","None","","-","5.0","1.3 seconds","18 seconds","Implemented","","Requires Mimicry rank 36. Learned from creatures via the combat analyzer.","Inflicts Disoriented on enemies in an 8m x 5m cone for 30 seconds. Deals no direct damage.","Inflicts Disoriented on enemies in an 8m x 5m cone for 30 seconds. Deals no direct damage.","IonBurstTechnique/IonBurstTechniqueAbilityDefinition/Mimicry rank 36","IonBurstTechnique","IonBurstTechnique: IonBurstTechniqueAbilityDefinition.cs name='Ion Burst' level=1 skill=Mimicry activation=Casted FP=- STM=5 cast=1.3 cooldown=18 mimicryRank=36 slots=2 trait=False stance=False","IonBurstTechnique: PASS exact Bible text TLK 192653","IonBurstTechnique: PASS exact Bible text TLK 192653",""
"PASS","Scoped implemented Mimicry technique","Mimicry","35","Technique","-","-","Iron Carapace","Mimicry 21","Mimicry rank 21; slots 2","All","Trait","None","None","None","","-","-","-","-","Implemented","","Requires Mimicry rank 21. Passive trait applied while equipped; learned from creatures via the combat analyzer.","Hardens your body: +15% Physical Defense, +10% Force Defense, +25 Trauma Resistance, +15 Fire Resistance, and +15 Poison Resistance.","Hardens your body: +15% Physical Defense, +10% Force Defense, +25 Trauma Resistance, +15 Fire Resistance, and +15 Poison Resistance.","IronCarapaceTechnique/IronCarapaceTechniqueAbilityDefinition/Mimicry rank 21","IronCarapaceTechnique","IronCarapaceTechnique: IronCarapaceTechniqueAbilityDefinition.cs name='Iron Carapace' level=1 skill=Mimicry activation=Invalid FP=- STM=- cast=0 cooldown=- mimicryRank=21 slots=2 trait=True stance=False","IronCarapaceTechnique: PASS exact Bible text TLK 192655","-",""
"PASS","Scoped implemented Mimicry technique","Mimicry","36","Technique","-","-","Mauling Bite","Mimicry 9","Mimicry rank 9; slots 2","All","Trait","None","None","None","","-","-","-","-","Implemented","","Requires Mimicry rank 9. Passive trait applied while equipped; learned from creatures via the combat analyzer.","Your attacks have a 9% chance to inflict Bleed.","Your attacks have a 9% chance to inflict Bleed.","MaulingBiteTechnique/MaulingBiteTechniqueAbilityDefinition/Mimicry rank 9","MaulingBiteTechnique","MaulingBiteTechnique: MaulingBiteTechniqueAbilityDefinition.cs name='Mauling Bite' level=1 skill=Mimicry activation=Invalid FP=- STM=- cast=0 cooldown=- mimicryRank=9 slots=2 trait=True stance=False","MaulingBiteTechnique: PASS exact Bible text TLK 192661","-",""
"PASS","Scoped implemented Mimicry technique","Mimicry","37","Technique","-","-","Mind Spike","Mimicry 25","Mimicry rank 25; slots 2","All","Trait","None","None","None","","-","-","-","-","Implemented","","Requires Mimicry rank 25. Passive trait applied while equipped; learned from creatures via the combat analyzer.","While equipped, increases your Accuracy rating by 6%. This affects attacks and ability hit checks, including Force and Mimicry, but does not add 6 percentage points directly to hit chance.","While equipped, increases your Accuracy rating by 6%. This affects attacks and ability hit checks, including Force and Mimicry, but does not add 6 percentage points directly to hit chance.","MindSpikeTechnique/MindSpikeTechniqueAbilityDefinition/Mimicry rank 25","MindSpikeTechnique","MindSpikeTechnique: MindSpikeTechniqueAbilityDefinition.cs name='Mind Spike' level=1 skill=Mimicry activation=Invalid FP=- STM=- cast=0 cooldown=- mimicryRank=25 slots=2 trait=True stance=False","MindSpikeTechnique: PASS exact Bible text TLK 192665","-",""
"PASS","Scoped implemented Mimicry technique","Mimicry","38","Technique","-","-","Overload Shot","Mimicry 17","Mimicry rank 17; slots 2","All","Trait","None","None","None","","-","-","-","-","Implemented","","Requires Mimicry rank 17. Passive trait applied while equipped; learned from creatures via the combat analyzer.","Your attacks have an 18% chance to inflict Shock.","Your attacks have an 18% chance to inflict Shock.","OverloadShotTechnique/OverloadShotTechniqueAbilityDefinition/Mimicry rank 17","OverloadShotTechnique","OverloadShotTechnique: OverloadShotTechniqueAbilityDefinition.cs name='Overload Shot' level=1 skill=Mimicry activation=Invalid FP=- STM=- cast=0 cooldown=- mimicryRank=17 slots=2 trait=True stance=False","OverloadShotTechnique: PASS exact Bible text TLK 192671","-",""
"PASS","Scoped implemented Mimicry technique","Mimicry","39","Technique","-","-","Piercing Quills","Mimicry 13","Mimicry rank 13; slots 2","All","Combat","None","None","None","","-","5.0","1.6 seconds","18 seconds","Implemented","","Requires Mimicry rank 13. Learned from creatures via the combat analyzer.","Launches quills in an 8m x 5m cone, inflicting Sunder and reducing struck enemies' Physical and Force Defense by 15% for 30 seconds. Deals no direct damage.","Launches quills in an 8m x 5m cone, inflicting Sunder and reducing struck enemies' Physical and Force Defense by 15% for 30 seconds. Deals no direct damage.","PiercingQuillsTechnique/PiercingQuillsTechniqueAbilityDefinition/Mimicry rank 13","PiercingQuillsTechnique","PiercingQuillsTechnique: PiercingQuillsTechniqueAbilityDefinition.cs name='Piercing Quills' level=1 skill=Mimicry activation=Casted FP=- STM=5 cast=1.6 cooldown=18 mimicryRank=13 slots=2 trait=False stance=False","PiercingQuillsTechnique: PASS exact Bible text TLK 192677","PiercingQuillsTechnique: PASS exact Bible text TLK 192677",""
"PASS","Scoped implemented Mimicry technique","Mimicry","40","Technique","-","-","Pouncing Strike","Mimicry 8","Mimicry rank 8; slots 2","All","Combat","MGT","None","Combat Formula","","-","5.0","1.2 seconds","15 seconds","Implemented","","Requires Mimicry rank 8. Learned from creatures via the combat analyzer.","Deals 22 physical DMG plus MGT scaling to a single target. Inflicts Knockdown for 6 seconds.","Deals 22 physical DMG plus MGT scaling to a single target. Inflicts Knockdown for 6 seconds.","PouncingStrikeTechnique/PouncingStrikeTechniqueAbilityDefinition/Mimicry rank 8","PouncingStrikeTechnique","PouncingStrikeTechnique: PouncingStrikeTechniqueAbilityDefinition.cs name='Pouncing Strike' level=1 skill=Mimicry activation=Casted FP=- STM=5 cast=1.2 cooldown=15 mimicryRank=8 slots=2 trait=False stance=False","PouncingStrikeTechnique: PASS exact Bible text TLK 192679","PouncingStrikeTechnique: PASS exact Bible text TLK 192679",""
"PASS","Scoped implemented Mimicry technique","Mimicry","41","Technique","-","-","Precision Shot","Mimicry 1","Mimicry rank 1; slots 2","All","Trait","None","None","None","","-","-","-","-","Implemented","","Requires Mimicry rank 1. Passive trait applied while equipped; learned from creatures via the combat analyzer.","Increases your Critical Rate by 6%.","Increases your Critical Rate by 6%.","PrecisionShotTechnique/PrecisionShotTechniqueAbilityDefinition/Mimicry rank 1","PrecisionShotTechnique","PrecisionShotTechnique: PrecisionShotTechniqueAbilityDefinition.cs name='Precision Shot' level=1 skill=Mimicry activation=Invalid FP=- STM=- cast=0 cooldown=- mimicryRank=1 slots=2 trait=True stance=False","PrecisionShotTechnique: PASS exact Bible text TLK 192681","-",""
"PASS","Scoped implemented Mimicry technique","Mimicry","42","Technique","-","-","Rending Carve","Mimicry 43","Mimicry rank 43; slots 2","All","Trait","None","None","None","","-","-","-","-","Implemented","","Requires Mimicry rank 43. Passive trait applied while equipped; learned from creatures via the combat analyzer.","Your attacks have a 9% chance to inflict Hemorrhage.","Your attacks have a 9% chance to inflict Hemorrhage.","RendingCarveTechnique/RendingCarveTechniqueAbilityDefinition/Mimicry rank 43","RendingCarveTechnique","RendingCarveTechnique: RendingCarveTechniqueAbilityDefinition.cs name='Rending Carve' level=1 skill=Mimicry activation=Invalid FP=- STM=- cast=0 cooldown=- mimicryRank=43 slots=2 trait=True stance=False","RendingCarveTechnique: PASS exact Bible text TLK 192691","-",""
"PASS","Scoped implemented Mimicry technique","Mimicry","43","Technique","-","-","Rime Pounce","Mimicry 34","Mimicry rank 34; slots 2","All","Trait","None","None","None","","-","-","-","-","Implemented","","Requires Mimicry rank 34. Passive trait applied while equipped; learned from creatures via the combat analyzer.","Your attacks have a 15% chance to inflict Freezing.","Your attacks have a 15% chance to inflict Freezing.","RimePounceTechnique/RimePounceTechniqueAbilityDefinition/Mimicry rank 34","RimePounceTechnique","RimePounceTechnique: RimePounceTechniqueAbilityDefinition.cs name='Rime Pounce' level=1 skill=Mimicry activation=Invalid FP=- STM=- cast=0 cooldown=- mimicryRank=34 slots=2 trait=True stance=False","RimePounceTechnique: PASS exact Bible text TLK 192693","-",""
"PASS","Scoped implemented Mimicry technique","Mimicry","44","Technique","-","-","Savage Roar","Mimicry 22","Mimicry rank 22; slots 2","All","Combat","None","None","None","","-","5.0","1 second","18 seconds","Implemented","","Requires Mimicry rank 22. Learned from creatures via the combat analyzer.","Inflicts Weakened on enemies within 6m of you for 30 seconds. Deals no direct damage.","Inflicts Weakened on enemies within 6m of you for 30 seconds. Deals no direct damage.","SavageRoarTechnique/SavageRoarTechniqueAbilityDefinition/Mimicry rank 22","SavageRoarTechnique","SavageRoarTechnique: SavageRoarTechniqueAbilityDefinition.cs name='Savage Roar' level=1 skill=Mimicry activation=Casted FP=- STM=5 cast=1 cooldown=18 mimicryRank=22 slots=2 trait=False stance=False","SavageRoarTechnique: PASS exact Bible text TLK 192697","SavageRoarTechnique: PASS exact Bible text TLK 192697",""
"PASS","Scoped implemented Mimicry technique","Mimicry","45","Technique","-","-","Serrated Slash","Mimicry 30","Mimicry rank 30; slots 2","All","Trait","None","None","None","","-","-","-","-","Implemented","","Requires Mimicry rank 30. Passive trait applied while equipped; learned from creatures via the combat analyzer.","Your attacks have a 10% chance to inflict Bleed.","Your attacks have a 10% chance to inflict Bleed.","SerratedSlashTechnique/SerratedSlashTechniqueAbilityDefinition/Mimicry rank 30","SerratedSlashTechnique","SerratedSlashTechnique: SerratedSlashTechniqueAbilityDefinition.cs name='Serrated Slash' level=1 skill=Mimicry activation=Invalid FP=- STM=- cast=0 cooldown=- mimicryRank=30 slots=2 trait=True stance=False","SerratedSlashTechnique: PASS exact Bible text TLK 192701","-",""
"PASS","Scoped implemented Mimicry technique","Mimicry","46","Technique","-","-","Sonic Shriek","-","Mimicry rank 0; slots 2","All","Combat","WIL","None","Combat Formula","","-","5.0","1.3 seconds","18 seconds","Implemented","","Requires Mimicry rank 0. Learned from creatures via the combat analyzer.","Deals 18 sonic DMG plus WIL scaling in an 8m x 5m cone. Inflicts Disoriented for 30 seconds.","Deals 18 sonic DMG plus WIL scaling in an 8m x 5m cone. Inflicts Disoriented for 30 seconds.","SonicShriekTechnique/SonicShriekTechniqueAbilityDefinition/Mimicry rank 0","SonicShriekTechnique","SonicShriekTechnique: SonicShriekTechniqueAbilityDefinition.cs name='Sonic Shriek' level=1 skill=Mimicry activation=Casted FP=- STM=5 cast=1.3 cooldown=18 mimicryRank=0 slots=2 trait=False stance=False","SonicShriekTechnique: PASS exact Bible text TLK 192561","SonicShriekTechnique: PASS exact Bible text TLK 192561",""
"PASS","Scoped implemented Mimicry technique","Mimicry","47","Technique","-","-","Static Web","Mimicry 1","Mimicry rank 1; slots 2","All","Combat","None","None","None","","-","5.0","1.4 seconds","18 seconds","Implemented","","Requires Mimicry rank 1. Learned from creatures via the combat analyzer.","Inflicts Shock on enemies within 4.5m of you for 30 seconds. Deals no direct damage.","Inflicts Shock on enemies within 4.5m of you for 30 seconds. Deals no direct damage.","StaticWebTechnique/StaticWebTechniqueAbilityDefinition/Mimicry rank 1","StaticWebTechnique","StaticWebTechnique: StaticWebTechniqueAbilityDefinition.cs name='Static Web' level=1 skill=Mimicry activation=Casted FP=- STM=5 cast=1.4 cooldown=18 mimicryRank=1 slots=2 trait=False stance=False","StaticWebTechnique: PASS exact Bible text TLK 192565","StaticWebTechnique: PASS exact Bible text TLK 192565",""
"PASS","Scoped implemented Mimicry technique","Mimicry","48","Technique","-","-","Suppressing Shot","Mimicry 1","Mimicry rank 1; slots 2","All","Combat","None","None","None","","-","5.0","1.2 seconds","18 seconds","Implemented","","Requires Mimicry rank 1. Learned from creatures via the combat analyzer.","Inflicts Dazed on enemies in a 10m x 2.5m line for 15 seconds. Deals no direct damage.","Inflicts Dazed on enemies in a 10m x 2.5m line for 15 seconds. Deals no direct damage.","SuppressingShotTechnique/SuppressingShotTechniqueAbilityDefinition/Mimicry rank 1","SuppressingShotTechnique","SuppressingShotTechnique: SuppressingShotTechniqueAbilityDefinition.cs name='Suppressing Shot' level=1 skill=Mimicry activation=Casted FP=- STM=5 cast=1.2 cooldown=18 mimicryRank=1 slots=2 trait=False stance=False","SuppressingShotTechnique: PASS exact Bible text TLK 192713","SuppressingShotTechnique: PASS exact Bible text TLK 192713",""
"PASS","Scoped implemented Mimicry technique","Mimicry","49","Technique","-","-","Tactical Mark","Mimicry 5","Mimicry rank 5; slots 2","All","Trait","None","None","None","","-","-","-","-","Implemented","","Requires Mimicry rank 5. Passive trait applied while equipped; learned from creatures via the combat analyzer.","Increases your Attack by 6%.","Increases your Attack by 6%.","TacticalMarkTechnique/TacticalMarkTechniqueAbilityDefinition/Mimicry rank 5","TacticalMarkTechnique","TacticalMarkTechnique: TacticalMarkTechniqueAbilityDefinition.cs name='Tactical Mark' level=1 skill=Mimicry activation=Invalid FP=- STM=- cast=0 cooldown=- mimicryRank=5 slots=2 trait=True stance=False","TacticalMarkTechnique: PASS exact Bible text TLK 192717","-",""
"PASS","Scoped implemented Mimicry technique","Mimicry","50","Technique","-","-","Tail Sweep","Mimicry 10","Mimicry rank 10; slots 2","All","Combat","MGT","None","Combat Formula","","-","5.0","1.4 seconds","18 seconds","Implemented","","Requires Mimicry rank 10. Learned from creatures via the combat analyzer.","Deals 18 physical DMG plus MGT scaling to enemies within 4.5m of you. Inflicts Dazed for 15 seconds.","Deals 18 physical DMG plus MGT scaling to enemies within 4.5m of you. Inflicts Dazed for 15 seconds.","TailSweepTechnique/TailSweepTechniqueAbilityDefinition/Mimicry rank 10","TailSweepTechnique","TailSweepTechnique: TailSweepTechniqueAbilityDefinition.cs name='Tail Sweep' level=1 skill=Mimicry activation=Casted FP=- STM=5 cast=1.4 cooldown=18 mimicryRank=10 slots=2 trait=False stance=False","TailSweepTechnique: PASS exact Bible text TLK 192563","TailSweepTechnique: PASS exact Bible text TLK 192563",""
"PASS","Scoped implemented Mimicry technique","Mimicry","51","Technique","-","-","Venom Spray","Mimicry 31","Mimicry rank 31; slots 2","All","Combat","PER","None","Combat Formula","","-","5.0","1.4 seconds","18 seconds","Implemented","","Requires Mimicry rank 31. Learned from creatures via the combat analyzer.","Deals 18 poison DMG plus PER scaling in an 8m x 5m cone. Inflicts Poison for 30 seconds.","Deals 18 poison DMG plus PER scaling in an 8m x 5m cone. Inflicts Poison for 30 seconds.","VenomSprayTechnique/VenomSprayTechniqueAbilityDefinition/Mimicry rank 31","VenomSprayTechnique","VenomSprayTechnique: VenomSprayTechniqueAbilityDefinition.cs name='Venom Spray' level=1 skill=Mimicry activation=Casted FP=- STM=5 cast=1.4 cooldown=18 mimicryRank=31 slots=2 trait=False stance=False","VenomSprayTechnique: PASS exact Bible text TLK 192721","VenomSprayTechnique: PASS exact Bible text TLK 192721",""
"PASS","Scoped implemented Mimicry technique","Mimicry","52","Technique","-","-","Arc Pulse","Mimicry 35","Mimicry rank 35; slots 3","All","Combat","None","None","None","","-","8.0","1.3 seconds","24 seconds","Implemented","","Requires Mimicry rank 35. Learned from creatures via the combat analyzer.","Inflicts Shock on enemies within 4.5m of you for 30 seconds. Deals no direct damage.","Inflicts Shock on enemies within 4.5m of you for 30 seconds. Deals no direct damage.","ArcPulseTechnique/ArcPulseTechniqueAbilityDefinition/Mimicry rank 35","ArcPulseTechnique","ArcPulseTechnique: ArcPulseTechniqueAbilityDefinition.cs name='Arc Pulse' level=1 skill=Mimicry activation=Casted FP=- STM=8 cast=1.3 cooldown=24 mimicryRank=35 slots=3 trait=False stance=False","ArcPulseTechnique: PASS exact Bible text TLK 192585","ArcPulseTechnique: PASS exact Bible text TLK 192585",""
"PASS","Scoped implemented Mimicry technique","Mimicry","53","Technique","-","-","Blood Frenzy Flurry","Mimicry 43","Mimicry rank 43; slots 3","All","Combat","AGI","None","Combat Formula","","-","8.0","0.8 seconds","24 seconds","Implemented","","Requires Mimicry rank 43. Learned from creatures via the combat analyzer.","Deals 28 physical DMG plus AGI scaling in a 5m x 5m cone. Inflicts Bleed for 30 seconds.","Deals 28 physical DMG plus AGI scaling in a 5m x 5m cone. Inflicts Bleed for 30 seconds.","BloodFrenzyFlurryTechnique/BloodFrenzyFlurryTechniqueAbilityDefinition/Mimicry rank 43","BloodFrenzyFlurryTechnique","BloodFrenzyFlurryTechnique: BloodFrenzyFlurryTechniqueAbilityDefinition.cs name='Blood Frenzy Flurry' level=1 skill=Mimicry activation=Casted FP=- STM=8 cast=0.8 cooldown=24 mimicryRank=43 slots=3 trait=False stance=False","BloodFrenzyFlurryTechnique: PASS exact Bible text TLK 192589","BloodFrenzyFlurryTechnique: PASS exact Bible text TLK 192589",""
"PASS","Scoped implemented Mimicry technique","Mimicry","54","Technique","-","-","Brace Breaker","Mimicry 41","Mimicry rank 41; slots 2","All","Combat","None","None","None","","-","7.0","0.8 seconds","18 seconds","Implemented","","Requires Mimicry rank 41. Learned from creatures via the combat analyzer.","Strikes a single target, inflicting Dazed for 15 seconds. Deals no direct damage.","Strikes a single target, inflicting Dazed for 15 seconds. Deals no direct damage.","BraceBreakerTechnique/BraceBreakerTechniqueAbilityDefinition/Mimicry rank 41","BraceBreakerTechnique","BraceBreakerTechnique: BraceBreakerTechniqueAbilityDefinition.cs name='Brace Breaker' level=1 skill=Mimicry activation=Casted FP=- STM=7 cast=0.8 cooldown=18 mimicryRank=41 slots=2 trait=False stance=False","BraceBreakerTechnique: PASS exact Bible text TLK 192593","BraceBreakerTechnique: PASS exact Bible text TLK 192593",""
"PASS","Scoped implemented Mimicry technique","Mimicry","55","Technique","-","-","Dark Shock","Mimicry 37","Mimicry rank 37; slots 3","All","Combat","None","None","None","","-","8.0","1.5 seconds","24 seconds","Implemented","","Requires Mimicry rank 37. Learned from creatures via the combat analyzer.","Makes separate WIL-based Mimicry hit checks against enemies within 4.5m of you. On a hit, inflicts Force Suppression for 30 seconds, reducing Attack by 10% and Force Attack by an additional 15% (25% total). Deals no direct damage.","Makes separate WIL-based Mimicry hit checks against enemies within 4.5m of you. On a hit, inflicts Force Suppression for 30 seconds, reducing Attack by 10% and Force Attack by an additional 15% (25% total). Deals no direct damage.","DarkShockTechnique/DarkShockTechniqueAbilityDefinition/Mimicry rank 37","DarkShockTechnique","DarkShockTechnique: DarkShockTechniqueAbilityDefinition.cs name='Dark Shock' level=1 skill=Mimicry activation=Casted FP=- STM=8 cast=1.5 cooldown=24 mimicryRank=37 slots=3 trait=False stance=False","DarkShockTechnique: PASS exact Bible text TLK 192609","DarkShockTechnique: PASS exact Bible text TLK 192609",""
"PASS","Scoped implemented Mimicry technique","Mimicry","56","Technique","-","-","Disorienting Screech","-","Mimicry rank 0; slots 3","All","Combat","None","None","None","","-","8.0","2 seconds","24 seconds","Implemented","","Requires Mimicry rank 0. Learned from creatures via the combat analyzer.","Inflicts Disoriented on enemies within 9m of you for 30 seconds and reduces their Accuracy by 10%. Deals no direct damage.","Inflicts Disoriented on enemies within 9m of you for 30 seconds and reduces their Accuracy by 10%. Deals no direct damage.","DisorientingScreechTechnique/DisorientingScreechTechniqueAbilityDefinition/Mimicry rank 0","DisorientingScreechTechnique","DisorientingScreechTechnique: DisorientingScreechTechniqueAbilityDefinition.cs name='Disorienting Screech' level=1 skill=Mimicry activation=Casted FP=- STM=8 cast=2 cooldown=24 mimicryRank=0 slots=3 trait=False stance=False","DisorientingScreechTechnique: PASS exact Bible text TLK 192611","DisorientingScreechTechnique: PASS exact Bible text TLK 192611",""
"PASS","Scoped implemented Mimicry technique","Mimicry","57","Technique","-","-","Dread Wave","Mimicry 38","Mimicry rank 38; slots 3","All","Combat","WIL","None","Combat Formula","","-","8.0","1.2 seconds","24 seconds","Implemented","","Requires Mimicry rank 38. Learned from creatures via the combat analyzer.","Deals 28 sonic DMG plus WIL scaling to enemies within 6m of you. Inflicts Weakened for 30 seconds.","Deals 28 sonic DMG plus WIL scaling to enemies within 6m of you. Inflicts Weakened for 30 seconds.","DreadWaveTechnique/DreadWaveTechniqueAbilityDefinition/Mimicry rank 38","DreadWaveTechnique","DreadWaveTechnique: DreadWaveTechniqueAbilityDefinition.cs name='Dread Wave' level=1 skill=Mimicry activation=Casted FP=- STM=8 cast=1.2 cooldown=24 mimicryRank=38 slots=3 trait=False stance=False","DreadWaveTechnique: PASS exact Bible text TLK 192613","DreadWaveTechnique: PASS exact Bible text TLK 192613",""
"PASS","Scoped implemented Mimicry technique","Mimicry","58","Technique","-","-","Essence Scar","Mimicry 42","Mimicry rank 42; slots 2","All","Trait","None","None","None","","-","-","-","-","Implemented","","Requires Mimicry rank 42. Passive trait applied while equipped; learned from creatures via the combat analyzer.","Increases your Force Attack by 8%.","Increases your Force Attack by 8%.","EssenceScarTechnique/EssenceScarTechniqueAbilityDefinition/Mimicry rank 42","EssenceScarTechnique","EssenceScarTechnique: EssenceScarTechniqueAbilityDefinition.cs name='Essence Scar' level=1 skill=Mimicry activation=Invalid FP=- STM=- cast=0 cooldown=- mimicryRank=42 slots=2 trait=True stance=False","EssenceScarTechnique: PASS exact Bible text TLK 192615","-",""
"PASS","Scoped implemented Mimicry technique","Mimicry","59","Technique","-","-","Force Sunder","Mimicry 47","Mimicry rank 47; slots 2","All","Trait","None","None","None","","-","-","-","-","Implemented","","Requires Mimicry rank 47. Passive trait applied while equipped; learned from creatures via the combat analyzer.","Your attacks have a 12% chance to inflict Sunder.","Your attacks have a 12% chance to inflict Sunder.","ForceSunderTechnique/ForceSunderTechniqueAbilityDefinition/Mimicry rank 47","ForceSunderTechnique","ForceSunderTechnique: ForceSunderTechniqueAbilityDefinition.cs name='Force Sunder' level=1 skill=Mimicry activation=Invalid FP=- STM=- cast=0 cooldown=- mimicryRank=47 slots=2 trait=True stance=False","ForceSunderTechnique: PASS exact Bible text TLK 192629","-",""
"PASS","Scoped implemented Mimicry technique","Mimicry","60","Technique","-","-","Goring Charge","Mimicry 14","Mimicry rank 14; slots 2","All","Combat","MGT","None","Combat Formula","","-","8.0","1.5 seconds","24 seconds","Implemented","","Requires Mimicry rank 14. Learned from creatures via the combat analyzer.","Deals 28 physical DMG plus MGT scaling in an 8m x 2.5m line. Inflicts Bleed for 30 seconds.","Deals 28 physical DMG plus MGT scaling in an 8m x 2.5m line. Inflicts Bleed for 30 seconds.","GoringChargeTechnique/GoringChargeTechniqueAbilityDefinition/Mimicry rank 14","GoringChargeTechnique","GoringChargeTechnique: GoringChargeTechniqueAbilityDefinition.cs name='Goring Charge' level=1 skill=Mimicry activation=Casted FP=- STM=8 cast=1.5 cooldown=24 mimicryRank=14 slots=2 trait=False stance=False","GoringChargeTechnique: PASS exact Bible text TLK 192567","GoringChargeTechnique: PASS exact Bible text TLK 192567",""
"PASS","Scoped implemented Mimicry technique","Mimicry","61","Technique","-","-","Grenade Burst","Mimicry 12","Mimicry rank 12; slots 3","All","Combat","PER","None","Combat Formula","","-","8.0","1.5 seconds","24 seconds","Implemented","","Requires Mimicry rank 12. Learned from creatures via the combat analyzer.","Deals 28 fire DMG plus PER scaling to enemies within 4.5m of you. Inflicts Burn for 30 seconds.","Deals 28 fire DMG plus PER scaling to enemies within 4.5m of you. Inflicts Burn for 30 seconds.","GrenadeBurstTechnique/GrenadeBurstTechniqueAbilityDefinition/Mimicry rank 12","GrenadeBurstTechnique","GrenadeBurstTechnique: GrenadeBurstTechniqueAbilityDefinition.cs name='Grenade Burst' level=1 skill=Mimicry activation=Casted FP=- STM=8 cast=1.5 cooldown=24 mimicryRank=12 slots=3 trait=False stance=False","GrenadeBurstTechnique: PASS exact Bible text TLK 192633","GrenadeBurstTechnique: PASS exact Bible text TLK 192633",""
"PASS","Scoped implemented Mimicry technique","Mimicry","62","Technique","-","-","Null Shock","Mimicry 48","Mimicry rank 48; slots 3","All","Combat","None","None","None","","-","8.0","1.5 seconds","24 seconds","Implemented","","Requires Mimicry rank 48. Learned from creatures via the combat analyzer.","Makes separate WIL-based Mimicry hit checks against enemies in a 4.5m-radius area at the target location. On a hit, inflicts Force Suppression for 30 seconds, reducing Attack by 10% and Force Attack by an additional 15% (25% total), and drains 10 FP and 10 STM. Deals no direct damage.","Makes separate WIL-based Mimicry hit checks against enemies in a 4.5m-radius area at the target location. On a hit, inflicts Force Suppression for 30 seconds, reducing Attack by 10% and Force Attack by an additional 15% (25% total), and drains 10 FP and 10 STM. Deals no direct damage.","NullShockTechnique/NullShockTechniqueAbilityDefinition/Mimicry rank 48","NullShockTechnique","NullShockTechnique: NullShockTechniqueAbilityDefinition.cs name='Null Shock' level=1 skill=Mimicry activation=Casted FP=- STM=8 cast=1.5 cooldown=24 mimicryRank=48 slots=3 trait=False stance=False","NullShockTechnique: PASS exact Bible text TLK 192667","NullShockTechnique: PASS exact Bible text TLK 192667",""
"PASS","Scoped implemented Mimicry technique","Mimicry","63","Technique","-","-","Opening Cut","Mimicry 41","Mimicry rank 41; slots 2","All","Trait","None","None","None","","-","-","-","-","Implemented","","Requires Mimicry rank 41. Passive trait applied while equipped; learned from creatures via the combat analyzer.","Your attacks have a 12% chance to inflict Bleed.","Your attacks have a 12% chance to inflict Bleed.","OpeningCutTechnique/OpeningCutTechniqueAbilityDefinition/Mimicry rank 41","OpeningCutTechnique","OpeningCutTechnique: OpeningCutTechniqueAbilityDefinition.cs name='Opening Cut' level=1 skill=Mimicry activation=Invalid FP=- STM=- cast=0 cooldown=- mimicryRank=41 slots=2 trait=True stance=False","OpeningCutTechnique: PASS exact Bible text TLK 192669","-",""
"PASS","Scoped implemented Mimicry technique","Mimicry","64","Technique","-","-","Pack Harrier","Mimicry 42","Mimicry rank 42; slots 2","All","Combat","None","None","None","","-","7.0","0.8 seconds","18 seconds","Implemented","","Requires Mimicry rank 42. Learned from creatures via the combat analyzer.","Strikes a single target, inflicting Hobble for 30 seconds. Deals no direct damage.","Strikes a single target, inflicting Hobble for 30 seconds. Deals no direct damage.","PackHarrierTechnique/PackHarrierTechniqueAbilityDefinition/Mimicry rank 42","PackHarrierTechnique","PackHarrierTechnique: PackHarrierTechniqueAbilityDefinition.cs name='Pack Harrier' level=1 skill=Mimicry activation=Casted FP=- STM=7 cast=0.8 cooldown=18 mimicryRank=42 slots=2 trait=False stance=False","PackHarrierTechnique: PASS exact Bible text TLK 192673","PackHarrierTechnique: PASS exact Bible text TLK 192673",""
"PASS","Scoped implemented Mimicry technique","Mimicry","65","Technique","-","-","Permafrost Rupture","Mimicry 39","Mimicry rank 39; slots 3","All","Combat","None","None","None","","-","8.0","2 seconds","24 seconds","Implemented","","Requires Mimicry rank 39. Learned from creatures via the combat analyzer.","Inflicts Freezing on enemies within 5.5m of you for 6 seconds. Deals no direct damage.","Inflicts Freezing on enemies within 5.5m of you for 6 seconds. Deals no direct damage.","PermafrostRuptureTechnique/PermafrostRuptureTechniqueAbilityDefinition/Mimicry rank 39","PermafrostRuptureTechnique","PermafrostRuptureTechnique: PermafrostRuptureTechniqueAbilityDefinition.cs name='Permafrost Rupture' level=1 skill=Mimicry activation=Casted FP=- STM=8 cast=2 cooldown=24 mimicryRank=39 slots=3 trait=False stance=False","PermafrostRuptureTechnique: PASS exact Bible text TLK 192675","PermafrostRuptureTechnique: PASS exact Bible text TLK 192675",""
"PASS","Scoped implemented Mimicry technique","Mimicry","66","Technique","-","-","Rally Breaker","Mimicry 42","Mimicry rank 42; slots 2","All","Combat","None","None","None","","-","7.0","0.8 seconds","18 seconds","Implemented","","Requires Mimicry rank 42. Learned from creatures via the combat analyzer.","Strikes a single target, inflicting Marked for 30 seconds. Deals no direct damage.","Strikes a single target, inflicting Marked for 30 seconds. Deals no direct damage.","RallyBreakerTechnique/RallyBreakerTechniqueAbilityDefinition/Mimicry rank 42","RallyBreakerTechnique","RallyBreakerTechnique: RallyBreakerTechniqueAbilityDefinition.cs name='Rally Breaker' level=1 skill=Mimicry activation=Casted FP=- STM=7 cast=0.8 cooldown=18 mimicryRank=42 slots=2 trait=False stance=False","RallyBreakerTechnique: PASS exact Bible text TLK 192685","RallyBreakerTechnique: PASS exact Bible text TLK 192685",""
"PASS","Scoped implemented Mimicry technique","Mimicry","67","Technique","-","-","Rangefinder Shot","Mimicry 41","Mimicry rank 41; slots 2","All","Trait","None","None","None","","-","-","-","-","Implemented","","Requires Mimicry rank 41. Passive trait applied while equipped; learned from creatures via the combat analyzer.","While equipped, increases your Accuracy rating by 8%. This affects attacks and ability hit checks, including Force and Mimicry, but does not add 8 percentage points directly to hit chance.","While equipped, increases your Accuracy rating by 8%. This affects attacks and ability hit checks, including Force and Mimicry, but does not add 8 percentage points directly to hit chance.","RangefinderShotTechnique/RangefinderShotTechniqueAbilityDefinition/Mimicry rank 41","RangefinderShotTechnique","RangefinderShotTechnique: RangefinderShotTechniqueAbilityDefinition.cs name='Rangefinder Shot' level=1 skill=Mimicry activation=Invalid FP=- STM=- cast=0 cooldown=- mimicryRank=41 slots=2 trait=True stance=False","RangefinderShotTechnique: PASS exact Bible text TLK 192687","-",""
"PASS","Scoped implemented Mimicry technique","Mimicry","68","Technique","-","-","Seismic Slam","Mimicry 27","Mimicry rank 27; slots 3","All","Combat","MGT","None","Combat Formula","","-","8.0","2 seconds","24 seconds","Implemented","","Requires Mimicry rank 27. Learned from creatures via the combat analyzer.","Deals 28 physical DMG plus MGT scaling to enemies within 6m of you and knocks them down for 6 seconds.","Deals 28 physical DMG plus MGT scaling to enemies within 6m of you and knocks them down for 6 seconds.","SeismicSlamTechnique/SeismicSlamTechniqueAbilityDefinition/Mimicry rank 27","SeismicSlamTechnique","SeismicSlamTechnique: SeismicSlamTechniqueAbilityDefinition.cs name='Seismic Slam' level=1 skill=Mimicry activation=Casted FP=- STM=8 cast=2 cooldown=24 mimicryRank=27 slots=3 trait=False stance=False","SeismicSlamTechnique: PASS exact Bible text TLK 192699","SeismicSlamTechnique: PASS exact Bible text TLK 192699",""
"PASS","Scoped implemented Mimicry technique","Mimicry","69","Technique","-","-","Shrapnel Burst","Mimicry 16","Mimicry rank 16; slots 3","All","Combat","PER","None","Combat Formula","","-","8.0","1.4 seconds","24 seconds","Implemented","","Requires Mimicry rank 16. Learned from creatures via the combat analyzer.","Deals 28 physical DMG plus PER scaling in an 8m x 5m cone. Inflicts Sunder for 30 seconds.","Deals 28 physical DMG plus PER scaling in an 8m x 5m cone. Inflicts Sunder for 30 seconds.","ShrapnelBurstTechnique/ShrapnelBurstTechniqueAbilityDefinition/Mimicry rank 16","ShrapnelBurstTechnique","ShrapnelBurstTechnique: ShrapnelBurstTechniqueAbilityDefinition.cs name='Shrapnel Burst' level=1 skill=Mimicry activation=Casted FP=- STM=8 cast=1.4 cooldown=24 mimicryRank=16 slots=3 trait=False stance=False","ShrapnelBurstTechnique: PASS exact Bible text TLK 192703","ShrapnelBurstTechnique: PASS exact Bible text TLK 192703",""
"PASS","Scoped implemented Mimicry technique","Mimicry","70","Technique","-","-","Signal Snare","Mimicry 41","Mimicry rank 41; slots 2","All","Combat","None","None","None","","-","7.0","0.8 seconds","18 seconds","Implemented","","Requires Mimicry rank 41. Learned from creatures via the combat analyzer.","Strikes a single target, inflicting Disoriented for 30 seconds. Deals no direct damage.","Strikes a single target, inflicting Disoriented for 30 seconds. Deals no direct damage.","SignalSnareTechnique/SignalSnareTechniqueAbilityDefinition/Mimicry rank 41","SignalSnareTechnique","SignalSnareTechnique: SignalSnareTechniqueAbilityDefinition.cs name='Signal Snare' level=1 skill=Mimicry activation=Casted FP=- STM=7 cast=0.8 cooldown=18 mimicryRank=41 slots=2 trait=False stance=False","SignalSnareTechnique: PASS exact Bible text TLK 192705","SignalSnareTechnique: PASS exact Bible text TLK 192705",""
"PASS","Scoped implemented Mimicry technique","Mimicry","71","Technique","-","-","Static Burst","Mimicry 43","Mimicry rank 43; slots 3","All","Combat","PER","None","Combat Formula","","-","8.0","1.4 seconds","24 seconds","Implemented","","Requires Mimicry rank 43. Learned from creatures via the combat analyzer.","Deals 28 electrical DMG plus PER scaling to enemies within 4.5m of you and inflicts Shock for 30 seconds. It then arcs to up to 2 nearby enemies, dealing 10 electrical DMG plus PER scaling and inflicting Shock for 30 seconds on each.","Deals 28 electrical DMG plus PER scaling to enemies within 4.5m of you and inflicts Shock for 30 seconds. It then arcs to up to 2 nearby enemies, dealing 10 electrical DMG plus PER scaling and inflicting Shock for 30 seconds on each.","StaticBurstTechnique/StaticBurstTechniqueAbilityDefinition/Mimicry rank 43","StaticBurstTechnique","StaticBurstTechnique: StaticBurstTechniqueAbilityDefinition.cs name='Static Burst' level=1 skill=Mimicry activation=Casted FP=- STM=8 cast=1.4 cooldown=24 mimicryRank=43 slots=3 trait=False stance=False","StaticBurstTechnique: PASS exact Bible text TLK 192709","StaticBurstTechnique: PASS exact Bible text TLK 192709",""
"PASS","Scoped implemented Mimicry technique","Mimicry","72","Technique","-","-","Stim Canister","Mimicry 43","Mimicry rank 43; slots 3","All","Combat","None","None","None","","-","8.0","1.2 seconds","45 seconds","Implemented","","Requires Mimicry rank 43. Learned from creatures via the combat analyzer.","Deploys a stim canister that grants you and allies within 4m of you +10% Attack and +10% Haste for 30 seconds.","Deploys a stim canister that grants you and allies within 4m of you +10% Attack and +10% Haste for 30 seconds.","StimCanisterTechnique/StimCanisterTechniqueAbilityDefinition/Mimicry rank 43","StimCanisterTechnique","StimCanisterTechnique: StimCanisterTechniqueAbilityDefinition.cs name='Stim Canister' level=1 skill=Mimicry activation=Casted FP=- STM=8 cast=1.2 cooldown=45 mimicryRank=43 slots=3 trait=False stance=False","StimCanisterTechnique: PASS exact Bible text TLK 192711","StimCanisterTechnique: PASS exact Bible text TLK 192711",""
"PASS","Scoped implemented Mimicry technique","Mimicry","73","Technique","-","-","Toxic Cloud","Mimicry 33","Mimicry rank 33; slots 3","All","Combat","PER","None","Combat Formula","","-","8.0","1.6 seconds","24 seconds","Implemented","","Requires Mimicry rank 33. Learned from creatures via the combat analyzer.","Deals 28 poison DMG plus PER scaling to enemies in a 4.5m-radius area at the target location. Inflicts Toxin for 30 seconds.","Deals 28 poison DMG plus PER scaling to enemies in a 4.5m-radius area at the target location. Inflicts Toxin for 30 seconds.","ToxicCloudTechnique/ToxicCloudTechniqueAbilityDefinition/Mimicry rank 33","ToxicCloudTechnique","ToxicCloudTechnique: ToxicCloudTechniqueAbilityDefinition.cs name='Toxic Cloud' level=1 skill=Mimicry activation=Casted FP=- STM=8 cast=1.6 cooldown=24 mimicryRank=33 slots=3 trait=False stance=False","ToxicCloudTechnique: PASS exact Bible text TLK 192569","ToxicCloudTechnique: PASS exact Bible text TLK 192569",""
"PASS","Scoped implemented Mimicry technique","Mimicry","74","Technique","-","-","Apex Collapse","Mimicry 50","Mimicry rank 50; slots 3","All","Stance","None","None","None","","-","-","2 seconds","30 seconds","Implemented","","Requires Mimicry rank 50. Learned from creatures via the combat analyzer.","While active, grants +25% Attack and +15% Critical Rate at the cost of -20% Physical Defense and -20% Force Defense.","While active, grants +25% Attack and +15% Critical Rate at the cost of -20% Physical Defense and -20% Force Defense.","ApexCollapseTechnique/ApexCollapseTechniqueAbilityDefinition/Mimicry rank 50","ApexCollapseTechnique","ApexCollapseTechnique: ApexCollapseTechniqueAbilityDefinition.cs name='Apex Collapse' level=1 skill=Mimicry activation=Casted FP=- STM=- cast=2 cooldown=30 mimicryRank=50 slots=3 trait=False stance=True","ApexCollapseTechnique: PASS exact Bible text TLK 192583","ApexCollapseTechnique: PASS exact Bible text TLK 192583",""
"PASS","Scoped implemented Mimicry technique","Mimicry","75","Technique","-","-","Crossfire Drill","Mimicry 45","Mimicry rank 45; slots 3","All","Combat","None","None","None","","-","10.0","1 second","30 seconds","Implemented","","Requires Mimicry rank 45. Learned from creatures via the combat analyzer.","Inflicts Suppression on enemies in a 5m x 5m cone for 30 seconds. Deals no direct damage.","Inflicts Suppression on enemies in a 5m x 5m cone for 30 seconds. Deals no direct damage.","CrossfireDrillTechnique/CrossfireDrillTechniqueAbilityDefinition/Mimicry rank 45","CrossfireDrillTechnique","CrossfireDrillTechnique: CrossfireDrillTechniqueAbilityDefinition.cs name='Crossfire Drill' level=1 skill=Mimicry activation=Casted FP=- STM=10 cast=1 cooldown=30 mimicryRank=45 slots=3 trait=False stance=False","CrossfireDrillTechnique: PASS exact Bible text TLK 192605","CrossfireDrillTechnique: PASS exact Bible text TLK 192605",""
"PASS","Scoped implemented Mimicry technique","Mimicry","76","Technique","-","-","Cryo Bile","Mimicry 40","Mimicry rank 40; slots 3","All","Combat","None","None","None","","-","10.0","1.6 seconds","30 seconds","Implemented","","Requires Mimicry rank 40. Learned from creatures via the combat analyzer.","Inflicts Freezing and Immobilized on enemies in an 8m x 5m cone for 6 seconds and generates 100 additional Enmity per target. Deals no direct damage.","Inflicts Freezing and Immobilized on enemies in an 8m x 5m cone for 6 seconds and generates 100 additional Enmity per target. Deals no direct damage.","CryoBileTechnique/CryoBileTechniqueAbilityDefinition/Mimicry rank 40","CryoBileTechnique","CryoBileTechnique: CryoBileTechniqueAbilityDefinition.cs name='Cryo Bile' level=1 skill=Mimicry activation=Casted FP=- STM=10 cast=1.6 cooldown=30 mimicryRank=40 slots=3 trait=False stance=False","CryoBileTechnique: PASS exact Bible text TLK 192607","CryoBileTechnique: PASS exact Bible text TLK 192607",""
"PASS","Scoped implemented Mimicry technique","Mimicry","77","Technique","-","-","Final Eclipse","Mimicry 50","Mimicry rank 50; slots 3","All","Combat","MGT","None","Combat Formula","","-","10.0","1.4 seconds","30 seconds","Implemented","","Requires Mimicry rank 50. Learned from creatures via the combat analyzer.","Uses Mimicry rank and MGT for its hit check. Deals 40 Force DMG plus MGT scaling in an 8m x 2.5m line, increased by 40% against Weakened targets. Force is the damage type; this remains a Mimicry ability. Inflicts Force Disruption for 30 seconds and restores 5 FP to you per hit.","Uses Mimicry rank and MGT for its hit check. Deals 40 Force DMG plus MGT scaling in an 8m x 2.5m line, increased by 40% against Weakened targets. Force is the damage type; this remains a Mimicry ability. Inflicts Force Disruption for 30 seconds and restores 5 FP to you per hit.","FinalEclipseTechnique/FinalEclipseTechniqueAbilityDefinition/Mimicry rank 50","FinalEclipseTechnique","FinalEclipseTechnique: FinalEclipseTechniqueAbilityDefinition.cs name='Final Eclipse' level=1 skill=Mimicry activation=Casted FP=- STM=10 cast=1.4 cooldown=30 mimicryRank=50 slots=3 trait=False stance=False","FinalEclipseTechnique: PASS exact Bible text TLK 192617","FinalEclipseTechnique: PASS exact Bible text TLK 192617",""
"PASS","Scoped implemented Mimicry technique","Mimicry","78","Technique","-","-","Final Line","Mimicry 49","Mimicry rank 49; slots 3","All","Combat","MGT","None","Combat Formula","","-","10.0","1.4 seconds","30 seconds","Implemented","","Requires Mimicry rank 49. Learned from creatures via the combat analyzer.","Uses Mimicry rank and MGT for its hit check. Deals 40 physical DMG plus MGT scaling in an 8m x 2.5m line and inflicts Exposed for 30 seconds. After the normal damage roll, each hit gains +0% damage at full HP, scaling smoothly up to +35% as that target nears defeat.","Uses Mimicry rank and MGT for its hit check. Deals 40 physical DMG plus MGT scaling in an 8m x 2.5m line and inflicts Exposed for 30 seconds. After the normal damage roll, each hit gains +0% damage at full HP, scaling smoothly up to +35% as that target nears defeat.","FinalLineTechnique/FinalLineTechniqueAbilityDefinition/Mimicry rank 49","FinalLineTechnique","FinalLineTechnique: FinalLineTechniqueAbilityDefinition.cs name='Final Line' level=1 skill=Mimicry activation=Casted FP=- STM=10 cast=1.4 cooldown=30 mimicryRank=49 slots=3 trait=False stance=False","FinalLineTechnique: PASS exact Bible text TLK 192619","FinalLineTechnique: PASS exact Bible text TLK 192619",""
"PASS","Scoped implemented Mimicry technique","Mimicry","79","Technique","-","-","Final Mandate","Mimicry 49","Mimicry rank 49; slots 3","All","Combat","None","None","None","","-","10.0","1 second","30 seconds","Implemented","","Requires Mimicry rank 49. Learned from creatures via the combat analyzer.","Issues a command that grants you and allies within 8m of you +15% Attack and +10% Accuracy for 30 seconds.","Issues a command that grants you and allies within 8m of you +15% Attack and +10% Accuracy for 30 seconds.","FinalMandateTechnique/FinalMandateTechniqueAbilityDefinition/Mimicry rank 49","FinalMandateTechnique","FinalMandateTechnique: FinalMandateTechniqueAbilityDefinition.cs name='Final Mandate' level=1 skill=Mimicry activation=Casted FP=- STM=10 cast=1 cooldown=30 mimicryRank=49 slots=3 trait=False stance=False","FinalMandateTechnique: PASS exact Bible text TLK 192621","FinalMandateTechnique: PASS exact Bible text TLK 192621",""
"PASS","Scoped implemented Mimicry technique","Mimicry","80","Technique","-","-","Final Suppression","Mimicry 48","Mimicry rank 48; slots 3","All","Combat","None","None","None","","-","10.0","1.4 seconds","30 seconds","Implemented","","Requires Mimicry rank 48. Learned from creatures via the combat analyzer.","Inflicts Stunned on enemies in an 8m x 2.5m line for 6 seconds. Deals no direct damage.","Inflicts Stunned on enemies in an 8m x 2.5m line for 6 seconds. Deals no direct damage.","FinalSuppressionTechnique/FinalSuppressionTechniqueAbilityDefinition/Mimicry rank 48","FinalSuppressionTechnique","FinalSuppressionTechnique: FinalSuppressionTechniqueAbilityDefinition.cs name='Final Suppression' level=1 skill=Mimicry activation=Casted FP=- STM=10 cast=1.4 cooldown=30 mimicryRank=48 slots=3 trait=False stance=False","FinalSuppressionTechnique: PASS exact Bible text TLK 192623","FinalSuppressionTechnique: PASS exact Bible text TLK 192623",""
"PASS","Scoped implemented Mimicry technique","Mimicry","81","Technique","-","-","Finishing Drive","Mimicry 48","Mimicry rank 48; slots 3","All","Combat","None","None","None","","-","10.0","Instant","30 seconds","Implemented","","Requires Mimicry rank 48. Learned from creatures via the combat analyzer.","Builds momentum, granting +8% technique damage per stack (up to 3 stacks). Momentum lasts 30 seconds.","Builds momentum, granting +8% technique damage per stack (up to 3 stacks). Momentum lasts 30 seconds.","FinishingDriveTechnique/FinishingDriveTechniqueAbilityDefinition/Mimicry rank 48","FinishingDriveTechnique","FinishingDriveTechnique: FinishingDriveTechniqueAbilityDefinition.cs name='Finishing Drive' level=1 skill=Mimicry activation=Casted FP=- STM=10 cast=0 cooldown=30 mimicryRank=48 slots=3 trait=False stance=False","FinishingDriveTechnique: PASS exact Bible text TLK 192625","FinishingDriveTechnique: PASS exact Bible text TLK 192625",""
"PASS","Scoped implemented Mimicry technique","Mimicry","82","Technique","-","-","Holdfast Slam","Mimicry 44","Mimicry rank 44; slots 3","All","Combat","None","None","None","","-","9.0","1.3 seconds","24 seconds","Implemented","","Requires Mimicry rank 44. Learned from creatures via the combat analyzer.","Strikes a single target, inflicting Sunder and Exposed for 30 seconds, generating 100 additional enmity. Deals no direct damage.","Strikes a single target, inflicting Sunder and Exposed for 30 seconds, generating 100 additional enmity. Deals no direct damage.","HoldfastSlamTechnique/HoldfastSlamTechniqueAbilityDefinition/Mimicry rank 44","HoldfastSlamTechnique","HoldfastSlamTechnique: HoldfastSlamTechniqueAbilityDefinition.cs name='Holdfast Slam' level=1 skill=Mimicry activation=Casted FP=- STM=9 cast=1.3 cooldown=24 mimicryRank=44 slots=3 trait=False stance=False","HoldfastSlamTechnique: PASS exact Bible text TLK 192637","HoldfastSlamTechnique: PASS exact Bible text TLK 192637",""
"PASS","Scoped implemented Mimicry technique","Mimicry","83","Technique","-","-","Inferno Blast","Mimicry 15","Mimicry rank 15; slots 3","All","Combat","MGT","None","Combat Formula","","-","10.0","2.5 seconds","30 seconds","Implemented","","Requires Mimicry rank 15. Learned from creatures via the combat analyzer.","Deals 40 fire DMG plus MGT scaling in a 10m x 7m cone, increased by 50% against targets already suffering Burn. Inflicts Burn for 30 seconds.","Deals 40 fire DMG plus MGT scaling in a 10m x 7m cone, increased by 50% against targets already suffering Burn. Inflicts Burn for 30 seconds.","InfernoBlastTechnique/InfernoBlastTechniqueAbilityDefinition/Mimicry rank 15","InfernoBlastTechnique","InfernoBlastTechnique: InfernoBlastTechniqueAbilityDefinition.cs name='Inferno Blast' level=1 skill=Mimicry activation=Casted FP=- STM=10 cast=2.5 cooldown=30 mimicryRank=15 slots=3 trait=False stance=False","InfernoBlastTechnique: PASS exact Bible text TLK 192639","InfernoBlastTechnique: PASS exact Bible text TLK 192639",""
"PASS","Scoped implemented Mimicry technique","Mimicry","84","Technique","-","-","Inner Circle Bind","Mimicry 44","Mimicry rank 44; slots 3","All","Combat","None","None","None","","-","9.0","1.3 seconds","24 seconds","Implemented","","Requires Mimicry rank 44. Learned from creatures via the combat analyzer.","Strikes a single target, inflicting Weapon Jam and Immobilized for 15 seconds, interrupting their current action. Deals no direct damage.","Strikes a single target, inflicting Weapon Jam and Immobilized for 15 seconds, interrupting their current action. Deals no direct damage.","InnerCircleBindTechnique/InnerCircleBindTechniqueAbilityDefinition/Mimicry rank 44","InnerCircleBindTechnique","InnerCircleBindTechnique: InnerCircleBindTechniqueAbilityDefinition.cs name='Inner Circle Bind' level=1 skill=Mimicry activation=Casted FP=- STM=9 cast=1.3 cooldown=24 mimicryRank=44 slots=3 trait=False stance=False","InnerCircleBindTechnique: PASS exact Bible text TLK 192641","InnerCircleBindTechnique: PASS exact Bible text TLK 192641",""
"PASS","Scoped implemented Mimicry technique","Mimicry","85","Technique","-","-","Inner Circle Pounce","Mimicry 46","Mimicry rank 46; slots 3","All","Combat","SOC","None","Combat Formula","","-","9.0","1.3 seconds","24 seconds","Implemented","","Requires Mimicry rank 46. Learned from creatures via the combat analyzer.","Deals 48 physical DMG plus SOC scaling to a single target. Inflicts Exposed for 30 seconds, with +25% critical chance.","Deals 48 physical DMG plus SOC scaling to a single target. Inflicts Exposed for 30 seconds, with +25% critical chance.","InnerCirclePounceTechnique/InnerCirclePounceTechniqueAbilityDefinition/Mimicry rank 46","InnerCirclePounceTechnique","InnerCirclePounceTechnique: InnerCirclePounceTechniqueAbilityDefinition.cs name='Inner Circle Pounce' level=1 skill=Mimicry activation=Casted FP=- STM=9 cast=1.3 cooldown=24 mimicryRank=46 slots=3 trait=False stance=False","InnerCirclePounceTechnique: PASS exact Bible text TLK 192643","InnerCirclePounceTechnique: PASS exact Bible text TLK 192643",""
"PASS","Scoped implemented Mimicry technique","Mimicry","86","Technique","-","-","Inner Circle Surge","Mimicry 45","Mimicry rank 45; slots 3","All","Combat","SOC","None","Combat Formula","","-","9.0","1.3 seconds","24 seconds","Implemented","","Requires Mimicry rank 45. Learned from creatures via the combat analyzer.","Deals 48 electrical DMG plus SOC scaling to a single target, increased by 50% if it is suffering Shock. Inflicts Exposed for 30 seconds, then arcs to up to 3 enemies within 6m of the target for 16 electrical DMG plus SOC scaling and Shock for 30 seconds each.","Deals 48 electrical DMG plus SOC scaling to a single target, increased by 50% if it is suffering Shock. Inflicts Exposed for 30 seconds, then arcs to up to 3 enemies within 6m of the target for 16 electrical DMG plus SOC scaling and Shock for 30 seconds each.","InnerCircleSurgeTechnique/InnerCircleSurgeTechniqueAbilityDefinition/Mimicry rank 45","InnerCircleSurgeTechnique","InnerCircleSurgeTechnique: InnerCircleSurgeTechniqueAbilityDefinition.cs name='Inner Circle Surge' level=1 skill=Mimicry activation=Casted FP=- STM=9 cast=1.3 cooldown=24 mimicryRank=45 slots=3 trait=False stance=False","InnerCircleSurgeTechnique: PASS exact Bible text TLK 192645","InnerCircleSurgeTechnique: PASS exact Bible text TLK 192645",""
"PASS","Scoped implemented Mimicry technique","Mimicry","87","Technique","-","-","Inner Circle Volley","Mimicry 45","Mimicry rank 45; slots 3","All","Combat","SOC","None","Combat Formula","","-","9.0","1.3 seconds","24 seconds","Implemented","","Requires Mimicry rank 45. Learned from creatures via the combat analyzer.","Deals 48 sonic DMG plus SOC scaling to a single target, increased by 50% if it is Dazed or Disoriented. Inflicts Disoriented for 30 seconds.","Deals 48 sonic DMG plus SOC scaling to a single target, increased by 50% if it is Dazed or Disoriented. Inflicts Disoriented for 30 seconds.","InnerCircleVolleyTechnique/InnerCircleVolleyTechniqueAbilityDefinition/Mimicry rank 45","InnerCircleVolleyTechnique","InnerCircleVolleyTechnique: InnerCircleVolleyTechniqueAbilityDefinition.cs name='Inner Circle Volley' level=1 skill=Mimicry activation=Casted FP=- STM=9 cast=1.3 cooldown=24 mimicryRank=45 slots=3 trait=False stance=False","InnerCircleVolleyTechnique: PASS exact Bible text TLK 192647","InnerCircleVolleyTechnique: PASS exact Bible text TLK 192647",""
"PASS","Scoped implemented Mimicry technique","Mimicry","88","Technique","-","-","Inner Ring Flurry","Mimicry 44","Mimicry rank 44; slots 3","All","Combat","None","None","None","","-","9.0","1.3 seconds","24 seconds","Implemented","","Requires Mimicry rank 44. Learned from creatures via the combat analyzer.","Strikes a single target, inflicting Bleed for 30 seconds and restoring 4 STM to you. Deals no direct damage.","Strikes a single target, inflicting Bleed for 30 seconds and restoring 4 STM to you. Deals no direct damage.","InnerRingFlurryTechnique/InnerRingFlurryTechniqueAbilityDefinition/Mimicry rank 44","InnerRingFlurryTechnique","InnerRingFlurryTechnique: InnerRingFlurryTechniqueAbilityDefinition.cs name='Inner Ring Flurry' level=1 skill=Mimicry activation=Casted FP=- STM=9 cast=1.3 cooldown=24 mimicryRank=44 slots=3 trait=False stance=False","InnerRingFlurryTechnique: PASS exact Bible text TLK 192649","InnerRingFlurryTechnique: PASS exact Bible text TLK 192649",""
"PASS","Scoped implemented Mimicry technique","Mimicry","89","Technique","-","-","Inner Void","Mimicry 46","Mimicry rank 46; slots 3","All","Combat","WIL","None","Combat Formula","","-","9.0","1.3 seconds","24 seconds","Implemented","","Requires Mimicry rank 46. Learned from creatures via the combat analyzer.","Deals 48 force DMG plus WIL scaling to a single target. Inflicts Weakened for 30 seconds, restoring 5 FP to you per hit.","Deals 48 force DMG plus WIL scaling to a single target. Inflicts Weakened for 30 seconds, restoring 5 FP to you per hit.","InnerVoidTechnique/InnerVoidTechniqueAbilityDefinition/Mimicry rank 46","InnerVoidTechnique","InnerVoidTechnique: InnerVoidTechniqueAbilityDefinition.cs name='Inner Void' level=1 skill=Mimicry activation=Casted FP=- STM=9 cast=1.3 cooldown=24 mimicryRank=46 slots=3 trait=False stance=False","InnerVoidTechnique: PASS exact Bible text TLK 192651","InnerVoidTechnique: PASS exact Bible text TLK 192651",""
"PASS","Scoped implemented Mimicry technique","Mimicry","90","Technique","-","-","Last Bastion","Mimicry 47","Mimicry rank 47; slots 3","All","Combat","None","None","None","","-","10.0","1 second","30 seconds","Implemented","","Requires Mimicry rank 47. Learned from creatures via the combat analyzer.","Anchors a defensive line, granting allies within 8m of you a shield that absorbs 30 damage for 30 seconds; enemies within 8m generate +25% Enmity toward you for 30 seconds. Deals no direct damage.","Anchors a defensive line, granting allies within 8m of you a shield that absorbs 30 damage for 30 seconds; enemies within 8m generate +25% Enmity toward you for 30 seconds. Deals no direct damage.","LastBastionTechnique/LastBastionTechniqueAbilityDefinition/Mimicry rank 47","LastBastionTechnique","LastBastionTechnique: LastBastionTechniqueAbilityDefinition.cs name='Last Bastion' level=1 skill=Mimicry activation=Casted FP=- STM=10 cast=1 cooldown=30 mimicryRank=47 slots=3 trait=False stance=False","LastBastionTechnique: PASS exact Bible text TLK 192657","LastBastionTechnique: PASS exact Bible text TLK 192657",""
"PASS","Scoped implemented Mimicry technique","Mimicry","91","Technique","-","-","Lockstep Crush","Mimicry 43","Mimicry rank 43; slots 3","All","Combat","AGI","None","Combat Formula","","-","10.0","1 second","30 seconds","Implemented","","Requires Mimicry rank 43. Learned from creatures via the combat analyzer.","Deals 40 physical DMG plus AGI scaling in a 5m x 5m cone. Inflicts Knockdown for 6 seconds and Sunder for 30 seconds.","Deals 40 physical DMG plus AGI scaling in a 5m x 5m cone. Inflicts Knockdown for 6 seconds and Sunder for 30 seconds.","LockstepCrushTechnique/LockstepCrushTechniqueAbilityDefinition/Mimicry rank 43","LockstepCrushTechnique","LockstepCrushTechnique: LockstepCrushTechniqueAbilityDefinition.cs name='Lockstep Crush' level=1 skill=Mimicry activation=Casted FP=- STM=10 cast=1 cooldown=30 mimicryRank=43 slots=3 trait=False stance=False","LockstepCrushTechnique: PASS exact Bible text TLK 192659","LockstepCrushTechnique: PASS exact Bible text TLK 192659",""
"PASS","Scoped implemented Mimicry technique","Mimicry","92","Technique","-","-","Merciless Angle","Mimicry 44","Mimicry rank 44; slots 3","All","Combat","SOC","None","Combat Formula","","-","10.0","1 second","30 seconds","Implemented","","Requires Mimicry rank 44. Learned from creatures via the combat analyzer.","Deals 40 physical DMG plus SOC scaling in a 5m x 5m cone, increased by 50% against targets already suffering Bleed or Hemorrhage. Afflicted targets consume those effects to take another 40 physical DMG plus SOC scaling; other targets instead gain Hemorrhage for 30 seconds.","Deals 40 physical DMG plus SOC scaling in a 5m x 5m cone, increased by 50% against targets already suffering Bleed or Hemorrhage. Afflicted targets consume those effects to take another 40 physical DMG plus SOC scaling; other targets instead gain Hemorrhage for 30 seconds.","MercilessAngleTechnique/MercilessAngleTechniqueAbilityDefinition/Mimicry rank 44","MercilessAngleTechnique","MercilessAngleTechnique: MercilessAngleTechniqueAbilityDefinition.cs name='Merciless Angle' level=1 skill=Mimicry activation=Casted FP=- STM=10 cast=1 cooldown=30 mimicryRank=44 slots=3 trait=False stance=False","MercilessAngleTechnique: PASS exact Bible text TLK 192663","MercilessAngleTechnique: PASS exact Bible text TLK 192663",""
"PASS","Scoped implemented Mimicry technique","Mimicry","93","Technique","-","-","Pressure Lock","Mimicry 44","Mimicry rank 44; slots 3","All","Combat","None","None","None","","-","10.0","1 second","30 seconds","Implemented","","Requires Mimicry rank 44. Learned from creatures via the combat analyzer.","Inflicts Immobilized on enemies in a 5m x 5m cone for 15 seconds. Deals no direct damage.","Inflicts Immobilized on enemies in a 5m x 5m cone for 15 seconds. Deals no direct damage.","PressureLockTechnique/PressureLockTechniqueAbilityDefinition/Mimicry rank 44","PressureLockTechnique","PressureLockTechnique: PressureLockTechniqueAbilityDefinition.cs name='Pressure Lock' level=1 skill=Mimicry activation=Casted FP=- STM=10 cast=1 cooldown=30 mimicryRank=44 slots=3 trait=False stance=False","PressureLockTechnique: PASS exact Bible text TLK 192683","PressureLockTechnique: PASS exact Bible text TLK 192683",""
"PASS","Scoped implemented Mimicry technique","Mimicry","94","Technique","-","-","Rupturing Quake","Mimicry 26","Mimicry rank 26; slots 3","All","Combat","MGT","None","Combat Formula","","-","10.0","3 seconds","30 seconds","Implemented","","Requires Mimicry rank 26. Learned from creatures via the combat analyzer.","Deals 40 physical DMG plus MGT scaling to enemies within 9m of you. Inflicts Knockdown for 6 seconds and Sunder for 30 seconds.","Deals 40 physical DMG plus MGT scaling to enemies within 9m of you. Inflicts Knockdown for 6 seconds and Sunder for 30 seconds.","RupturingQuakeTechnique/RupturingQuakeTechniqueAbilityDefinition/Mimicry rank 26","RupturingQuakeTechnique","RupturingQuakeTechnique: RupturingQuakeTechniqueAbilityDefinition.cs name='Rupturing Quake' level=1 skill=Mimicry activation=Casted FP=- STM=10 cast=3 cooldown=30 mimicryRank=26 slots=3 trait=False stance=False","RupturingQuakeTechnique: PASS exact Bible text TLK 192695","RupturingQuakeTechnique: PASS exact Bible text TLK 192695",""
"PASS","Scoped implemented Mimicry technique","Mimicry","95","Technique","-","-","Scorching Breath","Mimicry 50","Mimicry rank 50; slots 3","All","Combat","MGT","None","Combat Formula","","-","10.0","1.5 seconds","30 seconds","Implemented","","Requires Mimicry rank 50. Learned from creatures via the combat analyzer.","Deals 40 fire DMG plus MGT scaling in an 8m x 5m cone. Inflicts Burn and Weakened for 30 seconds.","Deals 40 fire DMG plus MGT scaling in an 8m x 5m cone. Inflicts Burn and Weakened for 30 seconds.","ScorchingBreathTechnique/ScorchingBreathTechniqueAbilityDefinition/Mimicry rank 50","ScorchingBreathTechnique","ScorchingBreathTechnique: ScorchingBreathTechniqueAbilityDefinition.cs name='Scorching Breath' level=1 skill=Mimicry activation=Casted FP=- STM=10 cast=1.5 cooldown=30 mimicryRank=50 slots=3 trait=False stance=False","ScorchingBreathTechnique: PASS exact Bible text TLK 192571","ScorchingBreathTechnique: PASS exact Bible text TLK 192571",""
"PASS","Scoped implemented Mimicry technique","Mimicry","96","Technique","-","-","Snap Rush","Mimicry 46","Mimicry rank 46; slots 3","All","Combat","None","None","None","","-","10.0","Instant","30 seconds","Implemented","","Requires Mimicry rank 46. Learned from creatures via the combat analyzer.","A burst of speed that restores 6 STM and grants +15% Haste for 15 seconds.","A burst of speed that restores 6 STM and grants +15% Haste for 15 seconds.","SnapRushTechnique/SnapRushTechniqueAbilityDefinition/Mimicry rank 46","SnapRushTechnique","SnapRushTechnique: SnapRushTechniqueAbilityDefinition.cs name='Snap Rush' level=1 skill=Mimicry activation=Casted FP=- STM=10 cast=0 cooldown=30 mimicryRank=46 slots=3 trait=False stance=False","SnapRushTechnique: PASS exact Bible text TLK 192707","SnapRushTechnique: PASS exact Bible text TLK 192707",""
"PASS","Scoped implemented Mimicry technique","Mimicry","97","Technique","-","-","Sustain Burn","Mimicry 45","Mimicry rank 45; slots 3","All","Stance","None","None","None","","-","-","2 seconds","30 seconds","Implemented","","Requires Mimicry rank 45. Learned from creatures via the combat analyzer.","While active, your attacks inflict Poison for 30 seconds, dealing poison damage every 6 seconds.","While active, your attacks inflict Poison for 30 seconds, dealing poison damage every 6 seconds.","SustainBurnTechnique/SustainBurnTechniqueAbilityDefinition/Mimicry rank 45","SustainBurnTechnique","SustainBurnTechnique: SustainBurnTechniqueAbilityDefinition.cs name='Sustain Burn' level=1 skill=Mimicry activation=Casted FP=- STM=- cast=2 cooldown=30 mimicryRank=45 slots=3 trait=False stance=True","SustainBurnTechnique: PASS exact Bible text TLK 192715","SustainBurnTechnique: PASS exact Bible text TLK 192715",""
"PASS","Scoped implemented Mimicry technique","Mimicry","98","Technique","-","-","Terrifying Bellow","Mimicry 11","Mimicry rank 11; slots 3","All","Combat","None","None","None","","-","10.0","1 second","30 seconds","Implemented","","Requires Mimicry rank 11. Learned from creatures via the combat analyzer.","Inflicts Dazed on enemies within 6m of you for 15 seconds and interrupts their current actions. Deals no direct damage.","Inflicts Dazed on enemies within 6m of you for 15 seconds and interrupts their current actions. Deals no direct damage.","TerrifyingBellowTechnique/TerrifyingBellowTechniqueAbilityDefinition/Mimicry rank 11","TerrifyingBellowTechnique","TerrifyingBellowTechnique: TerrifyingBellowTechniqueAbilityDefinition.cs name='Terrifying Bellow' level=1 skill=Mimicry activation=Casted FP=- STM=10 cast=1 cooldown=30 mimicryRank=11 slots=3 trait=False stance=False","TerrifyingBellowTechnique: PASS exact Bible text TLK 192573","TerrifyingBellowTechnique: PASS exact Bible text TLK 192573",""
"PASS","Scoped implemented Mimicry technique","Mimicry","99","Technique","-","-","Warden Clamp","Mimicry 48","Mimicry rank 48; slots 3","All","Combat","None","None","None","","-","10.0","1.1 seconds","30 seconds","Implemented","","Requires Mimicry rank 48. Learned from creatures via the combat analyzer.","Inflicts Dazed on enemies within 5.5m of you for 15 seconds and generates 75 additional Enmity per target. Deals no direct damage.","Inflicts Dazed on enemies within 5.5m of you for 15 seconds and generates 75 additional Enmity per target. Deals no direct damage.","WardenClampTechnique/WardenClampTechniqueAbilityDefinition/Mimicry rank 48","WardenClampTechnique","WardenClampTechnique: WardenClampTechniqueAbilityDefinition.cs name='Warden Clamp' level=1 skill=Mimicry activation=Casted FP=- STM=10 cast=1.1 cooldown=30 mimicryRank=48 slots=3 trait=False stance=False","WardenClampTechnique: PASS exact Bible text TLK 192723","WardenClampTechnique: PASS exact Bible text TLK 192723",""
"PASS","Scoped implemented Mimicry technique","Mimicry","100","Technique","-","-","Warden Mark","Mimicry 49","Mimicry rank 49; slots 3","All","Combat","None","None","None","","-","10.0","1.1 seconds","30 seconds","Implemented","","Requires Mimicry rank 49. Learned from creatures via the combat analyzer.","Inflicts Marked on enemies within 5.5m of you for 30 seconds and generates 75 additional Enmity per target. Deals no direct damage.","Inflicts Marked on enemies within 5.5m of you for 30 seconds and generates 75 additional Enmity per target. Deals no direct damage.","WardenMarkTechnique/WardenMarkTechniqueAbilityDefinition/Mimicry rank 49","WardenMarkTechnique","WardenMarkTechnique: WardenMarkTechniqueAbilityDefinition.cs name='Warden Mark' level=1 skill=Mimicry activation=Casted FP=- STM=10 cast=1.1 cooldown=30 mimicryRank=49 slots=3 trait=False stance=False","WardenMarkTechnique: PASS exact Bible text TLK 192725","WardenMarkTechnique: PASS exact Bible text TLK 192725",""
"PASS","Scoped implemented Mimicry technique","Mimicry","101","Technique","-","-","Warden Maul","Mimicry 50","Mimicry rank 50; slots 3","All","Combat","None","None","None","","-","10.0","1.1 seconds","30 seconds","Implemented","","Requires Mimicry rank 50. Learned from creatures via the combat analyzer.","Knocks down enemies within 5.5m of you for 6 seconds, pulls them to you, and generates 100 additional Enmity per target. Deals no direct damage.","Knocks down enemies within 5.5m of you for 6 seconds, pulls them to you, and generates 100 additional Enmity per target. Deals no direct damage.","WardenMaulTechnique/WardenMaulTechniqueAbilityDefinition/Mimicry rank 50","WardenMaulTechnique","WardenMaulTechnique: WardenMaulTechniqueAbilityDefinition.cs name='Warden Maul' level=1 skill=Mimicry activation=Casted FP=- STM=10 cast=1.1 cooldown=30 mimicryRank=50 slots=3 trait=False stance=False","WardenMaulTechnique: PASS exact Bible text TLK 192727","WardenMaulTechnique: PASS exact Bible text TLK 192727",""
"PASS","Scoped implemented Mimicry technique","Mimicry","102","Technique","-","-","Warden Order","Mimicry 49","Mimicry rank 49; slots 3","All","Combat","None","None","None","","-","10.0","1 second","30 seconds","Implemented","","Requires Mimicry rank 49. Learned from creatures via the combat analyzer.","Sounds a restorative order, healing you and allies within 5.5m of you for 15% of maximum HP.","Sounds a restorative order, healing you and allies within 5.5m of you for 15% of maximum HP.","WardenOrderTechnique/WardenOrderTechniqueAbilityDefinition/Mimicry rank 49","WardenOrderTechnique","WardenOrderTechnique: WardenOrderTechniqueAbilityDefinition.cs name='Warden Order' level=1 skill=Mimicry activation=Casted FP=- STM=10 cast=1 cooldown=30 mimicryRank=49 slots=3 trait=False stance=False","WardenOrderTechnique: PASS exact Bible text TLK 192729","WardenOrderTechnique: PASS exact Bible text TLK 192729",""
"PASS","Scoped implemented Mimicry technique","Mimicry","103","Technique","-","-","Warden Rend","Mimicry 49","Mimicry rank 49; slots 3","All","Combat","None","None","None","","-","10.0","1.1 seconds","30 seconds","Implemented","","Requires Mimicry rank 49. Learned from creatures via the combat analyzer.","Inflicts Weakened on enemies within 5.5m of you for 30 seconds, restores 4 FP to you per hit, and generates 75 additional Enmity per target. Deals no direct damage.","Inflicts Weakened on enemies within 5.5m of you for 30 seconds, restores 4 FP to you per hit, and generates 75 additional Enmity per target. Deals no direct damage.","WardenRendTechnique/WardenRendTechniqueAbilityDefinition/Mimicry rank 49","WardenRendTechnique","WardenRendTechnique: WardenRendTechniqueAbilityDefinition.cs name='Warden Rend' level=1 skill=Mimicry activation=Casted FP=- STM=10 cast=1.1 cooldown=30 mimicryRank=49 slots=3 trait=False stance=False","WardenRendTechnique: PASS exact Bible text TLK 192731","WardenRendTechnique: PASS exact Bible text TLK 192731",""
"PASS","Scoped implemented Mimicry technique","Mimicry","104","Technique","-","-","Warden Sweep","Mimicry 48","Mimicry rank 48; slots 3","All","Combat","None","None","None","","-","10.0","Instant","30 seconds","Implemented","","Requires Mimicry rank 48. Learned from creatures via the combat analyzer.","Takes a retaliatory guard for 30 seconds, reflecting 20% of physical damage dealt to you back at the attacker.","Takes a retaliatory guard for 30 seconds, reflecting 20% of physical damage dealt to you back at the attacker.","WardenSweepTechnique/WardenSweepTechniqueAbilityDefinition/Mimicry rank 48","WardenSweepTechnique","WardenSweepTechnique: WardenSweepTechniqueAbilityDefinition.cs name='Warden Sweep' level=1 skill=Mimicry activation=Casted FP=- STM=10 cast=0 cooldown=30 mimicryRank=48 slots=3 trait=False stance=False","WardenSweepTechnique: PASS exact Bible text TLK 192733","WardenSweepTechnique: PASS exact Bible text TLK 192733",""
"PASS","Scoped implemented Mimicry technique","Mimicry","105","Technique","-","-","Warden Wall","Mimicry 47","Mimicry rank 47; slots 3","All","Stance","None","None","None","","-","-","2 seconds","30 seconds","Implemented","","Requires Mimicry rank 47. Learned from creatures via the combat analyzer.","While active, you and allies within 10m gain +20% Defense and +20% Force Defense.","While active, you and allies within 10m gain +20% Defense and +20% Force Defense.","WardenWallTechnique/WardenWallTechniqueAbilityDefinition/Mimicry rank 47","WardenWallTechnique","WardenWallTechnique: WardenWallTechniqueAbilityDefinition.cs name='Warden Wall' level=1 skill=Mimicry activation=Casted FP=- STM=- cast=2 cooldown=30 mimicryRank=47 slots=3 trait=False stance=True","WardenWallTechnique: PASS exact Bible text TLK 192735","WardenWallTechnique: PASS exact Bible text TLK 192735",""
"PASS","Scoped implemented Mimicry technique","Mimicry","106","Technique","-","-","Will Fracture","Mimicry 46","Mimicry rank 46; slots 3","All","Combat","None","None","None","","-","10.0","1 second","30 seconds","Implemented","","Requires Mimicry rank 46. Learned from creatures via the combat analyzer.","Inflicts Foggy Mind on enemies in a 5m x 5m cone for 30 seconds and restores 4 FP to you per hit. Deals no direct damage.","Inflicts Foggy Mind on enemies in a 5m x 5m cone for 30 seconds and restores 4 FP to you per hit. Deals no direct damage.","WillFractureTechnique/WillFractureTechniqueAbilityDefinition/Mimicry rank 46","WillFractureTechnique","WillFractureTechnique: WillFractureTechniqueAbilityDefinition.cs name='Will Fracture' level=1 skill=Mimicry activation=Casted FP=- STM=10 cast=1 cooldown=30 mimicryRank=46 slots=3 trait=False stance=False","WillFractureTechnique: PASS exact Bible text TLK 192737","WillFractureTechnique: PASS exact Bible text TLK 192737",""
