"Type","Key","DisplayName","SemanticCategory","Rank","IconResRef","SourcePath"
"Ability","AbsoluteDefense1","AbsoluteDefense1","Beneficial","1","ife_absltdfns1jk","SWLOR_Haks\sw_2da\feat.2da"
"Ability","AbsoluteImmortality1","AbsoluteImmortality1","Harmful","1","ife_absltmmrt220","SWLOR_Haks\sw_2da\feat.2da"
"Ability","AdamantineGuard1","AdamantineGuard1","Self","1","ife_admntngrd1jl","SWLOR_Haks\sw_2da\feat.2da"
"Ability","AdhesiveGrenade1","AdhesiveGrenade1","Control","1","ife_adhsvgrnd1td","SWLOR_Haks\sw_2da\feat.2da"
"Ability","AdhesiveGrenade2","AdhesiveGrenade2","Control","2","ife_adhsvgrnd1tt","SWLOR_Haks\sw_2da\feat.2da"
"Ability","AdrenalStim1","AdrenalStim1","Beneficial","1","ife_adrnlstm11u4","SWLOR_Haks\sw_2da\feat.2da"
"Ability","AdrenalStim2","AdrenalStim2","Beneficial","2","ife_adrnlstm21ud","SWLOR_Haks\sw_2da\feat.2da"
"Ability","AdrenalStim3","AdrenalStim3","Beneficial","3","ife_adrnlstm31uw","SWLOR_Haks\sw_2da\feat.2da"
"Ability","AimedShot1","AimedShot1","Harmful","1","ife_amdsht11jm","SWLOR_Haks\sw_2da\feat.2da"
"Ability","AimedShot2","AimedShot2","Harmful","2","ife_amdsht21jn","SWLOR_Haks\sw_2da\feat.2da"
"Ability","AimedShot3","AimedShot3","Harmful","3","ife_amdsht31jo","SWLOR_Haks\sw_2da\feat.2da"
"Ability","AimedShot4","AimedShot4","Harmful","4","ife_amdsht420u","SWLOR_Haks\sw_2da\feat.2da"
"Ability","AlphaRhythm1","AlphaRhythm1","Harmful","1","ife_alphrhyth1rx","SWLOR_Haks\sw_2da\feat.2da"
"Ability","Anger1","Anger1","Harmful","1","ife_angr11x5","SWLOR_Haks\sw_2da\feat.2da"
"Ability","Anger2","Anger2","Harmful","2","ife_angr21xj","SWLOR_Haks\sw_2da\feat.2da"
"Ability","Antitoxin1","Antitoxin1","Beneficial","1","ife_anttxn11ul","SWLOR_Haks\sw_2da\feat.2da"
"Ability","ApexBite1","ApexBite1","Harmful","1","ife_apxbt11wy","SWLOR_Haks\sw_2da\feat.2da"
"Ability","ArcProjector1","ArcProjector1","Harmful","1","ife_arcprjctr1z5","SWLOR_Haks\sw_2da\feat.2da"
"Ability","ArcProjector2","ArcProjector2","Harmful","2","ife_arcprjctr1z7","SWLOR_Haks\sw_2da\feat.2da"
"Ability","ArcProjector3","ArcProjector3","Harmful","3","ife_arcprjctr1z9","SWLOR_Haks\sw_2da\feat.2da"
"Ability","Assault1","Assault1","Harmful","1","ife_asslt11sg","SWLOR_Haks\sw_2da\feat.2da"
"Ability","Assault2","Assault2","Harmful","2","ife_asslt21sk","SWLOR_Haks\sw_2da\feat.2da"
"Ability","Assault3","Assault3","Harmful","3","ife_asslt31sr","SWLOR_Haks\sw_2da\feat.2da"
"Ability","Backstab1","Backstab1","Harmful","1","ife_bckstb11ro","SWLOR_Haks\sw_2da\feat.2da"
"Ability","Backstab2","Backstab2","Harmful","2","ife_bckstb21rp","SWLOR_Haks\sw_2da\feat.2da"
"Ability","Backstab3","Backstab3","Harmful","3","ife_bckstb31rq","SWLOR_Haks\sw_2da\feat.2da"
"Ability","BastionStance1","BastionStance1","Self","1","ife_bstnstnc11jr","SWLOR_Haks\sw_2da\feat.2da"
"Ability","Benevolence1","Benevolence1","Beneficial","1","ife_bnvlnc11u5","SWLOR_Haks\sw_2da\feat.2da"
"Ability","Benevolence2","Benevolence2","Beneficial","2","ife_bnvlnc21uk","SWLOR_Haks\sw_2da\feat.2da"
"Ability","Benevolence3","Benevolence3","Beneficial","3","ife_bnvlnc31va","SWLOR_Haks\sw_2da\feat.2da"
"Ability","BerserkerStance1","BerserkerStance1","Self","1","ife_brsrkrstn1js","SWLOR_Haks\sw_2da\feat.2da"
"Ability","BerserkerStance2","BerserkerStance2","Self","2","ife_brsrkrstn1jt","SWLOR_Haks\sw_2da\feat.2da"
"Ability","BindingCross1","BindingCross1","Harmful","1","ife_bndngcrss1ju","SWLOR_Haks\sw_2da\feat.2da"
"Ability","BindingCross2","BindingCross2","Harmful","2","ife_bndngcrss1jv","SWLOR_Haks\sw_2da\feat.2da"
"Ability","Bite1","Bite1","Harmful","1","ife_bt11vq","SWLOR_Haks\sw_2da\feat.2da"
"Ability","Bite2","Bite2","Harmful","2","ife_bt21w0","SWLOR_Haks\sw_2da\feat.2da"
"Ability","Bite3","Bite3","Harmful","3","ife_bt31wj","SWLOR_Haks\sw_2da\feat.2da"
"Ability","BladeVortex1","BladeVortex1","Harmful","1","ife_bldvrtx11jw","SWLOR_Haks\sw_2da\feat.2da"
"Ability","BladeVortex2","BladeVortex2","Harmful","2","ife_bldvrtx21jx","SWLOR_Haks\sw_2da\feat.2da"
"Ability","BlasterBeacon1","BlasterBeacon1","Harmful","1","ife_blstrbcn11u8","SWLOR_Haks\sw_2da\feat.2da"
"Ability","BlasterBeacon2","BlasterBeacon2","Harmful","2","ife_blstrbcn21uj","SWLOR_Haks\sw_2da\feat.2da"
"Ability","BlasterBeacon3","BlasterBeacon3","Harmful","3","ife_blstrbcn31v3","SWLOR_Haks\sw_2da\feat.2da"
"Ability","BlazingSpikes1","BlazingSpikes1","Self","1","ife_blzngspks1jy","SWLOR_Haks\sw_2da\feat.2da"
"Ability","BloodFrenzy1","BloodFrenzy1","Harmful","1","ife_bldfrnzy1213","SWLOR_Haks\sw_2da\feat.2da"
"Ability","BloodFrenzyFlurry","BloodFrenzyFlurry","Harmful",,"ife_bldfrnzyf1zp","SWLOR_Haks\sw_2da\feat.2da"
"Ability","BolsterAttack1","BolsterAttack1","Beneficial","1","ife_blstrttck1y9","SWLOR_Haks\sw_2da\feat.2da"
"Ability","BolsterAttack2","BolsterAttack2","Beneficial","2","ife_blstrttck1yg","SWLOR_Haks\sw_2da\feat.2da"
"Ability","BolsterAttack3","BolsterAttack3","Beneficial","3","ife_blstrttck1yl","SWLOR_Haks\sw_2da\feat.2da"
"Ability","BombardierStance1","BombardierStance1","Self","1","ife_bmbrdrstn1k0","SWLOR_Haks\sw_2da\feat.2da"
"Ability","Bonecrusher1","Bonecrusher1","Harmful","1","ife_bncrshr11k1","SWLOR_Haks\sw_2da\feat.2da"
"Ability","BreakerStance1","BreakerStance1","Self","1","ife_brkrstnc122z","SWLOR_Haks\sw_2da\feat.2da"
"Ability","BreakMorale1","BreakMorale1","Harmful","1","ife_brkmrl11ug","SWLOR_Haks\sw_2da\feat.2da"
"Ability","BreakMorale2","BreakMorale2","Harmful","2","ife_brkmrl21v0","SWLOR_Haks\sw_2da\feat.2da"
"Ability","BrutalAssault1","BrutalAssault1","Beneficial","1","ife_brtlsslt11k5","SWLOR_Haks\sw_2da\feat.2da"
"Ability","ButchersCarve","ButchersCarve","Harmful",,"ife_btchrscrv1zn","SWLOR_Haks\sw_2da\feat.2da"
"Ability","CalmingStance1","CalmingStance1","Self","1","ife_clmngstnc1k6","SWLOR_Haks\sw_2da\feat.2da"
"Ability","Carve1","Carve1","Harmful","1","ife_crv11k7","SWLOR_Haks\sw_2da\feat.2da"
"Ability","ChargeOrder1","ChargeOrder1","Beneficial","1","ife_chrgrdr11yr","SWLOR_Haks\sw_2da\feat.2da"
"Ability","ChargeOrder2","ChargeOrder2","Beneficial","2","ife_chrgrdr21yu","SWLOR_Haks\sw_2da\feat.2da"
"Ability","CheapShot1","CheapShot1","Harmful","1","ife_chpsht11kb","SWLOR_Haks\sw_2da\feat.2da"
"Ability","CheapShot2","CheapShot2","Harmful","2","ife_chpsht21kc","SWLOR_Haks\sw_2da\feat.2da"
"Ability","CircleSlash1","CircleSlash1","Harmful","1","ife_crclslsh11qp","SWLOR_Haks\sw_2da\feat.2da"
"Ability","CircleSlash2","CircleSlash2","Harmful","2","ife_crclslsh21qr","SWLOR_Haks\sw_2da\feat.2da"
"Ability","CircleSlash3","CircleSlash3","Harmful","3","ife_crclslsh31qt","SWLOR_Haks\sw_2da\feat.2da"
"Ability","Claw1","Claw1","Harmful","1","ife_clw11y8","SWLOR_Haks\sw_2da\feat.2da"
"Ability","Claw2","Claw2","Harmful","2","ife_clw21yb","SWLOR_Haks\sw_2da\feat.2da"
"Ability","Claw3","Claw3","Harmful","3","ife_clw31yj","SWLOR_Haks\sw_2da\feat.2da"
"Ability","CleanseOrder1","CleanseOrder1","Beneficial","1","ife_clnsrdr11vw","SWLOR_Haks\sw_2da\feat.2da"
"Ability","CleanseOrder2","CleanseOrder2","Beneficial","2","ife_clnsrdr21wf","SWLOR_Haks\sw_2da\feat.2da"
"Ability","ClusterGrenade1","ClusterGrenade1","Harmful","1","ife_clstrgrnd1tk","SWLOR_Haks\sw_2da\feat.2da"
"Ability","CobraStance1","CobraStance1","Self","1","ife_cbrstnc11ke","SWLOR_Haks\sw_2da\feat.2da"
"Ability","ConcussionGrenade1","ConcussionGrenade1","Harmful","1","ife_cncssngrn1s5","SWLOR_Haks\sw_2da\feat.2da"
"Ability","ConcussionGrenade2","ConcussionGrenade2","Harmful","2","ife_cncssngrn1tg","SWLOR_Haks\sw_2da\feat.2da"
"Ability","ConcussiveToss1","ConcussiveToss1","Harmful","1","ife_cncssvtss1kf","SWLOR_Haks\sw_2da\feat.2da"
"Ability","ConcussiveToss2","ConcussiveToss2","Harmful","2","ife_cncssvtss1kg","SWLOR_Haks\sw_2da\feat.2da"
"Ability","ConduitStance1","ConduitStance1","Self","1","ife_cndtstnc11ki","SWLOR_Haks\sw_2da\feat.2da"
"Ability","CoordinatedFocus1","CoordinatedFocus1","Beneficial","1","ife_crdntdfcs1yq","SWLOR_Haks\sw_2da\feat.2da"
"Ability","CoordinatedFocus2","CoordinatedFocus2","Beneficial","2","ife_crdntdfcs1yt","SWLOR_Haks\sw_2da\feat.2da"
"Ability","CoordinatedFocus3","CoordinatedFocus3","Beneficial","3","ife_crdntdfcs1yv","SWLOR_Haks\sw_2da\feat.2da"
"Ability","CoordinatedStrike1","CoordinatedStrike1","Harmful","1","ife_crdntdstr1yh","SWLOR_Haks\sw_2da\feat.2da"
"Ability","CoordinatedStrike2","CoordinatedStrike2","Harmful","2","ife_crdntdstr1ym","SWLOR_Haks\sw_2da\feat.2da"
"Ability","CoveringStrike1","CoveringStrike1","Harmful","1","ife_cvrngstrk1kk","SWLOR_Haks\sw_2da\feat.2da"
"Ability","CoveringStrike2","CoveringStrike2","Harmful","2","ife_cvrngstrk214","SWLOR_Haks\sw_2da\feat.2da"
"Ability","CoveringStrike3","CoveringStrike3","Harmful","3","ife_cvrngstrk216","SWLOR_Haks\sw_2da\feat.2da"
"Ability","CreepingTerror1","CreepingTerror1","Control","1","ife_crpngtrrr1wz","SWLOR_Haks\sw_2da\feat.2da"
"Ability","CreepingTerror2","CreepingTerror2","Control","2","ife_crpngtrrr1xa","SWLOR_Haks\sw_2da\feat.2da"
"Ability","CreepingTerror3","CreepingTerror3","Control","3","ife_crpngtrrr1xw","SWLOR_Haks\sw_2da\feat.2da"
"Ability","CripplingDefense1","CripplingDefense1","Harmful","1","ife_crpplngdf22a","SWLOR_Haks\sw_2da\feat.2da"
"Ability","CripplingShot1","CripplingShot1","Harmful","1","ife_crpplngsh1qk","SWLOR_Haks\sw_2da\feat.2da"
"Ability","CripplingShot2","CripplingShot2","Harmful","2","ife_crpplngsh1qm","SWLOR_Haks\sw_2da\feat.2da"
"Ability","CripplingShot3","CripplingShot3","Harmful","3","ife_crpplngsh1qn","SWLOR_Haks\sw_2da\feat.2da"
"Ability","CrossCut1","CrossCut1","Harmful","1","ife_crssct11r8","SWLOR_Haks\sw_2da\feat.2da"
"Ability","CrossCut2","CrossCut2","Harmful","2","ife_crssct21ra","SWLOR_Haks\sw_2da\feat.2da"
"Ability","CrossCut3","CrossCut3","Harmful","3","ife_crssct31rc","SWLOR_Haks\sw_2da\feat.2da"
"Ability","CrossCut4","CrossCut4","Harmful","4","ife_crssct41re","SWLOR_Haks\sw_2da\feat.2da"
"Ability","CrusherStance1","CrusherStance1","Self","1","ife_crshrstnc1km","SWLOR_Haks\sw_2da\feat.2da"
"Ability","CrushingSlam1","CrushingSlam1","Harmful","1","ife_crshngslm1s0","SWLOR_Haks\sw_2da\feat.2da"
"Ability","CrushingSlam2","CrushingSlam2","Harmful","2","ife_crshngslm1s3","SWLOR_Haks\sw_2da\feat.2da"
"Ability","CrushingSlam3","CrushingSlam3","Harmful","3","ife_crshngslm1s9","SWLOR_Haks\sw_2da\feat.2da"
"Ability","CryoSprayer1","CryoSprayer1","Control","1","ife_cryspryr11xo","SWLOR_Haks\sw_2da\feat.2da"
"Ability","CurrentOverload1","CurrentOverload1","Harmful","1","ife_crrntvrld1ko","SWLOR_Haks\sw_2da\feat.2da"
"Ability","CycloneStance1","CycloneStance1","Self","1","ife_cyclnstnc1kp","SWLOR_Haks\sw_2da\feat.2da"
"Ability","DeadeyeStance1","DeadeyeStance1","Self","1","ife_ddystnc11kq","SWLOR_Haks\sw_2da\feat.2da"
"Ability","DeadlyPrecision1","DeadlyPrecision1","Self","1","ife_ddlyprcsn1kr","SWLOR_Haks\sw_2da\feat.2da"
"Ability","DeadMansHand1","DeadMansHand1","Harmful","1","ife_ddmnshnd11ks","SWLOR_Haks\sw_2da\feat.2da"
"Ability","DebilitatingStance1","DebilitatingStance1","Self","1","ife_dblttngst1kt","SWLOR_Haks\sw_2da\feat.2da"
"Ability","DecisiveCommand1","DecisiveCommand1","Beneficial","1","ife_dcsvcmmnd1v9","SWLOR_Haks\sw_2da\feat.2da"
"Ability","DefensiveStance1","DefensiveStance1","Self","1","ife_dfnsvstnc1kv","SWLOR_Haks\sw_2da\feat.2da"
"Ability","DefensiveStance2","DefensiveStance2","Self","2","ife_dfnsvstnc1kw","SWLOR_Haks\sw_2da\feat.2da"
"Ability","DeflectorShield1","DeflectorShield1","Beneficial","1","ife_dflctrshl1vm","SWLOR_Haks\sw_2da\feat.2da"
"Ability","DeflectorShield2","DeflectorShield2","Beneficial","2","ife_dflctrshl1vx","SWLOR_Haks\sw_2da\feat.2da"
"Ability","DeflectorShield3","DeflectorShield3","Beneficial","3","ife_dflctrshl1wg","SWLOR_Haks\sw_2da\feat.2da"
"Ability","DisablingStrike1","DisablingStrike1","Harmful","1","ife_dsblngstr1kx","SWLOR_Haks\sw_2da\feat.2da"
"Ability","DisablingStrike2","DisablingStrike2","Harmful","2","ife_dsblngstr1ky","SWLOR_Haks\sw_2da\feat.2da"
"Ability","DisablingStrike3","DisablingStrike3","Harmful","3","ife_dsblngstr1kz","SWLOR_Haks\sw_2da\feat.2da"
"Ability","DisablingStrike4","DisablingStrike4","Harmful","4","ife_dsblngstr202","SWLOR_Haks\sw_2da\feat.2da"
"Ability","DisarmingShot1","DisarmingShot1","Harmful","1","ife_dsrmngsht1l0","SWLOR_Haks\sw_2da\feat.2da"
"Ability","DisarmingShot2","DisarmingShot2","Harmful","2","ife_dsrmngsht1l1","SWLOR_Haks\sw_2da\feat.2da"
"Ability","DisarmingShot3","DisarmingShot3","Harmful","3","ife_dsrmngsht1l2","SWLOR_Haks\sw_2da\feat.2da"
"Ability","DisarmingShot4","DisarmingShot4","Harmful","4","ife_dsrmngsht20m","SWLOR_Haks\sw_2da\feat.2da"
"Ability","DisruptionField1","DisruptionField1","Harmful","1","ife_dsrptnfld1l3","SWLOR_Haks\sw_2da\feat.2da"
"Ability","DisruptionField2","DisruptionField2","Deployable","2","ife_dsrptnfld203","SWLOR_Haks\sw_2da\feat.2da"
"Ability","DisruptionPulse1","DisruptionPulse1","Harmful","1","ife_dsrptnpls1z3","SWLOR_Haks\sw_2da\feat.2da"
"Ability","DistractingFeint1","DistractingFeint1","Harmful","1","ife_dstrctngf1sh","SWLOR_Haks\sw_2da\feat.2da"
"Ability","DistractingFeint2","DistractingFeint2","Harmful","2","ife_dstrctngf1sl","SWLOR_Haks\sw_2da\feat.2da"
"Ability","DistractingFeint3","DistractingFeint3","Harmful","3","ife_dstrctngf1ss","SWLOR_Haks\sw_2da\feat.2da"
"Ability","DoubleShot1","DoubleShot1","Harmful","1","ife_dblsht11qd","SWLOR_Haks\sw_2da\feat.2da"
"Ability","DoubleShot2","DoubleShot2","Harmful","2","ife_dblsht21qf","SWLOR_Haks\sw_2da\feat.2da"
"Ability","DoubleShot3","DoubleShot3","Harmful","3","ife_dblsht31qh","SWLOR_Haks\sw_2da\feat.2da"
"Ability","DoubleStrike1","DoubleStrike1","Harmful","1","ife_dblstrk11qo","SWLOR_Haks\sw_2da\feat.2da"
"Ability","DoubleStrike2","DoubleStrike2","Harmful","2","ife_dblstrk21qq","SWLOR_Haks\sw_2da\feat.2da"
"Ability","DoubleStrike3","DoubleStrike3","Harmful","3","ife_dblstrk31qs","SWLOR_Haks\sw_2da\feat.2da"
"Ability","DoubleStrike4","DoubleStrike4","Harmful","4","ife_dblstrk41qu","SWLOR_Haks\sw_2da\feat.2da"
"Ability","DraavosChallenge","DraavosChallenge","Harmful",,"ife_drvschlln1zq","SWLOR_Haks\sw_2da\feat.2da"
"Ability","DuelistsChallenge1","DuelistsChallenge1","Self","1","ife_dlstschll1l4","SWLOR_Haks\sw_2da\feat.2da"
"Ability","DuelistStance1","DuelistStance1","Self","1","ife_dlststnc11l5","SWLOR_Haks\sw_2da\feat.2da"
"Ability","Earthshatter1","Earthshatter1","Harmful","1","ife_erthshttr1l6","SWLOR_Haks\sw_2da\feat.2da"
"Ability","Earthshatter2","Earthshatter2","Harmful","2","ife_erthshttr1l7","SWLOR_Haks\sw_2da\feat.2da"
"Ability","EclipseOfResolve1","EclipseOfResolve1","Harmful","1","ife_eclpsfrsl1y5","SWLOR_Haks\sw_2da\feat.2da"
"Ability","EmergencyBunker1","EmergencyBunker1","Beneficial","1","ife_emrgncybn1ww","SWLOR_Haks\sw_2da\feat.2da"
"Ability","EmergencyCocktail1","EmergencyCocktail1","Beneficial","1","ife_emrgncycc1vh","SWLOR_Haks\sw_2da\feat.2da"
"Ability","EmergencyTriage1","EmergencyTriage1","Beneficial","1","ife_emrgncytr1tu","SWLOR_Haks\sw_2da\feat.2da"
"Ability","EnfeeblingStrike1","EnfeeblingStrike1","Harmful","1","ife_enfblngst1l8","SWLOR_Haks\sw_2da\feat.2da"
"Ability","EnfeeblingStrike2","EnfeeblingStrike2","Harmful","2","ife_enfblngst1l9","SWLOR_Haks\sw_2da\feat.2da"
"Ability","EnfeeblingStrike3","EnfeeblingStrike3","Harmful","3","ife_enfblngst1la","SWLOR_Haks\sw_2da\feat.2da"
"Ability","EnfeeblingStrike4","EnfeeblingStrike4","Harmful","4","ife_enfblngst1zs","SWLOR_Haks\sw_2da\feat.2da"
"Ability","EssenceCleave1","EssenceCleave1","Harmful","1","ife_essncclv121s","SWLOR_Haks\sw_2da\feat.2da"
"Ability","EssenceCleave2","EssenceCleave2","Harmful","2","ife_essncclv221u","SWLOR_Haks\sw_2da\feat.2da"
"Ability","EssenceCleave3","EssenceCleave3","Harmful","3","ife_essncclv321x","SWLOR_Haks\sw_2da\feat.2da"
"Ability","EssenceCleave4","EssenceCleave4","Harmful","4","ife_essncclv41zx","SWLOR_Haks\sw_2da\feat.2da"
"Ability","EvasiveChallenge1","EvasiveChallenge1","Harmful","1","ife_evsvchlln1si","SWLOR_Haks\sw_2da\feat.2da"
"Ability","EvasiveChallenge2","EvasiveChallenge2","Harmful","2","ife_evsvchlln1sm","SWLOR_Haks\sw_2da\feat.2da"
"Ability","EvasiveManeuver1","EvasiveManeuver1","Self","1","ife_evsvmnvr11sf","SWLOR_Haks\sw_2da\feat.2da"
"Ability","EvasiveManeuver2","EvasiveManeuver2","Self","2","ife_evsvmnvr21sj","SWLOR_Haks\sw_2da\feat.2da"
"Ability","EvasiveManeuver3","EvasiveManeuver3","Self","3","ife_evsvmnvr31sq","SWLOR_Haks\sw_2da\feat.2da"
"Ability","ExecutePrey1","ExecutePrey1","Harmful","1","ife_exctpry11wx","SWLOR_Haks\sw_2da\feat.2da"
"Ability","ExplosiveToss1","ExplosiveToss1","Harmful","1","ife_explsvtss1r1","SWLOR_Haks\sw_2da\feat.2da"
"Ability","ExplosiveToss2","ExplosiveToss2","Harmful","2","ife_explsvtss1r2","SWLOR_Haks\sw_2da\feat.2da"
"Ability","ExplosiveToss3","ExplosiveToss3","Harmful","3","ife_explsvtss1r3","SWLOR_Haks\sw_2da\feat.2da"
"Ability","ExplosiveToss4","ExplosiveToss4","Harmful","4","ife_explsvtss1r4","SWLOR_Haks\sw_2da\feat.2da"
"Ability","ExposedNerve1","ExposedNerve1","Harmful","1","ife_expsdnrv122m","SWLOR_Haks\sw_2da\feat.2da"
"Ability","ExposedNerve2","ExposedNerve2","Harmful","2","ife_expsdnrv222o","SWLOR_Haks\sw_2da\feat.2da"
"Ability","ExposedNerve3","ExposedNerve3","Harmful","3","ife_expsdnrv322q","SWLOR_Haks\sw_2da\feat.2da"
"Ability","ExposePrey1","ExposePrey1","Harmful","1","ife_expspry11wi","SWLOR_Haks\sw_2da\feat.2da"
"Ability","FanTheHammer1","FanTheHammer1","Harmful","1","ife_fnthhmmr11lf","SWLOR_Haks\sw_2da\feat.2da"
"Ability","FanTheHammer2","FanTheHammer2","Harmful","2","ife_fnthhmmr21lg","SWLOR_Haks\sw_2da\feat.2da"
"Ability","FeintingCut1","FeintingCut1","Harmful","1","ife_fntngct11lh","SWLOR_Haks\sw_2da\feat.2da"
"Ability","FeintingCut2","FeintingCut2","Harmful","2","ife_fntngct21li","SWLOR_Haks\sw_2da\feat.2da"
"Ability","FeintingCut3","FeintingCut3","Harmful","3","ife_fntngct31lj","SWLOR_Haks\sw_2da\feat.2da"
"Ability","FerocityStance1","FerocityStance1","Self","1","ife_frctystnc1lk","SWLOR_Haks\sw_2da\feat.2da"
"Ability","FieldRecovery1","FieldRecovery1","Beneficial","1","ife_fldrcvry11yy","SWLOR_Haks\sw_2da\feat.2da"
"Ability","FieldRecovery2","FieldRecovery2","Beneficial","2","ife_fldrcvry21z1","SWLOR_Haks\sw_2da\feat.2da"
"Ability","FinalForm1","FinalForm1","Self","1","ife_fnlfrm11ll","SWLOR_Haks\sw_2da\feat.2da"
"Ability","FinishingToss1","FinishingToss1","Harmful","1","ife_fnshngtss1lm","SWLOR_Haks\sw_2da\feat.2da"
"Ability","FireburstToss1","FireburstToss1","Harmful","1","ife_frbrsttss1ln","SWLOR_Haks\sw_2da\feat.2da"
"Ability","Flamethrower1","Flamethrower1","Harmful","1","ife_flmthrwr11x2","SWLOR_Haks\sw_2da\feat.2da"
"Ability","Flamethrower2","Flamethrower2","Harmful","2","ife_flmthrwr21xb","SWLOR_Haks\sw_2da\feat.2da"
"Ability","Flamethrower3","Flamethrower3","Harmful","3","ife_flmthrwr31xq","SWLOR_Haks\sw_2da\feat.2da"
"Ability","FlankingBarrage1","FlankingBarrage1","Harmful","1","ife_flnkngbrr1lo","SWLOR_Haks\sw_2da\feat.2da"
"Ability","FlankingStance1","FlankingStance1","Self","1","ife_flnkngstn1lp","SWLOR_Haks\sw_2da\feat.2da"
"Ability","Flash1","Flash1","Control","1","ife_flsh11lq","SWLOR_Haks\sw_2da\feat.2da"
"Ability","FlashGrenade1","FlashGrenade1","Harmful","1","ife_flshgrnd11se","SWLOR_Haks\sw_2da\feat.2da"
"Ability","FlashToss1","FlashToss1","Control","1","ife_flshtss11lr","SWLOR_Haks\sw_2da\feat.2da"
"Ability","FlashToss2","FlashToss2","Control","2","ife_flshtss21ls","SWLOR_Haks\sw_2da\feat.2da"
"Ability","FlashToss3","FlashToss3","Control","3","ife_flshtss320w","SWLOR_Haks\sw_2da\feat.2da"
"Ability","FlurryStance1","FlurryStance1","Self","1","ife_flrrystnc235","SWLOR_Haks\sw_2da\feat.2da"
"Ability","FocusedArc1","FocusedArc1","Harmful","1","ife_fcsdrc11lt","SWLOR_Haks\sw_2da\feat.2da"
"Ability","FocusedArc2","FocusedArc2","Harmful","2","ife_fcsdrc21lu","SWLOR_Haks\sw_2da\feat.2da"
"Ability","FocusedArc3","FocusedArc3","Harmful","3","ife_fcsdrc31lv","SWLOR_Haks\sw_2da\feat.2da"
"Ability","FocusedArc4","FocusedArc4","Harmful","4","ife_fcsdrc420l","SWLOR_Haks\sw_2da\feat.2da"
"Ability","FocusedStance1","FocusedStance1","Self","1","ife_fcsdstnc11lw","SWLOR_Haks\sw_2da\feat.2da"
"Ability","FocusStim1","FocusStim1","Beneficial","1","ife_fcsstm11ur","SWLOR_Haks\sw_2da\feat.2da"
"Ability","FocusStim2","FocusStim2","Beneficial","2","ife_fcsstm21vd","SWLOR_Haks\sw_2da\feat.2da"
"Ability","Forcebane1","Forcebane1","Harmful","1","ife_frcbn1224","SWLOR_Haks\sw_2da\feat.2da"
"Ability","ForceBondedBeast1","ForceBondedBeast1","Harmful","1","ife_frcbnddbs1tb","SWLOR_Haks\sw_2da\feat.2da"
"Ability","ForceCapacitor1","ForceCapacitor1","Self","1","ife_frccpctr11ly","SWLOR_Haks\sw_2da\feat.2da"
"Ability","ForceChoke1","ForceChoke1","Control","1","ife_frcchk11xk","SWLOR_Haks\sw_2da\feat.2da"
"Ability","ForceChoke2","ForceChoke2","Control","2","ife_frcchk21x0","SWLOR_Haks\sw_2da\feat.2da"
"Ability","ForceChoke3","ForceChoke3","Control","3","ife_frcchk31xe","SWLOR_Haks\sw_2da\feat.2da"
"Ability","ForceChoke4","ForceChoke4","Control","4","ife_frcchk41y2","SWLOR_Haks\sw_2da\feat.2da"
"Ability","ForceDrain1","ForceDrain1","Harmful","1","ife_frcdrn11vs","SWLOR_Haks\sw_2da\feat.2da"
"Ability","ForceDrain2","ForceDrain2","Harmful","2","ife_frcdrn21w7","SWLOR_Haks\sw_2da\feat.2da"
"Ability","ForceDrain3","ForceDrain3","Harmful","3","ife_frcdrn31wm","SWLOR_Haks\sw_2da\feat.2da"
"Ability","ForceIntercept1","ForceIntercept1","Beneficial","1","ife_frcntrcpt1th","SWLOR_Haks\sw_2da\feat.2da"
"Ability","ForceJudgment1","ForceJudgment1","Harmful","1","ife_frcjdgmnt1zh","SWLOR_Haks\sw_2da\feat.2da"
"Ability","ForceJudgment2","ForceJudgment2","Harmful","2","ife_frcjdgmnt1zj","SWLOR_Haks\sw_2da\feat.2da"
"Ability","ForceJudgment3","ForceJudgment3","Harmful","3","ife_frcjdgmnt1zl","SWLOR_Haks\sw_2da\feat.2da"
"Ability","ForceLeap1","ForceLeap1","Harmful","1","ife_frclp11sd","SWLOR_Haks\sw_2da\feat.2da"
"Ability","ForceLeap2","ForceLeap2","Harmful","2","ife_frclp21ti","SWLOR_Haks\sw_2da\feat.2da"
"Ability","ForceLightning1","ForceLightning1","Harmful","1","ife_frclghtnn1vo","SWLOR_Haks\sw_2da\feat.2da"
"Ability","ForceLightning2","ForceLightning2","Harmful","2","ife_frclghtnn1w5","SWLOR_Haks\sw_2da\feat.2da"
"Ability","ForcePush1","ForcePush1","Harmful","1","ife_frcpsh11ye","SWLOR_Haks\sw_2da\feat.2da"
"Ability","ForcePush2","ForcePush2","Harmful","2","ife_frcpsh21sy","SWLOR_Haks\sw_2da\feat.2da"
"Ability","ForcePush3","ForcePush3","Harmful","3","ife_frcpsh31tx","SWLOR_Haks\sw_2da\feat.2da"
"Ability","ForceSanctuary1","ForceSanctuary1","Beneficial","1","ife_frcsnctry1v4","SWLOR_Haks\sw_2da\feat.2da"
"Ability","ForceSpark1","ForceSpark1","Harmful","1","ife_frcsprk11vl","SWLOR_Haks\sw_2da\feat.2da"
"Ability","ForceSpark2","ForceSpark2","Harmful","2","ife_frcsprk21w1","SWLOR_Haks\sw_2da\feat.2da"
"Ability","ForceSpark3","ForceSpark3","Harmful","3","ife_frcsprk31wt","SWLOR_Haks\sw_2da\feat.2da"
"Ability","ForceSuppression1","ForceSuppression1","Harmful","1","ife_frcspprss1m2","SWLOR_Haks\sw_2da\feat.2da"
"Ability","ForceTouch1","ForceTouch1","Harmful","1","ife_frctch11su","SWLOR_Haks\sw_2da\feat.2da"
"Ability","ForceTouch2","ForceTouch2","Harmful","2","ife_frctch21t0","SWLOR_Haks\sw_2da\feat.2da"
"Ability","ForceTouch3","ForceTouch3","Harmful","3","ife_frctch31t4","SWLOR_Haks\sw_2da\feat.2da"
"Ability","FortressStrike1","FortressStrike1","Harmful","1","ife_frtrssstr1m3","SWLOR_Haks\sw_2da\feat.2da"
"Ability","FortressStrike2","FortressStrike2","Harmful","2","ife_frtrssstr1m4","SWLOR_Haks\sw_2da\feat.2da"
"Ability","FortressStrike3","FortressStrike3","Harmful","3","ife_frtrssstr1rt","SWLOR_Haks\sw_2da\feat.2da"
"Ability","FragGrenade1","FragGrenade1","Harmful","1","ife_frggrnd11yf","SWLOR_Haks\sw_2da\feat.2da"
"Ability","FragGrenade2","FragGrenade2","Harmful","2","ife_frggrnd21so","SWLOR_Haks\sw_2da\feat.2da"
"Ability","FragGrenade3","FragGrenade3","Harmful","3","ife_frggrnd31tr","SWLOR_Haks\sw_2da\feat.2da"
"Ability","FrenzySlash1","FrenzySlash1","Harmful","1","ife_frnzyslsh20z","SWLOR_Haks\sw_2da\feat.2da"
"Ability","FrenzySlash2","FrenzySlash2","Harmful","2","ife_frnzyslsh210","SWLOR_Haks\sw_2da\feat.2da"
"Ability","FrenzySlash3","FrenzySlash3","Harmful","3","ife_frnzyslsh211","SWLOR_Haks\sw_2da\feat.2da"
"Ability","FrenzySlash4","FrenzySlash4","Harmful","4","ife_frnzyslsh212","SWLOR_Haks\sw_2da\feat.2da"
"Ability","FuryStance1","FuryStance1","Self","1","ife_frystnc11vy","SWLOR_Haks\sw_2da\feat.2da"
"Ability","FuryStance2","FuryStance2","Self","2","ife_frystnc21wr","SWLOR_Haks\sw_2da\feat.2da"
"Ability","GamblerStance1","GamblerStance1","Self","1","ife_gmblrstnc231","SWLOR_Haks\sw_2da\feat.2da"
"Ability","GraveTremor1","GraveTremor1","Harmful","1","ife_grvtrmr121v","SWLOR_Haks\sw_2da\feat.2da"
"Ability","GraveTremor2","GraveTremor2","Harmful","2","ife_grvtrmr221z","SWLOR_Haks\sw_2da\feat.2da"
"Ability","GroundQuake1","GroundQuake1","Harmful","1","ife_grndqk11m6","SWLOR_Haks\sw_2da\feat.2da"
"Ability","GroundQuake2","GroundQuake2","Harmful","2","ife_grndqk21m7","SWLOR_Haks\sw_2da\feat.2da"
"Ability","GroupDeflector1","GroupDeflector1","Beneficial","1","ife_grpdflctr1wp","SWLOR_Haks\sw_2da\feat.2da"
"Ability","GuardCounter1","GuardCounter1","Harmful","1","ife_grdcntr11m8","SWLOR_Haks\sw_2da\feat.2da"
"Ability","GuardCounter2","GuardCounter2","Harmful","2","ife_grdcntr21m9","SWLOR_Haks\sw_2da\feat.2da"
"Ability","GuardCounter3","GuardCounter3","Harmful","3","ife_grdcntr31ma","SWLOR_Haks\sw_2da\feat.2da"
"Ability","GuardedBite1","GuardedBite1","Beneficial","1","ife_grddbt11ya","SWLOR_Haks\sw_2da\feat.2da"
"Ability","GuardedBite2","GuardedBite2","Beneficial","2","ife_grddbt21yi","SWLOR_Haks\sw_2da\feat.2da"
"Ability","GuardedBite3","GuardedBite3","Beneficial","3","ife_grddbt31yo","SWLOR_Haks\sw_2da\feat.2da"
"Ability","GuardedChannel1","GuardedChannel1","Beneficial","1","ife_grddchnnl1mb","SWLOR_Haks\sw_2da\feat.2da"
"Ability","GuardedChannel2","GuardedChannel2","Beneficial","2","ife_grddchnnl1mc","SWLOR_Haks\sw_2da\feat.2da"
"Ability","GuardedChannel3","GuardedChannel3","Beneficial","3","ife_grddchnnl1md","SWLOR_Haks\sw_2da\feat.2da"
"Ability","GuardianMaster1","GuardianMaster1","Self","1","ife_grdnmstr11me","SWLOR_Haks\sw_2da\feat.2da"
"Ability","GuardiansChallenge1","GuardiansChallenge1","Harmful","1","ife_grdnschll1mf","SWLOR_Haks\sw_2da\feat.2da"
"Ability","GuardiansChallenge2","GuardiansChallenge2","Harmful","2","ife_grdnschll1rv","SWLOR_Haks\sw_2da\feat.2da"
"Ability","GuardiansChallenge3","GuardiansChallenge3","Beneficial","3","ife_grdnschll20j","SWLOR_Haks\sw_2da\feat.2da"
"Ability","GuardianWard1","GuardianWard1","Beneficial","1","ife_grdnwrd11y0","SWLOR_Haks\sw_2da\feat.2da"
"Ability","GuardianWard2","GuardianWard2","Beneficial","2","ife_grdnwrd21rw","SWLOR_Haks\sw_2da\feat.2da"
"Ability","GuardianWard3","GuardianWard3","Beneficial","3","ife_grdnwrd31t7","SWLOR_Haks\sw_2da\feat.2da"
"Ability","GuardianWard4","GuardianWard4","Beneficial","4","ife_grdnwrd41tq","SWLOR_Haks\sw_2da\feat.2da"
"Ability","GuardingRoar1","GuardingRoar1","Beneficial","1","ife_grdngrr11x8","SWLOR_Haks\sw_2da\feat.2da"
"Ability","GuardingRoar2","GuardingRoar2","Beneficial","2","ife_grdngrr21xm","SWLOR_Haks\sw_2da\feat.2da"
"Ability","GuardingRoar3","GuardingRoar3","Beneficial","3","ife_grdngrr31y3","SWLOR_Haks\sw_2da\feat.2da"
"Ability","GuardLock1","GuardLock1","Beneficial","1","ife_grdlck123e","SWLOR_Haks\sw_2da\feat.2da"
"Ability","GuardLock2","GuardLock2","Beneficial","2","ife_grdlck223f","SWLOR_Haks\sw_2da\feat.2da"
"Ability","GunfighterStance1","GunfighterStance1","Self","1","ife_gnfghtrst1mj","SWLOR_Haks\sw_2da\feat.2da"
"Ability","GunslingerFocus1","GunslingerFocus1","Self","1","ife_gnslngrfc1mk","SWLOR_Haks\sw_2da\feat.2da"
"Ability","HackingBlade1","HackingBlade1","Harmful","1","ife_hckngbld11ri","SWLOR_Haks\sw_2da\feat.2da"
"Ability","HackingBlade2","HackingBlade2","Harmful","2","ife_hckngbld21rl","SWLOR_Haks\sw_2da\feat.2da"
"Ability","HackingBlade3","HackingBlade3","Harmful","3","ife_hckngbld31rn","SWLOR_Haks\sw_2da\feat.2da"
"Ability","HamperingBarrage1","HamperingBarrage1","Harmful","1","ife_hmprngbrr1ml","SWLOR_Haks\sw_2da\feat.2da"
"Ability","HamperingBarrage2","HamperingBarrage2","Harmful","2","ife_hmprngbrr206","SWLOR_Haks\sw_2da\feat.2da"
"Ability","Hamstring1","Hamstring1","Harmful","1","ife_hmstrng11mm","SWLOR_Haks\sw_2da\feat.2da"
"Ability","Hamstring2","Hamstring2","Harmful","2","ife_hmstrng21mn","SWLOR_Haks\sw_2da\feat.2da"
"Ability","Hamstring3","Hamstring3","Harmful","3","ife_hmstrng31mo","SWLOR_Haks\sw_2da\feat.2da"
"Ability","Hasten1","Hasten1","Beneficial","1","ife_hstn11yc","SWLOR_Haks\sw_2da\feat.2da"
"Ability","Hasten2","Hasten2","Beneficial","2","ife_hstn21yk","SWLOR_Haks\sw_2da\feat.2da"
"Ability","Headshot1","Headshot1","Harmful","1","ife_hdsht11mp","SWLOR_Haks\sw_2da\feat.2da"
"Ability","Headshot2","Headshot2","Harmful","2","ife_hdsht220v","SWLOR_Haks\sw_2da\feat.2da"
"Ability","Hemorrhage1","Hemorrhage1","Harmful","1","ife_hmrrhg121a","SWLOR_Haks\sw_2da\feat.2da"
"Ability","Hemorrhage2","Hemorrhage2","Harmful","2","ife_hmrrhg221e","SWLOR_Haks\sw_2da\feat.2da"
"Ability","HoldTheLine1","HoldTheLine1","Beneficial","1","ife_hldthln11wo","SWLOR_Haks\sw_2da\feat.2da"
"Ability","HookingStrike1","HookingStrike1","Harmful","1","ife_hkngstrk122r","SWLOR_Haks\sw_2da\feat.2da"
"Ability","HookingStrike2","HookingStrike2","Harmful","2","ife_hkngstrk222t","SWLOR_Haks\sw_2da\feat.2da"
"Ability","HookingStrike3","HookingStrike3","Harmful","3","ife_hkngstrk322v","SWLOR_Haks\sw_2da\feat.2da"
"Ability","HookingStrike4","HookingStrike4","Harmful","4","ife_hkngstrk4208","SWLOR_Haks\sw_2da\feat.2da"
"Ability","HungerOfTheDark1","HungerOfTheDark1","Harmful","1","ife_hngrfthdr1wv","SWLOR_Haks\sw_2da\feat.2da"
"Ability","IceBreath1","IceBreath1","Harmful","1","ife_icbrth11rz","SWLOR_Haks\sw_2da\feat.2da"
"Ability","IceBreath2","IceBreath2","Harmful","2","ife_icbrth21s2","SWLOR_Haks\sw_2da\feat.2da"
"Ability","IceBreath3","IceBreath3","Harmful","3","ife_icbrth31s8","SWLOR_Haks\sw_2da\feat.2da"
"Ability","ImmortalStance1","ImmortalStance1","Self","1","ife_immrtlstn21w","SWLOR_Haks\sw_2da\feat.2da"
"Ability","ImpenetrableGuard1","ImpenetrableGuard1","Self","1","ife_impntrblg1mq","SWLOR_Haks\sw_2da\feat.2da"
"Ability","Incapacitate1","Incapacitate1","Harmful","1","ife_incpctt11ms","SWLOR_Haks\sw_2da\feat.2da"
"Ability","IncendiaryField1","IncendiaryField1","Harmful","1","ife_incndryfl1ue","SWLOR_Haks\sw_2da\feat.2da"
"Ability","IncendiaryField2","IncendiaryField2","Harmful","2","ife_incndryfl1ux","SWLOR_Haks\sw_2da\feat.2da"
"Ability","IncendiaryField3","IncendiaryField3","Harmful","3","ife_incndryfl1vb","SWLOR_Haks\sw_2da\feat.2da"
"Ability","InfiniteConduit1","InfiniteConduit1","Self","1","ife_infntcndt1mt","SWLOR_Haks\sw_2da\feat.2da"
"Ability","Infusion1","Infusion1","Beneficial","1","ife_infsn11tc","SWLOR_Haks\sw_2da\feat.2da"
"Ability","Infusion2","Infusion2","Beneficial","2","ife_infsn21tw","SWLOR_Haks\sw_2da\feat.2da"
"Ability","Innervate1","Innervate1","Harmful","1","ife_innrvt11sv","SWLOR_Haks\sw_2da\feat.2da"
"Ability","Innervate2","Innervate2","Harmful","2","ife_innrvt21t2","SWLOR_Haks\sw_2da\feat.2da"
"Ability","Innervate3","Innervate3","Harmful","3","ife_innrvt31t8","SWLOR_Haks\sw_2da\feat.2da"
"Ability","Intercept1","Intercept1","Harmful","1","ife_intrcpt11xf","SWLOR_Haks\sw_2da\feat.2da"
"Ability","Intercept2","Intercept2","Harmful","2","ife_intrcpt21xt","SWLOR_Haks\sw_2da\feat.2da"
"Ability","InterruptingShot1","InterruptingShot1","Harmful","1","ife_intrrptng1mu","SWLOR_Haks\sw_2da\feat.2da"
"Ability","InterruptingShot2","InterruptingShot2","Harmful","2","ife_intrrptng1mv","SWLOR_Haks\sw_2da\feat.2da"
"Ability","InterruptingShot3","InterruptingShot3","Harmful","3","ife_intrrptng20n","SWLOR_Haks\sw_2da\feat.2da"
"Ability","InterruptingSweep1","InterruptingSweep1","Harmful","1","ife_intrrptng23g","SWLOR_Haks\sw_2da\feat.2da"
"Ability","InterruptingSweep2","InterruptingSweep2","Harmful","2","ife_intrrptng23h","SWLOR_Haks\sw_2da\feat.2da"
"Ability","InterruptionStrike1","InterruptionStrike1","Harmful","1","ife_intrrptns1mw","SWLOR_Haks\sw_2da\feat.2da"
"Ability","InterruptionStrike2","InterruptionStrike2","Harmful","2","ife_intrrptns1mx","SWLOR_Haks\sw_2da\feat.2da"
"Ability","InterruptionStrike3","InterruptionStrike3","Harmful","3","ife_intrrptns223","SWLOR_Haks\sw_2da\feat.2da"
"Ability","Invincible1","Invincible1","Self","1","ife_invncbl11my","SWLOR_Haks\sw_2da\feat.2da"
"Ability","IonGrenade1","IonGrenade1","Harmful","1","ife_ingrnd11sx","SWLOR_Haks\sw_2da\feat.2da"
"Ability","IonGrenade2","IonGrenade2","Harmful","2","ife_ingrnd21to","SWLOR_Haks\sw_2da\feat.2da"
"Ability","IonLance1","IonLance1","Harmful","1","ife_inlnc11z6","SWLOR_Haks\sw_2da\feat.2da"
"Ability","IonLance2","IonLance2","Harmful","2","ife_inlnc21z8","SWLOR_Haks\sw_2da\feat.2da"
"Ability","IonLance3","IonLance3","Harmful","3","ife_inlnc31za","SWLOR_Haks\sw_2da\feat.2da"
"Ability","IronGuardStance1","IronGuardStance1","Self","1","ife_irngrdstn23b","SWLOR_Haks\sw_2da\feat.2da"
"Ability","IronHide1","IronHide1","Beneficial","1","ife_irnhd11x1","SWLOR_Haks\sw_2da\feat.2da"
"Ability","IronHide2","IronHide2","Beneficial","2","ife_irnhd21xc","SWLOR_Haks\sw_2da\feat.2da"
"Ability","IronHide3","IronHide3","Beneficial","3","ife_irnhd31xr","SWLOR_Haks\sw_2da\feat.2da"
"Ability","IronWallStance1","IronWallStance1","Self","1","ife_irnwllstn1n0","SWLOR_Haks\sw_2da\feat.2da"
"Ability","JointLock1","JointLock1","Harmful","1","ife_jntlck122s","SWLOR_Haks\sw_2da\feat.2da"
"Ability","JointLock2","JointLock2","Harmful","2","ife_jntlck2209","SWLOR_Haks\sw_2da\feat.2da"
"Ability","JointLock3","JointLock3","Harmful","3","ife_jntlck320a","SWLOR_Haks\sw_2da\feat.2da"
"Ability","KillBox1","KillBox1","Harmful","1","ife_kllbx1233","SWLOR_Haks\sw_2da\feat.2da"
"Ability","KillzoneBeacon1","KillzoneBeacon1","Harmful","1","ife_kllznbcn11vj","SWLOR_Haks\sw_2da\feat.2da"
"Ability","KoltoMist1","KoltoMist1","Beneficial","1","ife_kltmst11sc","SWLOR_Haks\sw_2da\feat.2da"
"Ability","KoltoMist2","KoltoMist2","Beneficial","2","ife_kltmst21tf","SWLOR_Haks\sw_2da\feat.2da"
"Ability","LaceratingCut1","LaceratingCut1","Harmful","1","ife_lcrtngct1217","SWLOR_Haks\sw_2da\feat.2da"
"Ability","LaceratingCut2","LaceratingCut2","Harmful","2","ife_lcrtngct2219","SWLOR_Haks\sw_2da\feat.2da"
"Ability","LaceratingCut3","LaceratingCut3","Harmful","3","ife_lcrtngct321c","SWLOR_Haks\sw_2da\feat.2da"
"Ability","LaceratingCut4","LaceratingCut4","Harmful","4","ife_lcrtngct41zr","SWLOR_Haks\sw_2da\feat.2da"
"Ability","LaceratingTwinCut1","LaceratingTwinCut1","Harmful","1","ife_lcrtngtwn22b","SWLOR_Haks\sw_2da\feat.2da"
"Ability","LaceratingTwinCut2","LaceratingTwinCut2","Harmful","2","ife_lcrtngtwn22d","SWLOR_Haks\sw_2da\feat.2da"
"Ability","LaceratingTwinCut3","LaceratingTwinCut3","Harmful","3","ife_lcrtngtwn22g","SWLOR_Haks\sw_2da\feat.2da"
"Ability","LaceratingTwinCut4","LaceratingTwinCut4","Harmful","4","ife_lcrtngtwn22k","SWLOR_Haks\sw_2da\feat.2da"
"Ability","LaceratorStance1","LaceratorStance1","Self","1","ife_lcrtrstnc22f","SWLOR_Haks\sw_2da\feat.2da"
"Ability","LastStandOfTheLight1","LastStandOfTheLight1","Beneficial","1","ife_lststndft1tz","SWLOR_Haks\sw_2da\feat.2da"
"Ability","LastWord1","LastWord1","Harmful","1","ife_lstwrd11n2","SWLOR_Haks\sw_2da\feat.2da"
"Ability","LegSlash1","LegSlash1","Harmful","1","ife_lgslsh11n3","SWLOR_Haks\sw_2da\feat.2da"
"Ability","LegSlash2","LegSlash2","Harmful","2","ife_lgslsh220c","SWLOR_Haks\sw_2da\feat.2da"
"Ability","LegSlash3","LegSlash3","Harmful","3","ife_lgslsh320d","SWLOR_Haks\sw_2da\feat.2da"
"Ability","LegSweep1","LegSweep1","Harmful","1","ife_lgswp11qv","SWLOR_Haks\sw_2da\feat.2da"
"Ability","LegSweep2","LegSweep2","Harmful","2","ife_lgswp21qw","SWLOR_Haks\sw_2da\feat.2da"
"Ability","LegSweep3","LegSweep3","Harmful","3","ife_lgswp31qx","SWLOR_Haks\sw_2da\feat.2da"
"Ability","LegSweep4","LegSweep4","Harmful","4","ife_lgswp41zu","SWLOR_Haks\sw_2da\feat.2da"
"Ability","LineBreaker1","LineBreaker1","Harmful","1","ife_lnbrkr11n5","SWLOR_Haks\sw_2da\feat.2da"
"Ability","LineBreaker2","LineBreaker2","Harmful","2","ife_lnbrkr21zv","SWLOR_Haks\sw_2da\feat.2da"
"Ability","LineBreaker3","LineBreaker3","Harmful","3","ife_lnbrkr31zw","SWLOR_Haks\sw_2da\feat.2da"
"Ability","LineBreaker4","LineBreaker4","Harmful","4","ife_lnbrkr423i","SWLOR_Haks\sw_2da\feat.2da"
"Ability","MaelstromArc1","MaelstromArc1","Harmful","1","ife_mlstrmrc11n7","SWLOR_Haks\sw_2da\feat.2da"
"Ability","MaelstromArc2","MaelstromArc2","Harmful","2","ife_mlstrmrc21n8","SWLOR_Haks\sw_2da\feat.2da"
"Ability","MedKit1","MedKit1","Beneficial","1","ife_mdkt11y1","SWLOR_Haks\sw_2da\feat.2da"
"Ability","MedKit2","MedKit2","Beneficial","2","ife_mdkt21t6","SWLOR_Haks\sw_2da\feat.2da"
"Ability","MedKit3","MedKit3","Beneficial","3","ife_mdkt31tp","SWLOR_Haks\sw_2da\feat.2da"
"Ability","MedKit4","MedKit4","Beneficial","4","ife_mdkt41ty","SWLOR_Haks\sw_2da\feat.2da"
"Ability","MindTrick1","MindTrick1","Control","1","ife_mndtrck11uf","SWLOR_Haks\sw_2da\feat.2da"
"Ability","MindTrick2","MindTrick2","Control","2","ife_mndtrck21uz","SWLOR_Haks\sw_2da\feat.2da"
"Ability","NerveStrike1","NerveStrike1","Harmful","1","ife_nrvstrk11nb","SWLOR_Haks\sw_2da\feat.2da"
"Ability","NerveStrike2","NerveStrike2","Harmful","2","ife_nrvstrk221h","SWLOR_Haks\sw_2da\feat.2da"
"Ability","NeuralShock1","NeuralShock1","Harmful","1","ife_nrlshck11nc","SWLOR_Haks\sw_2da\feat.2da"
"Ability","NeuralShock2","NeuralShock2","Harmful","2","ife_nrlshck222p","SWLOR_Haks\sw_2da\feat.2da"
"Ability","NightmareField1","NightmareField1","Harmful","1","ife_nghtmrfld1xg","SWLOR_Haks\sw_2da\feat.2da"
"Ability","OneShot1","OneShot1","Harmful","1","ife_onsht11ne","SWLOR_Haks\sw_2da\feat.2da"
"Ability","OpportunistStance1","OpportunistStance1","Self","1","ife_opprtnsts22n","SWLOR_Haks\sw_2da\feat.2da"
"Ability","OrdnanceStance1","OrdnanceStance1","Self","1","ife_ordnncstn234","SWLOR_Haks\sw_2da\feat.2da"
"Ability","OverloadBarrage1","OverloadBarrage1","Harmful","1","ife_ovrldbrrg1y6","SWLOR_Haks\sw_2da\feat.2da"
"Ability","PacificationField1","PacificationField1","Deployable","1","ife_pcfctnfld1nh","SWLOR_Haks\sw_2da\feat.2da"
"Ability","PainSuppressant1","PainSuppressant1","Beneficial","1","ife_pnspprssn1uh","SWLOR_Haks\sw_2da\feat.2da"
"Ability","PainSuppressant2","PainSuppressant2","Beneficial","2","ife_pnspprssn1v1","SWLOR_Haks\sw_2da\feat.2da"
"Ability","PerceptiveStance1","PerceptiveStance1","Self","1","ife_prcptvstn1ni","SWLOR_Haks\sw_2da\feat.2da"
"Ability","PerfectFlurry1","PerfectFlurry1","Harmful","1","ife_prfctflrr236","SWLOR_Haks\sw_2da\feat.2da"
"Ability","PerfectThrow1","PerfectThrow1","Harmful","1","ife_prfctthrw1nj","SWLOR_Haks\sw_2da\feat.2da"
"Ability","PiercingRound1","PiercingRound1","Harmful","1","ife_prcngrnd11nk","SWLOR_Haks\sw_2da\feat.2da"
"Ability","PiercingRound2","PiercingRound2","Harmful","2","ife_prcngrnd21nl","SWLOR_Haks\sw_2da\feat.2da"
"Ability","PiercingRound3","PiercingRound3","Harmful","3","ife_prcngrnd31nm","SWLOR_Haks\sw_2da\feat.2da"
"Ability","PiercingToss1","PiercingToss1","Harmful","1","ife_prcngtss11r5","SWLOR_Haks\sw_2da\feat.2da"
"Ability","PiercingToss2","PiercingToss2","Harmful","2","ife_prcngtss21r6","SWLOR_Haks\sw_2da\feat.2da"
"Ability","PiercingToss3","PiercingToss3","Harmful","3","ife_prcngtss31r7","SWLOR_Haks\sw_2da\feat.2da"
"Ability","PiercingToss4","PiercingToss4","Harmful","4","ife_prcngtss420x","SWLOR_Haks\sw_2da\feat.2da"
"Ability","PinningToss1","PinningToss1","Harmful","1","ife_pnnngtss11np","SWLOR_Haks\sw_2da\feat.2da"
"Ability","PinningToss2","PinningToss2","Harmful","2","ife_pnnngtss21nq","SWLOR_Haks\sw_2da\feat.2da"
"Ability","PinningToss3","PinningToss3","Harmful","3","ife_pnnngtss31nr","SWLOR_Haks\sw_2da\feat.2da"
"Ability","PointBlankBurst1","PointBlankBurst1","Harmful","1","ife_pntblnkbr1ns","SWLOR_Haks\sw_2da\feat.2da"
"Ability","PointBlankBurst2","PointBlankBurst2","Harmful","2","ife_pntblnkbr20o","SWLOR_Haks\sw_2da\feat.2da"
"Ability","PoisonBreath1","PoisonBreath1","Harmful","1","ife_psnbrth11ry","SWLOR_Haks\sw_2da\feat.2da"
"Ability","PoisonBreath2","PoisonBreath2","Harmful","2","ife_psnbrth21s1","SWLOR_Haks\sw_2da\feat.2da"
"Ability","PoisonBreath3","PoisonBreath3","Harmful","3","ife_psnbrth31s7","SWLOR_Haks\sw_2da\feat.2da"
"Ability","Pounce1","Pounce1","Harmful","1","ife_pnc11vz","SWLOR_Haks\sw_2da\feat.2da"
"Ability","Pounce2","Pounce2","Harmful","2","ife_pnc21wc","SWLOR_Haks\sw_2da\feat.2da"
"Ability","PowerCell1","PowerCell1","Beneficial","1","ife_pwrcll11vv","SWLOR_Haks\sw_2da\feat.2da"
"Ability","PowerCell2","PowerCell2","Beneficial","2","ife_pwrcll21we","SWLOR_Haks\sw_2da\feat.2da"
"Ability","PowerCell3","PowerCell3","Beneficial","3","ife_pwrcll31wu","SWLOR_Haks\sw_2da\feat.2da"
"Ability","PressTheAttack1","PressTheAttack1","Beneficial","1","ife_prssthttc1u1","SWLOR_Haks\sw_2da\feat.2da"
"Ability","PressTheAttack2","PressTheAttack2","Beneficial","2","ife_prssthttc1ua","SWLOR_Haks\sw_2da\feat.2da"
"Ability","PressTheAttack3","PressTheAttack3","Beneficial","3","ife_prssthttc1uv","SWLOR_Haks\sw_2da\feat.2da"
"Ability","PrimalOverrun1","PrimalOverrun1","Harmful","1","ife_prmlvrrn11sb","SWLOR_Haks\sw_2da\feat.2da"
"Ability","PsychicCry1","PsychicCry1","Harmful","1","ife_psychccry1t1","SWLOR_Haks\sw_2da\feat.2da"
"Ability","PsychicCry2","PsychicCry2","Harmful","2","ife_psychccry1t5","SWLOR_Haks\sw_2da\feat.2da"
"Ability","PsychicCry3","PsychicCry3","Harmful","3","ife_psychccry1ta","SWLOR_Haks\sw_2da\feat.2da"
"Ability","PunishingGuard1","PunishingGuard1","Beneficial","1","ife_pnshnggrd21o","SWLOR_Haks\sw_2da\feat.2da"
"Ability","PunishingGuard2","PunishingGuard2","Beneficial","2","ife_pnshnggrd21q","SWLOR_Haks\sw_2da\feat.2da"
"Ability","PunishingStrike1","PunishingStrike1","Harmful","1","ife_pnshngstr1nt","SWLOR_Haks\sw_2da\feat.2da"
"Ability","PunishingStrike2","PunishingStrike2","Harmful","2","ife_pnshngstr20k","SWLOR_Haks\sw_2da\feat.2da"
"Ability","PurifyingWave1","PurifyingWave1","Harmful","1","ife_prfyngwv11tn","SWLOR_Haks\sw_2da\feat.2da"
"Ability","QuickDraw1","QuickDraw1","Harmful","1","ife_qckdrw11qc","SWLOR_Haks\sw_2da\feat.2da"
"Ability","QuickDraw2","QuickDraw2","Harmful","2","ife_qckdrw21qe","SWLOR_Haks\sw_2da\feat.2da"
"Ability","QuickDraw3","QuickDraw3","Harmful","3","ife_qckdrw31qg","SWLOR_Haks\sw_2da\feat.2da"
"Ability","QuickDraw4","QuickDraw4","Harmful","4","ife_qckdrw41qi","SWLOR_Haks\sw_2da\feat.2da"
"Ability","RadiantLance1","RadiantLance1","Harmful","1","ife_rdntlnc11zi","SWLOR_Haks\sw_2da\feat.2da"
"Ability","RadiantLance2","RadiantLance2","Harmful","2","ife_rdntlnc21zk","SWLOR_Haks\sw_2da\feat.2da"
"Ability","RadiantLance3","RadiantLance3","Harmful","3","ife_rdntlnc31zm","SWLOR_Haks\sw_2da\feat.2da"
"Ability","RailDart1","RailDart1","Harmful","1","ife_rldrt11xd","SWLOR_Haks\sw_2da\feat.2da"
"Ability","RailDart2","RailDart2","Harmful","2","ife_rldrt21xs","SWLOR_Haks\sw_2da\feat.2da"
"Ability","RainOfSteel1","RainOfSteel1","Harmful","1","ife_rnfstl11nv","SWLOR_Haks\sw_2da\feat.2da"
"Ability","RallyingStandard1","RallyingStandard1","Beneficial","1","ife_rllyngstn1yp","SWLOR_Haks\sw_2da\feat.2da"
"Ability","RallyingStandard2","RallyingStandard2","Beneficial","2","ife_rllyngstn1ys","SWLOR_Haks\sw_2da\feat.2da"
"Ability","Rampage1","Rampage1","Harmful","1","ife_rmpg11s6","SWLOR_Haks\sw_2da\feat.2da"
"Ability","Rampage2","Rampage2","Harmful","2","ife_rmpg21sa","SWLOR_Haks\sw_2da\feat.2da"
"Ability","Rampart1","Rampart1","Beneficial","1","ife_rmprt11nw","SWLOR_Haks\sw_2da\feat.2da"
"Ability","RampartHide1","RampartHide1","Harmful","1","ife_rmprthd11xx","SWLOR_Haks\sw_2da\feat.2da"
"Ability","ReapingStrike1","ReapingStrike1","Harmful","1","ife_rpngstrk121t","SWLOR_Haks\sw_2da\feat.2da"
"Ability","ReapingStrike2","ReapingStrike2","Harmful","2","ife_rpngstrk221y","SWLOR_Haks\sw_2da\feat.2da"
"Ability","ReapingStrike3","ReapingStrike3","Harmful","3","ife_rpngstrk31zy","SWLOR_Haks\sw_2da\feat.2da"
"Ability","RedBloom1","RedBloom1","Harmful","1","ife_rdblm122l","SWLOR_Haks\sw_2da\feat.2da"
"Ability","RemoteCharge1","RemoteCharge1","Harmful","1","ife_rmtchrg11ui","SWLOR_Haks\sw_2da\feat.2da"
"Ability","RemoteCharge2","RemoteCharge2","Harmful","2","ife_rmtchrg21uy","SWLOR_Haks\sw_2da\feat.2da"
"Ability","RendingClaw1","RendingClaw1","Harmful","1","ife_rndngclw11vt","SWLOR_Haks\sw_2da\feat.2da"
"Ability","RendingClaw2","RendingClaw2","Harmful","2","ife_rndngclw21w9","SWLOR_Haks\sw_2da\feat.2da"
"Ability","RendingClaw3","RendingClaw3","Harmful","3","ife_rndngclw31wq","SWLOR_Haks\sw_2da\feat.2da"
"Ability","RendingStrike1","RendingStrike1","Harmful","1","ife_rndngstrk1nx","SWLOR_Haks\sw_2da\feat.2da"
"Ability","RendingStrike2","RendingStrike2","Harmful","2","ife_rndngstrk1ny","SWLOR_Haks\sw_2da\feat.2da"
"Ability","Renewal1","Renewal1","Beneficial","1","ife_rnwl11ub","SWLOR_Haks\sw_2da\feat.2da"
"Ability","Renewal2","Renewal2","Beneficial","2","ife_rnwl21uo","SWLOR_Haks\sw_2da\feat.2da"
"Ability","Renewal3","Renewal3","Beneficial","3","ife_rnwl31vc","SWLOR_Haks\sw_2da\feat.2da"
"Ability","Resuscitation1","Resuscitation1","Beneficial","1","ife_rsscttn11sp","SWLOR_Haks\sw_2da\feat.2da"
"Ability","Resuscitation2","Resuscitation2","Beneficial","2","ife_rsscttn21tj","SWLOR_Haks\sw_2da\feat.2da"
"Ability","RibBreaker1","RibBreaker1","Harmful","1","ife_rbbrkr11o0","SWLOR_Haks\sw_2da\feat.2da"
"Ability","RibBreaker2","RibBreaker2","Harmful","2","ife_rbbrkr21o1","SWLOR_Haks\sw_2da\feat.2da"
"Ability","RibBreaker3","RibBreaker3","Harmful","3","ife_rbbrkr31o2","SWLOR_Haks\sw_2da\feat.2da"
"Ability","RiotBlade1","RiotBlade1","Harmful","1","ife_rtbld11rj","SWLOR_Haks\sw_2da\feat.2da"
"Ability","RiotBlade2","RiotBlade2","Harmful","2","ife_rtbld21rk","SWLOR_Haks\sw_2da\feat.2da"
"Ability","RiotBlade3","RiotBlade3","Harmful","3","ife_rtbld31rm","SWLOR_Haks\sw_2da\feat.2da"
"Ability","RousingShout1","RousingShout1","Beneficial","1","ife_rsngsht11vi","SWLOR_Haks\sw_2da\feat.2da"
"Ability","RousingShout2","RousingShout2","Beneficial","2","ife_rsngsht21vp","SWLOR_Haks\sw_2da\feat.2da"
"Ability","RousingShout3","RousingShout3","Beneficial","3","ife_rsngsht31w8","SWLOR_Haks\sw_2da\feat.2da"
"Ability","RuptureStrike1","RuptureStrike1","Harmful","1","ife_rptrstrk1218","SWLOR_Haks\sw_2da\feat.2da"
"Ability","RuptureStrike2","RuptureStrike2","Harmful","2","ife_rptrstrk221d","SWLOR_Haks\sw_2da\feat.2da"
"Ability","RuptureStrike3","RuptureStrike3","Harmful","3","ife_rptrstrk321f","SWLOR_Haks\sw_2da\feat.2da"
"Ability","SaberCyclone1","SaberCyclone1","Harmful","1","ife_sbrcycln11o7","SWLOR_Haks\sw_2da\feat.2da"
"Ability","SaberStorm1","SaberStorm1","Harmful","1","ife_sbrstrm11ru","SWLOR_Haks\sw_2da\feat.2da"
"Ability","SacrificialBlade1","SacrificialBlade1","Harmful","1","ife_scrfclbld1o8","SWLOR_Haks\sw_2da\feat.2da"
"Ability","SacrificialBlade2","SacrificialBlade2","Harmful","2","ife_scrfclbld200","SWLOR_Haks\sw_2da\feat.2da"
"Ability","SacrificialBlade3","SacrificialBlade3","Harmful","3","ife_scrfclbld201","SWLOR_Haks\sw_2da\feat.2da"
"Ability","SavageCleave1","SavageCleave1","Harmful","1","ife_svgclv11oc","SWLOR_Haks\sw_2da\feat.2da"
"Ability","SavageCleave2","SavageCleave2","Harmful","2","ife_svgclv21od","SWLOR_Haks\sw_2da\feat.2da"
"Ability","ScrapheapLockdown1","ScrapheapLockdown1","Harmful","1","ife_scrphplck22x","SWLOR_Haks\sw_2da\feat.2da"
"Ability","ScrapperStance1","ScrapperStance1","Self","1","ife_scrpprstn22u","SWLOR_Haks\sw_2da\feat.2da"
"Ability","SentinelStance1","SentinelStance1","Self","1","ife_sntnlstnc1of","SWLOR_Haks\sw_2da\feat.2da"
"Ability","SerpentsEclipse1","SerpentsEclipse1","Harmful","1","ife_srpntsclp1og","SWLOR_Haks\sw_2da\feat.2da"
"Ability","SerratedArc1","SerratedArc1","Harmful","1","ife_srrtdrc122c","SWLOR_Haks\sw_2da\feat.2da"
"Ability","SerratedArc2","SerratedArc2","Harmful","2","ife_srrtdrc222h","SWLOR_Haks\sw_2da\feat.2da"
"Ability","SerratedArc3","SerratedArc3","Harmful","3","ife_srrtdrc322j","SWLOR_Haks\sw_2da\feat.2da"
"Ability","SeverFocus1","SeverFocus1","Harmful","1","ife_svrfcs11oh","SWLOR_Haks\sw_2da\feat.2da"
"Ability","SeverFocus2","SeverFocus2","Harmful","2","ife_svrfcs21oi","SWLOR_Haks\sw_2da\feat.2da"
"Ability","SeveringStrike1","SeveringStrike1","Harmful","1","ife_svrngstrk21i","SWLOR_Haks\sw_2da\feat.2da"
"Ability","SeveringStrike2","SeveringStrike2","Harmful","2","ife_svrngstrk21j","SWLOR_Haks\sw_2da\feat.2da"
"Ability","SeveringStrike3","SeveringStrike3","Harmful","3","ife_svrngstrk21k","SWLOR_Haks\sw_2da\feat.2da"
"Ability","SeveringStrike4","SeveringStrike4","Harmful","4","ife_svrngstrk21l","SWLOR_Haks\sw_2da\feat.2da"
"Ability","SeveringToss1","SeveringToss1","Harmful","1","ife_svrngtss11oj","SWLOR_Haks\sw_2da\feat.2da"
"Ability","SeveringToss2","SeveringToss2","Harmful","2","ife_svrngtss220y","SWLOR_Haks\sw_2da\feat.2da"
"Ability","ShadowflowStance1","ShadowflowStance1","Self","1","ife_shdwflwst21b","SWLOR_Haks\sw_2da\feat.2da"
"Ability","ShadowStrike1","ShadowStrike1","Harmful","1","ife_shdwstrk11ok","SWLOR_Haks\sw_2da\feat.2da"
"Ability","ShadowStrike2","ShadowStrike2","Harmful","2","ife_shdwstrk21ol","SWLOR_Haks\sw_2da\feat.2da"
"Ability","ShelterCircle1","ShelterCircle1","Beneficial","1","ife_shltrcrcl1om","SWLOR_Haks\sw_2da\feat.2da"
"Ability","ShieldBash1","ShieldBash1","Harmful","1","ife_shldbsh11rf","SWLOR_Haks\sw_2da\feat.2da"
"Ability","ShieldBash2","ShieldBash2","Harmful","2","ife_shldbsh21rg","SWLOR_Haks\sw_2da\feat.2da"
"Ability","ShieldBash3","ShieldBash3","Harmful","3","ife_shldbsh31rh","SWLOR_Haks\sw_2da\feat.2da"
"Ability","ShieldBash4","ShieldBash4","Harmful","4","ife_shldbsh41zt","SWLOR_Haks\sw_2da\feat.2da"
"Ability","Shielding1","Shielding1","Beneficial","1","ife_shldng11u7","SWLOR_Haks\sw_2da\feat.2da"
"Ability","Shielding2","Shielding2","Beneficial","2","ife_shldng21uq","SWLOR_Haks\sw_2da\feat.2da"
"Ability","Shielding3","Shielding3","Beneficial","3","ife_shldng31v8","SWLOR_Haks\sw_2da\feat.2da"
"Ability","ShieldWall1","ShieldWall1","Beneficial","1","ife_shldwll11on","SWLOR_Haks\sw_2da\feat.2da"
"Ability","ShieldWall2","ShieldWall2","Harmful","2","ife_shldwll2215","SWLOR_Haks\sw_2da\feat.2da"
"Ability","ShockBeacon1","ShockBeacon1","Harmful","1","ife_shckbcn11us","SWLOR_Haks\sw_2da\feat.2da"
"Ability","ShockBeacon2","ShockBeacon2","Harmful","2","ife_shckbcn21v7","SWLOR_Haks\sw_2da\feat.2da"
"Ability","SideAssault1","SideAssault1","Harmful","1","ife_sdsslt11oo","SWLOR_Haks\sw_2da\feat.2da"
"Ability","SideAssault2","SideAssault2","Harmful","2","ife_sdsslt21op","SWLOR_Haks\sw_2da\feat.2da"
"Ability","SideAssault3","SideAssault3","Harmful","3","ife_sdsslt31oq","SWLOR_Haks\sw_2da\feat.2da"
"Ability","SignalJammer1","SignalJammer1","Harmful","1","ife_sgnljmmr11z4","SWLOR_Haks\sw_2da\feat.2da"
"Ability","SkirmisherStance1","SkirmisherStance1","Self","1","ife_skrmshrst1or","SWLOR_Haks\sw_2da\feat.2da"
"Ability","Slam1","Slam1","Harmful","1","ife_slm11qy","SWLOR_Haks\sw_2da\feat.2da"
"Ability","Slam2","Slam2","Harmful","2","ife_slm21qz","SWLOR_Haks\sw_2da\feat.2da"
"Ability","Slam3","Slam3","Harmful","3","ife_slm31r0","SWLOR_Haks\sw_2da\feat.2da"
"Ability","Slam4","Slam4","Harmful","4","ife_slm422y","SWLOR_Haks\sw_2da\feat.2da"
"Ability","SmokeBomb1","SmokeBomb1","Harmful","1","ife_smkbmb11rr","SWLOR_Haks\sw_2da\feat.2da"
"Ability","SmokeRound1","SmokeRound1","Harmful","1","ife_smkrnd11ot","SWLOR_Haks\sw_2da\feat.2da"
"Ability","SniperStance1","SniperStance1","Self","1","ife_snprstnc11ow","SWLOR_Haks\sw_2da\feat.2da"
"Ability","SonicBurst1","SonicBurst1","Control","1","ife_sncbrst11x7","SWLOR_Haks\sw_2da\feat.2da"
"Ability","SonicBurst2","SonicBurst2","Control","2","ife_sncbrst21xl","SWLOR_Haks\sw_2da\feat.2da"
"Ability","SonicBurst3","SonicBurst3","Control","3","ife_sncbrst31xz","SWLOR_Haks\sw_2da\feat.2da"
"Ability","SoulAscension1","SoulAscension1","Harmful","1","ife_slscnsn1222","SWLOR_Haks\sw_2da\feat.2da"
"Ability","SoulBurst1","SoulBurst1","Harmful","1","ife_slbrst11oy","SWLOR_Haks\sw_2da\feat.2da"
"Ability","SoulBurst2","SoulBurst2","Harmful","2","ife_slbrst2221","SWLOR_Haks\sw_2da\feat.2da"
"Ability","SoulDevourer1","SoulDevourer1","Self","1","ife_sldvrr11oz","SWLOR_Haks\sw_2da\feat.2da"
"Ability","SoulStorm1","SoulStorm1","Beneficial","1","ife_slstrm11p1","SWLOR_Haks\sw_2da\feat.2da"
"Ability","SoulStrike1","SoulStrike1","Harmful","1","ife_slstrk11p2","SWLOR_Haks\sw_2da\feat.2da"
"Ability","SoulStrike2","SoulStrike2","Harmful","2","ife_slstrk21p3","SWLOR_Haks\sw_2da\feat.2da"
"Ability","SoulStrike3","SoulStrike3","Harmful","3","ife_slstrk31p4","SWLOR_Haks\sw_2da\feat.2da"
"Ability","SoulStrike4","SoulStrike4","Harmful","4","ife_slstrk41zz","SWLOR_Haks\sw_2da\feat.2da"
"Ability","SpinningWhirl1","SpinningWhirl1","Harmful","1","ife_spnnngwhr1r9","SWLOR_Haks\sw_2da\feat.2da"
"Ability","SpinningWhirl2","SpinningWhirl2","Harmful","2","ife_spnnngwhr1rb","SWLOR_Haks\sw_2da\feat.2da"
"Ability","SpinningWhirl3","SpinningWhirl3","Harmful","3","ife_spnnngwhr1rd","SWLOR_Haks\sw_2da\feat.2da"
"Ability","SplitGuardStrike1","SplitGuardStrike1","Harmful","1","ife_spltgrdst1p5","SWLOR_Haks\sw_2da\feat.2da"
"Ability","SplitGuardStrike2","SplitGuardStrike2","Harmful","2","ife_spltgrdst1p6","SWLOR_Haks\sw_2da\feat.2da"
"Ability","SplitGuardStrike3","SplitGuardStrike3","Harmful","3","ife_spltgrdst1p7","SWLOR_Haks\sw_2da\feat.2da"
"Ability","SpotterStance1","SpotterStance1","Self","1","ife_spttrstnc1p8","SWLOR_Haks\sw_2da\feat.2da"
"Ability","StasisVolley1","StasisVolley1","Harmful","1","ife_stssvlly11p9","SWLOR_Haks\sw_2da\feat.2da"
"Ability","StaticPalm1","StaticPalm1","Harmful","1","ife_sttcplm11pa","SWLOR_Haks\sw_2da\feat.2da"
"Ability","StaticPalm2","StaticPalm2","Harmful","2","ife_sttcplm21pb","SWLOR_Haks\sw_2da\feat.2da"
"Ability","StaticPalm3","StaticPalm3","Harmful","3","ife_sttcplm31pc","SWLOR_Haks\sw_2da\feat.2da"
"Ability","SteadyFormation1","SteadyFormation1","Beneficial","1","ife_stdyfrmtn1yx","SWLOR_Haks\sw_2da\feat.2da"
"Ability","SteadyFormation2","SteadyFormation2","Beneficial","2","ife_stdyfrmtn1z0","SWLOR_Haks\sw_2da\feat.2da"
"Ability","StimCanister","StimCanister","Harmful",,"ife_stmcnstr1zo","SWLOR_Haks\sw_2da\feat.2da"
"Ability","StormRelease1","StormRelease1","Harmful","1","ife_strmrls11pd","SWLOR_Haks\sw_2da\feat.2da"
"Ability","StrikingCobra1","StrikingCobra1","Harmful","1","ife_strkngcbr1q9","SWLOR_Haks\sw_2da\feat.2da"
"Ability","StrikingCobra2","StrikingCobra2","Harmful","2","ife_strkngcbr1qa","SWLOR_Haks\sw_2da\feat.2da"
"Ability","StrikingCobra3","StrikingCobra3","Harmful","3","ife_strkngcbr1qb","SWLOR_Haks\sw_2da\feat.2da"
"Ability","StrikingCobra4","StrikingCobra4","Harmful","4","ife_strkngcbr207","SWLOR_Haks\sw_2da\feat.2da"
"Ability","SuppressingShot1","SuppressingShot1","Harmful","1","ife_spprssngs20p","SWLOR_Haks\sw_2da\feat.2da"
"Ability","SuppressingShot2","SuppressingShot2","Harmful","2","ife_spprssngs20q","SWLOR_Haks\sw_2da\feat.2da"
"Ability","SuppressingShot3","SuppressingShot3","Harmful","3","ife_spprssngs20r","SWLOR_Haks\sw_2da\feat.2da"
"Ability","SuppressingShot4","SuppressingShot4","Harmful","4","ife_spprssngs20s","SWLOR_Haks\sw_2da\feat.2da"
"Ability","SuppressionStance1","SuppressionStance1","Self","1","ife_spprssnst232","SWLOR_Haks\sw_2da\feat.2da"
"Ability","SuppressiveLine1","SuppressiveLine1","Harmful","1","ife_spprssvln1pe","SWLOR_Haks\sw_2da\feat.2da"
"Ability","SuppressiveLine2","SuppressiveLine2","Harmful","2","ife_spprssvln20t","SWLOR_Haks\sw_2da\feat.2da"
"Ability","SurgeStrike1","SurgeStrike1","Harmful","1","ife_srgstrk120e","SWLOR_Haks\sw_2da\feat.2da"
"Ability","SurgeStrike2","SurgeStrike2","Harmful","2","ife_srgstrk220f","SWLOR_Haks\sw_2da\feat.2da"
"Ability","SweepingFlank1","SweepingFlank1","Harmful","1","ife_swpngflnk1ph","SWLOR_Haks\sw_2da\feat.2da"
"Ability","SweepingFlank2","SweepingFlank2","Harmful","2","ife_swpngflnk229","SWLOR_Haks\sw_2da\feat.2da"
"Ability","SweepingFlank3","SweepingFlank3","Harmful","3","ife_swpngflnk205","SWLOR_Haks\sw_2da\feat.2da"
"Ability","SweepingGuard1","SweepingGuard1","Harmful","1","ife_swpnggrd11pi","SWLOR_Haks\sw_2da\feat.2da"
"Ability","SweepingGuard2","SweepingGuard2","Beneficial","2","ife_swpnggrd2230","SWLOR_Haks\sw_2da\feat.2da"
"Ability","SystemicShutdown1","SystemicShutdown1","Harmful","1","ife_systmcsht1pj","SWLOR_Haks\sw_2da\feat.2da"
"Ability","TacticalEscape1","TacticalEscape1","Harmful","1","ife_tctclscp11pk","SWLOR_Haks\sw_2da\feat.2da"
"Ability","TacticalEscape2","TacticalEscape2","Harmful","2","ife_tctclscp21pl","SWLOR_Haks\sw_2da\feat.2da"
"Ability","TauntingDeflection1","TauntingDeflection1","Harmful","1","ife_tntngdflc1pm","SWLOR_Haks\sw_2da\feat.2da"
"Ability","TauntingDeflection2","TauntingDeflection2","Harmful","2","ife_tntngdflc20g","SWLOR_Haks\sw_2da\feat.2da"
"Ability","TauntingDeflection3","TauntingDeflection3","Harmful","3","ife_tntngdflc20h","SWLOR_Haks\sw_2da\feat.2da"
"Ability","TauntingDeflection4","TauntingDeflection4","Harmful","4","ife_tntngdflc20i","SWLOR_Haks\sw_2da\feat.2da"
"Ability","TempestBloom1","TempestBloom1","Harmful","1","ife_tmpstblm11pn","SWLOR_Haks\sw_2da\feat.2da"
"Ability","TempestRelease1","TempestRelease1","Harmful","1","ife_tmpstrls11po","SWLOR_Haks\sw_2da\feat.2da"
"Ability","TempestStance1","TempestStance1","Self","1","ife_tmpststnc1pp","SWLOR_Haks\sw_2da\feat.2da"
"Ability","ThermalDetonator1","ThermalDetonator1","Harmful","1","ife_thrmldtnt1u2","SWLOR_Haks\sw_2da\feat.2da"
"Ability","ThrowLightsaber1","ThrowLightsaber1","Harmful","1","ife_thrwlghts1zc","SWLOR_Haks\sw_2da\feat.2da"
"Ability","ThrowLightsaber2","ThrowLightsaber2","Harmful","2","ife_thrwlghts1ze","SWLOR_Haks\sw_2da\feat.2da"
"Ability","ThrowLightsaber3","ThrowLightsaber3","Harmful","3","ife_thrwlghts1zg","SWLOR_Haks\sw_2da\feat.2da"
"Ability","ThrowRock1","ThrowRock1","Harmful","1","ife_thrwrck11zb","SWLOR_Haks\sw_2da\feat.2da"
"Ability","ThrowRock2","ThrowRock2","Harmful","2","ife_thrwrck21zd","SWLOR_Haks\sw_2da\feat.2da"
"Ability","ThrowRock3","ThrowRock3","Harmful","3","ife_thrwrck31zf","SWLOR_Haks\sw_2da\feat.2da"
"Ability","TotalForceDenial1","TotalForceDenial1","Harmful","1","ife_ttlfrcdnl1pq","SWLOR_Haks\sw_2da\feat.2da"
"Ability","TranqCone1","TranqCone1","Control","1","ife_trnqcn11pu","SWLOR_Haks\sw_2da\feat.2da"
"Ability","TranqCone2","TranqCone2","Control","2","ife_trnqcn21pv","SWLOR_Haks\sw_2da\feat.2da"
"Ability","TranquilizerShot1","TranquilizerShot1","Control","1","ife_trnqlzrsh1qj","SWLOR_Haks\sw_2da\feat.2da"
"Ability","TranquilizerShot2","TranquilizerShot2","Control","2","ife_trnqlzrsh1ql","SWLOR_Haks\sw_2da\feat.2da"
"Ability","TreatmentKit1","TreatmentKit1","Beneficial","1","ife_trtmntkt11yd","SWLOR_Haks\sw_2da\feat.2da"
"Ability","TreatmentKit2","TreatmentKit2","Beneficial","2","ife_trtmntkt21sw","SWLOR_Haks\sw_2da\feat.2da"
"Ability","TreatmentKit3","TreatmentKit3","Beneficial","3","ife_trtmntkt31ts","SWLOR_Haks\sw_2da\feat.2da"
"Ability","TwinGuardStance1","TwinGuardStance1","Self","1","ife_twngrdstn1px","SWLOR_Haks\sw_2da\feat.2da"
"Ability","TwinIntercept1","TwinIntercept1","Beneficial","1","ife_twnntrcpt1py","SWLOR_Haks\sw_2da\feat.2da"
"Ability","TwinIntercept2","TwinIntercept2","Harmful","2","ife_twnntrcpt22w","SWLOR_Haks\sw_2da\feat.2da"
"Ability","TwinIntercept3","TwinIntercept3","Harmful","3","ife_twnntrcpt23c","SWLOR_Haks\sw_2da\feat.2da"
"Ability","TwinIntercept4","TwinIntercept4","Harmful","4","ife_twnntrcpt23d","SWLOR_Haks\sw_2da\feat.2da"
"Ability","TwinRupture1","TwinRupture1","Harmful","1","ife_twnrptr122e","SWLOR_Haks\sw_2da\feat.2da"
"Ability","TwinRupture2","TwinRupture2","Harmful","2","ife_twnrptr222i","SWLOR_Haks\sw_2da\feat.2da"
"Ability","UnbreakableBeast1","UnbreakableBeast1","Beneficial","1","ife_unbrkblbs1y7","SWLOR_Haks\sw_2da\feat.2da"
"Ability","UnmovingCenter1","UnmovingCenter1","Self","1","ife_unmvngcnt1pz","SWLOR_Haks\sw_2da\feat.2da"
"Ability","UntouchableInstinct1","UntouchableInstinct1","Beneficial","1","ife_untchblns1st","SWLOR_Haks\sw_2da\feat.2da"
"Ability","VersatileStrike1","VersatileStrike1","Harmful","1","ife_vrstlstrk1q1","SWLOR_Haks\sw_2da\feat.2da"
"Ability","VersatileStrike2","VersatileStrike2","Harmful","2","ife_vrstlstrk1q2","SWLOR_Haks\sw_2da\feat.2da"
"Ability","VersatileStrike3","VersatileStrike3","Harmful","3","ife_vrstlstrk1q3","SWLOR_Haks\sw_2da\feat.2da"
"Ability","VersatileStrike4","VersatileStrike4","Harmful","4","ife_vrstlstrk20b","SWLOR_Haks\sw_2da\feat.2da"
"Ability","VigorStance1","VigorStance1","Self","1","ife_vgrstnc1227","SWLOR_Haks\sw_2da\feat.2da"
"Ability","VigorThrust1","VigorThrust1","Harmful","1","ife_vgrthrst1225","SWLOR_Haks\sw_2da\feat.2da"
"Ability","VigorThrust2","VigorThrust2","Harmful","2","ife_vgrthrst2226","SWLOR_Haks\sw_2da\feat.2da"
"Ability","VigorThrust3","VigorThrust3","Harmful","3","ife_vgrthrst3228","SWLOR_Haks\sw_2da\feat.2da"
"Ability","VigorThrust4","VigorThrust4","Harmful","4","ife_vgrthrst4204","SWLOR_Haks\sw_2da\feat.2da"
"Ability","VitalRupture1","VitalRupture1","Harmful","1","ife_vtlrptr121g","SWLOR_Haks\sw_2da\feat.2da"
"Ability","VitalStrike1","VitalStrike1","Harmful","1","ife_vtlstrk11q4","SWLOR_Haks\sw_2da\feat.2da"
"Ability","WardBond1","WardBond1","Beneficial","1","ife_wrdbnd1237","SWLOR_Haks\sw_2da\feat.2da"
"Ability","WardBond2","WardBond2","Beneficial","2","ife_wrdbnd2238","SWLOR_Haks\sw_2da\feat.2da"
"Ability","WardBond3","WardBond3","Beneficial","3","ife_wrdbnd3239","SWLOR_Haks\sw_2da\feat.2da"
"Ability","WardBond4","WardBond4","Beneficial","4","ife_wrdbnd423a","SWLOR_Haks\sw_2da\feat.2da"
"Ability","WardingHowl1","WardingHowl1","Beneficial","1","ife_wrdnghwl11sz","SWLOR_Haks\sw_2da\feat.2da"
"Ability","WardingHowl2","WardingHowl2","Beneficial","2","ife_wrdnghwl21t3","SWLOR_Haks\sw_2da\feat.2da"
"Ability","WardingHowl3","WardingHowl3","Beneficial","3","ife_wrdnghwl31t9","SWLOR_Haks\sw_2da\feat.2da"
"Ability","WardStrike1","WardStrike1","Beneficial","1","ife_wrdstrk121m","SWLOR_Haks\sw_2da\feat.2da"
"Ability","WardStrike2","WardStrike2","Beneficial","2","ife_wrdstrk221n","SWLOR_Haks\sw_2da\feat.2da"
"Ability","WardStrike3","WardStrike3","Beneficial","3","ife_wrdstrk321p","SWLOR_Haks\sw_2da\feat.2da"
"Ability","WardStrike4","WardStrike4","Beneficial","4","ife_wrdstrk421r","SWLOR_Haks\sw_2da\feat.2da"
"Ability","WatchfulPresence1","WatchfulPresence1","Beneficial","1","ife_wtchflprs1yw","SWLOR_Haks\sw_2da\feat.2da"
"Ability","WatchfulPresence2","WatchfulPresence2","Beneficial","2","ife_wtchflprs1yz","SWLOR_Haks\sw_2da\feat.2da"
"Ability","WatchfulPresence3","WatchfulPresence3","Beneficial","3","ife_wtchflprs1z2","SWLOR_Haks\sw_2da\feat.2da"
"Ability","WeakenResolve1","WeakenResolve1","Harmful","1","ife_wknrslv11x3","SWLOR_Haks\sw_2da\feat.2da"
"Ability","WeakenResolve2","WeakenResolve2","Harmful","2","ife_wknrslv21xi","SWLOR_Haks\sw_2da\feat.2da"
"Ability","WeaponJam1","WeaponJam1","Harmful","1","ife_wpnjm11vr","SWLOR_Haks\sw_2da\feat.2da"
"Ability","WhirlingGuard1","WhirlingGuard1","Self","1","ife_whrlnggrd1q5","SWLOR_Haks\sw_2da\feat.2da"
"Ability","Worldbreaker1","Worldbreaker1","Harmful","1","ife_wrldbrkr11q8","SWLOR_Haks\sw_2da\feat.2da"
"Ability","WristRocket1","WristRocket1","Harmful","1","ife_wrstrckt11x4","SWLOR_Haks\sw_2da\feat.2da"
"Ability","WristRocket2","WristRocket2","Harmful","2","ife_wrstrckt21xh","SWLOR_Haks\sw_2da\feat.2da"
"Ability","WristRocket3","WristRocket3","Harmful","3","ife_wrstrckt31xv","SWLOR_Haks\sw_2da\feat.2da"
"Feat","AccessoryBlueprints1","AccessoryBlueprints1","Passive","1","ife_bp_ring","SWLOR_Haks\sw_2da\feat.2da"
"Feat","AdaptivePrecisionStrikeTrait","AdaptivePrecisionStrikeTrait","Passive",,"ife_adpt_665","SWLOR_Haks\sw_2da\feat.2da"
"Feat","AfflictionMasteryTrait","AfflictionMasteryTrait","Passive",,"ife_affl_mstry","SWLOR_Haks\sw_2da\feat.2da"
"Feat","AlacrityTrait","AlacrityTrait","Passive",,"ife_alac","SWLOR_Haks\sw_2da\feat.2da"
"Feat","AmbushTacticsTrait","AmbushTacticsTrait","Passive",,"ife_amb_tacti","SWLOR_Haks\sw_2da\feat.2da"
"Feat","AngerStrikeTrait","AngerStrikeTrait","Passive",,"ife_angr_strik","SWLOR_Haks\sw_2da\feat.2da"
"Feat","ArcStrikeTrait","ArcStrikeTrait","Passive",,"ife_arc_strik","SWLOR_Haks\sw_2da\feat.2da"
"Feat","ArmorBlueprints1","ArmorBlueprints1","Passive","1","ife_bp_shield","SWLOR_Haks\sw_2da\feat.2da"
"Feat","ArterialReadingTrait","ArterialReadingTrait","Passive",,"ife_artrlrdng13i","SWLOR_Haks\sw_2da\feat.2da"
"Feat","AssassinsFocusTrait","AssassinsFocusTrait","Passive",,"ife_asn_foc","SWLOR_Haks\sw_2da\feat.2da"
"Feat","BalancedAttunementTrait","BalancedAttunementTrait","Passive",,"ife_bal_attn","SWLOR_Haks\sw_2da\feat.2da"
"Feat","BalancedCurrentTrait","BalancedCurrentTrait","Passive",,"ife_blncdcrrn13j","SWLOR_Haks\sw_2da\feat.2da"
"Feat","BallisticMasteryTrait","BallisticMasteryTrait","Passive",,"ife_ball_mstry","SWLOR_Haks\sw_2da\feat.2da"
"Feat","BeaconTargetingTrait","BeaconTargetingTrait","Passive",,"ife_beaco_targe","SWLOR_Haks\sw_2da\feat.2da"
"Feat","BeastBloodFrenzyTrait","BeastBloodFrenzyTrait","Passive",,"ife_bst_bloo_2d5","SWLOR_Haks\sw_2da\feat.2da"
"Feat","Bite","Bite","Harmful",,"bite","SWLOR_Haks\sw_2da\feat.2da"
"Feat","BladeBlitzTrait","BladeBlitzTrait","Passive",,"ife_blade_blitz","SWLOR_Haks\sw_2da\feat.2da"
"Feat","BlastRadiusTrait","BlastRadiusTrait","Passive",,"ife_blast_rad","SWLOR_Haks\sw_2da\feat.2da"
"Feat","BleedersEyeTrait","BleedersEyeTrait","Passive",,"ife_bleed_eye","SWLOR_Haks\sw_2da\feat.2da"
"Feat","BleedingTempoTrait","BleedingTempoTrait","Passive",,"ife_bldngtmpt13y","SWLOR_Haks\sw_2da\feat.2da"
"Feat","BleedSpreadTrait","BleedSpreadTrait","Passive",,"ife_bldsprdtr13f","SWLOR_Haks\sw_2da\feat.2da"
"Feat","BloodFrenzyTrait","BloodFrenzyTrait","Passive",,"ife_blood_frenz","SWLOR_Haks\sw_2da\feat.2da"
"Feat","BloodlustTrait","BloodlustTrait","Passive",,"ife_lust","SWLOR_Haks\sw_2da\feat.2da"
"Feat","BloodPatternTrait","BloodPatternTrait","Passive",,"ife_bldpttrnt130","SWLOR_Haks\sw_2da\feat.2da"
"Feat","BloodseekerTrait","BloodseekerTrait","Passive",,"ife_blood","SWLOR_Haks\sw_2da\feat.2da"
"Feat","BloodWakeTrait","BloodWakeTrait","Passive",,"ife_bldwktrt13e","SWLOR_Haks\sw_2da\feat.2da"
"Feat","BloodWeaponTrait","BloodWeaponTrait","Passive",,"ife_blood_wpn","SWLOR_Haks\sw_2da\feat.2da"
"Feat","BodyguardsResolveTrait","BodyguardsResolveTrait","Passive",,"ife_bodyg_resol","SWLOR_Haks\sw_2da\feat.2da"
"Feat","BolsterResolveTrait","BolsterResolveTrait","Passive",,"ife_bolst_resol","SWLOR_Haks\sw_2da\feat.2da"
"Feat","BombardiersRhythmTrait","BombardiersRhythmTrait","Passive",,"ife_bomb_rhy","SWLOR_Haks\sw_2da\feat.2da"
"Feat","BreachRoundTrait","BreachRoundTrait","Passive",,"ife_brch_round","SWLOR_Haks\sw_2da\feat.2da"
"Feat","BreachStrikeTrait","BreachStrikeTrait","Passive",,"ife_brch_strik","SWLOR_Haks\sw_2da\feat.2da"
"Feat","BreakerReversalTrait","BreakerReversalTrait","Passive",,"ife_brkr_rev","SWLOR_Haks\sw_2da\feat.2da"
"Feat","BreakPostureTrait","BreakPostureTrait","Passive",,"ife_brk_postu","SWLOR_Haks\sw_2da\feat.2da"
"Feat","BrutalEfficiencyTrait","BrutalEfficiencyTrait","Passive",,"ife_brut_effic","SWLOR_Haks\sw_2da\feat.2da"
"Feat","BulwarkTrait","BulwarkTrait","Passive",,"ife_bulw","SWLOR_Haks\sw_2da\feat.2da"
"Feat","CalculatedStrikesTrait","CalculatedStrikesTrait","Passive",,"ife_calc_strik","SWLOR_Haks\sw_2da\feat.2da"
"Feat","CallBeast","CallBeast","Utility",,"ife_callbeast","SWLOR_Haks\sw_2da\feat.2da"
"Feat","CascadeFailureTrait","CascadeFailureTrait","Passive",,"ife_casc_failu","SWLOR_Haks\sw_2da\feat.2da"
"Feat","CenteringTrait","CenteringTrait","Passive",,"ife_cent","SWLOR_Haks\sw_2da\feat.2da"
"Feat","CenterlineGuardTrait","CenterlineGuardTrait","Passive",,"ife_cline_grd","SWLOR_Haks\sw_2da\feat.2da"
"Feat","Charge","Charge","Harmful",,"ife_lead_charge","SWLOR_Haks\sw_2da\feat.2da"
"Feat","ChargedBlowsTrait","ChargedBlowsTrait","Passive",,"ife_chrgdblws13p","SWLOR_Haks\sw_2da\feat.2da"
"Feat","ChatCommandTargeter","ChatCommandTargeter","Utility",,"ife_farshot","SWLOR_Haks\sw_2da\feat.2da;SWLOR_Haks\sw_2da\spells.2da"
"Feat","CityManagementTrait","CityManagementTrait","Passive",,"ife_city_mgmt","SWLOR_Haks\sw_2da\feat.2da"
"Feat","ClusterPouchTrait","ClusterPouchTrait","Passive",,"ife_clust_pouch","SWLOR_Haks\sw_2da\feat.2da"
"Feat","ClusterStormTrait","ClusterStormTrait","Passive",,"ife_clust_storm","SWLOR_Haks\sw_2da\feat.2da"
"Feat","CoagulantTrait","CoagulantTrait","Passive",,"ife_coagu","SWLOR_Haks\sw_2da\feat.2da"
"Feat","CobraReflexesTrait","CobraReflexesTrait","Passive",,"ife_cobra_refle","SWLOR_Haks\sw_2da\feat.2da"
"Feat","CollapseWillTrait","CollapseWillTrait","Passive",,"ife_colla_will","SWLOR_Haks\sw_2da\feat.2da"
"Feat","CombatMomentumTrait","CombatMomentumTrait","Passive",,"ife_cmbtmmntm12x","SWLOR_Haks\sw_2da\feat.2da"
"Feat","ComboPressureTrait","ComboPressureTrait","Passive",,"ife_cmbprssrt132","SWLOR_Haks\sw_2da\feat.2da"
"Feat","CommandRadiusTrait","CommandRadiusTrait","Passive",,"ife_comma_radiu","SWLOR_Haks\sw_2da\feat.2da"
"Feat","ConduitFlareTrait","ConduitFlareTrait","Passive",,"ife_cond_flare","SWLOR_Haks\sw_2da\feat.2da"
"Feat","ConduitTrainingTrait","ConduitTrainingTrait","Passive",,"ife_cond_train","SWLOR_Haks\sw_2da\feat.2da"
"Feat","ContainmentNetTrait","ContainmentNetTrait","Passive",,"ife_cont_net","SWLOR_Haks\sw_2da\feat.2da"
"Feat","CourageousResolveTrait","CourageousResolveTrait","Passive",,"ife_coura_resol","SWLOR_Haks\sw_2da\feat.2da"
"Feat","CoveringClawsTrait","CoveringClawsTrait","Passive",,"ife_cov_claws","SWLOR_Haks\sw_2da\feat.2da"
"Feat","CreditFinderTrait","CreditFinderTrait","Passive",,"ife_cred_find","SWLOR_Haks\sw_2da\feat.2da"
"Feat","CrimsonFuryTrait","CrimsonFuryTrait","Passive",,"ife_crim_fury","SWLOR_Haks\sw_2da\feat.2da"
"Feat","CripplingDefenseTrait","CripplingDefenseTrait","Passive",,"ife_crip_defen","SWLOR_Haks\sw_2da\feat.2da"
"Feat","CripplingPrecisionTrait","CripplingPrecisionTrait","Passive",,"ife_crip_prec","SWLOR_Haks\sw_2da\feat.2da"
"Feat","CriticalWardTrait","CriticalWardTrait","Passive",,"ife_crit_ward","SWLOR_Haks\sw_2da\feat.2da"
"Feat","CruelMomentumTrait","CruelMomentumTrait","Passive",,"ife_cruel_mom","SWLOR_Haks\sw_2da\feat.2da"
"Feat","CrushingBlowTrait","CrushingBlowTrait","Passive",,"ife_crush_blow","SWLOR_Haks\sw_2da\feat.2da"
"Feat","CrushingMasteryTrait","CrushingMasteryTrait","Passive",,"ife_crush_mstry","SWLOR_Haks\sw_2da\feat.2da"
"Feat","CrushingStyleTrait","CrushingStyleTrait","Passive",,"ife_crush_style","SWLOR_Haks\sw_2da\feat.2da"
"Feat","CycloneMasteryTrait","CycloneMasteryTrait","Passive",,"ife_cycl_mstry","SWLOR_Haks\sw_2da\feat.2da"
"Feat","DampeningFieldTrait","DampeningFieldTrait","Passive",,"ife_dampe_fld","SWLOR_Haks\sw_2da\feat.2da"
"Feat","DeadCenterTrait","DeadCenterTrait","Passive",,"ife_dead_cente","SWLOR_Haks\sw_2da\feat.2da"
"Feat","DeadeyeMasteryTrait","DeadeyeMasteryTrait","Passive",,"ife_eye_mstry","SWLOR_Haks\sw_2da\feat.2da"
"Feat","DeadeyeReloadTrait","DeadeyeReloadTrait","Passive",,"ife_eye_reload","SWLOR_Haks\sw_2da\feat.2da"
"Feat","Dedication","Dedication","Harmful",,"ife_lead_dedic","SWLOR_Haks\sw_2da\feat.2da"
"Feat","DeepWoundTrait","DeepWoundTrait","Passive",,"ife_deep_wound","SWLOR_Haks\sw_2da\feat.2da"
"Feat","DefensiveHarmonyTrait","DefensiveHarmonyTrait","Passive",,"ife_def_harmo","SWLOR_Haks\sw_2da\feat.2da"
"Feat","DefensiveModulesTrait","DefensiveModulesTrait","Passive",,"ife_def_modul","SWLOR_Haks\sw_2da\feat.2da"
"Feat","DeflectionCounterTrait","DeflectionCounterTrait","Passive",,"ife_defl_count","SWLOR_Haks\sw_2da\feat.2da"
"Feat","DeflectionMasteryTrait","DeflectionMasteryTrait","Passive",,"ife_defl_mstry","SWLOR_Haks\sw_2da\feat.2da"
"Feat","DeflectionRiposteTrait","DeflectionRiposteTrait","Passive",,"ife_defl_ripos","SWLOR_Haks\sw_2da\feat.2da"
"Feat","DeflectionTrainingTrait","DeflectionTrainingTrait","Passive",,"ife_defl_train","SWLOR_Haks\sw_2da\feat.2da"
"Feat","DeflectivePresenceTrait","DeflectivePresenceTrait","Passive",,"ife_defl_pres","SWLOR_Haks\sw_2da\feat.2da"
"Feat","DevouringStrikeTrait","DevouringStrikeTrait","Passive",,"ife_devou_strik","SWLOR_Haks\sw_2da\feat.2da"
"Feat","DiagnosticSweepTrait","DiagnosticSweepTrait","Passive",,"ife_diagn_sweep","SWLOR_Haks\sw_2da\feat.2da"
"Feat","DisruptionExpertTrait","DisruptionExpertTrait","Passive",,"ife_disrp_exper","SWLOR_Haks\sw_2da\feat.2da"
"Feat","DNAManipulationTrait","DNAManipulationTrait","Passive",,"ife_dna_manip","SWLOR_Haks\sw_2da\feat.2da"
"Feat","DroidAssemblyTrait","DroidAssemblyTrait","Passive",,"ife_droid_asm","SWLOR_Haks\sw_2da\feat.2da"
"Feat","DualWieldTrait","DualWieldTrait","Passive",,"ife_dual_wield","SWLOR_Haks\sw_2da\feat.2da"
"Feat","DuelistsDistanceTrait","DuelistsDistanceTrait","Passive",,"ife_duel_dista","SWLOR_Haks\sw_2da\feat.2da"
"Feat","Earthquake","Earthquake","Harmful",,"earthquake","SWLOR_Haks\sw_2da\feat.2da"
"Feat","EdgeRhythmTrait","EdgeRhythmTrait","Passive",,"ife_edge_rhy","SWLOR_Haks\sw_2da\feat.2da"
"Feat","EmergencySealantTrait","EmergencySealantTrait","Passive",,"ife_emerg_seala","SWLOR_Haks\sw_2da\feat.2da"
"Feat","EnduranceLinkTrait","EnduranceLinkTrait","Passive",,"ife_endur_link","SWLOR_Haks\sw_2da\feat.2da"
"Feat","EnergizedFormsTrait","EnergizedFormsTrait","Passive",,"ife_energ_forms","SWLOR_Haks\sw_2da\feat.2da"
"Feat","EnergyManagementTrait","EnergyManagementTrait","Passive",,"ife_energ_mgmt","SWLOR_Haks\sw_2da\feat.2da"
"Feat","ErosionStrikeTrait","ErosionStrikeTrait","Passive",,"ife_eros_strik","SWLOR_Haks\sw_2da\feat.2da"
"Feat","ErraticGeniusTrait","ErraticGeniusTrait","Passive",,"ife_err_gen","SWLOR_Haks\sw_2da\feat.2da"
"Feat","EssenceHunterTrait","EssenceHunterTrait","Passive",,"ife_ess_hunt","SWLOR_Haks\sw_2da\feat.2da"
"Feat","EssenceTapTrait","EssenceTapTrait","Passive",,"ife_ess_tap","SWLOR_Haks\sw_2da\feat.2da"
"Feat","EvasiveCombatTrait","EvasiveCombatTrait","Passive",,"ife_evas_comba","SWLOR_Haks\sw_2da\feat.2da"
"Feat","EvasiveReloadTrait","EvasiveReloadTrait","Passive",,"ife_evas_reload","SWLOR_Haks\sw_2da\feat.2da"
"Feat","ExecutionerTrait","ExecutionerTrait","Passive",,"ife_exec","SWLOR_Haks\sw_2da\feat.2da"
"Feat","ExploitWeaknessTrait","ExploitWeaknessTrait","Passive",,"ife_xpl_weakn","SWLOR_Haks\sw_2da\feat.2da"
"Feat","ExposeWeakPointTrait","ExposeWeakPointTrait","Passive",,"ife_xpos_weak_pt","SWLOR_Haks\sw_2da\feat.2da"
"Feat","FieldPharmacistTrait","FieldPharmacistTrait","Passive",,"ife_fld_pharm","SWLOR_Haks\sw_2da\feat.2da"
"Feat","FieldSedativesTrait","FieldSedativesTrait","Passive",,"ife_fld_sedat","SWLOR_Haks\sw_2da\feat.2da"
"Feat","FireBreath","FireBreath","Harmful",,"fire_breath","SWLOR_Haks\sw_2da\feat.2da"
"Feat","FlankingTrait","FlankingTrait","Passive",,"ife_flank","SWLOR_Haks\sw_2da\feat.2da"
"Feat","FlowingDefenseTrait","FlowingDefenseTrait","Passive",,"ife_flow_defen","SWLOR_Haks\sw_2da\feat.2da"
"Feat","FlowingFootworkTrait","FlowingFootworkTrait","Passive",,"ife_flow_footw","SWLOR_Haks\sw_2da\feat.2da"
"Feat","FlowOfTheMaelstromTrait","FlowOfTheMaelstromTrait","Passive",,"ife_flow_mael","SWLOR_Haks\sw_2da\feat.2da"
"Feat","FlurryBleedTrait","FlurryBleedTrait","Passive",,"ife_flrrybldt13x","SWLOR_Haks\sw_2da\feat.2da"
"Feat","FlurryStyleTrait","FlurryStyleTrait","Passive",,"ife_flurr_style","SWLOR_Haks\sw_2da\feat.2da"
"Feat","FocusAttentionTrait","FocusAttentionTrait","Passive",,"ife_foc_atten","SWLOR_Haks\sw_2da\feat.2da"
"Feat","ForcebaneTrait","ForcebaneTrait","Passive",,"ife_fbane","SWLOR_Haks\sw_2da\feat.2da"
"Feat","ForceConvergenceTrait","ForceConvergenceTrait","Passive",,"ife_force_conve","SWLOR_Haks\sw_2da\feat.2da"
"Feat","ForceDrain4","ForceDrain4","Harmful","4","ife_fdrain4","SWLOR_Haks\sw_2da\feat.2da;SWLOR_Haks\sw_2da\spells.2da"
"Feat","ForceDrain5","ForceDrain5","Harmful","5","ife_fdrain5","SWLOR_Haks\sw_2da\feat.2da;SWLOR_Haks\sw_2da\spells.2da"
"Feat","ForceGyreTrait","ForceGyreTrait","Passive",,"ife_force_gyre","SWLOR_Haks\sw_2da\feat.2da"
"Feat","ForceLeap3","ForceLeap3","Harmful","3","ife_force_leap","SWLOR_Haks\sw_2da\feat.2da"
"Feat","ForceLensTrait","ForceLensTrait","Passive",,"ife_force_lens","SWLOR_Haks\sw_2da\feat.2da"
"Feat","ForceLightning3","ForceLightning3","Harmful","3","ife_fzap3","SWLOR_Haks\sw_2da\feat.2da;SWLOR_Haks\sw_2da\spells.2da"
"Feat","ForceLightning4","ForceLightning4","Harmful","4","ife_fzap4","SWLOR_Haks\sw_2da\feat.2da;SWLOR_Haks\sw_2da\spells.2da"
"Feat","ForceLinkTrait","ForceLinkTrait","Passive",,"ife_force_link","SWLOR_Haks\sw_2da\feat.2da"
"Feat","ForceMendTrait","ForceMendTrait","Passive",,"ife_force_mend","SWLOR_Haks\sw_2da\feat.2da"
"Feat","ForceMomentumTrait","ForceMomentumTrait","Passive",,"ife_force_mom","SWLOR_Haks\sw_2da\feat.2da"
"Feat","ForceNullificationTrait","ForceNullificationTrait","Passive",,"ife_force_null","SWLOR_Haks\sw_2da\feat.2da"
"Feat","ForcePiercingTrait","ForcePiercingTrait","Passive",,"ife_force_pierce","SWLOR_Haks\sw_2da\feat.2da"
"Feat","ForceWardingTrait","ForceWardingTrait","Passive",,"ife_force_ward","SWLOR_Haks\sw_2da\feat.2da"
"Feat","FortifiedPositionTrait","FortifiedPositionTrait","Passive",,"ife_fort_posit","SWLOR_Haks\sw_2da\feat.2da"
"Feat","FractureStrikeTrait","FractureStrikeTrait","Passive",,"ife_fract_strik","SWLOR_Haks\sw_2da\feat.2da"
"Feat","FrenziedShout","FrenziedShout","Harmful",,"ife_lead_frenzy","SWLOR_Haks\sw_2da\feat.2da"
"Feat","FurnitureBlueprints1","FurnitureBlueprints1","Passive","1","ife_bp_furn","SWLOR_Haks\sw_2da\feat.2da"
"Feat","GadgetHarnessTrait","GadgetHarnessTrait","Passive",,"ife_gadge_harne","SWLOR_Haks\sw_2da\feat.2da"
"Feat","GuardedFlowTrait","GuardedFlowTrait","Passive",,"ife_grded_flow","SWLOR_Haks\sw_2da\feat.2da"
"Feat","GuardianReflexesTrait","GuardianReflexesTrait","Passive",,"ife_guard_refle","SWLOR_Haks\sw_2da\feat.2da"
"Feat","GuardiansInfluenceTrait","GuardiansInfluenceTrait","Passive",,"ife_guard_influ","SWLOR_Haks\sw_2da\feat.2da"
"Feat","GuardiansOathTrait","GuardiansOathTrait","Passive",,"ife_grdnsthtr136","SWLOR_Haks\sw_2da\feat.2da"
"Feat","GuardiansReapingTrait","GuardiansReapingTrait","Passive",,"ife_guard_reapi","SWLOR_Haks\sw_2da\feat.2da"
"Feat","GuardiansResolveTrait","GuardiansResolveTrait","Passive",,"ife_guard_resol","SWLOR_Haks\sw_2da\feat.2da"
"Feat","GuardiansRiposteTrait","GuardiansRiposteTrait","Passive",,"ife_guard_ripos","SWLOR_Haks\sw_2da\feat.2da"
"Feat","GuardingBond","GuardingBond","Self",,"ife_guardbond","SWLOR_Haks\sw_2da\feat.2da"
"Feat","GuardingStepTrait","GuardingStepTrait","Passive",,"ife_grd_step","SWLOR_Haks\sw_2da\feat.2da"
"Feat","GuardReversalTrait","GuardReversalTrait","Passive",,"ife_grdrvrslt139","SWLOR_Haks\sw_2da\feat.2da"
"Feat","GuardTrainingTrait","GuardTrainingTrait","Passive",,"ife_grd_train","SWLOR_Haks\sw_2da\feat.2da"
"Feat","GuildRelationsTrait","GuildRelationsTrait","Passive",,"ife_guild_rel","SWLOR_Haks\sw_2da\feat.2da"
"Feat","HardLook1","HardLook1","Passive","1","ife_hecteye","SWLOR_Haks\sw_2da\feat.2da"
"Feat","HarmonicRestorationTrait","HarmonicRestorationTrait","Passive",,"ife_harm_rest","SWLOR_Haks\sw_2da\feat.2da"
"Feat","Harvesting1","Harvesting1","Passive","1","ife_Miner","SWLOR_Haks\sw_2da\feat.2da"
"Feat","HeavyHandsTrait","HeavyHandsTrait","Passive",,"ife_hvy_hands","SWLOR_Haks\sw_2da\feat.2da"
"Feat","HighGuardTrait","HighGuardTrait","Passive",,"ife_hghgrdtrt13c","SWLOR_Haks\sw_2da\feat.2da"
"Feat","HighNoonTrait","HighNoonTrait","Passive",,"ife_hi_noon","SWLOR_Haks\sw_2da\feat.2da"
"Feat","HuntersFocusTrait","HuntersFocusTrait","Passive",,"ife_hunt_foc","SWLOR_Haks\sw_2da\feat.2da"
"Feat","ImpenetrableGripTrait","ImpenetrableGripTrait","Passive",,"ife_impen_grip","SWLOR_Haks\sw_2da\feat.2da"
"Feat","ImprovedAttentivenessTrait","ImprovedAttentivenessTrait","Passive",,"ife_imp_atten","SWLOR_Haks\sw_2da\feat.2da"
"Feat","IncubationManagementTrait","IncubationManagementTrait","Passive",,"ife_incub_mgmt","SWLOR_Haks\sw_2da\feat.2da"
"Feat","IncubationProcessingTrait","IncubationProcessingTrait","Passive",,"ife_incub_proc","SWLOR_Haks\sw_2da\feat.2da"
"Feat","IntuitivePilotingTrait","IntuitivePilotingTrait","Passive",,"ife_intu_pilot","SWLOR_Haks\sw_2da\feat.2da"
"Feat","IronElbowsTrait","IronElbowsTrait","Passive",,"ife_iron_elbow","SWLOR_Haks\sw_2da\feat.2da"
"Feat","IronGripTrait","IronGripTrait","Passive",,"ife_irngrptrt13o","SWLOR_Haks\sw_2da\feat.2da"
"Feat","IronGuardTrainingTrait","IronGuardTrainingTrait","Passive",,"ife_irngrdtrn12z","SWLOR_Haks\sw_2da\feat.2da"
"Feat","IronShell","IronShell","Beneficial",,"iron_shell","SWLOR_Haks\sw_2da\feat.2da"
"Feat","KillZoneTrait","KillZoneTrait","Passive",,"ife_kill_zone","SWLOR_Haks\sw_2da\feat.2da"
"Feat","KitingInstinctTrait","KitingInstinctTrait","Passive",,"ife_kite_inst","SWLOR_Haks\sw_2da\feat.2da"
"Feat","LastGuardianTrait","LastGuardianTrait","Passive",,"ife_last_guard","SWLOR_Haks\sw_2da\feat.2da"
"Feat","LastStandTrait","LastStandTrait","Passive",,"ife_last_stand","SWLOR_Haks\sw_2da\feat.2da"
"Feat","LateralFootworkTrait","LateralFootworkTrait","Passive",,"ife_ltrlftwrk13b","SWLOR_Haks\sw_2da\feat.2da"
"Feat","LateralStrikeTrait","LateralStrikeTrait","Passive",,"ife_lat_strik","SWLOR_Haks\sw_2da\feat.2da"
"Feat","LifeSiphonTrait","LifeSiphonTrait","Passive",,"ife_life_sipho","SWLOR_Haks\sw_2da\feat.2da"
"Feat","LightGuardianDeflectivePresenceTrait","LightGuardianDeflectivePresenceTrait","Passive",,"ife_lght_722","SWLOR_Haks\sw_2da\feat.2da"
"Feat","LowShotTrait","LowShotTrait","Passive",,"ife_low_shot","SWLOR_Haks\sw_2da\feat.2da"
"Feat","LuckyChamberTrait","LuckyChamberTrait","Passive",,"ife_lckychmbr13s","SWLOR_Haks\sw_2da\feat.2da"
"Feat","MarkedForDeathTrait","MarkedForDeathTrait","Passive",,"ife_mark_for_387","SWLOR_Haks\sw_2da\feat.2da"
"Feat","MarkedTempoTrait","MarkedTempoTrait","Passive",,"ife_mark_tempo","SWLOR_Haks\sw_2da\feat.2da"
"Feat","MarkingTossTrait","MarkingTossTrait","Passive",,"ife_mark_toss","SWLOR_Haks\sw_2da\feat.2da"
"Feat","MarkTargetTrait","MarkTargetTrait","Passive",,"ife_mark_targe","SWLOR_Haks\sw_2da\feat.2da"
"Feat","MeasuredCutsTrait","MeasuredCutsTrait","Passive",,"ife_msrdctstr134","SWLOR_Haks\sw_2da\feat.2da"
"Feat","MedicalInjectorRigTrait","MedicalInjectorRigTrait","Passive",,"ife_medi_rig_1f7","SWLOR_Haks\sw_2da\feat.2da"
"Feat","MindfulHideTrait","MindfulHideTrait","Passive",,"ife_mind_hide","SWLOR_Haks\sw_2da\feat.2da"
"Feat","MiningModulesTrait","MiningModulesTrait","Passive",,"ife_minin_modul","SWLOR_Haks\sw_2da\feat.2da"
"Feat","MirrorStepTrait","MirrorStepTrait","Passive",,"ife_mirr_step","SWLOR_Haks\sw_2da\feat.2da"
"Feat","MobileFootworkTrait","MobileFootworkTrait","Passive",,"ife_mob_footw","SWLOR_Haks\sw_2da\feat.2da"
"Feat","MomentumTrait","MomentumTrait","Passive",,"ife_mmntmtrt122","SWLOR_Haks\sw_2da\feat.2da"
"Feat","NeurotoxinMasteryTrait","NeurotoxinMasteryTrait","Passive",,"ife_neuro_mstry","SWLOR_Haks\sw_2da\feat.2da"
"Feat","NeutralizingShotTrait","NeutralizingShotTrait","Passive",,"ife_neut_shot","SWLOR_Haks\sw_2da\feat.2da"
"Feat","OffensiveModulesTrait","OffensiveModulesTrait","Passive",,"ife_offen_modul","SWLOR_Haks\sw_2da\feat.2da"
"Feat","OpenArteryTrait","OpenArteryTrait","Passive",,"ife_opnrtrytr133","SWLOR_Haks\sw_2da\feat.2da"
"Feat","OpportunistsFlowTrait","OpportunistsFlowTrait","Passive",,"ife_opp_flow","SWLOR_Haks\sw_2da\feat.2da"
"Feat","OpportunistTrait","OpportunistTrait","Passive",,"ife_opp","SWLOR_Haks\sw_2da\feat.2da"
"Feat","OverchargeTrait","OverchargeTrait","Passive",,"ife_ovchg","SWLOR_Haks\sw_2da\feat.2da"
"Feat","OverclockRoutineTrait","OverclockRoutineTrait","Passive",,"ife_overc_routi","SWLOR_Haks\sw_2da\feat.2da"
"Feat","OverwatchTrait","OverwatchTrait","Passive",,"ife_ovwat","SWLOR_Haks\sw_2da\feat.2da"
"Feat","OverwhelmingDefenseTrait","OverwhelmingDefenseTrait","Passive",,"ife_over_defen","SWLOR_Haks\sw_2da\feat.2da"
"Feat","OverwhelmingStrikeTrait","OverwhelmingStrikeTrait","Passive",,"ife_over_strik","SWLOR_Haks\sw_2da\feat.2da"
"Feat","PackRecoveryTrait","PackRecoveryTrait","Passive",,"ife_pack_recov","SWLOR_Haks\sw_2da\feat.2da"
"Feat","PackRhythmTrait","PackRhythmTrait","Passive",,"ife_pack_rhy","SWLOR_Haks\sw_2da\feat.2da"
"Feat","PatienceTrait","PatienceTrait","Passive",,"ife_ptnctrt13v","SWLOR_Haks\sw_2da\feat.2da"
"Feat","PatientSentinelTrait","PatientSentinelTrait","Passive",,"ife_pat_sent","SWLOR_Haks\sw_2da\feat.2da"
"Feat","PayloadPouchTrait","PayloadPouchTrait","Passive",,"ife_pyldpchtr13w","SWLOR_Haks\sw_2da\feat.2da"
"Feat","PerfectBalanceTrait","PerfectBalanceTrait","Passive",,"ife_perf_balan","SWLOR_Haks\sw_2da\feat.2da"
"Feat","PerfectFootworkTrait","PerfectFootworkTrait","Passive",,"ife_perf_footw","SWLOR_Haks\sw_2da\feat.2da"
"Feat","PinningFireTrait","PinningFireTrait","Passive",,"ife_pin_fire","SWLOR_Haks\sw_2da\feat.2da"
"Feat","PowerSurgeTrait","PowerSurgeTrait","Passive",,"ife_power_surge","SWLOR_Haks\sw_2da\feat.2da"
"Feat","PrecisionArcTrait","PrecisionArcTrait","Passive",,"ife_prec_arc","SWLOR_Haks\sw_2da\feat.2da"
"Feat","PrecisionStrikesTrait","PrecisionStrikesTrait","Passive",,"ife_prec_strik","SWLOR_Haks\sw_2da\feat.2da"
"Feat","PrecognitionTrait","PrecognitionTrait","Passive",,"ife_precog","SWLOR_Haks\sw_2da\feat.2da"
"Feat","PredatorsMarkTrait","PredatorsMarkTrait","Passive",,"ife_pred_mark","SWLOR_Haks\sw_2da\feat.2da"
"Feat","PredatoryBond","PredatoryBond","Self",,"ife_predbond","SWLOR_Haks\sw_2da\feat.2da"
"Feat","PredatoryPressureTrait","PredatoryPressureTrait","Passive",,"ife_prdtryprs13g","SWLOR_Haks\sw_2da\feat.2da"
"Feat","Provoke1","Provoke1","Harmful","1","ife_provoke","SWLOR_Haks\sw_2da\feat.2da;SWLOR_Haks\sw_2da\spells.2da"
"Feat","Provoke2","Provoke2","Harmful","2","ife_provoke2","SWLOR_Haks\sw_2da\feat.2da;SWLOR_Haks\sw_2da\spells.2da"
"Feat","PunishingAngleTrait","PunishingAngleTrait","Passive",,"ife_pun_angle","SWLOR_Haks\sw_2da\feat.2da"
"Feat","PurifyTrait","PurifyTrait","Passive",,"ife_purif","SWLOR_Haks\sw_2da\feat.2da"
"Feat","QuickRecoveryTrait","QuickRecoveryTrait","Passive",,"ife_quick_recov","SWLOR_Haks\sw_2da\feat.2da"
"Feat","RapidShotTrait","RapidShotTrait","Passive",,"ife_rapid_shot","SWLOR_Haks\sw_2da\feat.2da"
"Feat","RayshieldScreenTrait","RayshieldScreenTrait","Passive",,"ife_raysh_scree","SWLOR_Haks\sw_2da\feat.2da"
"Feat","ReactiveDeflectionTrait","ReactiveDeflectionTrait","Passive",,"ife_react_defl","SWLOR_Haks\sw_2da\feat.2da"
"Feat","ReactiveWardTrait","ReactiveWardTrait","Passive",,"ife_rctvwrdtr137","SWLOR_Haks\sw_2da\feat.2da"
"Feat","RedirectingCounterTrait","RedirectingCounterTrait","Passive",,"ife_rdrctngcn138","SWLOR_Haks\sw_2da\feat.2da"
"Feat","RedirectingGuardTrait","RedirectingGuardTrait","Passive",,"ife_redir_grd","SWLOR_Haks\sw_2da\feat.2da"
"Feat","RefineryManagement1","RefineryManagement1","Passive","1","ife_broil","SWLOR_Haks\sw_2da\feat.2da"
"Feat","Refining1","Refining1","Passive","1","ife_rock_buster","SWLOR_Haks\sw_2da\feat.2da"
"Feat","ReflectiveBarrierTrait","ReflectiveBarrierTrait","Passive",,"ife_refle_barri","SWLOR_Haks\sw_2da\feat.2da"
"Feat","Rejuvenation","Rejuvenation","Harmful",,"ife_lead_rejuv","SWLOR_Haks\sw_2da\feat.2da"
"Feat","ReloadTempoTrait","ReloadTempoTrait","Passive",,"ife_reload_tempo","SWLOR_Haks\sw_2da\feat.2da"
"Feat","RenameCraftedItem","RenameCraftedItem","Utility",,"ife_bmech","SWLOR_Haks\sw_2da\feat.2da;SWLOR_Haks\sw_2da\spells.2da"
"Feat","ResearchProjectsTrait","ResearchProjectsTrait","Passive",,"ife_rsrch_proj","SWLOR_Haks\sw_2da\feat.2da"
"Feat","ResearchTrait","ResearchTrait","Passive",,"ife_rsrch","SWLOR_Haks\sw_2da\feat.2da"
"Feat","RestorationStrikeTrait","RestorationStrikeTrait","Passive",,"ife_rest_strik","SWLOR_Haks\sw_2da\feat.2da"
"Feat","RetaliatoryFlowTrait","RetaliatoryFlowTrait","Passive",,"ife_retal_flow","SWLOR_Haks\sw_2da\feat.2da"
"Feat","ReturningGripTrait","ReturningGripTrait","Passive",,"ife_ret_grip","SWLOR_Haks\sw_2da\feat.2da"
"Feat","ReversalCutTrait","ReversalCutTrait","Passive",,"ife_rev_cut","SWLOR_Haks\sw_2da\feat.2da"
"Feat","ReviveBeast1","ReviveBeast1","Beneficial","1","ife_revivebeast","SWLOR_Haks\sw_2da\feat.2da"
"Feat","Reward1","Reward1","Utility","1","ife_reward","SWLOR_Haks\sw_2da\feat.2da"
"Feat","RicochetShotTrait","RicochetShotTrait","Passive",,"ife_rico_shot","SWLOR_Haks\sw_2da\feat.2da"
"Feat","RicochetTossTrait","RicochetTossTrait","Passive",,"ife_rico_toss","SWLOR_Haks\sw_2da\feat.2da"
"Feat","RippleSlashTrait","RippleSlashTrait","Passive",,"ife_ripp_slash","SWLOR_Haks\sw_2da\feat.2da"
"Feat","Roar","Roar","Harmful",,"roar","SWLOR_Haks\sw_2da\feat.2da"
"Feat","RousingShout","RousingShout","Beneficial",,"ife_lead_rouse","SWLOR_Haks\sw_2da\feat.2da;SWLOR_Haks\sw_2da\spells.2da"
"Feat","RuptureSetupTrait","RuptureSetupTrait","Passive",,"ife_rptrstptr131","SWLOR_Haks\sw_2da\feat.2da"
"Feat","SanguineTempoTrait","SanguineTempoTrait","Passive",,"ife_sngntmptr13h","SWLOR_Haks\sw_2da\feat.2da"
"Feat","SapVitalityTrait","SapVitalityTrait","Passive",,"ife_sap_vital","SWLOR_Haks\sw_2da\feat.2da"
"Feat","SaturationTossTrait","SaturationTossTrait","Passive",,"ife_sat_toss","SWLOR_Haks\sw_2da\feat.2da"
"Feat","SavageReflexesTrait","SavageReflexesTrait","Passive",,"ife_sav_refle","SWLOR_Haks\sw_2da\feat.2da"
"Feat","Scavenging1","Scavenging1","Passive","1","ife_hasty_touch","SWLOR_Haks\sw_2da\feat.2da"
"Feat","ScientificNetworkingTrait","ScientificNetworkingTrait","Passive",,"ife_sci_net","SWLOR_Haks\sw_2da\feat.2da"
"Feat","ScopeCalibrationTrait","ScopeCalibrationTrait","Passive",,"ife_scope_calib","SWLOR_Haks\sw_2da\feat.2da"
"Feat","ScrapperControlTrait","ScrapperControlTrait","Passive",,"ife_scrpprcnt13n","SWLOR_Haks\sw_2da\feat.2da"
"Feat","SecondWindTrait","SecondWindTrait","Passive",,"ife_sec_wind","SWLOR_Haks\sw_2da\feat.2da"
"Feat","SentinelGuardTrait","SentinelGuardTrait","Passive",,"ife_sent_grd","SWLOR_Haks\sw_2da\feat.2da"
"Feat","SereneFocusTrait","SereneFocusTrait","Passive",,"ife_ser_foc","SWLOR_Haks\sw_2da\feat.2da"
"Feat","SeveranceFlowTrait","SeveranceFlowTrait","Passive",,"ife_svrncflwt13z","SWLOR_Haks\sw_2da\feat.2da"
"Feat","SeveranceRiposteTrait","SeveranceRiposteTrait","Passive",,"ife_svrncrpst135","SWLOR_Haks\sw_2da\feat.2da"
"Feat","ShieldConcealment1","ShieldConcealment1","Harmful","1","ife_shield_bash","SWLOR_Haks\sw_2da\feat.2da"
"Feat","ShieldTrainingTrait","ShieldTrainingTrait","Passive",,"ife_shld_train","SWLOR_Haks\sw_2da\feat.2da"
"Feat","ShockingShout","ShockingShout","Harmful",,"ife_lead_shock","SWLOR_Haks\sw_2da\feat.2da"
"Feat","ShrapnelCasingTrait","ShrapnelCasingTrait","Passive",,"ife_shrap_casin","SWLOR_Haks\sw_2da\feat.2da"
"Feat","SkirmishersNerveTrait","SkirmishersNerveTrait","Passive",,"ife_skirm_nerve","SWLOR_Haks\sw_2da\feat.2da"
"Feat","SkullRattleTrait","SkullRattleTrait","Passive",,"ife_skull_rattl","SWLOR_Haks\sw_2da\feat.2da"
"Feat","SnapRollTrait","SnapRollTrait","Passive",,"ife_snap_roll","SWLOR_Haks\sw_2da\feat.2da"
"Feat","SniffTrait","SniffTrait","Passive",,"ife_sniff","SWLOR_Haks\sw_2da\feat.2da"
"Feat","SoftTargetTrait","SoftTargetTrait","Passive",,"ife_soft_targe","SWLOR_Haks\sw_2da\feat.2da"
"Feat","SoldiersPrecision","SoldiersPrecision","Harmful",,"ife_lead_precis","SWLOR_Haks\sw_2da\feat.2da"
"Feat","SoldiersSpeed","SoldiersSpeed","Harmful",,"ife_lead_speed","SWLOR_Haks\sw_2da\feat.2da"
"Feat","SoldiersStrike","SoldiersStrike","Harmful",,"ife_lead_strike","SWLOR_Haks\sw_2da\feat.2da"
"Feat","SoothePet","SoothePet","Beneficial",,"ife_soothepet","SWLOR_Haks\sw_2da\feat.2da"
"Feat","SoulAmplificationTrait","SoulAmplificationTrait","Passive",,"ife_soul_ampli","SWLOR_Haks\sw_2da\feat.2da"
"Feat","SoulAscensionTrait","SoulAscensionTrait","Passive",,"ife_soul_ascen","SWLOR_Haks\sw_2da\feat.2da"
"Feat","SoulBarrierTrait","SoulBarrierTrait","Passive",,"ife_soul_barri","SWLOR_Haks\sw_2da\feat.2da"
"Feat","SoulReapingTrait","SoulReapingTrait","Passive",,"ife_soul_reapi","SWLOR_Haks\sw_2da\feat.2da"
"Feat","SoulSacrificeTrait","SoulSacrificeTrait","Passive",,"ife_soul_sacri","SWLOR_Haks\sw_2da\feat.2da"
"Feat","Spikes","Spikes","Harmful",,"spikes","SWLOR_Haks\sw_2da\feat.2da"
"Feat","SpinningDeflectionTrait","SpinningDeflectionTrait","Passive",,"ife_spin_defl","SWLOR_Haks\sw_2da\feat.2da"
"Feat","SpinningRhythmTrait","SpinningRhythmTrait","Passive",,"ife_spnnngrhy13d","SWLOR_Haks\sw_2da\feat.2da"
"Feat","SpottersRhythmTrait","SpottersRhythmTrait","Passive",,"ife_spttrsrhy13u","SWLOR_Haks\sw_2da\feat.2da"
"Feat","SpreadingVenomTrait","SpreadingVenomTrait","Passive",,"ife_spread_venom","SWLOR_Haks\sw_2da\feat.2da"
"Feat","StablingTrait","StablingTrait","Passive",,"ife_stable","SWLOR_Haks\sw_2da\feat.2da"
"Feat","StaffParryTrait","StaffParryTrait","Passive",,"ife_staff_parry","SWLOR_Haks\sw_2da\feat.2da"
"Feat","StarshipMiningTrait","StarshipMiningTrait","Passive",,"ife_stars_minin","SWLOR_Haks\sw_2da\feat.2da"
"Feat","StarshipsTrait","StarshipsTrait","Passive",,"ife_stars","SWLOR_Haks\sw_2da\feat.2da"
"Feat","SteadyAimTrait","SteadyAimTrait","Passive",,"ife_steady_aim","SWLOR_Haks\sw_2da\feat.2da"
"Feat","StimPacks1","StimPacks1","Passive","1","ife_helios","SWLOR_Haks\sw_2da\feat.2da"
"Feat","SurgeStrikeTrait","SurgeStrikeTrait","Passive",,"ife_surge_strik","SWLOR_Haks\sw_2da\feat.2da"
"Feat","SustainedFireTrait","SustainedFireTrait","Passive",,"ife_sstndfrtr13t","SWLOR_Haks\sw_2da\feat.2da"
"Feat","SweepingAdvanceTrait","SweepingAdvanceTrait","Passive",,"ife_sweep_advan","SWLOR_Haks\sw_2da\feat.2da"
"Feat","TacticalUplinkTrait","TacticalUplinkTrait","Passive",,"ife_tacti_uplin","SWLOR_Haks\sw_2da\feat.2da"
"Feat","Talon","Talon","Harmful",,"talon","SWLOR_Haks\sw_2da\feat.2da"
"Feat","Tame","Tame","Utility",,"ife_tame","SWLOR_Haks\sw_2da\feat.2da;SWLOR_Haks\sw_2da\spells.2da"
"Feat","TempestFocusTrait","TempestFocusTrait","Passive",,"ife_temp_foc","SWLOR_Haks\sw_2da\feat.2da"
"Feat","ToxicCoatingTrait","ToxicCoatingTrait","Passive",,"ife_tox_coati","SWLOR_Haks\sw_2da\feat.2da"
"Feat","ToxicRushTrait","ToxicRushTrait","Passive",,"ife_tox_rush","SWLOR_Haks\sw_2da\feat.2da"
"Feat","ToxicTempoTrait","ToxicTempoTrait","Passive",,"ife_tox_tempo","SWLOR_Haks\sw_2da\feat.2da"
"Feat","TreasureHunterTrait","TreasureHunterTrait","Passive",,"ife_treas_hunt","SWLOR_Haks\sw_2da\feat.2da"
"Feat","TriageProtocolTrait","TriageProtocolTrait","Passive",,"ife_triag_proto","SWLOR_Haks\sw_2da\feat.2da"
"Feat","TwinFangFlurryTrait","TwinFangFlurryTrait","Passive",,"ife_twin_b11","SWLOR_Haks\sw_2da\feat.2da"
"Feat","UnbreakableTrait","UnbreakableTrait","Passive",,"ife_unbrk","SWLOR_Haks\sw_2da\feat.2da"
"Feat","UnbreakableWillTrait","UnbreakableWillTrait","Passive",,"ife_unbrk_will","SWLOR_Haks\sw_2da\feat.2da"
"Feat","UnstablePressureTrait","UnstablePressureTrait","Passive",,"ife_unsta_press","SWLOR_Haks\sw_2da\feat.2da"
"Feat","UpkeepTrait","UpkeepTrait","Passive",,"ife_upkee","SWLOR_Haks\sw_2da\feat.2da"
"Feat","VampiricFuryTrait","VampiricFuryTrait","Passive",,"ife_vamp_fury","SWLOR_Haks\sw_2da\feat.2da"
"Feat","Venom","Venom","Harmful",,"venom","SWLOR_Haks\sw_2da\feat.2da"
"Feat","VenomousHideTrait","VenomousHideTrait","Passive",,"ife_venom_hide","SWLOR_Haks\sw_2da\feat.2da"
"Feat","VenomRhythmTrait","VenomRhythmTrait","Passive",,"ife_venom_rhy","SWLOR_Haks\sw_2da\feat.2da"
"Feat","VenomSplashTrait","VenomSplashTrait","Passive",,"ife_venom_splas","SWLOR_Haks\sw_2da\feat.2da"
"Feat","VeteranTrackerTrait","VeteranTrackerTrait","Passive",,"ife_vet_track","SWLOR_Haks\sw_2da\feat.2da"
"Feat","VolatilePayloadTrait","VolatilePayloadTrait","Passive",,"ife_vol_paylo","SWLOR_Haks\sw_2da\feat.2da"
"Feat","WeaponBlueprints1","WeaponBlueprints1","Passive","1","ife_bp_1hand","SWLOR_Haks\sw_2da\feat.2da"
"Spell","Bite","Bite","Harmful",,"ife_bite","SWLOR_Haks\sw_2da\spells.2da"
"Spell","Earthquake","Earthquake","Harmful",,"ife_quake","SWLOR_Haks\sw_2da\spells.2da"
"Spell","FireBreath","FireBreath","Harmful",,"ife_firebreath","SWLOR_Haks\sw_2da\spells.2da"
"Spell","IronShell","IronShell","Harmful",,"ife_ironshell","SWLOR_Haks\sw_2da\spells.2da"
"Spell","Roar","Roar","Harmful",,"ife_roar","SWLOR_Haks\sw_2da\spells.2da"
"Spell","Spikes","Spikes","Harmful",,"ife_spikes","SWLOR_Haks\sw_2da\spells.2da"
"Spell","Talon","Talon","Harmful",,"ife_talon","SWLOR_Haks\sw_2da\spells.2da"
"Spell","Venom","Venom","Harmful",,"ife_venom","SWLOR_Haks\sw_2da\spells.2da"
"StatusEffect","AbsoluteDefenseStatusEffect","Absolute Defense","Beneficial",,"ief_absdef","SWLOR.Game.Server\Feature\StatusEffectDefinition\AbsoluteDefenseStatusEffect.cs"
"StatusEffect","AdamantineGuardStatusEffect","Adamantine Guard","Beneficial",,"ief_adamgrd","SWLOR.Game.Server\Feature\StatusEffectDefinition\AdamantineGuardStatusEffect.cs"
"StatusEffect","AdhesiveGrenadeStatusEffect","Adhesive Grenade","Harmful",,"ief_adhgrnd","SWLOR.Game.Server\Feature\StatusEffectDefinition\AdhesiveGrenadeStatusEffect.cs"
"StatusEffect","AdrenalStimStatusEffect","Adrenal Stim","Beneficial",,"ief_adrstim","SWLOR.Game.Server\Feature\StatusEffectDefinition\AdrenalStimStatusEffect.cs"
"StatusEffect","AilmentResistance3StatusEffect","Ailment Resistance","Beneficial","3","ief_ailres3","SWLOR.Game.Server\Feature\StatusEffectDefinition\AilmentResistance3StatusEffect.cs"
"StatusEffect","AlphaRhythm1BeastStatusEffect","Alpha Rhythm","Beneficial","1","ief_alprhybst1","SWLOR.Game.Server\Feature\StatusEffectDefinition\AlphaRhythm1BeastStatusEffect.cs"
"StatusEffect","AlphaRhythm1StatusEffect","Alpha Rhythm","Beneficial","1","ief_alprhy1","SWLOR.Game.Server\Feature\StatusEffectDefinition\AlphaRhythm1StatusEffect.cs"
"StatusEffect","Antitoxin1StatusEffect","Antitoxin","Harmful","1","ief_antitox1","SWLOR.Game.Server\Feature\StatusEffectDefinition\Antitoxin1StatusEffect.cs"
"StatusEffect","Assault1StatusEffect","Assault I","Beneficial","1","ief_aslt1","SWLOR.Game.Server\Feature\StatusEffectDefinition\Assault1StatusEffect.cs"
"StatusEffect","Assault2StatusEffect","Assault II","Beneficial","2","ief_aslt2","SWLOR.Game.Server\Feature\StatusEffectDefinition\Assault2StatusEffect.cs"
"StatusEffect","Assault3StatusEffect","Assault III","Beneficial","3","ief_aslt3","SWLOR.Game.Server\Feature\StatusEffectDefinition\Assault3StatusEffect.cs"
"StatusEffect","BastionStanceStatusEffect","Bastion Stance","Beneficial",,"ief_baststnc","SWLOR.Game.Server\Feature\StatusEffectDefinition\BastionStanceStatusEffect.cs"
"StatusEffect","BerserkerStanceStatusEffect","Berserker Stance","Beneficial",,"ief_bersstnc","SWLOR.Game.Server\Feature\StatusEffectDefinition\BerserkerStanceStatusEffect.cs"
"StatusEffect","BlazingSpikesStatusEffect","Blazing Spikes","Beneficial",,"ief_blazspk","SWLOR.Game.Server\Feature\StatusEffectDefinition\BlazingSpikesStatusEffect.cs"
"StatusEffect","BleedStatusEffect","Bleed","Harmful",,"ief_bleed","SWLOR.Game.Server\Feature\StatusEffectDefinition\BleedStatusEffect.cs"
"StatusEffect","BlindStatusEffect","Blind","Harmful",,"ief_blind","SWLOR.Game.Server\Feature\StatusEffectDefinition\BlindStatusEffect.cs"
"StatusEffect","BloodWeaponStatusEffect","Blood Weapon","Beneficial",,"ief_bloodwpn","SWLOR.Game.Server\Feature\StatusEffectDefinition\BloodWeaponStatusEffect.cs"
"StatusEffect","BolsterAttack1StatusEffect","Bolster Attack I","Beneficial","1","ief_bolstatk1","SWLOR.Game.Server\Feature\StatusEffectDefinition\BolsterAttack1StatusEffect.cs"
"StatusEffect","BolsterAttack2StatusEffect","Bolster Attack II","Beneficial","2","ief_bolstatk2","SWLOR.Game.Server\Feature\StatusEffectDefinition\BolsterAttack2StatusEffect.cs"
"StatusEffect","BolsterAttack3StatusEffect","Bolster Attack III","Beneficial","3","ief_bolstatk3","SWLOR.Game.Server\Feature\StatusEffectDefinition\BolsterAttack3StatusEffect.cs"
"StatusEffect","BolsterResolve2StatusEffect","Bolster Resolve II","Beneficial","2","ief_bolstres2","SWLOR.Game.Server\Feature\StatusEffectDefinition\BolsterResolve2StatusEffect.cs"
"StatusEffect","BombardierStanceStatusEffect","Bombardier Stance","Beneficial",,"ief_bombstnc","SWLOR.Game.Server\Feature\StatusEffectDefinition\BombardierStanceStatusEffect.cs"
"StatusEffect","BreachStatusEffect","Breach","Harmful",,"ief_brch","SWLOR.Game.Server\Feature\StatusEffectDefinition\BreachStatusEffect.cs"
"StatusEffect","BreakerStanceStatusEffect","Breaker Stance","Beneficial",,"ief_brkrstnc","SWLOR.Game.Server\Feature\StatusEffectDefinition\BreakerStanceStatusEffect.cs"
"StatusEffect","BrutalAssaultStatusEffect","Brutal Assault","Beneficial",,"ief_brutaslt","SWLOR.Game.Server\Feature\StatusEffectDefinition\BrutalAssaultStatusEffect.cs"
"StatusEffect","BurnStatusEffect","Burn","Harmful",,"ief_burn","SWLOR.Game.Server\Feature\StatusEffectDefinition\BurnStatusEffect.cs"
"StatusEffect","CalibratedField1StatusEffect","Calibrated Field I","Beneficial","1","ief_clbrtdfld1","SWLOR.Game.Server\Feature\StatusEffectDefinition\CalibratedField1StatusEffect.cs"
"StatusEffect","CalibratedField2StatusEffect","Calibrated Field II","Beneficial","2","ief_clbrtdfld2","SWLOR.Game.Server\Feature\StatusEffectDefinition\CalibratedField2StatusEffect.cs"
"StatusEffect","CalmingStanceStatusEffect","Calming Stance","Beneficial",,"ief_calmstnc","SWLOR.Game.Server\Feature\StatusEffectDefinition\CalmingStanceStatusEffect.cs"
"StatusEffect","CenteringStatusEffect","Centering","Beneficial",,"ief_cent","SWLOR.Game.Server\Feature\StatusEffectDefinition\CenteringStatusEffect.cs"
"StatusEffect","ChargeOrder1StatusEffect","Charge Order I","Beneficial","1","ief_chrgord1","SWLOR.Game.Server\Feature\StatusEffectDefinition\ChargeOrder1StatusEffect.cs"
"StatusEffect","ChargeOrder2StatusEffect","Charge Order II","Beneficial","2","ief_chrgord2","SWLOR.Game.Server\Feature\StatusEffectDefinition\ChargeOrder2StatusEffect.cs"
"StatusEffect","CleanseOrder2StatusEffect","Cleanse Order II","Beneficial","2","ief_clnsord2","SWLOR.Game.Server\Feature\StatusEffectDefinition\CleanseOrder2StatusEffect.cs"
"StatusEffect","Coagulant1StatusEffect","Coagulant I","Beneficial","1","ief_coag1","SWLOR.Game.Server\Feature\StatusEffectDefinition\Coagulant1StatusEffect.cs"
"StatusEffect","Coagulant2StatusEffect","Coagulant II","Beneficial","2","ief_coag2","SWLOR.Game.Server\Feature\StatusEffectDefinition\Coagulant2StatusEffect.cs"
"StatusEffect","CobraStanceStatusEffect","Cobra Stance","Beneficial",,"ief_cobrastnc","SWLOR.Game.Server\Feature\StatusEffectDefinition\CobraStanceStatusEffect.cs"
"StatusEffect","ConduitStanceStatusEffect","Conduit Stance","Beneficial",,"ief_condstnc","SWLOR.Game.Server\Feature\StatusEffectDefinition\ConduitStanceStatusEffect.cs"
"StatusEffect","ConfusionStatusEffect","Confusion","Harmful",,"ief_cnfsn","SWLOR.Game.Server\Feature\StatusEffectDefinition\ConfusionStatusEffect.cs"
"StatusEffect","CoordinatedFocus1StatusEffect","Coordinated Focus I","Beneficial","1","ief_coordfoc1","SWLOR.Game.Server\Feature\StatusEffectDefinition\CoordinatedFocus1StatusEffect.cs"
"StatusEffect","CoordinatedFocus2StatusEffect","Coordinated Focus II","Beneficial","2","ief_coordfoc2","SWLOR.Game.Server\Feature\StatusEffectDefinition\CoordinatedFocus2StatusEffect.cs"
"StatusEffect","CoordinatedFocus3StatusEffect","Coordinated Focus III","Beneficial","3","ief_coordfoc3","SWLOR.Game.Server\Feature\StatusEffectDefinition\CoordinatedFocus3StatusEffect.cs"
"StatusEffect","CourageousResolve1StatusEffect","Courageous Resolve","Beneficial","1","ief_crgsres1","SWLOR.Game.Server\Feature\StatusEffectDefinition\CourageousResolve1StatusEffect.cs"
"StatusEffect","CoveringClawsStatusEffect","Covering Claws","Harmful",,"ief_covclaw","SWLOR.Game.Server\Feature\StatusEffectDefinition\EnmityToStatusSourceStatusEffect.cs"
"StatusEffect","CoveringStrikeStatusEffect","Covering Strike","Harmful",,"ief_covstrk","SWLOR.Game.Server\Feature\StatusEffectDefinition\CoveringStrikeStatusEffect.cs"
"StatusEffect","CreepingTerrorDamageStatusEffect","Creeping Terror","Harmful",,"ief_creepterrdmg","SWLOR.Game.Server\Feature\StatusEffectDefinition\CreepingTerrorDamageStatusEffect.cs"
"StatusEffect","CrippledDefenseStatusEffect","Crippled Defense","Harmful",,"ief_cripdef","SWLOR.Game.Server\Feature\StatusEffectDefinition\CrippledDefenseStatusEffect.cs"
"StatusEffect","CruelMomentumStatusEffect","Cruel Momentum","Beneficial",,"ief_crlmmntm","SWLOR.Game.Server\Feature\StatusEffectDefinition\CruelMomentumStatusEffect.cs"
"StatusEffect","CrusherStanceStatusEffect","Crusher Stance","Beneficial",,"ief_crushstnc","SWLOR.Game.Server\Feature\StatusEffectDefinition\CrusherStanceStatusEffect.cs"
"StatusEffect","CrushingBlowStatusEffect","Crushing Blow","Harmful",,"ief_crushblow","SWLOR.Game.Server\Feature\StatusEffectDefinition\CrushingBlowStatusEffect.cs"
"StatusEffect","CycloneStanceStatusEffect","Cyclone Stance","Beneficial",,"ief_cyclstnc","SWLOR.Game.Server\Feature\StatusEffectDefinition\CycloneStanceStatusEffect.cs"
"StatusEffect","DampeningField1StatusEffect","Dampening Field I","Beneficial","1","ief_dampfld1","SWLOR.Game.Server\Feature\StatusEffectDefinition\DampeningField1StatusEffect.cs"
"StatusEffect","DampeningField2StatusEffect","Dampening Field II","Beneficial","2","ief_dampfld2","SWLOR.Game.Server\Feature\StatusEffectDefinition\DampeningField2StatusEffect.cs"
"StatusEffect","DazedStatusEffect","Dazed","Harmful",,"ief_dazed","SWLOR.Game.Server\Feature\StatusEffectDefinition\DazedStatusEffect.cs"
"StatusEffect","DeadeyeStanceStatusEffect","Deadeye Stance","Beneficial",,"ief_eyestnc","SWLOR.Game.Server\Feature\StatusEffectDefinition\DeadeyeStanceStatusEffect.cs"
"StatusEffect","DeadlyPrecisionStatusEffect","Deadly Precision","Beneficial",,"ief_deadprec","SWLOR.Game.Server\Feature\StatusEffectDefinition\DeadlyPrecisionStatusEffect.cs"
"StatusEffect","DeadMansHandStatusEffect","Dead Man's Hand","Beneficial",,"ief_deadmnshnd","SWLOR.Game.Server\Feature\StatusEffectDefinition\DeadMansHandStatusEffect.cs"
"StatusEffect","DebilitatingStanceStatusEffect","Debilitating Stance","Beneficial",,"ief_debilstnc","SWLOR.Game.Server\Feature\StatusEffectDefinition\DebilitatingStanceStatusEffect.cs"
"StatusEffect","DecisiveCommand1StatusEffect","Decisive Command","Beneficial","1","ief_deciscmd1","SWLOR.Game.Server\Feature\StatusEffectDefinition\DecisiveCommand1StatusEffect.cs"
"StatusEffect","DecoyStatusEffect","Decoy","Harmful",,"ief_decoy","SWLOR.Game.Server\Feature\StatusEffectDefinition\DecoyStatusEffect.cs"
"StatusEffect","DefensiveStanceStatusEffect","Defensive Stance","Beneficial",,"ief_defstnc","SWLOR.Game.Server\Feature\StatusEffectDefinition\DefensiveStanceStatusEffect.cs"
"StatusEffect","DeflectingAuraStatusEffect","Deflecting Aura","Beneficial",,"ief_deflaura","SWLOR.Game.Server\Feature\StatusEffectDefinition\DeflectingAuraStatusEffect.cs"
"StatusEffect","DeflectivePresenceStatusEffect","Deflective Presence","Beneficial",,"ief_deflpres","SWLOR.Game.Server\Feature\StatusEffectDefinition\DeflectivePresenceStatusEffect.cs"
"StatusEffect","DiagnosticSweepStatusEffect","Diagnostic Sweep","Harmful",,"ief_dgnstcswp","SWLOR.Game.Server\Feature\StatusEffectDefinition\DiagnosticSweepStatusEffect.cs"
"StatusEffect","DiseaseStatusEffect","Disease","Harmful",,"ief_dis","SWLOR.Game.Server\Feature\StatusEffectDefinition\DiseaseStatusEffect.cs"
"StatusEffect","DiseaseVitalityPenaltyStatusEffect","Disease","Harmful",,"ief_dispen","SWLOR.Game.Server\Feature\StatusEffectDefinition\DiseaseVitalityPenaltyStatusEffect.cs"
"StatusEffect","DisorientedStatusEffect","Disoriented","Harmful",,"ief_disor","SWLOR.Game.Server\Feature\StatusEffectDefinition\DisorientedStatusEffect.cs"
"StatusEffect","DisruptionFieldStatusEffect","Disruption Field","Harmful",,"ief_disrpfld","SWLOR.Game.Server\Feature\StatusEffectDefinition\DisruptionFieldStatusEffect.cs"
"StatusEffect","DisruptionPulseStatusEffect","Disruption Pulse","Harmful",,"ief_disrppls","SWLOR.Game.Server\Feature\StatusEffectDefinition\DisruptionPulseStatusEffect.cs"
"StatusEffect","DistractingFeint1StatusEffect","Distracting Feint I","Harmful","1","ief_distrfeint1","SWLOR.Game.Server\Feature\StatusEffectDefinition\DistractingFeint1StatusEffect.cs"
"StatusEffect","DistractingFeint2StatusEffect","Distracting Feint II","Harmful","2","ief_distrfeint2","SWLOR.Game.Server\Feature\StatusEffectDefinition\DistractingFeint2StatusEffect.cs"
"StatusEffect","DistractingFeint3StatusEffect","Distracting Feint III","Harmful","3","ief_distrfeint3","SWLOR.Game.Server\Feature\StatusEffectDefinition\DistractingFeint3StatusEffect.cs"
"StatusEffect","DuelistsChallengeSelfStatusEffect","Duelist's Challenge","Beneficial",,"ief_duelchalself","SWLOR.Game.Server\Feature\StatusEffectDefinition\DuelistsChallengeSelfStatusEffect.cs"
"StatusEffect","DuelistsChallengeStatusEffect","Duelist's Challenge","Harmful",,"ief_duelchal","SWLOR.Game.Server\Feature\StatusEffectDefinition\DuelistsChallengeStatusEffect.cs"
"StatusEffect","DuelistStanceStatusEffect","Duelist Stance","Beneficial",,"ief_duelstnc","SWLOR.Game.Server\Feature\StatusEffectDefinition\DuelistStanceStatusEffect.cs"
"StatusEffect","EclipseOfResolve1StatusEffect","Eclipse of Resolve","Harmful","1","ief_eclres1","SWLOR.Game.Server\Feature\StatusEffectDefinition\EclipseOfResolve1StatusEffect.cs"
"StatusEffect","EmergencyBunker1StatusEffect","Emergency Bunker","Beneficial","1","ief_emrgbnkr1","SWLOR.Game.Server\Feature\StatusEffectDefinition\EmergencyBunker1StatusEffect.cs"
"StatusEffect","EmergencyCocktailStatusEffect","Emergency Cocktail","Beneficial",,"ief_emrgccktl","SWLOR.Game.Server\Feature\StatusEffectDefinition\EmergencyCocktailStatusEffect.cs"
"StatusEffect","EmergencySealant1StatusEffect","Emergency Sealant","Beneficial","1","ief_emrgseal1","SWLOR.Game.Server\Feature\StatusEffectDefinition\EmergencySealant1StatusEffect.cs"
"StatusEffect","EssenceDrainStatusEffect","Essence Drain","Harmful",,"ief_essdrn","SWLOR.Game.Server\Feature\StatusEffectDefinition\EssenceDrainStatusEffect.cs"
"StatusEffect","EvasiveChallenge1SelfStatusEffect","Evasive Challenge I","Beneficial","1","ief_evaschalsel1","SWLOR.Game.Server\Feature\StatusEffectDefinition\EvasiveChallenge1SelfStatusEffect.cs"
"StatusEffect","EvasiveChallenge1StatusEffect","Evasive Challenge I","Harmful","1","ief_evaschal1","SWLOR.Game.Server\Feature\StatusEffectDefinition\EvasiveChallenge1StatusEffect.cs"
"StatusEffect","EvasiveChallenge2SelfStatusEffect","Evasive Challenge II","Beneficial","2","ief_evaschalsel2","SWLOR.Game.Server\Feature\StatusEffectDefinition\EvasiveChallenge2SelfStatusEffect.cs"
"StatusEffect","EvasiveChallenge2StatusEffect","Evasive Challenge II","Harmful","2","ief_evaschal2","SWLOR.Game.Server\Feature\StatusEffectDefinition\EvasiveChallenge2StatusEffect.cs"
"StatusEffect","EvasiveCombatStatusEffect","Evasive Combat","Beneficial",,"ief_evascmbt","SWLOR.Game.Server\Feature\StatusEffectDefinition\EvasiveCombatStatusEffect.cs"
"StatusEffect","EvasiveManeuver1StatusEffect","Evasive Maneuver I","Beneficial","1","ief_evasmnvr1","SWLOR.Game.Server\Feature\StatusEffectDefinition\EvasiveManeuver1StatusEffect.cs"
"StatusEffect","EvasiveManeuver2StatusEffect","Evasive Maneuver II","Beneficial","2","ief_evasmnvr2","SWLOR.Game.Server\Feature\StatusEffectDefinition\EvasiveManeuver2StatusEffect.cs"
"StatusEffect","EvasiveManeuver3StatusEffect","Evasive Maneuver III","Beneficial","3","ief_evasmnvr3","SWLOR.Game.Server\Feature\StatusEffectDefinition\EvasiveManeuver3StatusEffect.cs"
"StatusEffect","ExhaustedStatusEffect","Exhausted","Harmful",,"ief_exh","SWLOR.Game.Server\Feature\StatusEffectDefinition\ExhaustedStatusEffect.cs"
"StatusEffect","ExposedStatusEffect","Exposed","Harmful",,"ief_exp","SWLOR.Game.Server\Feature\StatusEffectDefinition\ExposedStatusEffect.cs"
"StatusEffect","ExposeWeakPointStatusEffect","Expose Weak Point","Harmful",,"ief_xposeweakpt","SWLOR.Game.Server\Feature\StatusEffectDefinition\ExposeWeakPointStatusEffect.cs"
"StatusEffect","FerocityStanceStatusEffect","Ferocity Stance","Beneficial",,"ief_ferocstnc","SWLOR.Game.Server\Feature\StatusEffectDefinition\FerocityStanceStatusEffect.cs"
"StatusEffect","FieldRecovery1StatusEffect","Field Recovery I","Beneficial","1","ief_fldrcvry1","SWLOR.Game.Server\Feature\StatusEffectDefinition\FieldRecovery1StatusEffect.cs"
"StatusEffect","FieldRecovery2StatusEffect","Field Recovery II","Beneficial","2","ief_fldrcvry2","SWLOR.Game.Server\Feature\StatusEffectDefinition\FieldRecovery2StatusEffect.cs"
"StatusEffect","FinalFormStatusEffect","Final Form","Beneficial",,"ief_finalform","SWLOR.Game.Server\Feature\StatusEffectDefinition\FinalFormStatusEffect.cs"
"StatusEffect","FlankingBarrageStatusEffect","Flanking Barrage","Harmful",,"ief_flankbarr","SWLOR.Game.Server\Feature\StatusEffectDefinition\FlankingBarrageStatusEffect.cs"
"StatusEffect","FlankingStanceStatusEffect","Flanking Stance","Beneficial",,"ief_flankstnc","SWLOR.Game.Server\Feature\StatusEffectDefinition\FlankingStanceStatusEffect.cs"
"StatusEffect","FlashGrenade1StatusEffect","Flash Grenade","Harmful","1","ief_flashgrnd1","SWLOR.Game.Server\Feature\StatusEffectDefinition\FlashGrenade1StatusEffect.cs"
"StatusEffect","FlashStatusEffect","Flash","Harmful",,"ief_flash","SWLOR.Game.Server\Feature\StatusEffectDefinition\FlashStatusEffect.cs"
"StatusEffect","FlurryStanceStatusEffect","Flurry Stance","Beneficial",,"ief_flrrystnc","SWLOR.Game.Server\Feature\StatusEffectDefinition\FlurryStanceStatusEffect.cs"
"StatusEffect","FocusedStanceStatusEffect","Focused Stance","Beneficial",,"ief_focstnc","SWLOR.Game.Server\Feature\StatusEffectDefinition\FocusedStanceStatusEffect.cs"
"StatusEffect","FocusStim1StatusEffect","Focus Stim I","Beneficial","1","ief_focstim1","SWLOR.Game.Server\Feature\StatusEffectDefinition\FocusStim1StatusEffect.cs"
"StatusEffect","FocusStim2StatusEffect","Focus Stim II","Beneficial","2","ief_focstim2","SWLOR.Game.Server\Feature\StatusEffectDefinition\FocusStim2StatusEffect.cs"
"StatusEffect","FoggyMindStatusEffect","Foggy Mind","Harmful",,"ief_fogmind","SWLOR.Game.Server\Feature\StatusEffectDefinition\FoggyMindStatusEffect.cs"
"StatusEffect","FoodStatusEffect","Food","Utility",,"ief_food","SWLOR.Game.Server\Feature\StatusEffectDefinition\FoodStatusEffect.cs"
"StatusEffect","ForcebaneStatusEffect","Forcebane","Harmful",,"ief_fbane","SWLOR.Game.Server\Feature\StatusEffectDefinition\ForcebaneStatusEffect.cs"
"StatusEffect","ForceBondedBeast1StatusEffect","Force-Bonded Beast","Beneficial","1","ief_forcebondbs1","SWLOR.Game.Server\Feature\StatusEffectDefinition\ForceBondedBeast1StatusEffect.cs"
"StatusEffect","ForceCapacitorStatusEffect","Force Capacitor","Beneficial",,"ief_forcecap","SWLOR.Game.Server\Feature\StatusEffectDefinition\ForceCapacitorStatusEffect.cs"
"StatusEffect","ForceChokeDamageStatusEffect","Force Choke","Harmful",,"ief_forcechokedm","SWLOR.Game.Server\Feature\StatusEffectDefinition\ForceChokeDamageStatusEffect.cs"
"StatusEffect","ForceConvergenceStatusEffect","Force Convergence","Beneficial",,"ief_forcecnvrgnc","SWLOR.Game.Server\Feature\StatusEffectDefinition\ForceConvergenceStatusEffect.cs"
"StatusEffect","ForceDisruptionStatusEffect","Force Disruption","Harmful",,"ief_forcedisrp","SWLOR.Game.Server\Feature\StatusEffectDefinition\ForceDisruptionStatusEffect.cs"
"StatusEffect","ForceDrain1StatusEffect","Force Drain I","Harmful","1","ief_forcedrn1","SWLOR.Game.Server\Feature\StatusEffectDefinition\ForceDrain1StatusEffect.cs"
"StatusEffect","ForceDrain2StatusEffect","Force Drain II","Harmful","2","ief_forcedrn2","SWLOR.Game.Server\Feature\StatusEffectDefinition\ForceDrain2StatusEffect.cs"
"StatusEffect","ForceDrain3StatusEffect","Force Drain III","Harmful","3","ief_forcedrn3","SWLOR.Game.Server\Feature\StatusEffectDefinition\ForceDrain3StatusEffect.cs"
"StatusEffect","ForceErosionStatusEffect","Force Erosion","Harmful",,"ief_forceeros","SWLOR.Game.Server\Feature\StatusEffectDefinition\ForceErosionStatusEffect.cs"
"StatusEffect","ForceIntercept1StatusEffect","Force Intercept","Beneficial","1","ief_forceintc1","SWLOR.Game.Server\Feature\StatusEffectDefinition\ForceIntercept1StatusEffect.cs"
"StatusEffect","ForceJudgment1StatusEffect","Force Judgment I","Harmful","1","ief_forcejdgmnt1","SWLOR.Game.Server\Feature\StatusEffectDefinition\ForceJudgment1StatusEffect.cs"
"StatusEffect","ForceJudgment2StatusEffect","Force Judgment II","Harmful","2","ief_forcejdgmnt2","SWLOR.Game.Server\Feature\StatusEffectDefinition\ForceJudgment2StatusEffect.cs"
"StatusEffect","ForceJudgment3StatusEffect","Force Judgment III","Harmful","3","ief_forcejdgmnt3","SWLOR.Game.Server\Feature\StatusEffectDefinition\ForceJudgment3StatusEffect.cs"
"StatusEffect","ForceLensStatusEffect","Force Lens","Beneficial",,"ief_forcelens","SWLOR.Game.Server\Feature\StatusEffectDefinition\ForceLensStatusEffect.cs"
"StatusEffect","ForceSanctuary1StatusEffect","Force Sanctuary","Beneficial","1","ief_forcesanct1","SWLOR.Game.Server\Feature\StatusEffectDefinition\ForceSanctuary1StatusEffect.cs"
"StatusEffect","ForceSpark1StatusEffect","Force Spark I","Harmful","1","ief_forcespark1","SWLOR.Game.Server\Feature\StatusEffectDefinition\ForceSpark1StatusEffect.cs"
"StatusEffect","ForceSpark2StatusEffect","Force Spark II","Harmful","2","ief_forcespark2","SWLOR.Game.Server\Feature\StatusEffectDefinition\ForceSpark2StatusEffect.cs"
"StatusEffect","ForceSpark3StatusEffect","Force Spark III","Harmful","3","ief_forcespark3","SWLOR.Game.Server\Feature\StatusEffectDefinition\ForceSpark3StatusEffect.cs"
"StatusEffect","ForceSuppressionStatusEffect","Force Suppression","Harmful",,"ief_forcesup","SWLOR.Game.Server\Feature\StatusEffectDefinition\ForceSuppressionStatusEffect.cs"
"StatusEffect","ForceWardingStatusEffect","Force Warding","Beneficial",,"ief_forceward","SWLOR.Game.Server\Feature\StatusEffectDefinition\ForceWardingStatusEffect.cs"
"StatusEffect","FortressStrikeStatusEffect","Fortress Strike","Beneficial",,"ief_fortstrk","SWLOR.Game.Server\Feature\StatusEffectDefinition\FortressStrikeStatusEffect.cs"
"StatusEffect","FracturedFocusStatusEffect","Fractured Focus","Harmful",,"ief_fractfoc","SWLOR.Game.Server\Feature\StatusEffectDefinition\FracturedFocusStatusEffect.cs"
"StatusEffect","FragmentationStatusEffect","Fragmentation","Harmful",,"ief_frgmnttn","SWLOR.Game.Server\Feature\StatusEffectDefinition\FragmentationStatusEffect.cs"
"StatusEffect","FreezingMightPenaltyStatusEffect","Freezing","Harmful",,"ief_frzpen","SWLOR.Game.Server\Feature\StatusEffectDefinition\FreezingMightPenaltyStatusEffect.cs"
"StatusEffect","FreezingStatusEffect","Freezing","Harmful",,"ief_frz","SWLOR.Game.Server\Feature\StatusEffectDefinition\FreezingStatusEffect.cs"
"StatusEffect","FuryStance1StatusEffect","Fury Stance I","Beneficial","1","ief_frystnc1","SWLOR.Game.Server\Feature\StatusEffectDefinition\FuryStance1StatusEffect.cs"
"StatusEffect","FuryStance2StatusEffect","Fury Stance II","Beneficial","2","ief_frystnc2","SWLOR.Game.Server\Feature\StatusEffectDefinition\FuryStance2StatusEffect.cs"
"StatusEffect","GamblerStanceStatusEffect","Gambler Stance","Beneficial",,"ief_gmblrstnc","SWLOR.Game.Server\Feature\StatusEffectDefinition\GamblerStanceStatusEffect.cs"
"StatusEffect","GuardedBite1SelfStatusEffect","Guarded Bite I","Beneficial","1","ief_grdedbitese1","SWLOR.Game.Server\Feature\StatusEffectDefinition\GuardedBite1SelfStatusEffect.cs"
"StatusEffect","GuardedBite2SelfStatusEffect","Guarded Bite II","Beneficial","2","ief_grdedbitese2","SWLOR.Game.Server\Feature\StatusEffectDefinition\GuardedBite2SelfStatusEffect.cs"
"StatusEffect","GuardedBite3SelfStatusEffect","Guarded Bite III","Beneficial","3","ief_grdedbitese3","SWLOR.Game.Server\Feature\StatusEffectDefinition\GuardedBite3SelfStatusEffect.cs"
"StatusEffect","GuardedChannelStatusEffect","Guarded Channel","Beneficial",,"ief_grdedchan","SWLOR.Game.Server\Feature\StatusEffectDefinition\GuardedChannelStatusEffect.cs"
"StatusEffect","GuardianMasterStatusEffect","Guardian Master","Beneficial",,"ief_guardmstr","SWLOR.Game.Server\Feature\StatusEffectDefinition\GuardianMasterStatusEffect.cs"
"StatusEffect","GuardiansResolveStatusEffect","Guardian's Resolve","Beneficial",,"ief_guardres","SWLOR.Game.Server\Feature\StatusEffectDefinition\GuardiansResolveStatusEffect.cs"
"StatusEffect","GuardingBondBeastStatusEffect","Guarding Bond","Beneficial",,"ief_grdbndbst","SWLOR.Game.Server\Feature\StatusEffectDefinition\GuardingBondBeastStatusEffect.cs"
"StatusEffect","GuardingBondStatusEffect","Guarding Bond","Beneficial",,"ief_grdbnd","SWLOR.Game.Server\Feature\StatusEffectDefinition\GuardingBondStatusEffect.cs"
"StatusEffect","GuardingRoar1SelfStatusEffect","Guarding Roar I","Beneficial","1","ief_grdroarself1","SWLOR.Game.Server\Feature\StatusEffectDefinition\GuardingRoar1SelfStatusEffect.cs"
"StatusEffect","GuardingRoar2SelfStatusEffect","Guarding Roar II","Beneficial","2","ief_grdroarself2","SWLOR.Game.Server\Feature\StatusEffectDefinition\GuardingRoar2SelfStatusEffect.cs"
"StatusEffect","GuardingRoar3SelfStatusEffect","Guarding Roar III","Beneficial","3","ief_grdroarself3","SWLOR.Game.Server\Feature\StatusEffectDefinition\GuardingRoar3SelfStatusEffect.cs"
"StatusEffect","GuardingStepStatusEffect","Guarding Step","Beneficial",,"ief_grdstep","SWLOR.Game.Server\Feature\StatusEffectDefinition\SelfDefensiveStatsStatusEffect.cs"
"StatusEffect","GunfighterStanceStatusEffect","Gunfighter Stance","Beneficial",,"ief_gunfstnc","SWLOR.Game.Server\Feature\StatusEffectDefinition\GunfighterStanceStatusEffect.cs"
"StatusEffect","GunslingerFocusStatusEffect","Gunslinger Focus","Beneficial",,"ief_gunsfoc","SWLOR.Game.Server\Feature\StatusEffectDefinition\GunslingerFocusStatusEffect.cs"
"StatusEffect","HamstringStatusEffect","Hamstring","Harmful",,"ief_hamstr","SWLOR.Game.Server\Feature\StatusEffectDefinition\HamstringStatusEffect.cs"
"StatusEffect","HarmonicRestorationStatusEffect","Harmonic Restoration","Utility",,"ief_hrmncrstrtn","SWLOR.Game.Server\Feature\StatusEffectDefinition\HarmonicRestorationStatusEffect.cs"
"StatusEffect","Hasten1StatusEffect","Hasten I","Beneficial","1","ief_hast1","SWLOR.Game.Server\Feature\StatusEffectDefinition\Hasten1StatusEffect.cs"
"StatusEffect","Hasten2StatusEffect","Hasten II","Beneficial","2","ief_hast2","SWLOR.Game.Server\Feature\StatusEffectDefinition\Hasten2StatusEffect.cs"
"StatusEffect","HemorrhageStatusEffect","Hemorrhage","Harmful",,"ief_hem","SWLOR.Game.Server\Feature\StatusEffectDefinition\HemorrhageStatusEffect.cs"
"StatusEffect","HobbleStatusEffect","Hobble","Harmful",,"ief_hob","SWLOR.Game.Server\Feature\StatusEffectDefinition\HobbleStatusEffect.cs"
"StatusEffect","HoldTheLine1StatusEffect","Hold the Line","Beneficial","1","ief_holdline1","SWLOR.Game.Server\Feature\StatusEffectDefinition\HoldTheLine1StatusEffect.cs"
"StatusEffect","HungerOfTheDark1StatusEffect","Hunger of the Dark","Beneficial","1","ief_hungerdark1","SWLOR.Game.Server\Feature\StatusEffectDefinition\HungerOfTheDark1StatusEffect.cs"
"StatusEffect","ImmobilizedStatusEffect","Immobilized","Harmful",,"ief_immob","SWLOR.Game.Server\Feature\StatusEffectDefinition\ImmobilizedStatusEffect.cs"
"StatusEffect","ImpenetrableGuardStatusEffect","Impenetrable Guard","Beneficial",,"ief_impengrd","SWLOR.Game.Server\Feature\StatusEffectDefinition\ImpenetrableGuardStatusEffect.cs"
"StatusEffect","ImprovedAttentivenessStatusEffect","Improved Attentiveness","Beneficial",,"ief_impattn","SWLOR.Game.Server\Feature\StatusEffectDefinition\ImprovedAttentivenessStatusEffect.cs"
"StatusEffect","IncapacitateStatusEffect","Incapacitate","Harmful",,"ief_incap","SWLOR.Game.Server\Feature\StatusEffectDefinition\IncapacitateStatusEffect.cs"
"StatusEffect","InfiniteConduitStatusEffect","Infinite Conduit","Beneficial",,"ief_infcond","SWLOR.Game.Server\Feature\StatusEffectDefinition\InfiniteConduitStatusEffect.cs"
"StatusEffect","Intercept1StatusEffect","Intercept I","Beneficial","1","ief_intc1","SWLOR.Game.Server\Feature\StatusEffectDefinition\Intercept1StatusEffect.cs"
"StatusEffect","Intercept2StatusEffect","Intercept II","Beneficial","2","ief_intc2","SWLOR.Game.Server\Feature\StatusEffectDefinition\Intercept2StatusEffect.cs"
"StatusEffect","InvincibleStatusEffect","Invincible","Beneficial",,"ief_invin","SWLOR.Game.Server\Feature\StatusEffectDefinition\InvincibleStatusEffect.cs"
"StatusEffect","IronCarapaceStatusEffect","Iron Carapace","Beneficial",,"ief_ironcarap","SWLOR.Game.Server\Feature\StatusEffectDefinition\IronCarapaceStatusEffect.cs"
"StatusEffect","IronGuardCoverStatusEffect","Iron Guard Cover","Beneficial",,"ief_irongrdcvr","SWLOR.Game.Server\Feature\StatusEffectDefinition\IronGuardCoverStatusEffect.cs"
"StatusEffect","IronGuardStanceStatusEffect","Iron Guard Stance","Beneficial",,"ief_irongrdstnc","SWLOR.Game.Server\Feature\StatusEffectDefinition\IronGuardStanceStatusEffect.cs"
"StatusEffect","IronHide1StatusEffect","Iron Hide I","Beneficial","1","ief_ironhide1","SWLOR.Game.Server\Feature\StatusEffectDefinition\IronHide1StatusEffect.cs"
"StatusEffect","IronHide2StatusEffect","Iron Hide II","Beneficial","2","ief_ironhide2","SWLOR.Game.Server\Feature\StatusEffectDefinition\IronHide2StatusEffect.cs"
"StatusEffect","IronHide3StatusEffect","Iron Hide III","Beneficial","3","ief_ironhide3","SWLOR.Game.Server\Feature\StatusEffectDefinition\IronHide3StatusEffect.cs"
"StatusEffect","IronWallStanceStatusEffect","Iron Wall Stance","Beneficial",,"ief_ironwallstnc","SWLOR.Game.Server\Feature\StatusEffectDefinition\IronWallStanceStatusEffect.cs"
"StatusEffect","KillZoneStatusEffect","Kill Zone","Beneficial",,"ief_killzone","SWLOR.Game.Server\Feature\StatusEffectDefinition\KillZoneStatusEffect.cs"
"StatusEffect","KnockdownStatusEffect","Knockdown","Harmful",,"ief_knock","SWLOR.Game.Server\Feature\StatusEffectDefinition\KnockdownStatusEffect.cs"
"StatusEffect","KoltoMistHealingStatusEffect","Kolto Mist","Beneficial",,"ief_koltomisthea","SWLOR.Game.Server\Feature\StatusEffectDefinition\KoltoMistHealingStatusEffect.cs"
"StatusEffect","LaceratorStanceStatusEffect","Lacerator Stance","Beneficial",,"ief_lcrtrstnc","SWLOR.Game.Server\Feature\StatusEffectDefinition\LaceratorStanceStatusEffect.cs"
"StatusEffect","LastStandOfTheLight1StatusEffect","Last Stand of the Light","Beneficial","1","ief_laststandlg1","SWLOR.Game.Server\Feature\StatusEffectDefinition\LastStandOfTheLight1StatusEffect.cs"
"StatusEffect","LastWordStatusEffect","Last Word","Harmful",,"ief_lastwrd","SWLOR.Game.Server\Feature\StatusEffectDefinition\LastWordStatusEffect.cs"
"StatusEffect","MarkedForDeathStatusEffect","Marked for Death","Harmful",,"ief_markfordth","SWLOR.Game.Server\Feature\StatusEffectDefinition\MarkedForDeathStatusEffect.cs"
"StatusEffect","MarkedStatusEffect","Marked","Harmful",,"ief_mark","SWLOR.Game.Server\Feature\StatusEffectDefinition\MarkedStatusEffect.cs"
"StatusEffect","MarkingTossStatusEffect","Marking Toss","Harmful",,"ief_marktss","SWLOR.Game.Server\Feature\StatusEffectDefinition\MarkingTossStatusEffect.cs"
"StatusEffect","MarkTarget1StatusEffect","Mark Target I","Harmful","1","ief_marktgt1","SWLOR.Game.Server\Feature\StatusEffectDefinition\MarkTarget1StatusEffect.cs"
"StatusEffect","MarkTarget2StatusEffect","Mark Target II","Harmful","2","ief_marktgt2","SWLOR.Game.Server\Feature\StatusEffectDefinition\MarkTarget2StatusEffect.cs"
"StatusEffect","NightmareField1StatusEffect","Nightmare Field","Harmful","1","ief_nightfld1","SWLOR.Game.Server\Feature\StatusEffectDefinition\NightmareField1StatusEffect.cs"
"StatusEffect","OpportunistStanceStatusEffect","Opportunist Stance","Beneficial",,"ief_pprtnststnc","SWLOR.Game.Server\Feature\StatusEffectDefinition\OpportunistStanceStatusEffect.cs"
"StatusEffect","OrdnanceStanceStatusEffect","Ordnance Stance","Beneficial",,"ief_rdnncstnc","SWLOR.Game.Server\Feature\StatusEffectDefinition\OrdnanceStanceStatusEffect.cs"
"StatusEffect","OverclockRoutineStatusEffect","Overclock Routine","Beneficial",,"ief_vrclckrtn","SWLOR.Game.Server\Feature\StatusEffectDefinition\OverclockRoutineStatusEffect.cs"
"StatusEffect","PacificationFieldStatusEffect","Pacification Field","Harmful",,"ief_pacfld","SWLOR.Game.Server\Feature\StatusEffectDefinition\PacificationFieldStatusEffect.cs"
"StatusEffect","PainSuppressant1StatusEffect","Pain Suppressant I","Beneficial","1","ief_painsup1","SWLOR.Game.Server\Feature\StatusEffectDefinition\PainSuppressant1StatusEffect.cs"
"StatusEffect","PainSuppressant2StatusEffect","Pain Suppressant II","Beneficial","2","ief_painsup2","SWLOR.Game.Server\Feature\StatusEffectDefinition\PainSuppressant2StatusEffect.cs"
"StatusEffect","PerceptiveStanceStatusEffect","Perceptive Stance","Beneficial",,"ief_percstnc","SWLOR.Game.Server\Feature\StatusEffectDefinition\PerceptiveStanceStatusEffect.cs"
"StatusEffect","PetFoodStatusEffect","Pet Food","Utility",,"ief_petfood","SWLOR.Game.Server\Feature\StatusEffectDefinition\PetFoodStatusEffect.cs"
"StatusEffect","PoisonDefensePenaltyStatusEffect","Poison","Harmful",,"ief_psnpen","SWLOR.Game.Server\Feature\StatusEffectDefinition\PoisonDefensePenaltyStatusEffect.cs"
"StatusEffect","PoisonStatusEffect","Poison","Harmful",,"ief_psn","SWLOR.Game.Server\Feature\StatusEffectDefinition\PoisonStatusEffect.cs"
"StatusEffect","PowerCell1StatusEffect","Power Cell I","Beneficial","1","ief_pwrcell1","SWLOR.Game.Server\Feature\StatusEffectDefinition\PowerCell1StatusEffect.cs"
"StatusEffect","PowerCell2StatusEffect","Power Cell II","Beneficial","2","ief_pwrcell2","SWLOR.Game.Server\Feature\StatusEffectDefinition\PowerCell2StatusEffect.cs"
"StatusEffect","PowerCell3StatusEffect","Power Cell III","Beneficial","3","ief_pwrcell3","SWLOR.Game.Server\Feature\StatusEffectDefinition\PowerCell3StatusEffect.cs"
"StatusEffect","PowerSurgeStatusEffect","Power Surge","Beneficial",,"ief_pwrsrg","SWLOR.Game.Server\Feature\StatusEffectDefinition\PowerSurgeStatusEffect.cs"
"StatusEffect","PrecognitionStatusEffect","Precognition","Beneficial",,"ief_prcgntn","SWLOR.Game.Server\Feature\StatusEffectDefinition\PrecognitionStatusEffect.cs"
"StatusEffect","PredatorsMark1StatusEffect","Predator's Mark I","Harmful","1","ief_predmark1","SWLOR.Game.Server\Feature\StatusEffectDefinition\PredatorsMark1StatusEffect.cs"
"StatusEffect","PredatoryBondBeastStatusEffect","Predatory Bond","Beneficial",,"ief_prdtrybndbst","SWLOR.Game.Server\Feature\StatusEffectDefinition\PredatoryBondBeastStatusEffect.cs"
"StatusEffect","PredatoryBondStatusEffect","Predatory Bond","Beneficial",,"ief_prdtrybnd","SWLOR.Game.Server\Feature\StatusEffectDefinition\PredatoryBondStatusEffect.cs"
"StatusEffect","PressTheAttack1StatusEffect","Press the Attack I","Beneficial","1","ief_pressatk1","SWLOR.Game.Server\Feature\StatusEffectDefinition\PressTheAttack1StatusEffect.cs"
"StatusEffect","PressTheAttack2StatusEffect","Press the Attack II","Beneficial","2","ief_pressatk2","SWLOR.Game.Server\Feature\StatusEffectDefinition\PressTheAttack2StatusEffect.cs"
"StatusEffect","PressTheAttack3StatusEffect","Press the Attack III","Beneficial","3","ief_pressatk3","SWLOR.Game.Server\Feature\StatusEffectDefinition\PressTheAttack3StatusEffect.cs"
"StatusEffect","PrimalOverrun1StatusEffect","Primal Overrun","Beneficial","1","ief_primovrn1","SWLOR.Game.Server\Feature\StatusEffectDefinition\PrimalOverrun1StatusEffect.cs"
"StatusEffect","PsychicCry1StatusEffect","Psychic Cry I","Harmful","1","ief_psycry1","SWLOR.Game.Server\Feature\StatusEffectDefinition\PsychicCry1StatusEffect.cs"
"StatusEffect","PsychicCry2StatusEffect","Psychic Cry II","Harmful","2","ief_psycry2","SWLOR.Game.Server\Feature\StatusEffectDefinition\PsychicCry2StatusEffect.cs"
"StatusEffect","PsychicCry3StatusEffect","Psychic Cry III","Harmful","3","ief_psycry3","SWLOR.Game.Server\Feature\StatusEffectDefinition\PsychicCry3StatusEffect.cs"
"StatusEffect","RallyingStandard1StatusEffect","Rallying Standard I","Beneficial","1","ief_rallystd1","SWLOR.Game.Server\Feature\StatusEffectDefinition\RallyingStandard1StatusEffect.cs"
"StatusEffect","RallyingStandard2StatusEffect","Rallying Standard II","Beneficial","2","ief_rallystd2","SWLOR.Game.Server\Feature\StatusEffectDefinition\RallyingStandard2StatusEffect.cs"
"StatusEffect","RampartHide1StatusEffect","Rampart Hide","Beneficial","1","ief_ramphide1","SWLOR.Game.Server\Feature\StatusEffectDefinition\RampartHide1StatusEffect.cs"
"StatusEffect","RampartStatusEffect","Rampart","Beneficial",,"ief_ramp","SWLOR.Game.Server\Feature\StatusEffectDefinition\RampartStatusEffect.cs"
"StatusEffect","RayshieldScreen1StatusEffect","Rayshield Screen I","Beneficial","1","ief_rayshscr1","SWLOR.Game.Server\Feature\StatusEffectDefinition\RayshieldScreen1StatusEffect.cs"
"StatusEffect","RayshieldScreen2StatusEffect","Rayshield Screen II","Beneficial","2","ief_rayshscr2","SWLOR.Game.Server\Feature\StatusEffectDefinition\RayshieldScreen2StatusEffect.cs"
"StatusEffect","ReflectiveBarrier1StatusEffect","Reflective Barrier","Beneficial","1","ief_reflbar1","SWLOR.Game.Server\Feature\StatusEffectDefinition\ReflectiveBarrier1StatusEffect.cs"
"StatusEffect","RegenerativeHealingStatusEffect","RegenerativeHealing","Beneficial",,"ief_regenheal","SWLOR.Game.Server\Feature\StatusEffectDefinition\RegenerativeHealingStatusEffect.cs"
"StatusEffect","RestStatusEffect","Rest","Utility",,"ief_rest","SWLOR.Game.Server\Feature\StatusEffectDefinition\RestStatusEffect.cs"
"StatusEffect","RousingShout1StatusEffect","Rousing Shout I","Beneficial","1","ief_rousshout1","SWLOR.Game.Server\Feature\StatusEffectDefinition\RousingShout1StatusEffect.cs"
"StatusEffect","RousingShout2StatusEffect","Rousing Shout II","Beneficial","2","ief_rousshout2","SWLOR.Game.Server\Feature\StatusEffectDefinition\RousingShout2StatusEffect.cs"
"StatusEffect","RousingShout3StatusEffect","Rousing Shout III","Beneficial","3","ief_rousshout3","SWLOR.Game.Server\Feature\StatusEffectDefinition\RousingShout3StatusEffect.cs"
"StatusEffect","SaturationTossStatusEffect","Saturation Toss","Harmful",,"ief_strtntss","SWLOR.Game.Server\Feature\StatusEffectDefinition\SaturationTossStatusEffect.cs"
"StatusEffect","ScrapperStanceStatusEffect","Scrapper Stance","Beneficial",,"ief_scrpprstnc","SWLOR.Game.Server\Feature\StatusEffectDefinition\ScrapperStanceStatusEffect.cs"
"StatusEffect","SentinelGuardStatusEffect","Sentinel Guard","Beneficial",,"ief_sentgrd","SWLOR.Game.Server\Feature\StatusEffectDefinition\NearbyAllyAttackDeflectionStatusEffect.cs"
"StatusEffect","SentinelStanceStatusEffect","Sentinel Stance","Beneficial",,"ief_sentstnc","SWLOR.Game.Server\Feature\StatusEffectDefinition\SentinelStanceStatusEffect.cs"
"StatusEffect","SereneFocusStatusEffect","Serene Focus","Beneficial",,"ief_srnfoc","SWLOR.Game.Server\Feature\StatusEffectDefinition\SereneFocusStatusEffect.cs"
"StatusEffect","ShadowflowStanceStatusEffect","Shadowflow Stance","Beneficial",,"ief_shdwflwstnc","SWLOR.Game.Server\Feature\StatusEffectDefinition\ShadowflowStanceStatusEffect.cs"
"StatusEffect","ShadowStrikeStatusEffect","Shadow Strike","Harmful",,"ief_shdwstrk","SWLOR.Game.Server\Feature\StatusEffectDefinition\ShadowStrikeStatusEffect.cs"
"StatusEffect","ShelterCircleStatusEffect","Shelter Circle","Beneficial",,"ief_shelcirc","SWLOR.Game.Server\Feature\StatusEffectDefinition\ShelterCircleStatusEffect.cs"
"StatusEffect","Shielding1StatusEffect","Shielding I","Beneficial","1","ief_shld1","SWLOR.Game.Server\Feature\StatusEffectDefinition\Shielding1StatusEffect.cs"
"StatusEffect","Shielding2StatusEffect","Shielding II","Beneficial","2","ief_shld2","SWLOR.Game.Server\Feature\StatusEffectDefinition\Shielding2StatusEffect.cs"
"StatusEffect","Shielding3StatusEffect","Shielding III","Beneficial","3","ief_shld3","SWLOR.Game.Server\Feature\StatusEffectDefinition\Shielding3StatusEffect.cs"
"StatusEffect","ShieldWallStatusEffect","Shield Wall","Beneficial",,"ief_shldwall","SWLOR.Game.Server\Feature\StatusEffectDefinition\ShieldWallStatusEffect.cs"
"StatusEffect","ShockStatusEffect","Shock","Harmful",,"ief_shock","SWLOR.Game.Server\Feature\StatusEffectDefinition\ShockStatusEffect.cs"
"StatusEffect","SignalJammerStatusEffect","Signal Jammer","Harmful",,"ief_sgnljmmr","SWLOR.Game.Server\Feature\StatusEffectDefinition\SignalJammerStatusEffect.cs"
"StatusEffect","SkirmisherStanceStatusEffect","Skirmisher Stance","Beneficial",,"ief_skirmstnc","SWLOR.Game.Server\Feature\StatusEffectDefinition\SkirmisherStanceStatusEffect.cs"
"StatusEffect","SlugShakePenaltyStatusEffect","Slug Shake","Harmful",,"ief_slugshakepen","SWLOR.Game.Server\Feature\StatusEffectDefinition\SlugShakePenaltyStatusEffect.cs"
"StatusEffect","SmokeBombStatusEffect","Smoke Bomb","Harmful",,"ief_smokebomb","SWLOR.Game.Server\Feature\StatusEffectDefinition\SmokeBombStatusEffect.cs"
"StatusEffect","SmokeRoundCoverStatusEffect","Smoke Round Cover","Beneficial",,"ief_smokerndcvr","SWLOR.Game.Server\Feature\StatusEffectDefinition\SmokeRoundCoverStatusEffect.cs"
"StatusEffect","SmokeRoundStatusEffect","Smoke Round","Harmful",,"ief_smokernd","SWLOR.Game.Server\Feature\StatusEffectDefinition\SmokeRoundStatusEffect.cs"
"StatusEffect","SnapRollStatusEffect","Snap Roll","Beneficial",,"ief_snaproll","SWLOR.Game.Server\Feature\StatusEffectDefinition\SnapRollStatusEffect.cs"
"StatusEffect","SniperStanceStatusEffect","Sniper Stance","Beneficial",,"ief_snipstnc","SWLOR.Game.Server\Feature\StatusEffectDefinition\SniperStanceStatusEffect.cs"
"StatusEffect","SonicBurst2StatusEffect","Sonic Burst II","Harmful","2","ief_sonicbrst2","SWLOR.Game.Server\Feature\StatusEffectDefinition\SonicBurst2StatusEffect.cs"
"StatusEffect","SonicBurst3StatusEffect","Sonic Burst III","Harmful","3","ief_sonicbrst3","SWLOR.Game.Server\Feature\StatusEffectDefinition\SonicBurst3StatusEffect.cs"
"StatusEffect","SoulAscensionStatusEffect","Soul Ascension","Beneficial",,"ief_soulasc","SWLOR.Game.Server\Feature\StatusEffectDefinition\SoulAscensionStatusEffect.cs"
"StatusEffect","SoulDevourerStatusEffect","Soul Devourer","Beneficial",,"ief_souldev","SWLOR.Game.Server\Feature\StatusEffectDefinition\SoulDevourerStatusEffect.cs"
"StatusEffect","SoulSacrificeStatusEffect","Soul Sacrifice","Beneficial",,"ief_soulsac","SWLOR.Game.Server\Feature\StatusEffectDefinition\SoulSacrificeStatusEffect.cs"
"StatusEffect","SoulStormStatusEffect","Soul Storm","Beneficial",,"ief_soulstorm","SWLOR.Game.Server\Feature\StatusEffectDefinition\SoulStormStatusEffect.cs"
"StatusEffect","SplitGuardStrikeStatusEffect","Split Guard Strike","Beneficial",,"ief_splitgrdstrk","SWLOR.Game.Server\Feature\StatusEffectDefinition\SplitGuardStrikeStatusEffect.cs"
"StatusEffect","SpotterStanceStatusEffect","Spotter Stance","Beneficial",,"ief_spotstnc","SWLOR.Game.Server\Feature\StatusEffectDefinition\SpotterStanceStatusEffect.cs"
"StatusEffect","StasisVolleyStatusEffect","Stasis Volley","Harmful",,"ief_stssvlly","SWLOR.Game.Server\Feature\StatusEffectDefinition\StasisVolleyStatusEffect.cs"
"StatusEffect","SteadyFormation1StatusEffect","Steady Formation I","Beneficial","1","ief_steadyform1","SWLOR.Game.Server\Feature\StatusEffectDefinition\SteadyFormation1StatusEffect.cs"
"StatusEffect","SteadyFormation2StatusEffect","Steady Formation II","Beneficial","2","ief_steadyform2","SWLOR.Game.Server\Feature\StatusEffectDefinition\SteadyFormation2StatusEffect.cs"
"StatusEffect","StunnedStatusEffect","Stunned","Harmful",,"ief_stun","SWLOR.Game.Server\Feature\StatusEffectDefinition\StunnedStatusEffect.cs"
"StatusEffect","SubdualPenaltyStatusEffect","Subdual Penalty","Harmful",,"ief_subpen","SWLOR.Game.Server\Feature\StatusEffectDefinition\SubdualPenaltyStatusEffect.cs"
"StatusEffect","SunderStatusEffect","Sunder","Harmful",,"ief_sunder","SWLOR.Game.Server\Feature\StatusEffectDefinition\SunderStatusEffect.cs"
"StatusEffect","SuppressionStanceStatusEffect","Suppression Stance","Beneficial",,"ief_supstnc","SWLOR.Game.Server\Feature\StatusEffectDefinition\SuppressionStanceStatusEffect.cs"
"StatusEffect","SuppressionStatusEffect","Suppression","Harmful",,"ief_sup","SWLOR.Game.Server\Feature\StatusEffectDefinition\SuppressionStatusEffect.cs"
"StatusEffect","SweepingGuardStatusEffect","Sweeping Guard","Beneficial",,"ief_sweepgrd","SWLOR.Game.Server\Feature\StatusEffectDefinition\SweepingGuardStatusEffect.cs"
"StatusEffect","TacticalUplinkStatusEffect","Tactical Uplink","Beneficial",,"ief_tctclplnk","SWLOR.Game.Server\Feature\StatusEffectDefinition\TacticalUplinkStatusEffect.cs"
"StatusEffect","TauntingDeflectionStatusEffect","Taunting Deflection","Harmful",,"ief_tauntdflctn","SWLOR.Game.Server\Feature\StatusEffectDefinition\TauntingDeflectionStatusEffect.cs"
"StatusEffect","TempestMarkStatusEffect","Tempest Mark","Harmful",,"ief_tempmark","SWLOR.Game.Server\Feature\StatusEffectDefinition\TempestMarkStatusEffect.cs"
"StatusEffect","TempestStanceStatusEffect","Tempest Stance","Beneficial",,"ief_tempstnc","SWLOR.Game.Server\Feature\StatusEffectDefinition\TempestStanceStatusEffect.cs"
"StatusEffect","TerrifiedStatusEffect","Terrified","Harmful",,"ief_fear","SWLOR.Game.Server\Feature\StatusEffectDefinition\TerrifiedStatusEffect.cs"
"StatusEffect","ToxicRushStatusEffect","Toxic Rush","Beneficial",,"ief_toxrush","SWLOR.Game.Server\Feature\StatusEffectDefinition\ToxicRushStatusEffect.cs"
"StatusEffect","ToxinStatusEffect","Toxin","Harmful",,"ief_toxin","SWLOR.Game.Server\Feature\StatusEffectDefinition\ToxinStatusEffect.cs"
"StatusEffect","TranquilizedStatusEffect","Tranquilized","Harmful",,"ief_tranq","SWLOR.Game.Server\Feature\StatusEffectDefinition\TranquilizedStatusEffect.cs"
"StatusEffect","TriageProtocol1StatusEffect","Triage Protocol I","Beneficial","1","ief_triageprot1","SWLOR.Game.Server\Feature\StatusEffectDefinition\TriageProtocol1StatusEffect.cs"
"StatusEffect","TriageProtocol2StatusEffect","Triage Protocol II","Beneficial","2","ief_triageprot2","SWLOR.Game.Server\Feature\StatusEffectDefinition\TriageProtocol2StatusEffect.cs"
"StatusEffect","TwinGuardStanceStatusEffect","Twin Guard Stance","Beneficial",,"ief_twingrdstnc","SWLOR.Game.Server\Feature\StatusEffectDefinition\TwinGuardStanceStatusEffect.cs"
"StatusEffect","TwinInterceptStatusEffect","Twin Intercept","Beneficial",,"ief_twinintc","SWLOR.Game.Server\Feature\StatusEffectDefinition\TwinInterceptStatusEffect.cs"
"StatusEffect","UnbreakableBeast1StatusEffect","Unbreakable Beast","Beneficial","1","ief_unbrkbst1","SWLOR.Game.Server\Feature\StatusEffectDefinition\UnbreakableBeast1StatusEffect.cs"
"StatusEffect","UnmovingCenterStatusEffect","Unmoving Center","Beneficial",,"ief_unmovecntr","SWLOR.Game.Server\Feature\StatusEffectDefinition\UnmovingCenterStatusEffect.cs"
"StatusEffect","UnstablePressureStatusEffect","Unstable Pressure","Harmful",,"ief_nstblprssr","SWLOR.Game.Server\Feature\StatusEffectDefinition\UnstablePressureStatusEffect.cs"
"StatusEffect","UntouchableInstinct1StatusEffect","Untouchable Instinct","Beneficial","1","ief_untchinst1","SWLOR.Game.Server\Feature\StatusEffectDefinition\UntouchableInstinct1StatusEffect.cs"
"StatusEffect","VigorStanceStatusEffect","Vigor Stance","Beneficial",,"ief_vgrstnc","SWLOR.Game.Server\Feature\StatusEffectDefinition\VigorStanceStatusEffect.cs"
"StatusEffect","VitalStrikeStatusEffect","Vital Strike","Harmful",,"ief_vitalstrk","SWLOR.Game.Server\Feature\StatusEffectDefinition\VitalStrikeStatusEffect.cs"
"StatusEffect","VulnerableStatusEffect","Vulnerable","Harmful",,"ief_vuln","SWLOR.Game.Server\Feature\StatusEffectDefinition\VulnerableStatusEffect.cs"
"StatusEffect","WardBondStatusEffect","Ward Bond","Beneficial",,"ief_wrdbnd","SWLOR.Game.Server\Feature\StatusEffectDefinition\WardBondStatusEffect.cs"
"StatusEffect","WardingHowl1StatusEffect","Warding Howl I","Beneficial","1","ief_wardhwl1","SWLOR.Game.Server\Feature\StatusEffectDefinition\WardingHowl1StatusEffect.cs"
"StatusEffect","WardingHowl2StatusEffect","Warding Howl II","Beneficial","2","ief_wardhwl2","SWLOR.Game.Server\Feature\StatusEffectDefinition\WardingHowl2StatusEffect.cs"
"StatusEffect","WardingHowl3StatusEffect","Warding Howl III","Beneficial","3","ief_wardhwl3","SWLOR.Game.Server\Feature\StatusEffectDefinition\WardingHowl3StatusEffect.cs"
"StatusEffect","WatchfulPresence1StatusEffect","Watchful Presence I","Beneficial","1","ief_watchpres1","SWLOR.Game.Server\Feature\StatusEffectDefinition\WatchfulPresence1StatusEffect.cs"
"StatusEffect","WatchfulPresence2StatusEffect","Watchful Presence II","Beneficial","2","ief_watchpres2","SWLOR.Game.Server\Feature\StatusEffectDefinition\WatchfulPresence2StatusEffect.cs"
"StatusEffect","WatchfulPresence3StatusEffect","Watchful Presence III","Beneficial","3","ief_watchpres3","SWLOR.Game.Server\Feature\StatusEffectDefinition\WatchfulPresence3StatusEffect.cs"
"StatusEffect","WeakenedStatusEffect","Weakened","Harmful",,"ief_weak","SWLOR.Game.Server\Feature\StatusEffectDefinition\WeakenedStatusEffect.cs"
"StatusEffect","WeakenResolve1StatusEffect","Weaken Resolve I","Harmful","1","ief_weakenres1","SWLOR.Game.Server\Feature\StatusEffectDefinition\WeakenResolve1StatusEffect.cs"
"StatusEffect","WeakenResolve2StatusEffect","Weaken Resolve II","Harmful","2","ief_weakenres2","SWLOR.Game.Server\Feature\StatusEffectDefinition\WeakenResolve2StatusEffect.cs"
"StatusEffect","WeaponJam1StatusEffect","Weapon Jam","Harmful","1","ief_wpnjam1","SWLOR.Game.Server\Feature\StatusEffectDefinition\WeaponJam1StatusEffect.cs"
"StatusEffect","WhirlingGuardStatusEffect","Whirling Guard","Self",,"ief_whirlgrd","SWLOR.Game.Server\Feature\StatusEffectDefinition\WhirlingGuardStatusEffect.cs"
"StatusEffect","WorldbreakerStatusEffect","Worldbreaker","Harmful",,"ief_wrldbrkr","SWLOR.Game.Server\Feature\StatusEffectDefinition\WorldbreakerStatusEffect.cs"
