Group,NWScriptConstant,CSharpEnum,Value,VisualTags,Location,Colors,SelectionHint,SourcePage,ImageUrl
BEAM,VFX_BEAM_LIGHTNING,Vfx_Beam_Lightning,73,"Beam; lightning; location body; colors blue, white",Body,"Blue, white",Line from source to target; use with EffectBeam for sustained target links.,https://www.nwnlexicon.com/Vfx_beam,https://www.nwnlexicon.com/images/4/4e/Beam.bmlightning.jpg
BEAM,VFX_BEAM_FIRE,Vfx_Beam_Fire,210,"Beam; fire; location body; colors fire, yellow",Body,"Fire, yellow",Line from source to target; use with EffectBeam for sustained target links.,https://www.nwnlexicon.com/Vfx_beam,https://www.nwnlexicon.com/images/e/ee/Beam.bmfire.jpg
BEAM,VFX_BEAM_COLD,Vfx_Beam_Cold,211,"Beam; cold; location body; colors blue, white",Body,"Blue, white",Line from source to target; use with EffectBeam for sustained target links.,https://www.nwnlexicon.com/Vfx_beam,https://www.nwnlexicon.com/images/f/ff/Beam.bmcold.jpg
BEAM,VFX_BEAM_HOLY,Vfx_Beam_Holy,212,Beam; holy; location body; colors yellow,Body,Yellow,Line from source to target; use with EffectBeam for sustained target links.,https://www.nwnlexicon.com/Vfx_beam,https://www.nwnlexicon.com/images/9/97/Beam.holy.jpg
BEAM,VFX_BEAM_MIND,Vfx_Beam_Mind,213,"Beam; mind; location body; colors purple, white",Body,"Purple, white",Line from source to target; use with EffectBeam for sustained target links.,https://www.nwnlexicon.com/Vfx_beam,https://www.nwnlexicon.com/images/2/2d/Beam.bmmind.jpg
BEAM,VFX_BEAM_EVIL,Vfx_Beam_Evil,214,"Beam; evil; location body; colors red, white",Body,"Red, white",Line from source to target; use with EffectBeam for sustained target links.,https://www.nwnlexicon.com/Vfx_beam,https://www.nwnlexicon.com/images/f/f0/Beam.bmevil.jpg
BEAM,VFX_BEAM_ODD,Vfx_Beam_Odd,215,"Beam; odd; location body; colors purple, white",Body,"Purple, white",Line from source to target; use with EffectBeam for sustained target links.,https://www.nwnlexicon.com/Vfx_beam,https://www.nwnlexicon.com/images/7/7c/Beam.bmodd.jpg
BEAM,VFX_BEAM_FIRE_LASH,Vfx_Beam_Fire_Lash,216,"Beam; fire lash; location body; colors fire, yellow",Body,"Fire, yellow",Line from source to target; use with EffectBeam for sustained target links.,https://www.nwnlexicon.com/Vfx_beam,https://www.nwnlexicon.com/images/9/97/Beam.bmfirelash.jpg
BEAM,VFX_BEAM_SILENT_LIGHTNING,Vfx_Beam_Silent_Lightning,307,"Beam; silent lightning; location body; colors blue, white",Body,"Blue, white",Line from source to target; use with EffectBeam for sustained target links.,https://www.nwnlexicon.com/Vfx_beam,https://www.nwnlexicon.com/images/4/4e/Beam.bmlightning.jpg
BEAM,VFX_BEAM_SILENT_FIRE,Vfx_Beam_Silent_Fire,308,"Beam; silent fire; location body; colors fire, yellow",Body,"Fire, yellow",Line from source to target; use with EffectBeam for sustained target links.,https://www.nwnlexicon.com/Vfx_beam,https://www.nwnlexicon.com/images/e/ee/Beam.bmfire.jpg
BEAM,VFX_BEAM_SILENT_COLD,Vfx_Beam_Silent_Cold,309,"Beam; silent cold; location body; colors blue, white",Body,"Blue, white",Line from source to target; use with EffectBeam for sustained target links.,https://www.nwnlexicon.com/Vfx_beam,https://www.nwnlexicon.com/images/f/ff/Beam.bmcold.jpg
BEAM,VFX_BEAM_SILENT_HOLY,Vfx_Beam_Silent_Holy,310,Beam; silent holy; location body; colors yellow,Body,Yellow,Line from source to target; use with EffectBeam for sustained target links.,https://www.nwnlexicon.com/Vfx_beam,https://www.nwnlexicon.com/images/9/97/Beam.holy.jpg
BEAM,VFX_BEAM_SILENT_MIND,Vfx_Beam_Silent_Mind,311,"Beam; silent mind; location body; colors purple, white",Body,"Purple, white",Line from source to target; use with EffectBeam for sustained target links.,https://www.nwnlexicon.com/Vfx_beam,https://www.nwnlexicon.com/images/2/2d/Beam.bmmind.jpg
BEAM,VFX_BEAM_SILENT_EVIL,Vfx_Beam_Silent_Evil,312,"Beam; silent evil; location body; colors red, white",Body,"Red, white",Line from source to target; use with EffectBeam for sustained target links.,https://www.nwnlexicon.com/Vfx_beam,https://www.nwnlexicon.com/images/f/f0/Beam.bmevil.jpg
BEAM,VFX_BEAM_SILENT_ODD,Vfx_Beam_Silent_Odd,313,"Beam; silent odd; location body; colors purple, white",Body,"Purple, white",Line from source to target; use with EffectBeam for sustained target links.,https://www.nwnlexicon.com/Vfx_beam,https://www.nwnlexicon.com/images/7/7c/Beam.bmodd.jpg
BEAM,VFX_BEAM_DISINTEGRATE,Vfx_Beam_Disintegrate,447,Beam; disintegrate,,,Line from source to target; use with EffectBeam for sustained target links.,https://www.nwnlexicon.com/Vfx_beam,https://www.nwnlexicon.com/images/5/59/Beam_disintegrate.jpg
BEAM,VFX_BEAM_FIRE_W,Vfx_Beam_Fire_W,482,"Beam; fire wide; location body; colors fire, yellow",Body,"Fire, yellow",Line from source to target; use with EffectBeam for sustained target links.,https://www.nwnlexicon.com/Vfx_beam,https://www.nwnlexicon.com/images/b/be/Beam.firew.jpg
BEAM,VFX_BEAM_FIRE_W_SILENT,Vfx_Beam_Fire_W_Silent,483,"Beam; fire wide silent; location body; colors fire, yellow",Body,"Fire, yellow",Line from source to target; use with EffectBeam for sustained target links.,https://www.nwnlexicon.com/Vfx_beam,https://www.nwnlexicon.com/images/f/f0/Beam.silentfire.jpg
BEAM,VFX_BEAM_CHAIN,Vfx_Beam_Chain,484,Beam; chain; location body; colors chain,Body,Chain,Line from source to target; use with EffectBeam for sustained target links.,https://www.nwnlexicon.com/Vfx_beam,https://www.nwnlexicon.com/images/6/63/Beam.chain.jpg
BEAM,VFX_BEAM_BLACK,Vfx_Beam_Black,485,"Beam; black; location body; colors black, negative",Body,"Black, negative",Line from source to target; use with EffectBeam for sustained target links.,https://www.nwnlexicon.com/Vfx_beam,https://www.nwnlexicon.com/images/7/74/Beam.black.jpg
COM,VFX_COM_SPECIAL_BLUE_RED,Vfx_Com_Special_Blue_Red,100,Combat impact; special blue red,,,"Combat contact graphic; use for weapon, creature, or hit impact feedback.",https://www.nwnlexicon.com/Vfx_com,
COM,VFX_COM_SPECIAL_PINK_ORANGE,Vfx_Com_Special_Pink_Orange,101,Combat impact; special pink orange,,,"Combat contact graphic; use for weapon, creature, or hit impact feedback.",https://www.nwnlexicon.com/Vfx_com,
COM,VFX_COM_SPECIAL_RED_WHITE,Vfx_Com_Special_Red_White,102,Combat impact; special red white,,,"Combat contact graphic; use for weapon, creature, or hit impact feedback.",https://www.nwnlexicon.com/Vfx_com,
COM,VFX_COM_SPECIAL_RED_ORANGE,Vfx_Com_Special_Red_Orange,103,Combat impact; special red orange,,,"Combat contact graphic; use for weapon, creature, or hit impact feedback.",https://www.nwnlexicon.com/Vfx_com,
COM,VFX_COM_SPECIAL_WHITE_BLUE,Vfx_Com_Special_White_Blue,104,Combat impact; special white blue,,,"Combat contact graphic; use for weapon, creature, or hit impact feedback.",https://www.nwnlexicon.com/Vfx_com,
COM,VFX_COM_SPECIAL_WHITE_ORANGE,Vfx_Com_Special_White_Orange,105,Combat impact; special white orange,,,"Combat contact graphic; use for weapon, creature, or hit impact feedback.",https://www.nwnlexicon.com/Vfx_com,
COM,VFX_COM_BLOOD_REG_WIMP,Vfx_Com_Blood_Reg_Wimp,106,Combat impact; blood regular wimp; location neck,Neck,,"Combat contact graphic; use for weapon, creature, or hit impact feedback.",https://www.nwnlexicon.com/Vfx_com,
COM,VFX_COM_BLOOD_LRG_WIMP,Vfx_Com_Blood_Lrg_Wimp,107,Combat impact; blood large wimp; location neck,Neck,,"Combat contact graphic; use for weapon, creature, or hit impact feedback.",https://www.nwnlexicon.com/Vfx_com,
COM,VFX_COM_BLOOD_CRT_WIMP,Vfx_Com_Blood_Crt_Wimp,108,Combat impact; blood critical wimp; location neck,Neck,,"Combat contact graphic; use for weapon, creature, or hit impact feedback.",https://www.nwnlexicon.com/Vfx_com,
COM,VFX_COM_BLOOD_REG_RED,Vfx_Com_Blood_Reg_Red,109,Combat impact; blood regular red; location neck; colors red,Neck,Red,"Combat contact graphic; use for weapon, creature, or hit impact feedback.",https://www.nwnlexicon.com/Vfx_com,
COM,VFX_COM_BLOOD_REG_GREEN,Vfx_Com_Blood_Reg_Green,110,Combat impact; blood regular green; location neck; colors green,Neck,Green,"Combat contact graphic; use for weapon, creature, or hit impact feedback.",https://www.nwnlexicon.com/Vfx_com,
COM,VFX_COM_BLOOD_REG_YELLOW,Vfx_Com_Blood_Reg_Yellow,111,Combat impact; blood regular yellow; location neck; colors yellow,Neck,Yellow,"Combat contact graphic; use for weapon, creature, or hit impact feedback.",https://www.nwnlexicon.com/Vfx_com,
COM,VFX_COM_BLOOD_LRG_RED,Vfx_Com_Blood_Lrg_Red,112,Combat impact; blood large red; location neck; colors red,Neck,Red,"Combat contact graphic; use for weapon, creature, or hit impact feedback.",https://www.nwnlexicon.com/Vfx_com,
COM,VFX_COM_BLOOD_LRG_GREEN,Vfx_Com_Blood_Lrg_Green,113,Combat impact; blood large green; location neck; colors green,Neck,Green,"Combat contact graphic; use for weapon, creature, or hit impact feedback.",https://www.nwnlexicon.com/Vfx_com,
COM,VFX_COM_BLOOD_LRG_YELLOW,Vfx_Com_Blood_Lrg_Yellow,114,Combat impact; blood large yellow; location neck; colors yellow,Neck,Yellow,"Combat contact graphic; use for weapon, creature, or hit impact feedback.",https://www.nwnlexicon.com/Vfx_com,
COM,VFX_COM_BLOOD_CRT_RED,Vfx_Com_Blood_Crt_Red,115,Combat impact; blood critical red; location neck; colors red,Neck,Red,"Combat contact graphic; use for weapon, creature, or hit impact feedback.",https://www.nwnlexicon.com/Vfx_com,
COM,VFX_COM_BLOOD_CRT_GREEN,Vfx_Com_Blood_Crt_Green,116,Combat impact; blood critical green; location neck; colors green,Neck,Green,"Combat contact graphic; use for weapon, creature, or hit impact feedback.",https://www.nwnlexicon.com/Vfx_com,
COM,VFX_COM_BLOOD_CRT_YELLOW,Vfx_Com_Blood_Crt_Yellow,117,Combat impact; blood critical yellow; location neck; colors yellow,Neck,Yellow,"Combat contact graphic; use for weapon, creature, or hit impact feedback.",https://www.nwnlexicon.com/Vfx_com,
COM,VFX_COM_SPARKS_PARRY,Vfx_Com_Sparks_Parry,118,Combat impact; sparks parry; location feet; colors white,Feet,White,"Combat contact graphic; use for weapon, creature, or hit impact feedback.",https://www.nwnlexicon.com/Vfx_com,
COM,VFX_COM_UNLOAD_MODEL,Vfx_Com_Unload_Model,120,Combat impact; unload model,,,"Combat contact graphic; use for weapon, creature, or hit impact feedback.",https://www.nwnlexicon.com/Vfx_com,
COM,VFX_COM_CHUNK_RED_SMALL,Vfx_Com_Chunk_Red_Small,121,"Combat impact; chunk red small; location about body; colors red, bones",About Body,"Red, bones","Combat contact graphic; use for weapon, creature, or hit impact feedback.",https://www.nwnlexicon.com/Vfx_com,
COM,VFX_COM_CHUNK_RED_MEDIUM,Vfx_Com_Chunk_Red_Medium,122,"Combat impact; chunk red medium; location about body; colors red, bones",About Body,"Red, bones","Combat contact graphic; use for weapon, creature, or hit impact feedback.",https://www.nwnlexicon.com/Vfx_com,
COM,VFX_COM_CHUNK_GREEN_SMALL,Vfx_Com_Chunk_Green_Small,123,Combat impact; chunk green small; location about body; colors green,About Body,Green,"Combat contact graphic; use for weapon, creature, or hit impact feedback.",https://www.nwnlexicon.com/Vfx_com,
COM,VFX_COM_CHUNK_GREEN_MEDIUM,Vfx_Com_Chunk_Green_Medium,124,Combat impact; chunk green medium; location about body; colors green,About Body,Green,"Combat contact graphic; use for weapon, creature, or hit impact feedback.",https://www.nwnlexicon.com/Vfx_com,
COM,VFX_COM_CHUNK_YELLOW_SMALL,Vfx_Com_Chunk_Yellow_Small,125,Combat impact; chunk yellow small; location about body; colors yellow,About Body,Yellow,"Combat contact graphic; use for weapon, creature, or hit impact feedback.",https://www.nwnlexicon.com/Vfx_com,
COM,VFX_COM_CHUNK_YELLOW_MEDIUM,Vfx_Com_Chunk_Yellow_Medium,126,Combat impact; chunk yellow medium; location about body; colors yellow,About Body,Yellow,"Combat contact graphic; use for weapon, creature, or hit impact feedback.",https://www.nwnlexicon.com/Vfx_com,
COM,VFX_COM_CHUNK_RED_LARGE,Vfx_Com_Chunk_Red_Large,235,"Combat impact; chunk red large; location about body; colors red, bones",About Body,"Red, bones","Combat contact graphic; use for weapon, creature, or hit impact feedback.",https://www.nwnlexicon.com/Vfx_com,
COM,VFX_COM_CHUNK_BONE_MEDIUM,Vfx_Com_Chunk_Bone_Medium,236,Combat impact; chunk bone medium; location about head; colors gray,About Head,Gray,"Combat contact graphic; use for weapon, creature, or hit impact feedback.",https://www.nwnlexicon.com/Vfx_com,
COM,VFX_COM_BLOOD_SPARK_SMALL,Vfx_Com_Blood_Spark_Small,237,Combat impact; blood spark small; location chest; colors white,Chest,White,"Combat contact graphic; use for weapon, creature, or hit impact feedback.",https://www.nwnlexicon.com/Vfx_com,
COM,VFX_COM_BLOOD_SPARK_MEDIUM,Vfx_Com_Blood_Spark_Medium,238,Combat impact; blood spark medium; location chest; colors white,Chest,White,"Combat contact graphic; use for weapon, creature, or hit impact feedback.",https://www.nwnlexicon.com/Vfx_com,
COM,VFX_COM_BLOOD_SPARK_LARGE,Vfx_Com_Blood_Spark_Large,239,Combat impact; blood spark large; location chest; colors white,Chest,White,"Combat contact graphic; use for weapon, creature, or hit impact feedback.",https://www.nwnlexicon.com/Vfx_com,
COM,VFX_COM_HIT_FIRE,Vfx_Com_Hit_Fire,280,Combat impact; hit fire; location about body; colors fire,About Body,Fire,"Combat contact graphic; use for weapon, creature, or hit impact feedback.",https://www.nwnlexicon.com/Vfx_com,
COM,VFX_COM_HIT_FROST,Vfx_Com_Hit_Frost,281,Combat impact; hit frost; location about body; colors white,About Body,White,"Combat contact graphic; use for weapon, creature, or hit impact feedback.",https://www.nwnlexicon.com/Vfx_com,
COM,VFX_COM_HIT_ELECTRICAL,Vfx_Com_Hit_Electrical,282,Combat impact; hit electrical; location about body; colors electric,About Body,Electric,"Combat contact graphic; use for weapon, creature, or hit impact feedback.",https://www.nwnlexicon.com/Vfx_com,
COM,VFX_COM_HIT_ACID,Vfx_Com_Hit_Acid,283,Combat impact; hit acid; location about body; colors green,About Body,Green,"Combat contact graphic; use for weapon, creature, or hit impact feedback.",https://www.nwnlexicon.com/Vfx_com,
COM,VFX_COM_HIT_SONIC,Vfx_Com_Hit_Sonic,284,Combat impact; hit sonic; location about body; colors white,About Body,White,"Combat contact graphic; use for weapon, creature, or hit impact feedback.",https://www.nwnlexicon.com/Vfx_com,
COM,VFX_COM_HIT_NEGATIVE,Vfx_Com_Hit_Negative,288,Combat impact; hit negative; location about body; colors red,About Body,Red,"Combat contact graphic; use for weapon, creature, or hit impact feedback.",https://www.nwnlexicon.com/Vfx_com,
COM,VFX_COM_HIT_DIVINE,Vfx_Com_Hit_Divine,289,Combat impact; hit divine; location about body; colors yellow,About Body,Yellow,"Combat contact graphic; use for weapon, creature, or hit impact feedback.",https://www.nwnlexicon.com/Vfx_com,
COM,VFX_COM_CHUNK_STONE_SMALL,Vfx_Com_Chunk_Stone_Small,353,Combat impact; chunk stone small,,,"Combat contact graphic; use for weapon, creature, or hit impact feedback.",https://www.nwnlexicon.com/Vfx_com,
COM,VFX_COM_CHUNK_STONE_MEDIUM,Vfx_Com_Chunk_Stone_Medium,354,Combat impact; chunk stone medium,,,"Combat contact graphic; use for weapon, creature, or hit impact feedback.",https://www.nwnlexicon.com/Vfx_com,
COM,VFX_COM_CHUNK_RED_BALLISTA,Vfx_Com_Chunk_Red_Ballista,504,Combat impact; chunk red ballista,,,"Combat contact graphic; use for weapon, creature, or hit impact feedback.",https://www.nwnlexicon.com/Vfx_com,
DUR,VFX_DUR_BLUR,Dur_Blur,0,"Duration or marker; blur; location about body; colors blue, white",About body,"Blue, white","Duration or marker graphic; use for persistent auras, ground markers, or status visuals.",https://www.nwnlexicon.com/Vfx_dur,https://www.nwnlexicon.com/images/9/90/Dur.blur.jpg
DUR,VFX_DUR_DARKNESS,Dur_Darkness,1,Duration or marker; darkness; location area; colors dark,Area,Dark,"Duration or marker graphic; use for persistent auras, ground markers, or status visuals.",https://www.nwnlexicon.com/Vfx_dur,https://www.nwnlexicon.com/images/d/d0/Dur.darkness.jpg
DUR,VFX_DUR_ENTANGLE,Dur_Entangle,2,Duration or marker; entangle; location floor; colors green,Floor,Green,"Duration or marker graphic; use for persistent auras, ground markers, or status visuals.",https://www.nwnlexicon.com/Vfx_dur,https://www.nwnlexicon.com/images/5/5c/Dur.entangle.jpg
DUR,VFX_DUR_FREEDOM_OF_MOVEMENT,Dur_Freedom_Of_Movement,3,Duration or marker; freedom of movement; location floor; colors green,Floor,Green,"Duration or marker graphic; use for persistent auras, ground markers, or status visuals.",https://www.nwnlexicon.com/Vfx_dur,https://www.nwnlexicon.com/images/2/2d/Dur.freedommove.jpg
DUR,VFX_DUR_GLOBE_INVULNERABILITY,Dur_Globe_Invulnerability,4,Duration or marker; globe invulnerability,,,"Duration or marker graphic; use for persistent auras, ground markers, or status visuals.",https://www.nwnlexicon.com/Vfx_dur,https://www.nwnlexicon.com/images/1/15/Dur.globeinvuln.jpg
DUR,VFX_DUR_BLACKOUT,Dur_Blackout,5,Duration or marker; blackout; location area; colors black,Area,Black,"Duration or marker graphic; use for persistent auras, ground markers, or status visuals.",https://www.nwnlexicon.com/Vfx_dur,https://www.nwnlexicon.com/images/a/a0/Dur.blackout.jpg
DUR,VFX_DUR_INVISIBILITY,Dur_Invisibility,6,Duration or marker; invisibility; location about body,About Body,,"Duration or marker graphic; use for persistent auras, ground markers, or status visuals.",https://www.nwnlexicon.com/Vfx_dur,https://www.nwnlexicon.com/images/9/94/Dur.invisibility.jpg
DUR,VFX_DUR_MIND_AFFECTING_NEGATIVE,Dur_Mind_Affecting_Negative,7,"Duration or marker; mind affecting negative; location about head; colors blue, white",About Head,"Blue, white","Duration or marker graphic; use for persistent auras, ground markers, or status visuals.",https://www.nwnlexicon.com/Vfx_dur,https://www.nwnlexicon.com/images/6/67/Dur.mindnegative.jpg
DUR,VFX_DUR_MIND_AFFECTING_POSITIVE,Dur_Mind_Affecting_Positive,8,Duration or marker; mind affecting positive; location about head; colors white,About Head,White,"Duration or marker graphic; use for persistent auras, ground markers, or status visuals.",https://www.nwnlexicon.com/Vfx_dur,https://www.nwnlexicon.com/images/4/4e/Dur.mindpositive.jpg
DUR,VFX_DUR_GHOSTLY_VISAGE,Dur_Ghostly_Visage,9,Duration or marker; ghostly visage,,,"Duration or marker graphic; use for persistent auras, ground markers, or status visuals.",https://www.nwnlexicon.com/Vfx_dur,https://www.nwnlexicon.com/images/b/b2/Dur.ghostlyvisage.jpg
DUR,VFX_DUR_ETHEREAL_VISAGE,Dur_Ethereal_Visage,10,Duration or marker; ethereal visage; location above head; colors purple,Above Head,Purple,"Duration or marker graphic; use for persistent auras, ground markers, or status visuals.",https://www.nwnlexicon.com/Vfx_dur,https://www.nwnlexicon.com/images/f/f7/Dur.etherealvisage.jpg
DUR,VFX_DUR_PROT_BARKSKIN,Dur_Prot_Barkskin,11,"Duration or marker; protection barkskin; location about body; colors wood, brown",About Body,"Wood, brown","Duration or marker graphic; use for persistent auras, ground markers, or status visuals.",https://www.nwnlexicon.com/Vfx_dur,https://www.nwnlexicon.com/images/3/31/Dur.protbarkskin.jpg
DUR,VFX_DUR_PROT_GREATER_STONESKIN,Dur_Prot_Greater_Stoneskin,12,Duration or marker; protection greater stoneskin; location about body; colors stone,About Body,Stone,"Duration or marker graphic; use for persistent auras, ground markers, or status visuals.",https://www.nwnlexicon.com/Vfx_dur,https://www.nwnlexicon.com/images/c/cc/Dur.protstoneskin.jpg
DUR,VFX_DUR_PROT_PREMONITION,Dur_Prot_Premonition,13,Duration or marker; protection premonition; location about body; colors blue,About Body,Blue,"Duration or marker graphic; use for persistent auras, ground markers, or status visuals.",https://www.nwnlexicon.com/Vfx_dur,https://www.nwnlexicon.com/images/7/78/Dur.protpremonition.jpg
DUR,VFX_DUR_PROT_SHADOW_ARMOR,Dur_Prot_Shadow_Armor,14,"Duration or marker; protection shadow armor; location about body; colors black, white",About Body,"Black, white","Duration or marker graphic; use for persistent auras, ground markers, or status visuals.",https://www.nwnlexicon.com/Vfx_dur,https://www.nwnlexicon.com/images/e/e9/Dur.protshadowarmor.jpg
DUR,VFX_DUR_PROT_STONESKIN,Dur_Prot_Stoneskin,15,Duration or marker; protection stoneskin; location about body; colors stone,About Body,Stone,"Duration or marker graphic; use for persistent auras, ground markers, or status visuals.",https://www.nwnlexicon.com/Vfx_dur,https://www.nwnlexicon.com/images/c/cc/Dur.protstoneskin.jpg
DUR,VFX_DUR_SANCTUARY,Dur_Sanctuary,16,"Duration or marker; sanctuary; location about body; colors white, purple",About Body,"White, purple","Duration or marker graphic; use for persistent auras, ground markers, or status visuals.",https://www.nwnlexicon.com/Vfx_dur,https://www.nwnlexicon.com/images/8/85/Dur.sanctuary.jpg
DUR,VFX_DUR_WEB,Dur_Web,17,Duration or marker; web; location feet; colors white,Feet,White,"Duration or marker graphic; use for persistent auras, ground markers, or status visuals.",https://www.nwnlexicon.com/Vfx_dur,https://www.nwnlexicon.com/images/8/87/Dur.web.jpg
DUR,VFX_DUR_PARALYZE_HOLD,Vfx_Dur_Paralyze_Hold,82,Duration or marker; paralyze hold; location about body; colors white,About Body,White,"Duration or marker graphic; use for persistent auras, ground markers, or status visuals.",https://www.nwnlexicon.com/Vfx_dur,https://www.nwnlexicon.com/images/4/49/Dur.paralyzehold.jpg
DUR,VFX_DUR_SPELLTURNING,Vfx_Dur_Spellturning,138,Duration or marker; spellturning; location floor; colors blue,Floor,Blue,"Duration or marker graphic; use for persistent auras, ground markers, or status visuals.",https://www.nwnlexicon.com/Vfx_dur,https://www.nwnlexicon.com/images/9/96/Dur.spellturning.jpg
DUR,VFX_DUR_ELEMENTAL_SHIELD,Vfx_Dur_Elemental_Shield,147,"Duration or marker; elemental shield; location floor; colors blue, fire",Floor,"Blue, fire","Duration or marker graphic; use for persistent auras, ground markers, or status visuals.",https://www.nwnlexicon.com/Vfx_dur,https://www.nwnlexicon.com/images/7/7f/Dur.elementalshield.jpg
DUR,VFX_DUR_LIGHT,Vfx_Dur_Light,148,Duration or marker; light,,,"Duration or marker graphic; use for persistent auras, ground markers, or status visuals.",https://www.nwnlexicon.com/Vfx_dur,
DUR,VFX_DUR_LIGHT_BLUE_5,Vfx_Dur_Light_Blue_5,153,Duration or marker; light blue 5; location floor; colors blue,Floor,Blue,"Duration or marker graphic; use for persistent auras, ground markers, or status visuals.",https://www.nwnlexicon.com/Vfx_dur,https://www.nwnlexicon.com/images/3/35/Dur.lightblue5.jpg
DUR,VFX_DUR_LIGHT_BLUE_10,Vfx_Dur_Light_Blue_10,154,Duration or marker; light blue 10; location floor; colors blue,Floor,Blue,"Duration or marker graphic; use for persistent auras, ground markers, or status visuals.",https://www.nwnlexicon.com/Vfx_dur,https://www.nwnlexicon.com/images/9/96/Dur.lightblue10.jpg
DUR,VFX_DUR_LIGHT_BLUE_15,Vfx_Dur_Light_Blue_15,155,Duration or marker; light blue 15; location floor; colors blue,Floor,Blue,"Duration or marker graphic; use for persistent auras, ground markers, or status visuals.",https://www.nwnlexicon.com/Vfx_dur,https://www.nwnlexicon.com/images/d/d4/Dur.lightblue15.jpg
DUR,VFX_DUR_LIGHT_BLUE_20,Vfx_Dur_Light_Blue_20,156,Duration or marker; light blue 20; location floor; colors blue,Floor,Blue,"Duration or marker graphic; use for persistent auras, ground markers, or status visuals.",https://www.nwnlexicon.com/Vfx_dur,https://www.nwnlexicon.com/images/a/af/Dur.lightblue20.jpg
DUR,VFX_DUR_LIGHT_YELLOW_5,Vfx_Dur_Light_Yellow_5,157,Duration or marker; light yellow 5; location floor; colors yellow,Floor,Yellow,"Duration or marker graphic; use for persistent auras, ground markers, or status visuals.",https://www.nwnlexicon.com/Vfx_dur,https://www.nwnlexicon.com/images/8/8d/Dur.lightyellow5.jpg
DUR,VFX_DUR_LIGHT_YELLOW_10,Vfx_Dur_Light_Yellow_10,158,Duration or marker; light yellow 10; location floor; colors yellow,Floor,Yellow,"Duration or marker graphic; use for persistent auras, ground markers, or status visuals.",https://www.nwnlexicon.com/Vfx_dur,https://www.nwnlexicon.com/images/1/1c/Dur.lightyellow10.jpg
DUR,VFX_DUR_LIGHT_YELLOW_15,Vfx_Dur_Light_Yellow_15,159,Duration or marker; light yellow 15; location floor; colors yellow,Floor,Yellow,"Duration or marker graphic; use for persistent auras, ground markers, or status visuals.",https://www.nwnlexicon.com/Vfx_dur,https://www.nwnlexicon.com/images/f/f5/Dur.lightyellow15.jpg
DUR,VFX_DUR_LIGHT_YELLOW_20,Vfx_Dur_Light_Yellow_20,160,Duration or marker; light yellow 20; location floor; colors yellow,Floor,Yellow,"Duration or marker graphic; use for persistent auras, ground markers, or status visuals.",https://www.nwnlexicon.com/Vfx_dur,https://www.nwnlexicon.com/images/c/c4/Dur.lightyellow20.jpg
DUR,VFX_DUR_LIGHT_PURPLE_5,Vfx_Dur_Light_Purple_5,161,Duration or marker; light purple 5; location floor; colors purple,Floor,Purple,"Duration or marker graphic; use for persistent auras, ground markers, or status visuals.",https://www.nwnlexicon.com/Vfx_dur,https://www.nwnlexicon.com/images/9/9d/Dur.lightpurple5.jpg
DUR,VFX_DUR_LIGHT_PURPLE_10,Vfx_Dur_Light_Purple_10,162,Duration or marker; light purple 10; location floor; colors purple,Floor,Purple,"Duration or marker graphic; use for persistent auras, ground markers, or status visuals.",https://www.nwnlexicon.com/Vfx_dur,https://www.nwnlexicon.com/images/d/dc/Dur.lightpurple10.jpg
DUR,VFX_DUR_LIGHT_PURPLE_15,Vfx_Dur_Light_Purple_15,163,Duration or marker; light purple 15; location floor; colors purple,Floor,Purple,"Duration or marker graphic; use for persistent auras, ground markers, or status visuals.",https://www.nwnlexicon.com/Vfx_dur,https://www.nwnlexicon.com/images/e/e7/Dur.lightpurple15.jpg
DUR,VFX_DUR_LIGHT_PURPLE_20,Vfx_Dur_Light_Purple_20,164,Duration or marker; light purple 20; location floor; colors purple,Floor,Purple,"Duration or marker graphic; use for persistent auras, ground markers, or status visuals.",https://www.nwnlexicon.com/Vfx_dur,https://www.nwnlexicon.com/images/f/fb/Dur.lightpurple20.jpg
DUR,VFX_DUR_LIGHT_RED_5,Vfx_Dur_Light_Red_5,165,Duration or marker; light red 5; location floor; colors red,Floor,Red,"Duration or marker graphic; use for persistent auras, ground markers, or status visuals.",https://www.nwnlexicon.com/Vfx_dur,https://www.nwnlexicon.com/images/a/a3/Dur.lightred5.jpg
DUR,VFX_DUR_LIGHT_RED_10,Vfx_Dur_Light_Red_10,166,Duration or marker; light red 10; location floor; colors red,Floor,Red,"Duration or marker graphic; use for persistent auras, ground markers, or status visuals.",https://www.nwnlexicon.com/Vfx_dur,https://www.nwnlexicon.com/images/a/a4/Dur.lightred10.jpg
DUR,VFX_DUR_LIGHT_RED_15,Vfx_Dur_Light_Red_15,167,Duration or marker; light red 15; location floor; colors red,Floor,Red,"Duration or marker graphic; use for persistent auras, ground markers, or status visuals.",https://www.nwnlexicon.com/Vfx_dur,https://www.nwnlexicon.com/images/a/a0/Dur.lightred15.jpg
DUR,VFX_DUR_LIGHT_RED_20,Vfx_Dur_Light_Red_20,168,Duration or marker; light red 20; location floor; colors red,Floor,Red,"Duration or marker graphic; use for persistent auras, ground markers, or status visuals.",https://www.nwnlexicon.com/Vfx_dur,https://www.nwnlexicon.com/images/4/4b/Dur.lightred20.jpg
DUR,VFX_DUR_LIGHT_ORANGE_5,Vfx_Dur_Light_Orange_5,169,Duration or marker; light orange 5; location floor; colors orange,Floor,Orange,"Duration or marker graphic; use for persistent auras, ground markers, or status visuals.",https://www.nwnlexicon.com/Vfx_dur,https://www.nwnlexicon.com/images/f/fc/Dur.lightorange5.jpg
DUR,VFX_DUR_LIGHT_ORANGE_10,Vfx_Dur_Light_Orange_10,170,Duration or marker; light orange 10; location floor; colors orange,Floor,Orange,"Duration or marker graphic; use for persistent auras, ground markers, or status visuals.",https://www.nwnlexicon.com/Vfx_dur,https://www.nwnlexicon.com/images/d/d8/Dur.lightorange10.jpg
DUR,VFX_DUR_LIGHT_ORANGE_15,Vfx_Dur_Light_Orange_15,171,Duration or marker; light orange 15; location floor; colors orange,Floor,Orange,"Duration or marker graphic; use for persistent auras, ground markers, or status visuals.",https://www.nwnlexicon.com/Vfx_dur,https://www.nwnlexicon.com/images/e/e1/Dur.lightorange15.jpg
DUR,VFX_DUR_LIGHT_ORANGE_20,Vfx_Dur_Light_Orange_20,172,Duration or marker; light orange 20; location floor; colors orange,Floor,Orange,"Duration or marker graphic; use for persistent auras, ground markers, or status visuals.",https://www.nwnlexicon.com/Vfx_dur,https://www.nwnlexicon.com/images/b/bc/Dur.lightorange20.jpg
DUR,VFX_DUR_LIGHT_WHITE_5,Vfx_Dur_Light_White_5,173,Duration or marker; light white 5; location floor; colors white,Floor,White,"Duration or marker graphic; use for persistent auras, ground markers, or status visuals.",https://www.nwnlexicon.com/Vfx_dur,https://www.nwnlexicon.com/images/9/92/Dur.lightwhite5.jpg
DUR,VFX_DUR_LIGHT_WHITE_10,Vfx_Dur_Light_White_10,174,Duration or marker; light white 10; location floor; colors white,Floor,White,"Duration or marker graphic; use for persistent auras, ground markers, or status visuals.",https://www.nwnlexicon.com/Vfx_dur,https://www.nwnlexicon.com/images/3/3a/Dur.lightwhite10.jpg
DUR,VFX_DUR_LIGHT_WHITE_15,Vfx_Dur_Light_White_15,175,Duration or marker; light white 15; location floor; colors white,Floor,White,"Duration or marker graphic; use for persistent auras, ground markers, or status visuals.",https://www.nwnlexicon.com/Vfx_dur,https://www.nwnlexicon.com/images/5/51/Dur.lightwhite15.jpg
DUR,VFX_DUR_LIGHT_WHITE_20,Vfx_Dur_Light_White_20,176,Duration or marker; light white 20; location floor; colors white,Floor,White,"Duration or marker graphic; use for persistent auras, ground markers, or status visuals.",https://www.nwnlexicon.com/Vfx_dur,https://www.nwnlexicon.com/images/f/f0/Dur.lightwhite20.jpg
DUR,VFX_DUR_LIGHT_GREY_5,Vfx_Dur_Light_Grey_5,177,Duration or marker; light grey 5; location floor; colors green note: something strange going on here. the numerical value is the same but the readable text is not.,Floor,Green NOTE: Something strange going on here. The numerical value is the same but the readable text is not.,"Duration or marker graphic; use for persistent auras, ground markers, or status visuals.",https://www.nwnlexicon.com/Vfx_dur,https://www.nwnlexicon.com/images/5/57/Dur.lightgrey5.jpg
DUR,VFX_DUR_LIGHT_GREY_10,Vfx_Dur_Light_Grey_10,178,Duration or marker; light grey 10; location floor; colors green note: something strange going on here. the numerical value is the same but the readable text is not.,Floor,Green NOTE: Something strange going on here. The numerical value is the same but the readable text is not.,"Duration or marker graphic; use for persistent auras, ground markers, or status visuals.",https://www.nwnlexicon.com/Vfx_dur,https://www.nwnlexicon.com/images/e/e6/Dur.lightgrey10.jpg
DUR,VFX_DUR_LIGHT_GREY_15,Vfx_Dur_Light_Grey_15,179,Duration or marker; light grey 15; location floor; colors green note: something strange going on here. the numerical value is the same but the readable text is not.,Floor,Green NOTE: Something strange going on here. The numerical value is the same but the readable text is not.,"Duration or marker graphic; use for persistent auras, ground markers, or status visuals.",https://www.nwnlexicon.com/Vfx_dur,https://www.nwnlexicon.com/images/d/da/Dur.lightgrey15.jpg
DUR,VFX_DUR_LIGHT_GREY_20,Vfx_Dur_Light_Grey_20,180,Duration or marker; light grey 20; location floor; colors grey,Floor,Grey,"Duration or marker graphic; use for persistent auras, ground markers, or status visuals.",https://www.nwnlexicon.com/Vfx_dur,https://www.nwnlexicon.com/images/6/64/Dur.lightgray20.jpg
DUR,VFX_DUR_DARKVISION,Vfx_Dur_Darkvision,182,Duration or marker; darkvision,,,"Duration or marker graphic; use for persistent auras, ground markers, or status visuals.",https://www.nwnlexicon.com/Vfx_dur,https://www.nwnlexicon.com/images/0/06/Dur.darkvision.jpg
DUR,VFX_DUR_CESSATE_NEUTRAL,Vfx_Dur_Cessate_Neutral,205,Duration or marker; cessate neutral; location above head; colors purple,Above Head,Purple,"Duration or marker graphic; use for persistent auras, ground markers, or status visuals.",https://www.nwnlexicon.com/Vfx_dur,https://www.nwnlexicon.com/images/4/42/Dur.cessateneutral.jpg
DUR,VFX_DUR_CESSATE_POSITIVE,Vfx_Dur_Cessate_Positive,206,Duration or marker; cessate positive; location above head,Above Head,,"Duration or marker graphic; use for persistent auras, ground markers, or status visuals.",https://www.nwnlexicon.com/Vfx_dur,https://www.nwnlexicon.com/images/7/77/Dur.cessatepositive.jpg
DUR,VFX_DUR_CESSATE_NEGATIVE,Vfx_Dur_Cessate_Negative,207,Duration or marker; cessate negative; location above head; colors purple,Above Head,Purple,"Duration or marker graphic; use for persistent auras, ground markers, or status visuals.",https://www.nwnlexicon.com/Vfx_dur,https://www.nwnlexicon.com/images/c/c0/Dur.cessatenegative.jpg
DUR,VFX_DUR_MIND_AFFECTING_DISABLED,Vfx_Dur_Mind_Affecting_Disabled,208,Duration or marker; mind affecting disabled; location about head; colors white,About Head,White,"Duration or marker graphic; use for persistent auras, ground markers, or status visuals.",https://www.nwnlexicon.com/Vfx_dur,https://www.nwnlexicon.com/images/7/70/Dur.minddisabled.jpg
DUR,VFX_DUR_MIND_AFFECTING_DOMINATED,Vfx_Dur_Mind_Affecting_Dominated,209,"Duration or marker; mind affecting dominated; location about head; colors white, blue",About Head,"White, blue","Duration or marker graphic; use for persistent auras, ground markers, or status visuals.",https://www.nwnlexicon.com/Vfx_dur,https://www.nwnlexicon.com/images/3/39/Dur.minddominated.jpg
DUR,VFX_DUR_MIND_AFFECTING_FEAR,Vfx_Dur_Mind_Affecting_Fear,218,"Duration or marker; mind affecting fear; location about head; colors black, yellow, fire",About Head,"Black, yellow, fire","Duration or marker graphic; use for persistent auras, ground markers, or status visuals.",https://www.nwnlexicon.com/Vfx_dur,https://www.nwnlexicon.com/images/5/59/Dur.mindfear.jpg
DUR,VFX_DUR_GLOBE_MINOR,Vfx_Dur_Globe_Minor,220,Duration or marker; globe minor,,,"Duration or marker graphic; use for persistent auras, ground markers, or status visuals.",https://www.nwnlexicon.com/Vfx_dur,https://www.nwnlexicon.com/images/c/c5/Dur.globeminor.jpg
DUR,VFX_DUR_PROTECTION_ELEMENTS,Vfx_Dur_Protection_Elements,224,"Duration or marker; protection elements; location about body; colors white, yellow",About Body,"White, yellow","Duration or marker graphic; use for persistent auras, ground markers, or status visuals.",https://www.nwnlexicon.com/Vfx_dur,https://www.nwnlexicon.com/images/5/5e/Dur.prot2elements.jpg
DUR,VFX_DUR_PROTECTION_GOOD_MINOR,Vfx_Dur_Protection_Good_Minor,225,Duration or marker; protection good minor; location above head; colors yellow,Above Head,Yellow,"Duration or marker graphic; use for persistent auras, ground markers, or status visuals.",https://www.nwnlexicon.com/Vfx_dur,https://www.nwnlexicon.com/images/c/c7/Dur.prot2goodmin.jpg
DUR,VFX_DUR_PROTECTION_GOOD_MAJOR,Vfx_Dur_Protection_Good_Major,226,Duration or marker; protection good major; location about body; colors yellow,About Body,Yellow,"Duration or marker graphic; use for persistent auras, ground markers, or status visuals.",https://www.nwnlexicon.com/Vfx_dur,https://www.nwnlexicon.com/images/0/01/Dur.prot2goodmaj.jpg
DUR,VFX_DUR_PROTECTION_EVIL_MINOR,Vfx_Dur_Protection_Evil_Minor,227,Duration or marker; protection evil minor; location above head; colors red,Above Head,Red,"Duration or marker graphic; use for persistent auras, ground markers, or status visuals.",https://www.nwnlexicon.com/Vfx_dur,https://www.nwnlexicon.com/images/7/79/Dur.prot2evilmin.jpg
DUR,VFX_DUR_PROTECTION_EVIL_MAJOR,Vfx_Dur_Protection_Evil_Major,228,Duration or marker; protection evil major; location about body; colors red,About Body,Red,"Duration or marker graphic; use for persistent auras, ground markers, or status visuals.",https://www.nwnlexicon.com/Vfx_dur,https://www.nwnlexicon.com/images/4/42/Dur.prot2evilmaj.jpg
DUR,VFX_DUR_MAGICAL_SIGHT,Vfx_Dur_Magical_Sight,229,Duration or marker; magical sight; location about head; colors multi,About Head,Multi,"Duration or marker graphic; use for persistent auras, ground markers, or status visuals.",https://www.nwnlexicon.com/Vfx_dur,https://www.nwnlexicon.com/images/3/3f/Dur.magicalsight.jpg
DUR,VFX_DUR_WEB_MASS,Vfx_Dur_Web_Mass,230,Duration or marker; web mass; location area; colors white,Area,White,"Duration or marker graphic; use for persistent auras, ground markers, or status visuals.",https://www.nwnlexicon.com/Vfx_dur,https://www.nwnlexicon.com/images/3/3a/Dur.webmass.jpg
DUR,VFX_DUR_PARALYZED,Vfx_Dur_Paralyzed,232,"Duration or marker; paralyzed; location about body; colors white, red",About Body,"White, red","Duration or marker graphic; use for persistent auras, ground markers, or status visuals.",https://www.nwnlexicon.com/Vfx_dur,https://www.nwnlexicon.com/images/3/30/Dur.paralyzed.jpg
DUR,VFX_DUR_GHOSTLY_PULSE,Vfx_Dur_Ghostly_Pulse,240,Duration or marker; ghostly pulse; location about body,About Body,,"Duration or marker graphic; use for persistent auras, ground markers, or status visuals.",https://www.nwnlexicon.com/Vfx_dur,https://www.nwnlexicon.com/images/e/e5/Dur.ghostlypulse.jpg
DUR,VFX_DUR_BLINDVISION,Vfx_Dur_Blindvision,242,Duration or marker; blindvision,,,"Duration or marker graphic; use for persistent auras, ground markers, or status visuals.",https://www.nwnlexicon.com/Vfx_dur,https://www.nwnlexicon.com/images/f/fe/Dur.blindvision.jpg
DUR,VFX_DUR_LOWLIGHTVISION,Vfx_Dur_Lowlightvision,243,Duration or marker; lowlightvision,,,"Duration or marker graphic; use for persistent auras, ground markers, or status visuals.",https://www.nwnlexicon.com/Vfx_dur,https://www.nwnlexicon.com/images/6/67/Dur.lowlightvision.jpg
DUR,VFX_DUR_ULTRAVISION,Vfx_Dur_Ultravision,244,Duration or marker; ultravision,,,"Duration or marker graphic; use for persistent auras, ground markers, or status visuals.",https://www.nwnlexicon.com/Vfx_dur,https://www.nwnlexicon.com/images/9/91/Dur.ultravision.jpg
DUR,VFX_DUR_MIRV_ACID,Vfx_Dur_Mirv_Acid,245,Duration or marker; multi-projectile acid; location to body; colors green,To Body,Green,"Duration or marker graphic; use for persistent auras, ground markers, or status visuals.",https://www.nwnlexicon.com/Vfx_dur,https://www.nwnlexicon.com/images/8/86/Dur.mirvacid.jpg
DUR,VFX_DUR_BLIND,Vfx_Dur_Blind,247,Duration or marker; blind,,,"Duration or marker graphic; use for persistent auras, ground markers, or status visuals.",https://www.nwnlexicon.com/Vfx_dur,https://www.nwnlexicon.com/images/e/ec/Dur.blind.jpg
DUR,VFX_DUR_ANTI_LIGHT_10,Vfx_Dur_Anti_Light_10,248,Duration or marker; anti light 10; location area,Area,,"Duration or marker graphic; use for persistent auras, ground markers, or status visuals.",https://www.nwnlexicon.com/Vfx_dur,https://www.nwnlexicon.com/images/6/6f/Dur.antilight.jpg
DUR,VFX_DUR_MAGIC_RESISTANCE,Vfx_Dur_Magic_Resistance,249,Duration or marker; magic resistance; location about body; colors blue,About Body,Blue,"Duration or marker graphic; use for persistent auras, ground markers, or status visuals.",https://www.nwnlexicon.com/Vfx_dur,https://www.nwnlexicon.com/images/c/c9/Dur.magicresist.jpg
DUR,VFX_DUR_AURA_COLD,Vfx_Dur_Aura_Cold,267,Duration or marker; aura cold; location about body; colors blue,About Body,Blue,"Duration or marker graphic; use for persistent auras, ground markers, or status visuals.",https://www.nwnlexicon.com/Vfx_dur,https://www.nwnlexicon.com/images/c/ca/Dur.auracold.jpg
DUR,VFX_DUR_AURA_FIRE,Vfx_Dur_Aura_Fire,268,"Duration or marker; aura fire; location about body; colors fire, yellow",About Body,"Fire, yellow","Duration or marker graphic; use for persistent auras, ground markers, or status visuals.",https://www.nwnlexicon.com/Vfx_dur,https://www.nwnlexicon.com/images/1/11/Dur.aurafire.jpg
DUR,VFX_DUR_AURA_POISON,Vfx_Dur_Aura_Poison,269,Duration or marker; aura poison; location about body; colors green,About Body,Green,"Duration or marker graphic; use for persistent auras, ground markers, or status visuals.",https://www.nwnlexicon.com/Vfx_dur,https://www.nwnlexicon.com/images/a/ae/Dur.aurapoison.jpg
DUR,VFX_DUR_AURA_DISEASE,Vfx_Dur_Aura_Disease,270,"Duration or marker; aura disease; location about body; colors green, brown",About Body,"Green, brown","Duration or marker graphic; use for persistent auras, ground markers, or status visuals.",https://www.nwnlexicon.com/Vfx_dur,https://www.nwnlexicon.com/images/6/67/Dur.auradisease.jpg
DUR,VFX_DUR_AURA_ODD,Vfx_Dur_Aura_Odd,271,Duration or marker; aura odd; location about body,About Body,,"Duration or marker graphic; use for persistent auras, ground markers, or status visuals.",https://www.nwnlexicon.com/Vfx_dur,https://www.nwnlexicon.com/images/f/f3/Dur.auraodd.jpg
DUR,VFX_DUR_AURA_SILENCE,Vfx_Dur_Aura_Silence,272,Duration or marker; aura silence; location about body,About Body,,"Duration or marker graphic; use for persistent auras, ground markers, or status visuals.",https://www.nwnlexicon.com/Vfx_dur,https://www.nwnlexicon.com/images/e/e2/Dur.aurasilence.jpg
DUR,VFX_DUR_BARD_SONG,Vfx_Dur_Bard_Song,277,Duration or marker; bard song; location above head; colors white,Above Head,White,"Duration or marker graphic; use for persistent auras, ground markers, or status visuals.",https://www.nwnlexicon.com/Vfx_dur,https://www.nwnlexicon.com/images/6/69/Dur.bardsong.jpg
DUR,VFX_DUR_AURA_DRAGON_FEAR,Vfx_Dur_Aura_Dragon_Fear,291,Duration or marker; aura dragon fear; location about body; colors yellow,About Body,Yellow,"Duration or marker graphic; use for persistent auras, ground markers, or status visuals.",https://www.nwnlexicon.com/Vfx_dur,https://www.nwnlexicon.com/images/6/6f/Dur.auradragonfear.jpg
DUR,VFX_DUR_FLAG_RED,Vfx_Dur_Flag_Red,303,"Duration or marker; flag red; location torso; colors red, white",Torso,"Red, white","Duration or marker graphic; use for persistent auras, ground markers, or status visuals.",https://www.nwnlexicon.com/Vfx_dur,https://www.nwnlexicon.com/images/d/dc/Dur.flagred.jpg
DUR,VFX_DUR_FLAG_BLUE,Vfx_Dur_Flag_Blue,304,"Duration or marker; flag blue; location torso; colors blue, white",Torso,"Blue, white","Duration or marker graphic; use for persistent auras, ground markers, or status visuals.",https://www.nwnlexicon.com/Vfx_dur,https://www.nwnlexicon.com/images/2/23/Dur.flagblue.jpg
DUR,VFX_DUR_FLAG_GOLD,Vfx_Dur_Flag_Gold;Vfx_Dur_Flag_Purple_Fixed,305,"Duration or marker; flag gold; location torso; colors purple, white note: this value is incorrect (same value as vfx_dur_flag_purple_fixed) but left in for back compatibility. to get the gold flag, use vfx_dur_flag_gold_fixed.",Torso,"Purple, white NOTE: This value is incorrect (same value as VFX_DUR_FLAG_PURPLE_FIXED) but left in for back compatibility. To get the gold flag, use VFX_DUR_FLAG_GOLD_FIXED.","Duration or marker graphic; use for persistent auras, ground markers, or status visuals.",https://www.nwnlexicon.com/Vfx_dur,https://www.nwnlexicon.com/images/b/ba/Dur.flagpurplefixed.jpg
DUR,VFX_DUR_FLAG_PURPLE_FIXED,Vfx_Dur_Flag_Gold;Vfx_Dur_Flag_Purple_Fixed,305,"Duration or marker; flag purple fixed; location torso; colors purple, white note: this is the same integer value as vfx_dur_flag_gold.",Torso,"Purple, white NOTE: This is the same integer value as VFX_DUR_FLAG_GOLD.","Duration or marker graphic; use for persistent auras, ground markers, or status visuals.",https://www.nwnlexicon.com/Vfx_dur,https://www.nwnlexicon.com/images/b/ba/Dur.flagpurplefixed.jpg
DUR,VFX_DUR_FLAG_GOLD_FIXED,Vfx_Dur_Flag_Purple;Vfx_Dur_Flag_Gold_Fixed,306,"Duration or marker; flag gold fixed; location torso; colors yellow, black note: this is the same integer value as vfx_dur_flag_purple.",Torso,"Yellow, black NOTE: This is the same integer value as VFX_DUR_FLAG_PURPLE.","Duration or marker graphic; use for persistent auras, ground markers, or status visuals.",https://www.nwnlexicon.com/Vfx_dur,https://www.nwnlexicon.com/images/0/09/Dur.flaggoldfixed.jpg
DUR,VFX_DUR_FLAG_PURPLE,Vfx_Dur_Flag_Purple;Vfx_Dur_Flag_Gold_Fixed,306,"Duration or marker; flag purple; location torso; colors yellow, black note: this value is incorrect (same value as vfx_dur_flag_gold_fixed) but left in for back compatibility. to get the purple flag, use vfx_dur_flag_purple_fixed.",Torso,"Yellow, black NOTE: This value is incorrect (same value as VFX_DUR_FLAG_GOLD_FIXED) but left in for back compatibility. To get the purple flag, use VFX_DUR_FLAG_PURPLE_FIXED.","Duration or marker graphic; use for persistent auras, ground markers, or status visuals.",https://www.nwnlexicon.com/Vfx_dur,https://www.nwnlexicon.com/images/0/09/Dur.flaggoldfixed.jpg
DUR,VFX_DUR_BIGBYS_INTERPOSING_HAND,Vfx_Dur_Bigbys_Interposing_Hand,314,Duration or marker; bigbys interposing hand; location about body; colors green,About Body,Green,"Duration or marker graphic; use for persistent auras, ground markers, or status visuals.",https://www.nwnlexicon.com/Vfx_dur,https://www.nwnlexicon.com/images/6/64/Dur.bigbyinterposinghand.jpg
DUR,VFX_DUR_BIGBYS_CLENCHED_FIST,Vfx_Dur_Bigbys_Clenched_Fist,316,Duration or marker; bigbys clenched fist; location about body; colors green,About Body,Green,"Duration or marker graphic; use for persistent auras, ground markers, or status visuals.",https://www.nwnlexicon.com/Vfx_dur,https://www.nwnlexicon.com/images/0/0d/Dur.bigbyclenchedfist.jpg
DUR,VFX_DUR_BIGBYS_CRUSHING_HAND,Vfx_Dur_Bigbys_Crushing_Hand,317,Duration or marker; bigbys crushing hand; location about body; colors green,About Body,Green,"Duration or marker graphic; use for persistent auras, ground markers, or status visuals.",https://www.nwnlexicon.com/Vfx_dur,https://www.nwnlexicon.com/images/b/b3/Dur.bigbycrushinghand.jpg
DUR,VFX_DUR_BIGBYS_GRASPING_HAND,Vfx_Dur_Bigbys_Grasping_Hand,318,Duration or marker; bigbys grasping hand; location about body; colors green,About Body,Green,"Duration or marker graphic; use for persistent auras, ground markers, or status visuals.",https://www.nwnlexicon.com/Vfx_dur,https://www.nwnlexicon.com/images/a/a2/Dur.bigbygraspinghand.jpg
DUR,VFX_DUR_CALTROPS,Vfx_Dur_Caltrops,319,Duration or marker; caltrops,,,"Duration or marker graphic; use for persistent auras, ground markers, or status visuals.",https://www.nwnlexicon.com/Vfx_dur,https://www.nwnlexicon.com/images/9/95/Dur.caltrops.jpg
DUR,VFX_DUR_SMOKE,Vfx_Dur_Smoke,320,Duration or marker; smoke; colors white,,White,"Duration or marker graphic; use for persistent auras, ground markers, or status visuals.",https://www.nwnlexicon.com/Vfx_dur,https://www.nwnlexicon.com/images/f/f5/Dur.smoke.jpg
DUR,VFX_DUR_PIXIEDUST,Vfx_Dur_Pixiedust,321,Duration or marker; pixiedust; location about body; colors green,About Body,Green,"Duration or marker graphic; use for persistent auras, ground markers, or status visuals.",https://www.nwnlexicon.com/Vfx_dur,https://www.nwnlexicon.com/images/b/bf/Dur.pixiedust.jpg
DUR,VFX_DUR_TENTACLE,Vfx_Dur_Tentacle,346,Duration or marker; tentacle,,,"Duration or marker graphic; use for persistent auras, ground markers, or status visuals.",https://www.nwnlexicon.com/Vfx_dur,https://www.nwnlexicon.com/images/8/85/Dur.tentacle.jpg
DUR,VFX_DUR_PETRIFY,Vfx_Dur_Petrify,351,Duration or marker; petrify; location about body; colors stone,About Body,Stone,"Duration or marker graphic; use for persistent auras, ground markers, or status visuals.",https://www.nwnlexicon.com/Vfx_dur,https://www.nwnlexicon.com/images/c/cc/Dur.protstoneskin.jpg
DUR,VFX_DUR_FREEZE_ANIMATION,Vfx_Dur_Freeze_Animation,352,Duration or marker; freeze animation,,,"Duration or marker graphic; use for persistent auras, ground markers, or status visuals.",https://www.nwnlexicon.com/Vfx_dur,
DUR,VFX_DUR_CUTSCENE_INVISIBILITY,Vfx_Dur_Cutscene_Invisibility,355,"Duration or marker; cutscene invisibility; location about body; colors none, clear",About Body,"None, clear","Duration or marker graphic; use for persistent auras, ground markers, or status visuals.",https://www.nwnlexicon.com/Vfx_dur,https://www.nwnlexicon.com/images/5/50/Dur.cutsceneinvis.jpg
DUR,VFX_DUR_IOUNSTONE,Vfx_Dur_Iounstone,403,Duration or marker; iounstone,,,"Duration or marker graphic; use for persistent auras, ground markers, or status visuals.",https://www.nwnlexicon.com/Vfx_dur,https://www.nwnlexicon.com/images/8/8c/Dur.iounstone.jpg
DUR,VFX_DUR_GLOW_LIGHT_BLUE,Vfx_Dur_Glow_Light_Blue,408,Duration or marker; glow light blue; location about body; colors blue,About Body,Blue,"Duration or marker graphic; use for persistent auras, ground markers, or status visuals.",https://www.nwnlexicon.com/Vfx_dur,https://www.nwnlexicon.com/images/5/52/Dur.glowlightblue.jpg
DUR,VFX_DUR_GLOW_PURPLE,Vfx_Dur_Glow_Purple,409,Duration or marker; glow purple; location about body; colors purple,About Body,Purple,"Duration or marker graphic; use for persistent auras, ground markers, or status visuals.",https://www.nwnlexicon.com/Vfx_dur,https://www.nwnlexicon.com/images/7/70/Dur.glowpurple.jpg
DUR,VFX_DUR_GLOW_BLUE,Vfx_Dur_Glow_Blue,410,Duration or marker; glow blue; location about body; colors blue,About Body,Blue,"Duration or marker graphic; use for persistent auras, ground markers, or status visuals.",https://www.nwnlexicon.com/Vfx_dur,https://www.nwnlexicon.com/images/f/fd/Dur.glowblue.jpg
DUR,VFX_DUR_GLOW_RED,Vfx_Dur_Glow_Red,411,Duration or marker; glow red; location about body; colors red,About Body,Red,"Duration or marker graphic; use for persistent auras, ground markers, or status visuals.",https://www.nwnlexicon.com/Vfx_dur,https://www.nwnlexicon.com/images/1/15/Dur.glowred.jpg
DUR,VFX_DUR_GLOW_LIGHT_RED,Vfx_Dur_Glow_Light_Red,412,Duration or marker; glow light red; location about body; colors red,About Body,Red,"Duration or marker graphic; use for persistent auras, ground markers, or status visuals.",https://www.nwnlexicon.com/Vfx_dur,https://www.nwnlexicon.com/images/5/5a/Dur.glowlightred.jpg
DUR,VFX_DUR_GLOW_YELLOW,Vfx_Dur_Glow_Yellow,413,Duration or marker; glow yellow; location about body; colors yellow,About Body,Yellow,"Duration or marker graphic; use for persistent auras, ground markers, or status visuals.",https://www.nwnlexicon.com/Vfx_dur,https://www.nwnlexicon.com/images/8/82/Dur.glowyellow.jpg
DUR,VFX_DUR_GLOW_LIGHT_YELLOW,Vfx_Dur_Glow_Light_Yellow,414,Duration or marker; glow light yellow; location about body; colors yellow,About Body,Yellow,"Duration or marker graphic; use for persistent auras, ground markers, or status visuals.",https://www.nwnlexicon.com/Vfx_dur,https://www.nwnlexicon.com/images/e/e1/Dur.glowlightyellow.jpg
DUR,VFX_DUR_GLOW_GREEN,Vfx_Dur_Glow_Green,415,Duration or marker; glow green; location about body; colors green,About Body,Green,"Duration or marker graphic; use for persistent auras, ground markers, or status visuals.",https://www.nwnlexicon.com/Vfx_dur,https://www.nwnlexicon.com/images/3/30/Dur.glowgreen.jpg
DUR,VFX_DUR_GLOW_LIGHT_GREEN,Vfx_Dur_Glow_Light_Green,416,Duration or marker; glow light green; location about body; colors green,About Body,Green,"Duration or marker graphic; use for persistent auras, ground markers, or status visuals.",https://www.nwnlexicon.com/Vfx_dur,https://www.nwnlexicon.com/images/8/86/Dur.glowlightgreen.jpg
DUR,VFX_DUR_GLOW_ORANGE,Vfx_Dur_Glow_Orange,417,Duration or marker; glow orange; location about body; colors orange,About Body,Orange,"Duration or marker graphic; use for persistent auras, ground markers, or status visuals.",https://www.nwnlexicon.com/Vfx_dur,https://www.nwnlexicon.com/images/7/7c/Dur.gloworange.jpg
DUR,VFX_DUR_GLOW_LIGHT_ORANGE,Vfx_Dur_Glow_Light_Orange,418,Duration or marker; glow light orange; location about body; colors orange,About Body,Orange,"Duration or marker graphic; use for persistent auras, ground markers, or status visuals.",https://www.nwnlexicon.com/Vfx_dur,https://www.nwnlexicon.com/images/5/5b/Dur.glowlightorange.jpg
DUR,VFX_DUR_GLOW_BROWN,Vfx_Dur_Glow_Brown,419,Duration or marker; glow brown; location about body; colors brown,About Body,Brown,"Duration or marker graphic; use for persistent auras, ground markers, or status visuals.",https://www.nwnlexicon.com/Vfx_dur,https://www.nwnlexicon.com/images/e/ef/Dur.glowbrown.jpg
DUR,VFX_DUR_GLOW_LIGHT_BROWN,Vfx_Dur_Glow_Light_Brown,420,Duration or marker; glow light brown; location about body; colors brown,About Body,Brown,"Duration or marker graphic; use for persistent auras, ground markers, or status visuals.",https://www.nwnlexicon.com/Vfx_dur,https://www.nwnlexicon.com/images/c/cc/Dur.glowlightbrown.jpg
DUR,VFX_DUR_GLOW_GREY,Vfx_Dur_Glow_Grey,421,Duration or marker; glow grey; location about body; colors grey,About Body,Grey,"Duration or marker graphic; use for persistent auras, ground markers, or status visuals.",https://www.nwnlexicon.com/Vfx_dur,https://www.nwnlexicon.com/images/4/48/Dur.glowgrey.jpg
DUR,VFX_DUR_GLOW_WHITE,Vfx_Dur_Glow_White,422,Duration or marker; glow white; location about body; colors white,About Body,White,"Duration or marker graphic; use for persistent auras, ground markers, or status visuals.",https://www.nwnlexicon.com/Vfx_dur,https://www.nwnlexicon.com/images/c/c9/Dur.glowwhite.jpg
DUR,VFX_DUR_GLOW_LIGHT_PURPLE,Vfx_Dur_Glow_Light_Purple,423,Duration or marker; glow light purple; location about body; colors purple,About Body,Purple,"Duration or marker graphic; use for persistent auras, ground markers, or status visuals.",https://www.nwnlexicon.com/Vfx_dur,https://www.nwnlexicon.com/images/9/96/Dur.glowlightpurple.jpg
DUR,VFX_DUR_GHOST_TRANSPARENT,Vfx_Dur_Ghost_Transparent,424,Duration or marker; ghost transparent; location about body; colors purple,About Body,Purple,"Duration or marker graphic; use for persistent auras, ground markers, or status visuals.",https://www.nwnlexicon.com/Vfx_dur,https://www.nwnlexicon.com/images/a/a5/Dur.ghosttransparent.jpg
DUR,VFX_DUR_GHOST_SMOKE,Vfx_Dur_Ghost_Smoke,425,Duration or marker; ghost smoke; colors white,,White,"Duration or marker graphic; use for persistent auras, ground markers, or status visuals.",https://www.nwnlexicon.com/Vfx_dur,https://www.nwnlexicon.com/images/b/b8/Dur.ghostsmoke.jpg
DUR,VFX_DUR_GLYPH_OF_WARDING,Vfx_Dur_Glyph_Of_Warding,445,Duration or marker; glyph of warding; location floor; colors yellow,Floor,Yellow,"Duration or marker graphic; use for persistent auras, ground markers, or status visuals.",https://www.nwnlexicon.com/Vfx_dur,https://www.nwnlexicon.com/images/4/4b/Dur.glyphofwarding.jpg
DUR,VFX_DUR_DEATH_ARMOR,Vfx_Dur_Death_Armor,463,Duration or marker; death armor,,,"Duration or marker graphic; use for persistent auras, ground markers, or status visuals.",https://www.nwnlexicon.com/Vfx_dur,https://www.nwnlexicon.com/images/6/6f/Dur.deatharmor.jpg
DUR,VFX_DUR_ICESKIN,Vfx_Dur_Iceskin,465,Duration or marker; iceskin; location about body; colors white,About Body,White,"Duration or marker graphic; use for persistent auras, ground markers, or status visuals.",https://www.nwnlexicon.com/Vfx_dur,https://www.nwnlexicon.com/images/1/14/Dur.iceskin.jpg
DUR,VFX_DUR_INFERNO,Vfx_Dur_Inferno,474,Duration or marker; inferno; colors fire,,Fire,"Duration or marker graphic; use for persistent auras, ground markers, or status visuals.",https://www.nwnlexicon.com/Vfx_dur,https://www.nwnlexicon.com/images/2/28/Dur.inferno.jpg
DUR,VFX_DUR_STONEHOLD,Vfx_Dur_Stonehold,476,Duration or marker; stonehold; location about body,About Body,,"Duration or marker graphic; use for persistent auras, ground markers, or status visuals.",https://www.nwnlexicon.com/Vfx_dur,https://www.nwnlexicon.com/images/4/41/Dur.stonehold.jpg
DUR,VFX_DUR_GHOSTLY_VISAGE_NO_SOUND,Vfx_Dur_Ghostly_Visage_No_Sound,478,Duration or marker; ghostly visage no sound,,,"Duration or marker graphic; use for persistent auras, ground markers, or status visuals.",https://www.nwnlexicon.com/Vfx_dur,https://www.nwnlexicon.com/images/9/9a/Dur.ghostlyvisagenosound.jpg
DUR,VFX_DUR_GHOST_SMOKE_2,Vfx_Dur_Ghost_Smoke_2,479,Duration or marker; ghost smoke 2,,,"Duration or marker graphic; use for persistent auras, ground markers, or status visuals.",https://www.nwnlexicon.com/Vfx_dur,https://www.nwnlexicon.com/images/2/29/Dur.ghostsmoke2.jpg
DUR,VFX_DUR_FLIES,Vfx_Dur_Flies,480,Duration or marker; flies; colors black,,Black,"Duration or marker graphic; use for persistent auras, ground markers, or status visuals.",https://www.nwnlexicon.com/Vfx_dur,https://www.nwnlexicon.com/images/3/37/Dur.flies.jpg
DUR,VFX_DUR_PROT_EPIC_ARMOR,Vfx_Dur_Prot_Epic_Armor,495,Duration or marker; protection epic armor,,,"Duration or marker graphic; use for persistent auras, ground markers, or status visuals.",https://www.nwnlexicon.com/Vfx_dur,https://www.nwnlexicon.com/images/7/7d/Dur.protepicarmor.jpg
DUR,VFX_DUR_PROT_EPIC_ARMOR_2,Vfx_Dur_Prot_Epic_Armor_2,497,Duration or marker; protection epic armor 2,,,"Duration or marker graphic; use for persistent auras, ground markers, or status visuals.",https://www.nwnlexicon.com/Vfx_dur,https://www.nwnlexicon.com/images/e/e6/Dur.protepicarmor2.jpg
DUR,VFX_DUR_INFERNO_CHEST,Vfx_Dur_Inferno_Chest,498,Duration or marker; inferno chest; colors fire,,Fire,"Duration or marker graphic; use for persistent auras, ground markers, or status visuals.",https://www.nwnlexicon.com/Vfx_dur,https://www.nwnlexicon.com/images/c/c3/Dur.infernochest.jpg
DUR,VFX_DUR_IOUNSTONE_RED,Vfx_Dur_Iounstone_Red,499,Duration or marker; iounstone red; colors red,,Red,"Duration or marker graphic; use for persistent auras, ground markers, or status visuals.",https://www.nwnlexicon.com/Vfx_dur,https://www.nwnlexicon.com/images/1/18/Dur.iounstonered.jpg
DUR,VFX_DUR_IOUNSTONE_BLUE,Vfx_Dur_Iounstone_Blue,500,Duration or marker; iounstone blue; colors blue,,Blue,"Duration or marker graphic; use for persistent auras, ground markers, or status visuals.",https://www.nwnlexicon.com/Vfx_dur,https://www.nwnlexicon.com/images/e/e6/Dur.inounstoneblue.jpg
DUR,VFX_DUR_IOUNSTONE_YELLOW,Vfx_Dur_Iounstone_Yellow,501,Duration or marker; iounstone yellow,,,"Duration or marker graphic; use for persistent auras, ground markers, or status visuals.",https://www.nwnlexicon.com/Vfx_dur,https://www.nwnlexicon.com/images/5/52/Dur.iounstoneyellow.jpg
DUR,VFX_DUR_IOUNSTONE_GREEN,Vfx_Dur_Iounstone_Green,502,Duration or marker; iounstone green; colors green,,Green,"Duration or marker graphic; use for persistent auras, ground markers, or status visuals.",https://www.nwnlexicon.com/Vfx_dur,https://www.nwnlexicon.com/images/4/4f/Dur.iounstonegreen.jpg
DUR,VFX_DUR_INFERNO_NO_SOUND,Vfx_Dur_Inferno_No_Sound,505,Duration or marker; inferno no sound,,,"Duration or marker graphic; use for persistent auras, ground markers, or status visuals.",https://www.nwnlexicon.com/Vfx_dur,https://www.nwnlexicon.com/images/4/49/Dur.infernonosound.jpg
DUR,VFX_DUR_AURA_PULSE_RED_WHITE,Vfx_Dur_Aura_Pulse_Red_White,512,"Duration or marker; aura pulse red white; location about body; colors red, white",About Body,"Red, white","Duration or marker graphic; use for persistent auras, ground markers, or status visuals.",https://www.nwnlexicon.com/Vfx_dur,https://www.nwnlexicon.com/images/2/2f/Dur.aurapulseredwhite.jpg
DUR,VFX_DUR_AURA_PULSE_BLUE_WHITE,Vfx_Dur_Aura_Pulse_Blue_White,513,"Duration or marker; aura pulse blue white; location about body; colors blue, white",About Body,"Blue, white","Duration or marker graphic; use for persistent auras, ground markers, or status visuals.",https://www.nwnlexicon.com/Vfx_dur,https://www.nwnlexicon.com/images/d/da/Dur.aurapulsebluewhite.jpg
DUR,VFX_DUR_AURA_PULSE_GREEN_WHITE,Vfx_Dur_Aura_Pulse_Green_White,514,"Duration or marker; aura pulse green white; location about body; colors green, white",About Body,"Green, white","Duration or marker graphic; use for persistent auras, ground markers, or status visuals.",https://www.nwnlexicon.com/Vfx_dur,https://www.nwnlexicon.com/images/0/08/Dur.aurapulsegreenwhite.jpg
DUR,VFX_DUR_AURA_PULSE_YELLOW_WHITE,Vfx_Dur_Aura_Pulse_Yellow_White,515,"Duration or marker; aura pulse yellow white; location about body; colors yellow, white",About Body,"Yellow, white","Duration or marker graphic; use for persistent auras, ground markers, or status visuals.",https://www.nwnlexicon.com/Vfx_dur,https://www.nwnlexicon.com/images/2/2d/Dur.aurapulseyellowwhite.jpg
DUR,VFX_DUR_AURA_PULSE_MAGENTA_WHITE,Vfx_Dur_Aura_Pulse_Magenta_White,516,"Duration or marker; aura pulse magenta white; location about body; colors magenta, white",About Body,"Magenta, white","Duration or marker graphic; use for persistent auras, ground markers, or status visuals.",https://www.nwnlexicon.com/Vfx_dur,https://www.nwnlexicon.com/images/9/91/Dur.aurapulsemagentawhite.jpg
DUR,VFX_DUR_AURA_PULSE_CYAN_WHITE,Vfx_Dur_Aura_Pulse_Cyan_White,517,"Duration or marker; aura pulse cyan white; location about body; colors cyan, white",About Body,"Cyan, white","Duration or marker graphic; use for persistent auras, ground markers, or status visuals.",https://www.nwnlexicon.com/Vfx_dur,https://www.nwnlexicon.com/images/c/c8/Dur.aurapulsecyanwhite.jpg
DUR,VFX_DUR_AURA_PULSE_ORANGE_WHITE,Vfx_Dur_Aura_Pulse_Orange_White,518,"Duration or marker; aura pulse orange white; location about body; colors orange, white",About Body,"Orange, white","Duration or marker graphic; use for persistent auras, ground markers, or status visuals.",https://www.nwnlexicon.com/Vfx_dur,https://www.nwnlexicon.com/images/3/3e/Dur.aurapulseorangewhite.jpg
DUR,VFX_DUR_AURA_PULSE_BROWN_WHITE,Vfx_Dur_Aura_Pulse_Brown_White,519,"Duration or marker; aura pulse brown white; location about body; colors brown, white",About Body,"Brown, white","Duration or marker graphic; use for persistent auras, ground markers, or status visuals.",https://www.nwnlexicon.com/Vfx_dur,https://www.nwnlexicon.com/images/d/d6/Dur.aurapulsebrownwhite.jpg
DUR,VFX_DUR_AURA_PULSE_PURPLE_WHITE,Vfx_Dur_Aura_Pulse_Purple_White,520,"Duration or marker; aura pulse purple white; location about body; colors purple, white",About Body,"Purple, white","Duration or marker graphic; use for persistent auras, ground markers, or status visuals.",https://www.nwnlexicon.com/Vfx_dur,https://www.nwnlexicon.com/images/e/ee/Dur.aurapulsepurplewhite.jpg
DUR,VFX_DUR_AURA_PULSE_GREY_WHITE,Vfx_Dur_Aura_Pulse_Grey_White,521,"Duration or marker; aura pulse grey white; location about body; colors grey, white",About Body,"Grey, white","Duration or marker graphic; use for persistent auras, ground markers, or status visuals.",https://www.nwnlexicon.com/Vfx_dur,https://www.nwnlexicon.com/images/1/19/Dur.aurapulsegreywhite.jpg
DUR,VFX_DUR_AURA_PULSE_GREY_BLACK,Vfx_Dur_Aura_Pulse_Grey_Black,522,"Duration or marker; aura pulse grey black; location about body; colors grey, black",About Body,"Grey, black","Duration or marker graphic; use for persistent auras, ground markers, or status visuals.",https://www.nwnlexicon.com/Vfx_dur,https://www.nwnlexicon.com/images/f/f8/Dur.aurapulsegreyblack.jpg
DUR,VFX_DUR_AURA_PULSE_BLUE_GREEN,Vfx_Dur_Aura_Pulse_Blue_Green,523,"Duration or marker; aura pulse blue green; location about body; colors blue, green",About Body,"Blue, green","Duration or marker graphic; use for persistent auras, ground markers, or status visuals.",https://www.nwnlexicon.com/Vfx_dur,https://www.nwnlexicon.com/images/1/11/Dur.aurapulsebluegreen.jpg
DUR,VFX_DUR_AURA_PULSE_RED_BLUE,Vfx_Dur_Aura_Pulse_Red_Blue,524,"Duration or marker; aura pulse red blue; location about body; colors red, blue",About Body,"Red, blue","Duration or marker graphic; use for persistent auras, ground markers, or status visuals.",https://www.nwnlexicon.com/Vfx_dur,https://www.nwnlexicon.com/images/4/4d/Dur.aurapulseredblue.jpg
DUR,VFX_DUR_AURA_PULSE_RED_YELLOW,Vfx_Dur_Aura_Pulse_Red_Yellow,525,"Duration or marker; aura pulse red yellow; location about body; colors red, yellow",About Body,"Red, yellow","Duration or marker graphic; use for persistent auras, ground markers, or status visuals.",https://www.nwnlexicon.com/Vfx_dur,https://www.nwnlexicon.com/images/1/1a/Dur.aurapulseredyellow.jpg
DUR,VFX_DUR_AURA_PULSE_GREEN_YELLOW,Vfx_Dur_Aura_Pulse_Green_Yellow,526,"Duration or marker; aura pulse green yellow; location about body; colors green, yellow",About Body,"Green, yellow","Duration or marker graphic; use for persistent auras, ground markers, or status visuals.",https://www.nwnlexicon.com/Vfx_dur,https://www.nwnlexicon.com/images/f/f5/Dur.aurapulsegreenyellow.jpg
DUR,VFX_DUR_AURA_PULSE_RED_GREEN,Vfx_Dur_Aura_Pulse_Red_Green,527,"Duration or marker; aura pulse red green; location about body; colors red, green",About Body,"Red, green","Duration or marker graphic; use for persistent auras, ground markers, or status visuals.",https://www.nwnlexicon.com/Vfx_dur,https://www.nwnlexicon.com/images/e/ee/Dur.aurapulseredgreen.jpg
DUR,VFX_DUR_AURA_PULSE_BLUE_YELLOW,Vfx_Dur_Aura_Pulse_Blue_Yellow,528,"Duration or marker; aura pulse blue yellow; location about body; colors blue, yellow",About Body,"Blue, yellow","Duration or marker graphic; use for persistent auras, ground markers, or status visuals.",https://www.nwnlexicon.com/Vfx_dur,https://www.nwnlexicon.com/images/7/7b/Dur.aurapulseblueyellow.jpg
DUR,VFX_DUR_AURA_PULSE_BLUE_BLACK,Vfx_Dur_Aura_Pulse_Blue_Black,529,"Duration or marker; aura pulse blue black; location about body; colors blue, black",About Body,"Blue, black","Duration or marker graphic; use for persistent auras, ground markers, or status visuals.",https://www.nwnlexicon.com/Vfx_dur,https://www.nwnlexicon.com/images/3/3a/Dur.aurapulseblueblack.jpg
DUR,VFX_DUR_AURA_PULSE_RED_BLACK,Vfx_Dur_Aura_Pulse_Red_Black,530,"Duration or marker; aura pulse red black; location about body; colors red, black",About Body,"Red, black","Duration or marker graphic; use for persistent auras, ground markers, or status visuals.",https://www.nwnlexicon.com/Vfx_dur,https://www.nwnlexicon.com/images/d/da/Dur.aurapulseredblack.jpg
DUR,VFX_DUR_AURA_PULSE_GREEN_BLACK,Vfx_Dur_Aura_Pulse_Green_Black,531,"Duration or marker; aura pulse green black; location about body; colors green, black",About Body,"Green, black","Duration or marker graphic; use for persistent auras, ground markers, or status visuals.",https://www.nwnlexicon.com/Vfx_dur,https://www.nwnlexicon.com/images/0/0d/Dur.aurapulsegreenblack.jpg
DUR,VFX_DUR_AURA_PULSE_YELLOW_BLACK,Vfx_Dur_Aura_Pulse_Yellow_Black,532,"Duration or marker; aura pulse yellow black; location about body; colors yellow, black",About Body,"Yellow, black","Duration or marker graphic; use for persistent auras, ground markers, or status visuals.",https://www.nwnlexicon.com/Vfx_dur,https://www.nwnlexicon.com/images/0/0a/Dur.aurapulseyellowblack.jpg
DUR,VFX_DUR_AURA_PULSE_MAGENTA_BLACK,Vfx_Dur_Aura_Pulse_Magenta_Black,533,"Duration or marker; aura pulse magenta black; location about body; colors magenta, black",About Body,"Magenta, black","Duration or marker graphic; use for persistent auras, ground markers, or status visuals.",https://www.nwnlexicon.com/Vfx_dur,https://www.nwnlexicon.com/images/4/48/Dur.aurapulsemagentablack.jpg
DUR,VFX_DUR_AURA_PULSE_CYAN_BLACK,Vfx_Dur_Aura_Pulse_Cyan_Black,534,"Duration or marker; aura pulse cyan black; location about body; colors cyan, black",About Body,"Cyan, black","Duration or marker graphic; use for persistent auras, ground markers, or status visuals.",https://www.nwnlexicon.com/Vfx_dur,https://www.nwnlexicon.com/images/2/25/Dur.aurapulsecyanblack.jpg
DUR,VFX_DUR_AURA_PULSE_ORANGE_BLACK,Vfx_Dur_Aura_Pulse_Orange_Black,535,"Duration or marker; aura pulse orange black; location about body; colors orange, black",About Body,"Orange, black","Duration or marker graphic; use for persistent auras, ground markers, or status visuals.",https://www.nwnlexicon.com/Vfx_dur,https://www.nwnlexicon.com/images/f/ff/Dur.aurapulseorangeblack.jpg
DUR,VFX_DUR_AURA_PULSE_BROWN_BLACK,Vfx_Dur_Aura_Pulse_Brown_Black,536,"Duration or marker; aura pulse brown black; location about body; colors brown, black",About Body,"Brown, black","Duration or marker graphic; use for persistent auras, ground markers, or status visuals.",https://www.nwnlexicon.com/Vfx_dur,https://www.nwnlexicon.com/images/2/2e/Dur.aurapulsebrownblack.jpg
DUR,VFX_DUR_AURA_PULSE_PURPLE_BLACK,Vfx_Dur_Aura_Pulse_Purple_Black,537,"Duration or marker; aura pulse purple black; location about body; colors purple, black",About Body,"Purple, black","Duration or marker graphic; use for persistent auras, ground markers, or status visuals.",https://www.nwnlexicon.com/Vfx_dur,https://www.nwnlexicon.com/images/7/7c/Dur.aurapulsepurpleblack.jpg
DUR,VFX_DUR_AURA_PULSE_CYAN_GREEN,Vfx_Dur_Aura_Pulse_Cyan_Green,538,"Duration or marker; aura pulse cyan green; location about body; colors cyan, green",About Body,"Cyan, green","Duration or marker graphic; use for persistent auras, ground markers, or status visuals.",https://www.nwnlexicon.com/Vfx_dur,https://www.nwnlexicon.com/images/1/1d/Dur.aurapulsecyangreen.jpg
DUR,VFX_DUR_AURA_PULSE_CYAN_BLUE,Vfx_Dur_Aura_Pulse_Cyan_Blue,539,"Duration or marker; aura pulse cyan blue; location about body; colors cyan, blue",About Body,"Cyan, blue","Duration or marker graphic; use for persistent auras, ground markers, or status visuals.",https://www.nwnlexicon.com/Vfx_dur,https://www.nwnlexicon.com/images/7/7a/Dur.aurapulsecyanblue.jpg
DUR,VFX_DUR_AURA_PULSE_CYAN_RED,Vfx_Dur_Aura_Pulse_Cyan_Red,540,"Duration or marker; aura pulse cyan red; location about body; colors cyan, red",About Body,"Cyan, red","Duration or marker graphic; use for persistent auras, ground markers, or status visuals.",https://www.nwnlexicon.com/Vfx_dur,https://www.nwnlexicon.com/images/5/53/Dur.aurapulsecyanred.jpg
DUR,VFX_DUR_AURA_PULSE_CYAN_YELLOW,Vfx_Dur_Aura_Pulse_Cyan_Yellow,541,"Duration or marker; aura pulse cyan yellow; location about body; colors cyan, yellow",About Body,"Cyan, yellow","Duration or marker graphic; use for persistent auras, ground markers, or status visuals.",https://www.nwnlexicon.com/Vfx_dur,https://www.nwnlexicon.com/images/6/60/Dur.aurapulsecyanyellow.jpg
DUR,VFX_DUR_AURA_PULSE_MAGENTA_BLUE,Vfx_Dur_Aura_Pulse_Magenta_Blue,542,"Duration or marker; aura pulse magenta blue; location about body; colors magenta, blue",About Body,"Magenta, blue","Duration or marker graphic; use for persistent auras, ground markers, or status visuals.",https://www.nwnlexicon.com/Vfx_dur,https://www.nwnlexicon.com/images/a/a3/Dur.aurapulsemagentablue.jpg
DUR,VFX_DUR_AURA_PULSE_MAGENTA_RED,Vfx_Dur_Aura_Pulse_Magenta_Red,543,"Duration or marker; aura pulse magenta red; location about body; colors magenta, red",About Body,"Magenta, red","Duration or marker graphic; use for persistent auras, ground markers, or status visuals.",https://www.nwnlexicon.com/Vfx_dur,https://www.nwnlexicon.com/images/e/ec/Dur.aurapulsemagentared.jpg
DUR,VFX_DUR_AURA_PULSE_MAGENTA_GREEN,Vfx_Dur_Aura_Pulse_Magenta_Green,544,"Duration or marker; aura pulse magenta green; location about body; colors magenta, green",About Body,"Magenta, green","Duration or marker graphic; use for persistent auras, ground markers, or status visuals.",https://www.nwnlexicon.com/Vfx_dur,https://www.nwnlexicon.com/images/5/55/Dur.aurapulsemagentagreen.jpg
DUR,VFX_DUR_AURA_PULSE_MAGENTA_YELLOW,Vfx_Dur_Aura_Pulse_Magenta_Yellow,545,"Duration or marker; aura pulse magenta yellow; location about body; colors magenta, yellow",About Body,"Magenta, yellow","Duration or marker graphic; use for persistent auras, ground markers, or status visuals.",https://www.nwnlexicon.com/Vfx_dur,https://www.nwnlexicon.com/images/f/f4/Dur.aurapulsemagentayellow.jpg
DUR,VFX_DUR_AURA_PULSE_RED_ORANGE,Vfx_Dur_Aura_Pulse_Red_Orange,546,"Duration or marker; aura pulse red orange; location about body; colors red, orange",About Body,"Red, orange","Duration or marker graphic; use for persistent auras, ground markers, or status visuals.",https://www.nwnlexicon.com/Vfx_dur,https://www.nwnlexicon.com/images/7/7c/Dur.aurapulseredorange.jpg
DUR,VFX_DUR_AURA_PULSE_YELLOW_ORANGE,Vfx_Dur_Aura_Pulse_Yellow_Orange,547,"Duration or marker; aura pulse yellow orange; location about body; colors yellow, orange",About Body,"Yellow, orange","Duration or marker graphic; use for persistent auras, ground markers, or status visuals.",https://www.nwnlexicon.com/Vfx_dur,https://www.nwnlexicon.com/images/f/f0/Dur.aurapulseyelloworange.jpg
DUR,VFX_DUR_AURA_RED,Vfx_Dur_Aura_Red,548,Duration or marker; aura red; location about body; colors red,About Body,Red,"Duration or marker graphic; use for persistent auras, ground markers, or status visuals.",https://www.nwnlexicon.com/Vfx_dur,https://www.nwnlexicon.com/images/5/52/Dur.aurared.jpg
DUR,VFX_DUR_AURA_GREEN,Vfx_Dur_Aura_Green,549,Duration or marker; aura green; location about body; colors green,About Body,Green,"Duration or marker graphic; use for persistent auras, ground markers, or status visuals.",https://www.nwnlexicon.com/Vfx_dur,https://www.nwnlexicon.com/images/d/d4/Dur.auragreen.jpg
DUR,VFX_DUR_AURA_BLUE,Vfx_Dur_Aura_Blue,550,Duration or marker; aura blue; location about body; colors blue,About Body,Blue,"Duration or marker graphic; use for persistent auras, ground markers, or status visuals.",https://www.nwnlexicon.com/Vfx_dur,https://www.nwnlexicon.com/images/f/ff/Dur.aurablue.jpg
DUR,VFX_DUR_AURA_MAGENTA,Vfx_Dur_Aura_Magenta,551,Duration or marker; aura magenta; location about body; colors magenta,About Body,Magenta,"Duration or marker graphic; use for persistent auras, ground markers, or status visuals.",https://www.nwnlexicon.com/Vfx_dur,https://www.nwnlexicon.com/images/a/a2/Dur.auramagenta.jpg
DUR,VFX_DUR_AURA_YELLOW,Vfx_Dur_Aura_Yellow,552,Duration or marker; aura yellow; location about body; colors yellow,About Body,Yellow,"Duration or marker graphic; use for persistent auras, ground markers, or status visuals.",https://www.nwnlexicon.com/Vfx_dur,https://www.nwnlexicon.com/images/b/ba/Dur.aurayellow.jpg
DUR,VFX_DUR_AURA_WHITE,Vfx_Dur_Aura_White,553,Duration or marker; aura white; location about body; colors white,About Body,White,"Duration or marker graphic; use for persistent auras, ground markers, or status visuals.",https://www.nwnlexicon.com/Vfx_dur,https://www.nwnlexicon.com/images/0/00/Dur.aurawhite.jpg
DUR,VFX_DUR_AURA_ORANGE,Vfx_Dur_Aura_Orange,554,Duration or marker; aura orange; location about body; colors orange,About Body,Orange,"Duration or marker graphic; use for persistent auras, ground markers, or status visuals.",https://www.nwnlexicon.com/Vfx_dur,https://www.nwnlexicon.com/images/0/08/Dur.auraorange.jpg
DUR,VFX_DUR_AURA_BROWN,Vfx_Dur_Aura_Brown,555,Duration or marker; aura brown; location about body; colors brown,About Body,Brown,"Duration or marker graphic; use for persistent auras, ground markers, or status visuals.",https://www.nwnlexicon.com/Vfx_dur,https://www.nwnlexicon.com/images/b/b2/Dur.aurabrown.jpg
DUR,VFX_DUR_AURA_PURPLE,Vfx_Dur_Aura_Purple,556,Duration or marker; aura purple; location about body; colors purple,About Body,Purple,"Duration or marker graphic; use for persistent auras, ground markers, or status visuals.",https://www.nwnlexicon.com/Vfx_dur,https://www.nwnlexicon.com/images/7/7a/Dur.aurapurple.jpg
DUR,VFX_DUR_AURA_CYAN,Vfx_Dur_Aura_Cyan,557,Duration or marker; aura cyan; location about body; colors cyan,About Body,Cyan,"Duration or marker graphic; use for persistent auras, ground markers, or status visuals.",https://www.nwnlexicon.com/Vfx_dur,https://www.nwnlexicon.com/images/d/d6/Dur.auracyan.jpg
DUR,VFX_DUR_AURA_GREEN_DARK,Vfx_Dur_Aura_Green_Dark,558,Duration or marker; aura green dark; location about body; colors green,About Body,Green,"Duration or marker graphic; use for persistent auras, ground markers, or status visuals.",https://www.nwnlexicon.com/Vfx_dur,https://www.nwnlexicon.com/images/6/6d/Dur.auragreendark.jpg
DUR,VFX_DUR_AURA_GREEN_LIGHT,Vfx_Dur_Aura_Green_Light,559,Duration or marker; aura green light; location about body; colors green,About Body,Green,"Duration or marker graphic; use for persistent auras, ground markers, or status visuals.",https://www.nwnlexicon.com/Vfx_dur,https://www.nwnlexicon.com/images/9/9f/Dur.auragreenlight.jpg
DUR,VFX_DUR_AURA_RED_DARK,Vfx_Dur_Aura_Red_Dark,560,Duration or marker; aura red dark; location about body; colors red,About Body,Red,"Duration or marker graphic; use for persistent auras, ground markers, or status visuals.",https://www.nwnlexicon.com/Vfx_dur,https://www.nwnlexicon.com/images/3/33/Dur.aurareddark.jpg
DUR,VFX_DUR_AURA_RED_LIGHT,Vfx_Dur_Aura_Red_Light,561,Duration or marker; aura red light; location about body; colors red,About Body,Red,"Duration or marker graphic; use for persistent auras, ground markers, or status visuals.",https://www.nwnlexicon.com/Vfx_dur,https://www.nwnlexicon.com/images/3/37/Dur.auraredlight.jpg
DUR,VFX_DUR_AURA_BLUE_DARK,Vfx_Dur_Aura_Blue_Dark,562,Duration or marker; aura blue dark; location about body; colors blue,About Body,Blue,"Duration or marker graphic; use for persistent auras, ground markers, or status visuals.",https://www.nwnlexicon.com/Vfx_dur,https://www.nwnlexicon.com/images/c/cd/Dur.aurabluedark.jpg
DUR,VFX_DUR_AURA_BLUE_LIGHT,Vfx_Dur_Aura_Blue_Light,563,Duration or marker; aura blue light; location about body; colors blue,About Body,Blue,"Duration or marker graphic; use for persistent auras, ground markers, or status visuals.",https://www.nwnlexicon.com/Vfx_dur,https://www.nwnlexicon.com/images/1/12/Dur.aurabluelight.jpg
DUR,VFX_DUR_AURA_YELLOW_DARK,Vfx_Dur_Aura_Yellow_Dark,564,Duration or marker; aura yellow dark; location about body; colors yellow,About Body,Yellow,"Duration or marker graphic; use for persistent auras, ground markers, or status visuals.",https://www.nwnlexicon.com/Vfx_dur,https://www.nwnlexicon.com/images/7/7b/Dur.aurayellowdark.jpg
DUR,VFX_DUR_AURA_YELLOW_LIGHT,Vfx_Dur_Aura_Yellow_Light,565,Duration or marker; aura yellow light; location about body; colors yellow,About Body,Yellow,"Duration or marker graphic; use for persistent auras, ground markers, or status visuals.",https://www.nwnlexicon.com/Vfx_dur,https://www.nwnlexicon.com/images/9/99/Dur.aurayellowlight.jpg
DUR,VFX_DUR_BUBBLES,Vfx_Dur_Bubbles,566,Duration or marker; bubbles; location above head; colors white,Above Head,White,"Duration or marker graphic; use for persistent auras, ground markers, or status visuals.",https://www.nwnlexicon.com/Vfx_dur,https://www.nwnlexicon.com/images/a/ac/Dur.bubbles.jpg
DUR,VFX_DUR_PDK_FEAR,Vfx_Dur_Pdk_Fear,628,Duration or marker; PDK fear,,,"Duration or marker graphic; use for persistent auras, ground markers, or status visuals.",https://www.nwnlexicon.com/Vfx_dur,https://www.nwnlexicon.com/images/2/29/Dur_pdkfear.jpg
DUR,VFX_DUR_ARROW_IN_STERNUM,Vfx_Dur_Arrow_In_Sternum,632,Duration or marker; arrow in sternum,,,"Duration or marker graphic; use for persistent auras, ground markers, or status visuals.",https://www.nwnlexicon.com/Vfx_dur,https://www.nwnlexicon.com/images/5/50/Dur_arrowinsternum.jpg
DUR,VFX_DUR_ARROW_IN_CHEST_LEFT,Vfx_Dur_Arrow_In_Chest_Left,633,Duration or marker; arrow in chest left,,,"Duration or marker graphic; use for persistent auras, ground markers, or status visuals.",https://www.nwnlexicon.com/Vfx_dur,https://www.nwnlexicon.com/images/7/7b/Dur_arrowinchestl.jpg
DUR,VFX_DUR_ARROW_IN_CHEST_RIGHT,Vfx_Dur_Arrow_In_Chest_Right,634,Duration or marker; arrow in chest right,,,"Duration or marker graphic; use for persistent auras, ground markers, or status visuals.",https://www.nwnlexicon.com/Vfx_dur,https://www.nwnlexicon.com/images/8/86/Dur_arrowinchestr.jpg
DUR,VFX_DUR_ARROW_IN_BACK,Vfx_Dur_Arrow_In_Back,635,Duration or marker; arrow in back,,,"Duration or marker graphic; use for persistent auras, ground markers, or status visuals.",https://www.nwnlexicon.com/Vfx_dur,https://www.nwnlexicon.com/images/d/d0/Dur_arrowinback.jpg
DUR,VFX_DUR_ARROW_IN_TEMPLES,Vfx_Dur_Arrow_In_Temples,636,Duration or marker; arrow in temples,,,"Duration or marker graphic; use for persistent auras, ground markers, or status visuals.",https://www.nwnlexicon.com/Vfx_dur,https://www.nwnlexicon.com/images/6/6e/Dur_arrowintemples.jpg
DUR,VFX_DUR_ARROW_IN_FACE,Vfx_Dur_Arrow_In_Face,637,Duration or marker; arrow in face,,,"Duration or marker graphic; use for persistent auras, ground markers, or status visuals.",https://www.nwnlexicon.com/Vfx_dur,https://www.nwnlexicon.com/images/e/e4/Dur_arrowinface.jpg
DUR,VFX_DUR_ARROW_IN_HEAD,Vfx_Dur_Arrow_In_Head,638,Duration or marker; arrow in head,,,"Duration or marker graphic; use for persistent auras, ground markers, or status visuals.",https://www.nwnlexicon.com/Vfx_dur,https://www.nwnlexicon.com/images/c/ce/Dur_arrowinhead.jpg
DUR,VFX_DUR_QUILL_IN_CHEST,Vfx_Dur_Quill_In_Chest,639,Duration or marker; quill in chest,,,"Duration or marker graphic; use for persistent auras, ground markers, or status visuals.",https://www.nwnlexicon.com/Vfx_dur,https://www.nwnlexicon.com/images/0/03/Dur_quillinchest.jpg
EYES,VFX_EYES_RED_FLAME_HALFELF_MALE,Vfx_Eyes_Red_Flame_Human_Male;Vfx_Eyes_Red_Flame_Halfelf_Male,360,Eye glow; red flame halfelf male; location head; colors red,Head,Red,"Eye glow graphic; use for gaze, perception, rage, mind, or elemental eye cues.",https://www.nwnlexicon.com/Vfx_eyes,https://www.nwnlexicon.com/images/3/33/Eyes.human.male.red.jpg
EYES,VFX_EYES_RED_FLAME_HUMAN_MALE,Vfx_Eyes_Red_Flame_Human_Male;Vfx_Eyes_Red_Flame_Halfelf_Male,360,Eye glow; red flame human male; location head; colors red,Head,Red,"Eye glow graphic; use for gaze, perception, rage, mind, or elemental eye cues.",https://www.nwnlexicon.com/Vfx_eyes,https://www.nwnlexicon.com/images/3/33/Eyes.human.male.red.jpg
EYES,VFX_EYES_RED_FLAME_HALFELF_FEMALE,Vfx_Eyes_Red_Flame_Human_Female;Vfx_Eyes_Red_Flame_Halfelf_Female,361,Eye glow; red flame halfelf female; location head; colors red,Head,Red,"Eye glow graphic; use for gaze, perception, rage, mind, or elemental eye cues.",https://www.nwnlexicon.com/Vfx_eyes,https://www.nwnlexicon.com/images/f/f2/Eyes.human.female.red.jpg
EYES,VFX_EYES_RED_FLAME_HUMAN_FEMALE,Vfx_Eyes_Red_Flame_Human_Female;Vfx_Eyes_Red_Flame_Halfelf_Female,361,Eye glow; red flame human female; location head; colors red,Head,Red,"Eye glow graphic; use for gaze, perception, rage, mind, or elemental eye cues.",https://www.nwnlexicon.com/Vfx_eyes,https://www.nwnlexicon.com/images/f/f2/Eyes.human.female.red.jpg
EYES,VFX_EYES_RED_FLAME_DWARF_MALE,Vfx_Eyes_Red_Flame_Dwarf_Male,362,Eye glow; red flame dwarf male; location head; colors red,Head,Red,"Eye glow graphic; use for gaze, perception, rage, mind, or elemental eye cues.",https://www.nwnlexicon.com/Vfx_eyes,https://www.nwnlexicon.com/images/d/df/Eyes.dwarf.male.red.jpg
EYES,VFX_EYES_RED_FLAME_DWARF_FEMALE,Vfx_Eyes_Red_Flame_Dwarf_Female,363,Eye glow; red flame dwarf female; location head; colors red,Head,Red,"Eye glow graphic; use for gaze, perception, rage, mind, or elemental eye cues.",https://www.nwnlexicon.com/Vfx_eyes,https://www.nwnlexicon.com/images/7/76/Eyes.dwarf.female.red.jpg
EYES,VFX_EYES_RED_FLAME_ELF_MALE,Vfx_Eyes_Red_Flame_Elf_Male,364,Eye glow; red flame elf male; location head; colors red,Head,Red,"Eye glow graphic; use for gaze, perception, rage, mind, or elemental eye cues.",https://www.nwnlexicon.com/Vfx_eyes,https://www.nwnlexicon.com/images/6/6f/Eyes.elf.male.red.jpg
EYES,VFX_EYES_RED_FLAME_ELF_FEMALE,Vfx_Eyes_Red_Flame_Elf_Female,365,Eye glow; red flame elf female; location head; colors red,Head,Red,"Eye glow graphic; use for gaze, perception, rage, mind, or elemental eye cues.",https://www.nwnlexicon.com/Vfx_eyes,https://www.nwnlexicon.com/images/3/3e/Eyes.elf.female.red.jpg
EYES,VFX_EYES_RED_FLAME_GNOME_MALE,Vfx_Eyes_Red_Flame_Gnome_Male,366,Eye glow; red flame gnome male; location head; colors red,Head,Red,"Eye glow graphic; use for gaze, perception, rage, mind, or elemental eye cues.",https://www.nwnlexicon.com/Vfx_eyes,https://www.nwnlexicon.com/images/d/da/Eyes.gnome.male.red.jpg
EYES,VFX_EYES_RED_FLAME_GNOME_FEMALE,Vfx_Eyes_Red_Flame_Gnome_Female,367,Eye glow; red flame gnome female; location head; colors red,Head,Red,"Eye glow graphic; use for gaze, perception, rage, mind, or elemental eye cues.",https://www.nwnlexicon.com/Vfx_eyes,https://www.nwnlexicon.com/images/8/87/Eyes.gnome.female.red.jpg
EYES,VFX_EYES_RED_FLAME_HALFLING_MALE,Vfx_Eyes_Red_Flame_Halfling_Male,368,Eye glow; red flame halfling male; location head; colors red,Head,Red,"Eye glow graphic; use for gaze, perception, rage, mind, or elemental eye cues.",https://www.nwnlexicon.com/Vfx_eyes,https://www.nwnlexicon.com/images/6/63/Eyes.halfling.male.red.jpg
EYES,VFX_EYES_RED_FLAME_HALFLING_FEMALE,Vfx_Eyes_Red_Flame_Halfling_Female,369,Eye glow; red flame halfling female; location head; colors red,Head,Red,"Eye glow graphic; use for gaze, perception, rage, mind, or elemental eye cues.",https://www.nwnlexicon.com/Vfx_eyes,https://www.nwnlexicon.com/images/8/8a/Eyes.halfling.female.red.jpg
EYES,VFX_EYES_RED_FLAME_HALFORC_MALE,Vfx_Eyes_Red_Flame_Halforc_Male,370,Eye glow; red flame halforc male; location head; colors red,Head,Red,"Eye glow graphic; use for gaze, perception, rage, mind, or elemental eye cues.",https://www.nwnlexicon.com/Vfx_eyes,https://www.nwnlexicon.com/images/3/39/Eyes.halforc.male.red.jpg
EYES,VFX_EYES_RED_FLAME_HALFORC_FEMALE,Vfx_Eyes_Red_Flame_Halforc_Female,371,Eye glow; red flame halforc female; location head; colors red,Head,Red,"Eye glow graphic; use for gaze, perception, rage, mind, or elemental eye cues.",https://www.nwnlexicon.com/Vfx_eyes,https://www.nwnlexicon.com/images/4/4f/Eyes.halforc.female.red.jpg
EYES,VFX_EYES_RED_FLAME_TROGLODYTE,Vfx_Eyes_Red_Flame_Troglodyte,372,Eye glow; red flame troglodyte; location head; colors red,Head,Red,"Eye glow graphic; use for gaze, perception, rage, mind, or elemental eye cues.",https://www.nwnlexicon.com/Vfx_eyes,https://www.nwnlexicon.com/images/e/e8/Eyes.troglodyte.red.jpg
EYES,VFX_EYES_YEL_HUMAN_MALE,Vfx_Eyes_Yel_Human_Male,373,Eye glow; yel human male; location head; colors yellow,Head,Yellow,"Eye glow graphic; use for gaze, perception, rage, mind, or elemental eye cues.",https://www.nwnlexicon.com/Vfx_eyes,https://www.nwnlexicon.com/images/e/ec/Eyes_human_male_yellow.jpg
EYES,VFX_EYES_YEL_HUMAN_FEMALE,Vfx_Eyes_Yel_Human_Female,374,Eye glow; yel human female; location head; colors yellow,Head,Yellow,"Eye glow graphic; use for gaze, perception, rage, mind, or elemental eye cues.",https://www.nwnlexicon.com/Vfx_eyes,https://www.nwnlexicon.com/images/2/2b/Eyes_human_female_yellow.jpg
EYES,VFX_EYES_YEL_DWARF_MALE,Vfx_Eyes_Yel_Dwarf_Male,375,Eye glow; yel dwarf male; location head; colors yellow,Head,Yellow,"Eye glow graphic; use for gaze, perception, rage, mind, or elemental eye cues.",https://www.nwnlexicon.com/Vfx_eyes,https://www.nwnlexicon.com/images/7/7c/Eyes_dwarf_male_yellow.jpg
EYES,VFX_EYES_YEL_DWARF_FEMALE,Vfx_Eyes_Yel_Dwarf_Female,376,Eye glow; yel dwarf female; location head; colors yellow,Head,Yellow,"Eye glow graphic; use for gaze, perception, rage, mind, or elemental eye cues.",https://www.nwnlexicon.com/Vfx_eyes,https://www.nwnlexicon.com/images/3/33/Eyes_dwarf_female_yellow.jpg
EYES,VFX_EYES_YEL_ELF_MALE,Vfx_Eyes_Yel_Elf_Male,377,Eye glow; yel elf male; location head; colors yellow,Head,Yellow,"Eye glow graphic; use for gaze, perception, rage, mind, or elemental eye cues.",https://www.nwnlexicon.com/Vfx_eyes,https://www.nwnlexicon.com/images/f/f3/Eyes_elf_male_yellow.jpg
EYES,VFX_EYES_YEL_ELF_FEMALE,Vfx_Eyes_Yel_Elf_Female,378,Eye glow; yel elf female; location head; colors yellow,Head,Yellow,"Eye glow graphic; use for gaze, perception, rage, mind, or elemental eye cues.",https://www.nwnlexicon.com/Vfx_eyes,https://www.nwnlexicon.com/images/e/e7/Eyes_elf_female_yellow.jpg
EYES,VFX_EYES_YEL_GNOME_MALE,Vfx_Eyes_Yel_Gnome_Male,379,Eye glow; yel gnome male; location head; colors yellow,Head,Yellow,"Eye glow graphic; use for gaze, perception, rage, mind, or elemental eye cues.",https://www.nwnlexicon.com/Vfx_eyes,https://www.nwnlexicon.com/images/f/fe/Eyes_gnome_male_yellow.jpg
EYES,VFX_EYES_YEL_GNOME_FEMALE,Vfx_Eyes_Yel_Gnome_Female,380,Eye glow; yel gnome female; location head; colors yellow,Head,Yellow,"Eye glow graphic; use for gaze, perception, rage, mind, or elemental eye cues.",https://www.nwnlexicon.com/Vfx_eyes,https://www.nwnlexicon.com/images/f/f0/Eyes_gnome_female_yellow.jpg
EYES,VFX_EYES_YEL_HALFLING_MALE,Vfx_Eyes_Yel_Halfling_Male,381,Eye glow; yel halfling male; location head; colors yellow,Head,Yellow,"Eye glow graphic; use for gaze, perception, rage, mind, or elemental eye cues.",https://www.nwnlexicon.com/Vfx_eyes,https://www.nwnlexicon.com/images/b/be/Eyes_halfling_male_yellow.jpg
EYES,VFX_EYES_YEL_HALFLING_FEMALE,Vfx_Eyes_Yel_Halfling_Female,382,Eye glow; yel halfling female; location head; colors yellow,Head,Yellow,"Eye glow graphic; use for gaze, perception, rage, mind, or elemental eye cues.",https://www.nwnlexicon.com/Vfx_eyes,https://www.nwnlexicon.com/images/6/62/Eyes_halfling_female_yellow.jpg
EYES,VFX_EYES_YEL_HALFORC_MALE,Vfx_Eyes_Yel_Halforc_Male,383,Eye glow; yel halforc male; location head; colors yellow,Head,Yellow,"Eye glow graphic; use for gaze, perception, rage, mind, or elemental eye cues.",https://www.nwnlexicon.com/Vfx_eyes,https://www.nwnlexicon.com/images/6/62/Eyes_halforc_male_yellow.jpg
EYES,VFX_EYES_YEL_HALFORC_FEMALE,Vfx_Eyes_Yel_Halforc_Female,384,Eye glow; yel halforc female; location head; colors yellow,Head,Yellow,"Eye glow graphic; use for gaze, perception, rage, mind, or elemental eye cues.",https://www.nwnlexicon.com/Vfx_eyes,https://www.nwnlexicon.com/images/5/53/Eyes.halforc.female.yellow.jpg
EYES,VFX_EYES_YEL_TROGLODYTE,Vfx_Eyes_Yel_Troglodyte,385,Eye glow; yel troglodyte; location head; colors yellow,Head,Yellow,"Eye glow graphic; use for gaze, perception, rage, mind, or elemental eye cues.",https://www.nwnlexicon.com/Vfx_eyes,https://www.nwnlexicon.com/images/d/d3/Eyes_troglodyte_yellow.jpg
EYES,VFX_EYES_ORG_HUMAN_MALE,Vfx_Eyes_Org_Human_Male,386,Eye glow; org human male; location head; colors orange,Head,Orange,"Eye glow graphic; use for gaze, perception, rage, mind, or elemental eye cues.",https://www.nwnlexicon.com/Vfx_eyes,https://www.nwnlexicon.com/images/e/e0/Eyes_human_male_orange.jpg
EYES,VFX_EYES_ORG_HUMAN_FEMALE,Vfx_Eyes_Org_Human_Female,387,Eye glow; org human female; location head; colors orange,Head,Orange,"Eye glow graphic; use for gaze, perception, rage, mind, or elemental eye cues.",https://www.nwnlexicon.com/Vfx_eyes,https://www.nwnlexicon.com/images/f/f0/Eyes_human_female_orange.jpg
EYES,VFX_EYES_ORG_DWARF_MALE,Vfx_Eyes_Org_Dwarf_Male,388,Eye glow; org dwarf male; location head; colors orange,Head,Orange,"Eye glow graphic; use for gaze, perception, rage, mind, or elemental eye cues.",https://www.nwnlexicon.com/Vfx_eyes,https://www.nwnlexicon.com/images/6/69/Eyes_dwarf_male_orange.jpg
EYES,VFX_EYES_ORG_DWARF_FEMALE,Vfx_Eyes_Org_Dwarf_Female,389,Eye glow; org dwarf female; location head; colors orange,Head,Orange,"Eye glow graphic; use for gaze, perception, rage, mind, or elemental eye cues.",https://www.nwnlexicon.com/Vfx_eyes,https://www.nwnlexicon.com/images/5/55/Eyes_dwarf_female_orange.jpg
EYES,VFX_EYES_ORG_ELF_MALE,Vfx_Eyes_Org_Elf_Male,390,Eye glow; org elf male; location head; colors orange,Head,Orange,"Eye glow graphic; use for gaze, perception, rage, mind, or elemental eye cues.",https://www.nwnlexicon.com/Vfx_eyes,https://www.nwnlexicon.com/images/f/fc/Eyes_elf_male_orange.jpg
EYES,VFX_EYES_ORG_ELF_FEMALE,Vfx_Eyes_Org_Elf_Female,391,Eye glow; org elf female; location head; colors orange,Head,Orange,"Eye glow graphic; use for gaze, perception, rage, mind, or elemental eye cues.",https://www.nwnlexicon.com/Vfx_eyes,https://www.nwnlexicon.com/images/e/e9/Eyes_elf_female_orange.jpg
EYES,VFX_EYES_ORG_GNOME_MALE,Vfx_Eyes_Org_Gnome_Male,392,Eye glow; org gnome male; location head; colors orange,Head,Orange,"Eye glow graphic; use for gaze, perception, rage, mind, or elemental eye cues.",https://www.nwnlexicon.com/Vfx_eyes,https://www.nwnlexicon.com/images/d/dd/Eyes_gnome_male_orange.jpg
EYES,VFX_EYES_ORG_GNOME_FEMALE,Vfx_Eyes_Org_Gnome_Female,393,Eye glow; org gnome female; location head; colors orange,Head,Orange,"Eye glow graphic; use for gaze, perception, rage, mind, or elemental eye cues.",https://www.nwnlexicon.com/Vfx_eyes,https://www.nwnlexicon.com/images/3/30/Eyes_gnome_female_orange.jpg
EYES,VFX_EYES_ORG_HALFLING_MALE,Vfx_Eyes_Org_Halfling_Male,394,Eye glow; org halfling male; location head; colors orange,Head,Orange,"Eye glow graphic; use for gaze, perception, rage, mind, or elemental eye cues.",https://www.nwnlexicon.com/Vfx_eyes,https://www.nwnlexicon.com/images/5/57/Eyes_halfling_male_orange.jpg
EYES,VFX_EYES_ORG_HALFLING_FEMALE,Vfx_Eyes_Org_Halfling_Female,395,Eye glow; org halfling female; location head; colors orange,Head,Orange,"Eye glow graphic; use for gaze, perception, rage, mind, or elemental eye cues.",https://www.nwnlexicon.com/Vfx_eyes,https://www.nwnlexicon.com/images/3/3f/Eyes_halfling_female_orange.jpg
EYES,VFX_EYES_ORG_HALFORC_MALE,Vfx_Eyes_Org_Halforc_Male,396,Eye glow; org halforc male; location head; colors orange,Head,Orange,"Eye glow graphic; use for gaze, perception, rage, mind, or elemental eye cues.",https://www.nwnlexicon.com/Vfx_eyes,https://www.nwnlexicon.com/images/5/5a/Eyes_halforc_male_orange.jpg
EYES,VFX_EYES_ORG_HALFORC_FEMALE,Vfx_Eyes_Org_Halforc_Female,397,Eye glow; org halforc female; location head; colors orange,Head,Orange,"Eye glow graphic; use for gaze, perception, rage, mind, or elemental eye cues.",https://www.nwnlexicon.com/Vfx_eyes,https://www.nwnlexicon.com/images/9/9d/Eyes_halforc_female_orange.jpg
EYES,VFX_EYES_ORG_TROGLODYTE,Vfx_Eyes_Org_Troglodyte,398,Eye glow; org troglodyte; location head; colors orange,Head,Orange,"Eye glow graphic; use for gaze, perception, rage, mind, or elemental eye cues.",https://www.nwnlexicon.com/Vfx_eyes,https://www.nwnlexicon.com/images/5/56/Eyes_troglodyte_orange.jpg
EYES,VFX_EYES_GREEN_HALFELF_MALE,Vfx_Eyes_Green_Human_Male;Vfx_Eyes_Green_Halfelf_Male,567,Eye glow; green halfelf male; location head; colors green,Head,Green,"Eye glow graphic; use for gaze, perception, rage, mind, or elemental eye cues.",https://www.nwnlexicon.com/Vfx_eyes,https://www.nwnlexicon.com/images/9/97/Eyes.human.male.green.jpg
EYES,VFX_EYES_GREEN_HUMAN_MALE,Vfx_Eyes_Green_Human_Male;Vfx_Eyes_Green_Halfelf_Male,567,Eye glow; green human male; location head; colors green,Head,Green,"Eye glow graphic; use for gaze, perception, rage, mind, or elemental eye cues.",https://www.nwnlexicon.com/Vfx_eyes,https://www.nwnlexicon.com/images/9/97/Eyes.human.male.green.jpg
EYES,VFX_EYES_GREEN_HALFELF_FEMALE,Vfx_Eyes_Green_Human_Female;Vfx_Eyes_Green_Halfelf_Female,568,Eye glow; green halfelf female; location head; colors green,Head,Green,"Eye glow graphic; use for gaze, perception, rage, mind, or elemental eye cues.",https://www.nwnlexicon.com/Vfx_eyes,https://www.nwnlexicon.com/images/4/49/Eyes.human.female.green.jpg
EYES,VFX_EYES_GREEN_HUMAN_FEMALE,Vfx_Eyes_Green_Human_Female;Vfx_Eyes_Green_Halfelf_Female,568,Eye glow; green human female; location head; colors green,Head,Green,"Eye glow graphic; use for gaze, perception, rage, mind, or elemental eye cues.",https://www.nwnlexicon.com/Vfx_eyes,https://www.nwnlexicon.com/images/4/49/Eyes.human.female.green.jpg
EYES,VFX_EYES_GREEN_DWARF_MALE,Vfx_Eyes_Green_Dwarf_Male,569,Eye glow; green dwarf male; location head; colors green,Head,Green,"Eye glow graphic; use for gaze, perception, rage, mind, or elemental eye cues.",https://www.nwnlexicon.com/Vfx_eyes,https://www.nwnlexicon.com/images/f/f3/Eyes.dwarf.male.green.jpg
EYES,VFX_EYES_GREEN_DWARF_FEMALE,Vfx_Eyes_Green_Dwarf_Female,570,Eye glow; green dwarf female; location head; colors green,Head,Green,"Eye glow graphic; use for gaze, perception, rage, mind, or elemental eye cues.",https://www.nwnlexicon.com/Vfx_eyes,https://www.nwnlexicon.com/images/e/e1/Eyes.dwarf.female.green.jpg
EYES,VFX_EYES_GREEN_ELF_MALE,Vfx_Eyes_Green_Elf_Male,571,Eye glow; green elf male; location head; colors green,Head,Green,"Eye glow graphic; use for gaze, perception, rage, mind, or elemental eye cues.",https://www.nwnlexicon.com/Vfx_eyes,https://www.nwnlexicon.com/images/5/53/Eyes.elf.male.green.jpg
EYES,VFX_EYES_GREEN_ELF_FEMALE,Vfx_Eyes_Green_Elf_Female,572,Eye glow; green elf female; location head; colors green,Head,Green,"Eye glow graphic; use for gaze, perception, rage, mind, or elemental eye cues.",https://www.nwnlexicon.com/Vfx_eyes,https://www.nwnlexicon.com/images/6/6e/Eyes.elf.female.green.jpg
EYES,VFX_EYES_GREEN_GNOME_MALE,Vfx_Eyes_Green_Gnome_Male,573,Eye glow; green gnome male; location head; colors green,Head,Green,"Eye glow graphic; use for gaze, perception, rage, mind, or elemental eye cues.",https://www.nwnlexicon.com/Vfx_eyes,https://www.nwnlexicon.com/images/5/53/Eyes.gnome.male.green.jpg
EYES,VFX_EYES_GREEN_GNOME_FEMALE,Vfx_Eyes_Green_Gnome_Female,574,Eye glow; green gnome female; location head; colors green,Head,Green,"Eye glow graphic; use for gaze, perception, rage, mind, or elemental eye cues.",https://www.nwnlexicon.com/Vfx_eyes,https://www.nwnlexicon.com/images/1/1a/Eyes.gnome.female.green.jpg
EYES,VFX_EYES_GREEN_HALFLING_MALE,Vfx_Eyes_Green_Halfling_Male,575,Eye glow; green halfling male; location head; colors green,Head,Green,"Eye glow graphic; use for gaze, perception, rage, mind, or elemental eye cues.",https://www.nwnlexicon.com/Vfx_eyes,https://www.nwnlexicon.com/images/8/8b/Eyes.halfling.male.green.jpg
EYES,VFX_EYES_GREEN_HALFLING_FEMALE,Vfx_Eyes_Green_Halfling_Female,576,Eye glow; green halfling female; location head; colors green,Head,Green,"Eye glow graphic; use for gaze, perception, rage, mind, or elemental eye cues.",https://www.nwnlexicon.com/Vfx_eyes,https://www.nwnlexicon.com/images/a/a7/Eyes.halfling.female.green.jpg
EYES,VFX_EYES_GREEN_HALFORC_MALE,Vfx_Eyes_Green_Halforc_Male,577,Eye glow; green halforc male; location head; colors green,Head,Green,"Eye glow graphic; use for gaze, perception, rage, mind, or elemental eye cues.",https://www.nwnlexicon.com/Vfx_eyes,https://www.nwnlexicon.com/images/e/e0/Eyes.halforc.male.green.jpg
EYES,VFX_EYES_GREEN_HALFORC_FEMALE,Vfx_Eyes_Green_Halforc_Female,578,Eye glow; green halforc female; location head; colors green,Head,Green,"Eye glow graphic; use for gaze, perception, rage, mind, or elemental eye cues.",https://www.nwnlexicon.com/Vfx_eyes,https://www.nwnlexicon.com/images/b/b1/Eyes.halforc.female.green.jpg
EYES,VFX_EYES_GREEN_TROGLODYTE,LightsaberHum,579,Eye glow; green troglodyte; location head; colors green,Head,Green,"Eye glow graphic; use for gaze, perception, rage, mind, or elemental eye cues.",https://www.nwnlexicon.com/Vfx_eyes,https://www.nwnlexicon.com/images/6/68/Eyes.troglodyte.green.jpg
EYES,VFX_EYES_PUR_HUMAN_MALE,Vfx_Eyes_Pur_Human_Male,580,Eye glow; pur human male; location head; colors purple,Head,Purple,"Eye glow graphic; use for gaze, perception, rage, mind, or elemental eye cues.",https://www.nwnlexicon.com/Vfx_eyes,https://www.nwnlexicon.com/images/5/54/Eyes_human_male_purple.jpg
EYES,VFX_EYES_PUR_HUMAN_FEMALE,Vfx_Eyes_Pur_Human_Female,581,Eye glow; pur human female; location head; colors purple,Head,Purple,"Eye glow graphic; use for gaze, perception, rage, mind, or elemental eye cues.",https://www.nwnlexicon.com/Vfx_eyes,https://www.nwnlexicon.com/images/6/64/Eyes_human_female_purple.jpg
EYES,VFX_EYES_PUR_DWARF_MALE,Vfx_Eyes_Pur_Dwarf_Male,582,Eye glow; pur dwarf male; location head; colors purple,Head,Purple,"Eye glow graphic; use for gaze, perception, rage, mind, or elemental eye cues.",https://www.nwnlexicon.com/Vfx_eyes,https://www.nwnlexicon.com/images/6/61/Eyes_dwarf_male_purple.jpg
EYES,VFX_EYES_PUR_DWARF_FEMALE,Vfx_Eyes_Pur_Dwarf_Female,583,Eye glow; pur dwarf female; location head; colors purple,Head,Purple,"Eye glow graphic; use for gaze, perception, rage, mind, or elemental eye cues.",https://www.nwnlexicon.com/Vfx_eyes,https://www.nwnlexicon.com/images/8/8d/Eyes_dwarf_female_purple.jpg
EYES,VFX_EYES_PUR_ELF_MALE,Vfx_Eyes_Pur_Elf_Male,584,Eye glow; pur elf male; location head; colors purple,Head,Purple,"Eye glow graphic; use for gaze, perception, rage, mind, or elemental eye cues.",https://www.nwnlexicon.com/Vfx_eyes,https://www.nwnlexicon.com/images/b/ba/Eyes_elf_male_purple.jpg
EYES,VFX_EYES_PUR_ELF_FEMALE,Vfx_Eyes_Pur_Elf_Female,585,Eye glow; pur elf female; location head; colors purple,Head,Purple,"Eye glow graphic; use for gaze, perception, rage, mind, or elemental eye cues.",https://www.nwnlexicon.com/Vfx_eyes,https://www.nwnlexicon.com/images/b/be/Eyes_elf_female_purple.jpg
EYES,VFX_EYES_PUR_GNOME_MALE,Vfx_Eyes_Pur_Gnome_Male,586,Eye glow; pur gnome male; location head; colors purple,Head,Purple,"Eye glow graphic; use for gaze, perception, rage, mind, or elemental eye cues.",https://www.nwnlexicon.com/Vfx_eyes,https://www.nwnlexicon.com/images/2/2e/Eyes_gnome_male_purple.jpg
EYES,VFX_EYES_PUR_GNOME_FEMALE,Vfx_Eyes_Pur_Gnome_Female,587,Eye glow; pur gnome female; location head; colors purple,Head,Purple,"Eye glow graphic; use for gaze, perception, rage, mind, or elemental eye cues.",https://www.nwnlexicon.com/Vfx_eyes,https://www.nwnlexicon.com/images/a/ac/Eyes_gnome_female_purple.jpg
EYES,VFX_EYES_PUR_HALFLING_MALE,Vfx_Eyes_Pur_Halfling_Male,588,Eye glow; pur halfling male; location head; colors purple,Head,Purple,"Eye glow graphic; use for gaze, perception, rage, mind, or elemental eye cues.",https://www.nwnlexicon.com/Vfx_eyes,https://www.nwnlexicon.com/images/c/ca/Eyes_halfling_male_purple.jpg
EYES,VFX_EYES_PUR_HALFLING_FEMALE,Vfx_Eyes_Pur_Halfling_Female,589,Eye glow; pur halfling female; location head; colors purple,Head,Purple,"Eye glow graphic; use for gaze, perception, rage, mind, or elemental eye cues.",https://www.nwnlexicon.com/Vfx_eyes,https://www.nwnlexicon.com/images/f/f2/Eyes_halfling_female_purple.jpg
EYES,VFX_EYES_PUR_HALFORC_MALE,Vfx_Eyes_Pur_Halforc_Male,590,Eye glow; pur halforc male; location head; colors purple,Head,Purple,"Eye glow graphic; use for gaze, perception, rage, mind, or elemental eye cues.",https://www.nwnlexicon.com/Vfx_eyes,https://www.nwnlexicon.com/images/b/be/Eyes_halforc_male_purple.jpg
EYES,VFX_EYES_PUR_HALFORC_FEMALE,Vfx_Eyes_Pur_Halforc_Female,591,Eye glow; pur halforc female; location head; colors purple,Head,Purple,"Eye glow graphic; use for gaze, perception, rage, mind, or elemental eye cues.",https://www.nwnlexicon.com/Vfx_eyes,https://www.nwnlexicon.com/images/9/91/Eyes.halforc.female.purple.jpg
EYES,VFX_EYES_PUR_TROGLODYTE,Vfx_Eyes_Pur_Troglodyte,592,Eye glow; pur troglodyte; location head; colors purple,Head,Purple,"Eye glow graphic; use for gaze, perception, rage, mind, or elemental eye cues.",https://www.nwnlexicon.com/Vfx_eyes,https://www.nwnlexicon.com/images/0/0a/Eyes_troglodyte_purple.jpg
EYES,VFX_EYES_CYN_HUMAN_MALE,Vfx_Eyes_Cyn_Human_Male,593,Eye glow; cyn human male; location head; colors cyan,Head,Cyan,"Eye glow graphic; use for gaze, perception, rage, mind, or elemental eye cues.",https://www.nwnlexicon.com/Vfx_eyes,https://www.nwnlexicon.com/images/4/46/Eyes_human_male_cyan.jpg
EYES,VFX_EYES_CYN_HUMAN_FEMALE,Vfx_Eyes_Cyn_Human_Female,594,Eye glow; cyn human female; location head; colors cyan,Head,Cyan,"Eye glow graphic; use for gaze, perception, rage, mind, or elemental eye cues.",https://www.nwnlexicon.com/Vfx_eyes,https://www.nwnlexicon.com/images/0/0b/Eyes_human_female_cyan.jpg
EYES,VFX_EYES_CYN_DWARF_MALE,Vfx_Eyes_Cyn_Dwarf_Male,595,Eye glow; cyn dwarf male; location head; colors cyan,Head,Cyan,"Eye glow graphic; use for gaze, perception, rage, mind, or elemental eye cues.",https://www.nwnlexicon.com/Vfx_eyes,https://www.nwnlexicon.com/images/9/9c/Eyes_dwarf_male_cyan.jpg
EYES,VFX_EYES_CYN_DWARF_FEMALE,Vfx_Eyes_Cyn_Dwarf_Female,596,Eye glow; cyn dwarf female; location head; colors cyan,Head,Cyan,"Eye glow graphic; use for gaze, perception, rage, mind, or elemental eye cues.",https://www.nwnlexicon.com/Vfx_eyes,https://www.nwnlexicon.com/images/3/3a/Eyes_dwarf_female_cyan.jpg
EYES,VFX_EYES_CYN_ELF_MALE,Vfx_Eyes_Cyn_Elf_Male,597,Eye glow; cyn elf male; location head; colors cyan,Head,Cyan,"Eye glow graphic; use for gaze, perception, rage, mind, or elemental eye cues.",https://www.nwnlexicon.com/Vfx_eyes,https://www.nwnlexicon.com/images/f/fd/Eyes_elf_male_cyan.jpg
EYES,VFX_EYES_CYN_ELF_FEMALE,Vfx_Eyes_Cyn_Elf_Female,598,Eye glow; cyn elf female; location head; colors cyan,Head,Cyan,"Eye glow graphic; use for gaze, perception, rage, mind, or elemental eye cues.",https://www.nwnlexicon.com/Vfx_eyes,https://www.nwnlexicon.com/images/8/8e/Eyes_elf_female_cyan.jpg
EYES,VFX_EYES_CYN_GNOME_MALE,Vfx_Eyes_Cyn_Gnome_Male,599,Eye glow; cyn gnome male; location head; colors cyan,Head,Cyan,"Eye glow graphic; use for gaze, perception, rage, mind, or elemental eye cues.",https://www.nwnlexicon.com/Vfx_eyes,https://www.nwnlexicon.com/images/1/1a/Eyes_gnome_male_cyan.jpg
EYES,VFX_EYES_CYN_GNOME_FEMALE,Vfx_Eyes_Cyn_Gnome_Female,600,Eye glow; cyn gnome female; location head; colors cyan,Head,Cyan,"Eye glow graphic; use for gaze, perception, rage, mind, or elemental eye cues.",https://www.nwnlexicon.com/Vfx_eyes,https://www.nwnlexicon.com/images/0/0f/Eyes_gnome_female_cyan.jpg
EYES,VFX_EYES_CYN_HALFLING_MALE,Vfx_Eyes_Cyn_Halfling_Male,601,Eye glow; cyn halfling male; location head; colors cyan,Head,Cyan,"Eye glow graphic; use for gaze, perception, rage, mind, or elemental eye cues.",https://www.nwnlexicon.com/Vfx_eyes,https://www.nwnlexicon.com/images/1/13/Eyes_halfling_male_cyan.jpg
EYES,VFX_EYES_CYN_HALFLING_FEMALE,Vfx_Eyes_Cyn_Halfling_Female,602,Eye glow; cyn halfling female; location head; colors cyan,Head,Cyan,"Eye glow graphic; use for gaze, perception, rage, mind, or elemental eye cues.",https://www.nwnlexicon.com/Vfx_eyes,https://www.nwnlexicon.com/images/c/c9/Eyes_halfling_female_cyan.jpg
EYES,VFX_EYES_CYN_HALFORC_MALE,Vfx_Eyes_Cyn_Halforc_Male,603,Eye glow; cyn halforc male; location head; colors cyan,Head,Cyan,"Eye glow graphic; use for gaze, perception, rage, mind, or elemental eye cues.",https://www.nwnlexicon.com/Vfx_eyes,https://www.nwnlexicon.com/images/e/eb/Eyes_halforc_male_cyan.jpg
EYES,VFX_EYES_CYN_HALFORC_FEMALE,Vfx_Eyes_Cyn_Halforc_Female,604,Eye glow; cyn halforc female; location head; colors cyan,Head,Cyan,"Eye glow graphic; use for gaze, perception, rage, mind, or elemental eye cues.",https://www.nwnlexicon.com/Vfx_eyes,https://www.nwnlexicon.com/images/a/a8/Eyes_halforc.female.cyan.jpg
EYES,VFX_EYES_CYN_TROGLODYTE,Vfx_Eyes_Cyn_Troglodyte,605,Eye glow; cyn troglodyte; location head; colors cyan,Head,Cyan,"Eye glow graphic; use for gaze, perception, rage, mind, or elemental eye cues.",https://www.nwnlexicon.com/Vfx_eyes,https://www.nwnlexicon.com/images/e/e6/Eyes_troglodyte_cyan.jpg
EYES,VFX_EYES_WHT_HUMAN_MALE,Vfx_Eyes_Wht_Human_Male,606,Eye glow; wht human male; location head; colors white,Head,White,"Eye glow graphic; use for gaze, perception, rage, mind, or elemental eye cues.",https://www.nwnlexicon.com/Vfx_eyes,https://www.nwnlexicon.com/images/e/e4/Eyes_human_male_white.jpg
EYES,VFX_EYES_WHT_HUMAN_FEMALE,Vfx_Eyes_Wht_Human_Female,607,Eye glow; wht human female; location head; colors white,Head,White,"Eye glow graphic; use for gaze, perception, rage, mind, or elemental eye cues.",https://www.nwnlexicon.com/Vfx_eyes,https://www.nwnlexicon.com/images/1/16/Eyes_human_female_white.jpg
EYES,VFX_EYES_WHT_DWARF_MALE,Vfx_Eyes_Wht_Dwarf_Male,608,Eye glow; wht dwarf male; location head; colors white,Head,White,"Eye glow graphic; use for gaze, perception, rage, mind, or elemental eye cues.",https://www.nwnlexicon.com/Vfx_eyes,https://www.nwnlexicon.com/images/5/5e/Eyes_dwarf_male_white.jpg
EYES,VFX_EYES_WHT_DWARF_FEMALE,Vfx_Eyes_Wht_Dwarf_Female,609,Eye glow; wht dwarf female; location head; colors white,Head,White,"Eye glow graphic; use for gaze, perception, rage, mind, or elemental eye cues.",https://www.nwnlexicon.com/Vfx_eyes,https://www.nwnlexicon.com/images/f/f9/Eyes_dwarf_female_white.jpg
EYES,VFX_EYES_WHT_ELF_MALE,Vfx_Eyes_Wht_Elf_Male,610,Eye glow; wht elf male; location head; colors white,Head,White,"Eye glow graphic; use for gaze, perception, rage, mind, or elemental eye cues.",https://www.nwnlexicon.com/Vfx_eyes,https://www.nwnlexicon.com/images/2/26/Eyes_elf_male_white.jpg
EYES,VFX_EYES_WHT_ELF_FEMALE,Vfx_Eyes_Wht_Elf_Female,611,Eye glow; wht elf female; location head; colors white,Head,White,"Eye glow graphic; use for gaze, perception, rage, mind, or elemental eye cues.",https://www.nwnlexicon.com/Vfx_eyes,https://www.nwnlexicon.com/images/9/99/Eyes_elf_female_white.jpg
EYES,VFX_EYES_WHT_GNOME_MALE,Vfx_Eyes_Wht_Gnome_Male,612,Eye glow; wht gnome male; location head; colors white,Head,White,"Eye glow graphic; use for gaze, perception, rage, mind, or elemental eye cues.",https://www.nwnlexicon.com/Vfx_eyes,https://www.nwnlexicon.com/images/c/c9/Eyes_gnome_male_white.jpg
EYES,VFX_EYES_WHT_GNOME_FEMALE,Vfx_Eyes_Wht_Gnome_Female,613,Eye glow; wht gnome female; location head; colors white,Head,White,"Eye glow graphic; use for gaze, perception, rage, mind, or elemental eye cues.",https://www.nwnlexicon.com/Vfx_eyes,https://www.nwnlexicon.com/images/b/b3/Eyes_gnome_female_white.jpg
EYES,VFX_EYES_WHT_HALFLING_MALE,Vfx_Eyes_Wht_Halfling_Male,614,Eye glow; wht halfling male; location head; colors white,Head,White,"Eye glow graphic; use for gaze, perception, rage, mind, or elemental eye cues.",https://www.nwnlexicon.com/Vfx_eyes,https://www.nwnlexicon.com/images/3/36/Eyes_halfling_male_white.jpg
EYES,VFX_EYES_WHT_HALFLING_FEMALE,Vfx_Eyes_Wht_Halfling_Female,615,Eye glow; wht halfling female; location head; colors white,Head,White,"Eye glow graphic; use for gaze, perception, rage, mind, or elemental eye cues.",https://www.nwnlexicon.com/Vfx_eyes,https://www.nwnlexicon.com/images/3/30/Eyes_halfling_female_white.jpg
EYES,VFX_EYES_WHT_HALFORC_MALE,Vfx_Eyes_Wht_Halforc_Male,616,Eye glow; wht halforc male; location head; colors white,Head,White,"Eye glow graphic; use for gaze, perception, rage, mind, or elemental eye cues.",https://www.nwnlexicon.com/Vfx_eyes,https://www.nwnlexicon.com/images/6/6f/Eyes_halforc_male_white.jpg
EYES,VFX_EYES_WHT_HALFORC_FEMALE,Vfx_Eyes_Wht_Halforc_Female,617,Eye glow; wht halforc female; location head; colors white,Head,White,"Eye glow graphic; use for gaze, perception, rage, mind, or elemental eye cues.",https://www.nwnlexicon.com/Vfx_eyes,https://www.nwnlexicon.com/images/b/b1/Eyes.halforc.female.white.jpg
EYES,VFX_EYES_WHT_TROGLODYTE,Vfx_Eyes_Wht_Troglodyte,618,Eye glow; wht troglodyte; location head; colors white,Head,White,"Eye glow graphic; use for gaze, perception, rage, mind, or elemental eye cues.",https://www.nwnlexicon.com/Vfx_eyes,https://www.nwnlexicon.com/images/8/81/Eyes_troglodyte_white.jpg
FNF,VFX_FNF_BLINDDEAF,Fnf_Blinddeaf,18,Area burst; blinddeaf; location area; colors white,Area,White,"Fire-and-forget location graphic; use for area bursts, explosions, pulses, and screen effects.",https://www.nwnlexicon.com/Vfx_fnf,https://www.nwnlexicon.com/images/f/f5/Fnf.blinddeaf.jpg
FNF,VFX_FNF_DISPEL,Fnf_Dispel,19,Area burst; dispel; location area; colors white,Area,White,"Fire-and-forget location graphic; use for area bursts, explosions, pulses, and screen effects.",https://www.nwnlexicon.com/Vfx_fnf,https://www.nwnlexicon.com/images/d/db/Fnf.dispel.jpg
FNF,VFX_FNF_DISPEL_DISJUNCTION,Fnf_Dispel_Disjunction,20,"Area burst; dispel disjunction; location area; colors white, blue",Area,"White, blue","Fire-and-forget location graphic; use for area bursts, explosions, pulses, and screen effects.",https://www.nwnlexicon.com/Vfx_fnf,https://www.nwnlexicon.com/images/4/43/Fnf.dispeldisjunct.jpg
FNF,VFX_FNF_DISPEL_GREATER,Fnf_Dispel_Greater,21,Area burst; dispel greater; location area; colors white,Area,White,"Fire-and-forget location graphic; use for area bursts, explosions, pulses, and screen effects.",https://www.nwnlexicon.com/Vfx_fnf,https://www.nwnlexicon.com/images/2/2d/Fnf.dispgreat.jpg
FNF,VFX_FNF_FIREBALL,Fnf_Fireball,22,"Area burst; fireball; location area; colors fire, yellow",Area,"Fire, yellow","Fire-and-forget location graphic; use for area bursts, explosions, pulses, and screen effects.",https://www.nwnlexicon.com/Vfx_fnf,https://www.nwnlexicon.com/images/9/9b/Fnf.fireball.jpg
FNF,VFX_FNF_FIRESTORM,Fnf_Firestorm,23,"Area burst; firestorm; location area; colors fire, yellow",Area,"Fire, yellow","Fire-and-forget location graphic; use for area bursts, explosions, pulses, and screen effects.",https://www.nwnlexicon.com/Vfx_fnf,https://www.nwnlexicon.com/images/1/1f/Fnf.firestorm.jpg
FNF,VFX_FNF_IMPLOSION,Fnf_Implosion,24,"Area burst; implosion; location area; colors fire, yellow, black",Area,"Fire, yellow, black","Fire-and-forget location graphic; use for area bursts, explosions, pulses, and screen effects.",https://www.nwnlexicon.com/Vfx_fnf,https://www.nwnlexicon.com/images/a/a0/Fnf.implosion.jpg
FNF,VFX_FNF_MASS_HEAL,Vfx_Fnf_Mass_Heal,26,Area burst; mass heal,,,"Fire-and-forget location graphic; use for area bursts, explosions, pulses, and screen effects.",https://www.nwnlexicon.com/Vfx_fnf,
FNF,VFX_FNF_MASS_MIND_AFFECTING,Vfx_Fnf_Mass_Mind_Affecting,27,Area burst; mass mind affecting,,,"Fire-and-forget location graphic; use for area bursts, explosions, pulses, and screen effects.",https://www.nwnlexicon.com/Vfx_fnf,
FNF,VFX_FNF_METEOR_SWARM,Vfx_Fnf_Meteor_Swarm,28,"Area burst; meteor swarm; location area; colors fire, black",Area,"Fire, black","Fire-and-forget location graphic; use for area bursts, explosions, pulses, and screen effects.",https://www.nwnlexicon.com/Vfx_fnf,https://www.nwnlexicon.com/images/7/71/Fnf.meteorswarm.jpg
FNF,VFX_FNF_NATURES_BALANCE,Vfx_Fnf_Natures_Balance,29,Area burst; natures balance; location area; colors green,Area,Green,"Fire-and-forget location graphic; use for area bursts, explosions, pulses, and screen effects.",https://www.nwnlexicon.com/Vfx_fnf,https://www.nwnlexicon.com/images/b/be/Fnf.naturebal.jpg
FNF,VFX_FNF_PWKILL,Vfx_Fnf_Pwkill,30,Area burst; power word kill; location area; colors red,Area,Red,"Fire-and-forget location graphic; use for area bursts, explosions, pulses, and screen effects.",https://www.nwnlexicon.com/Vfx_fnf,https://www.nwnlexicon.com/images/0/04/Fnf.pwkill.jpg
FNF,VFX_FNF_PWSTUN,Vfx_Fnf_Pwstun,31,"Area burst; power word stun; location about body; colors white, purple",About Body,"White, purple","Fire-and-forget location graphic; use for area bursts, explosions, pulses, and screen effects.",https://www.nwnlexicon.com/Vfx_fnf,https://www.nwnlexicon.com/images/1/1a/Fnf.pwstun.jpg
FNF,VFX_FNF_SUMMON_GATE,Vfx_Fnf_Summon_Gate,32,"Area burst; summon gate; location area; colors fire, yellow",Area,"Fire, yellow","Fire-and-forget location graphic; use for area bursts, explosions, pulses, and screen effects.",https://www.nwnlexicon.com/Vfx_fnf,https://www.nwnlexicon.com/images/3/3a/Fnf.sumgate.jpg
FNF,VFX_FNF_SUMMON_MONSTER_1,Vfx_Fnf_Summon_Monster_1,33,Area burst; summon monster 1; location about body; colors gray,About Body,Gray,"Fire-and-forget location graphic; use for area bursts, explosions, pulses, and screen effects.",https://www.nwnlexicon.com/Vfx_fnf,https://www.nwnlexicon.com/images/a/a8/Fnf.summon1.jpg
FNF,VFX_FNF_SUMMON_MONSTER_2,Vfx_Fnf_Summon_Monster_2,34,"Area burst; summon monster 2; location about body; colors purple, white",About Body,"Purple, white","Fire-and-forget location graphic; use for area bursts, explosions, pulses, and screen effects.",https://www.nwnlexicon.com/Vfx_fnf,https://www.nwnlexicon.com/images/a/af/Fnf.summon2.jpg
FNF,VFX_FNF_SUMMON_MONSTER_3,Vfx_Fnf_Summon_Monster_3,35,"Area burst; summon monster 3; location about body; colors white, yellow",About Body,"White, yellow","Fire-and-forget location graphic; use for area bursts, explosions, pulses, and screen effects.",https://www.nwnlexicon.com/Vfx_fnf,https://www.nwnlexicon.com/images/e/eb/Fnf.summon3.jpg
FNF,VFX_FNF_SUMMON_UNDEAD,Vfx_Fnf_Summon_Undead,36,Area burst; summon undead; location about body; colors white,About Body,White,"Fire-and-forget location graphic; use for area bursts, explosions, pulses, and screen effects.",https://www.nwnlexicon.com/Vfx_fnf,https://www.nwnlexicon.com/images/3/30/Fnf.sumundead.jpg
FNF,VFX_FNF_SUNBEAM,Vfx_Fnf_Sunbeam,37,Area burst; sunbeam; location area; colors yellow,Area,Yellow,"Fire-and-forget location graphic; use for area bursts, explosions, pulses, and screen effects.",https://www.nwnlexicon.com/Vfx_fnf,https://www.nwnlexicon.com/images/d/d9/Fnf.sunbeam.jpg
FNF,VFX_FNF_TIME_STOP,Vfx_Fnf_Time_Stop,38,"Area burst; time stop; location area; colors blue, white",Area,"Blue, white","Fire-and-forget location graphic; use for area bursts, explosions, pulses, and screen effects.",https://www.nwnlexicon.com/Vfx_fnf,https://www.nwnlexicon.com/images/c/c7/Fnf.timestop.jpg
FNF,VFX_FNF_WAIL_O_BANSHEES,Vfx_Fnf_Wail_O_Banshees,39,Area burst; wail of banshees; location area; colors white,Area,White,"Fire-and-forget location graphic; use for area bursts, explosions, pulses, and screen effects.",https://www.nwnlexicon.com/Vfx_fnf,https://www.nwnlexicon.com/images/3/30/Fnf.banshee.jpg
FNF,VFX_FNF_WEIRD,Vfx_Fnf_Weird,40,Area burst; weird; location area,Area,,"Fire-and-forget location graphic; use for area bursts, explosions, pulses, and screen effects.",https://www.nwnlexicon.com/Vfx_fnf,https://www.nwnlexicon.com/images/7/78/Fnf.weird.jpg
FNF,VFX_FNF_WORD,Vfx_Fnf_Word,41,Area burst; word; location area; colors yellow,Area,Yellow,"Fire-and-forget location graphic; use for area bursts, explosions, pulses, and screen effects.",https://www.nwnlexicon.com/Vfx_fnf,https://www.nwnlexicon.com/images/c/cc/Fnf.word.jpg
FNF,VFX_FNF_STORM,Vfx_Fnf_Storm,151,Area burst; storm,,,"Fire-and-forget location graphic; use for area bursts, explosions, pulses, and screen effects.",https://www.nwnlexicon.com/Vfx_fnf,
FNF,VFX_FNF_SOUND_BURST,Vfx_Fnf_Sound_Burst,183,Area burst; sound burst; location floor; colors white,Floor,White,"Fire-and-forget location graphic; use for area bursts, explosions, pulses, and screen effects.",https://www.nwnlexicon.com/Vfx_fnf,https://www.nwnlexicon.com/images/7/75/Fnf.soundburst.jpg
FNF,VFX_FNF_STRIKE_HOLY,Vfx_Fnf_Strike_Holy,184,"Area burst; strike holy; location area; colors yellow, white",Area,"Yellow, white","Fire-and-forget location graphic; use for area bursts, explosions, pulses, and screen effects.",https://www.nwnlexicon.com/Vfx_fnf,https://www.nwnlexicon.com/images/e/e0/Fnf.strikeholy.jpg
FNF,VFX_FNF_LOS_EVIL_10,Vfx_Fnf_Los_Evil_10,185,Area burst; line of sight evil 10; location area; colors red,Area,Red,"Fire-and-forget location graphic; use for area bursts, explosions, pulses, and screen effects.",https://www.nwnlexicon.com/Vfx_fnf,https://www.nwnlexicon.com/images/1/1f/Fnf.losevil10.jpg
FNF,VFX_FNF_LOS_EVIL_20,Vfx_Fnf_Los_Evil_20,186,Area burst; line of sight evil 20; location area; colors red,Area,Red,"Fire-and-forget location graphic; use for area bursts, explosions, pulses, and screen effects.",https://www.nwnlexicon.com/Vfx_fnf,https://www.nwnlexicon.com/images/e/ea/Fnf.losevil20.jpg
FNF,VFX_FNF_LOS_EVIL_30,Vfx_Fnf_Los_Evil_30,187,Area burst; line of sight evil 30; location area; colors red,Area,Red,"Fire-and-forget location graphic; use for area bursts, explosions, pulses, and screen effects.",https://www.nwnlexicon.com/Vfx_fnf,https://www.nwnlexicon.com/images/3/34/Fnf.losevil30.jpg
FNF,VFX_FNF_LOS_HOLY_10,Vfx_Fnf_Los_Holy_10,188,Area burst; line of sight holy 10; location area; colors yellow,Area,Yellow,"Fire-and-forget location graphic; use for area bursts, explosions, pulses, and screen effects.",https://www.nwnlexicon.com/Vfx_fnf,https://www.nwnlexicon.com/images/5/5c/Fnf.losholy10.jpg
FNF,VFX_FNF_LOS_HOLY_20,Vfx_Fnf_Los_Holy_20,189,Area burst; line of sight holy 20; location area; colors yellow,Area,Yellow,"Fire-and-forget location graphic; use for area bursts, explosions, pulses, and screen effects.",https://www.nwnlexicon.com/Vfx_fnf,https://www.nwnlexicon.com/images/d/d1/Fnf.losholy20.jpg
FNF,VFX_FNF_LOS_HOLY_30,Vfx_Fnf_Los_Holy_30,190,Area burst; line of sight holy 30; location area; colors yellow,Area,Yellow,"Fire-and-forget location graphic; use for area bursts, explosions, pulses, and screen effects.",https://www.nwnlexicon.com/Vfx_fnf,https://www.nwnlexicon.com/images/6/6e/Fnf.losyel30.jpg
FNF,VFX_FNF_LOS_NORMAL_10,Vfx_Fnf_Los_Normal_10,191,Area burst; line of sight normal 10; location area; colors white,Area,White,"Fire-and-forget location graphic; use for area bursts, explosions, pulses, and screen effects.",https://www.nwnlexicon.com/Vfx_fnf,https://www.nwnlexicon.com/images/3/3b/Fnf.losnormal10.jpg
FNF,VFX_FNF_LOS_NORMAL_20,Vfx_Fnf_Los_Normal_20,192,Area burst; line of sight normal 20; location area; colors white,Area,White,"Fire-and-forget location graphic; use for area bursts, explosions, pulses, and screen effects.",https://www.nwnlexicon.com/Vfx_fnf,https://www.nwnlexicon.com/images/7/74/Fnf.losnormal20.jpg
FNF,VFX_FNF_LOS_NORMAL_30,Vfx_Fnf_Los_Normal_30,193,Area burst; line of sight normal 30; location area; colors white,Area,White,"Fire-and-forget location graphic; use for area bursts, explosions, pulses, and screen effects.",https://www.nwnlexicon.com/Vfx_fnf,https://www.nwnlexicon.com/images/2/28/Fnf.losnorm30.jpg
FNF,VFX_FNF_SUMMON_CELESTIAL,Vfx_Fnf_Summon_Celestial,219,"Area burst; summon celestial; location area; colors blue, white",Area,"Blue, white","Fire-and-forget location graphic; use for area bursts, explosions, pulses, and screen effects.",https://www.nwnlexicon.com/Vfx_fnf,https://www.nwnlexicon.com/images/d/df/Fnf.sumcelest.jpg
FNF,VFX_FNF_ICESTORM,Vfx_Fnf_Icestorm,231,Area burst; icestorm; location area; colors blue,Area,Blue,"Fire-and-forget location graphic; use for area bursts, explosions, pulses, and screen effects.",https://www.nwnlexicon.com/Vfx_fnf,https://www.nwnlexicon.com/images/b/b1/Fnf.icestorm.jpg
FNF,VFX_FNF_HORRID_WILTING,Vfx_Fnf_Horrid_Wilting,241,"Area burst; horrid wilting; location area; colors brown, green",Area,"Brown, green","Fire-and-forget location graphic; use for area bursts, explosions, pulses, and screen effects.",https://www.nwnlexicon.com/Vfx_fnf,https://www.nwnlexicon.com/images/3/30/Fnf.horwilt.jpg
FNF,VFX_FNF_GAS_EXPLOSION_ACID,Vfx_Fnf_Gas_Explosion_Acid,257,Area burst; gas explosion acid; location feet; colors green,Feet,Green,"Fire-and-forget location graphic; use for area bursts, explosions, pulses, and screen effects.",https://www.nwnlexicon.com/Vfx_fnf,https://www.nwnlexicon.com/images/1/16/Fnf.explacid.jpg
FNF,VFX_FNF_GAS_EXPLOSION_EVIL,Vfx_Fnf_Gas_Explosion_Evil,258,Area burst; gas explosion evil; location feet; colors red,Feet,Red,"Fire-and-forget location graphic; use for area bursts, explosions, pulses, and screen effects.",https://www.nwnlexicon.com/Vfx_fnf,https://www.nwnlexicon.com/images/7/7f/Fnf.explevil.jpg
FNF,VFX_FNF_GAS_EXPLOSION_NATURE,Vfx_Fnf_Gas_Explosion_Nature,259,"Area burst; gas explosion nature; location feet; colors brown, green",Feet,"Brown, green","Fire-and-forget location graphic; use for area bursts, explosions, pulses, and screen effects.",https://www.nwnlexicon.com/Vfx_fnf,https://www.nwnlexicon.com/images/6/69/Fnf.explnature.jpg
FNF,VFX_FNF_GAS_EXPLOSION_FIRE,Vfx_Fnf_Gas_Explosion_Fire,260,"Area burst; gas explosion fire; location feet; colors fire, yellow",Feet,"Fire, yellow","Fire-and-forget location graphic; use for area bursts, explosions, pulses, and screen effects.",https://www.nwnlexicon.com/Vfx_fnf,https://www.nwnlexicon.com/images/8/82/Fnf.explfire.jpg
FNF,VFX_FNF_GAS_EXPLOSION_GREASE,Vfx_Fnf_Gas_Explosion_Grease,261,"Area burst; gas explosion grease; location feet; colors black, dark",Feet,"Black, dark","Fire-and-forget location graphic; use for area bursts, explosions, pulses, and screen effects.",https://www.nwnlexicon.com/Vfx_fnf,https://www.nwnlexicon.com/images/0/05/Fnf.explgrease.jpg
FNF,VFX_FNF_GAS_EXPLOSION_MIND,Vfx_Fnf_Gas_Explosion_Mind,262,"Area burst; gas explosion mind; location feet; colors blue, white",Feet,"Blue, white","Fire-and-forget location graphic; use for area bursts, explosions, pulses, and screen effects.",https://www.nwnlexicon.com/Vfx_fnf,https://www.nwnlexicon.com/images/2/2f/Fnf.explmind.jpg
FNF,VFX_FNF_SMOKE_PUFF,Vfx_Fnf_Smoke_Puff,263,"Area burst; smoke puff; location floor; colors white, gray",Floor,"White, gray","Fire-and-forget location graphic; use for area bursts, explosions, pulses, and screen effects.",https://www.nwnlexicon.com/Vfx_fnf,https://www.nwnlexicon.com/images/4/4f/Fnf.smokepuff.jpg
FNF,VFX_FNF_HOWL_MIND,Vfx_Fnf_Howl_Mind,278,Area burst; howl mind; location about head; colors blue,About Head,Blue,"Fire-and-forget location graphic; use for area bursts, explosions, pulses, and screen effects.",https://www.nwnlexicon.com/Vfx_fnf,https://www.nwnlexicon.com/images/6/66/Fnf.howlmind.jpg
FNF,VFX_FNF_HOWL_ODD,Vfx_Fnf_Howl_Odd,279,Area burst; howl odd; location about head; colors purple,About Head,Purple,"Fire-and-forget location graphic; use for area bursts, explosions, pulses, and screen effects.",https://www.nwnlexicon.com/Vfx_fnf,https://www.nwnlexicon.com/images/1/1c/Fnf.howlodd.jpg
FNF,VFX_FNF_HOWL_WAR_CRY,Vfx_Fnf_Howl_War_Cry,285,Area burst; howl war cry; location about head; colors white,About Head,White,"Fire-and-forget location graphic; use for area bursts, explosions, pulses, and screen effects.",https://www.nwnlexicon.com/Vfx_fnf,https://www.nwnlexicon.com/images/0/0f/Fnf.howlwc.jpg
FNF,VFX_FNF_SCREEN_SHAKE,Vfx_Fnf_Screen_Shake,286,Area burst; screen shake; location area; colors none,Area,None,"Fire-and-forget location graphic; use for area bursts, explosions, pulses, and screen effects.",https://www.nwnlexicon.com/Vfx_fnf,
FNF,VFX_FNF_SCREEN_BUMP,Vfx_Fnf_Screen_Bump,287,Area burst; screen bump; location area; colors none,Area,None,"Fire-and-forget location graphic; use for area bursts, explosions, pulses, and screen effects.",https://www.nwnlexicon.com/Vfx_fnf,
FNF,VFX_FNF_HOWL_WAR_CRY_FEMALE,Vfx_Fnf_Howl_War_Cry_Female,290,Area burst; howl war cry female; location about head; colors white,About Head,White,"Fire-and-forget location graphic; use for area bursts, explosions, pulses, and screen effects.",https://www.nwnlexicon.com/Vfx_fnf,https://www.nwnlexicon.com/images/e/e5/Fnf.howlwcfem.jpg
FNF,VFX_FNF_DECK,Vfx_Fnf_Deck,322,Area burst; deck,,,"Fire-and-forget location graphic; use for area bursts, explosions, pulses, and screen effects.",https://www.nwnlexicon.com/Vfx_fnf,https://www.nwnlexicon.com/images/9/91/Fnf.deck.jpg
FNF,VFX_FNF_SOUND_BURST_SILENT,Vfx_Fnf_Sound_Burst_Silent,446,Area burst; sound burst silent; location floor; colors white,Floor,White,"Fire-and-forget location graphic; use for area bursts, explosions, pulses, and screen effects.",https://www.nwnlexicon.com/Vfx_fnf,https://www.nwnlexicon.com/images/f/f5/Fnf.soundburstsilent.jpg
FNF,VFX_FNF_ELECTRIC_EXPLOSION,Vfx_Fnf_Electric_Explosion,459,Area burst; electric explosion,,,"Fire-and-forget location graphic; use for area bursts, explosions, pulses, and screen effects.",https://www.nwnlexicon.com/Vfx_fnf,https://www.nwnlexicon.com/images/7/77/Fnf.electricexplosion.jpg
FNF,VFX_FNF_SWINGING_BLADE,Vfx_Fnf_Swinging_Blade,473,Area burst; swinging blade,,,"Fire-and-forget location graphic; use for area bursts, explosions, pulses, and screen effects.",https://www.nwnlexicon.com/Vfx_fnf,https://www.nwnlexicon.com/images/d/dd/Fnf.swingingblade.jpg
FNF,VFX_FNF_DEMON_HAND,Vfx_Fnf_Demon_Hand,475,Area burst; demon hand; location torso; colors red,Torso,Red,"Fire-and-forget location graphic; use for area bursts, explosions, pulses, and screen effects.",https://www.nwnlexicon.com/Vfx_fnf,https://www.nwnlexicon.com/images/7/72/Fnf.demonhand.jpg
FNF,VFX_FNF_MYSTICAL_EXPLOSION,Vfx_Fnf_Mystical_Explosion,477,Area burst; mystical explosion,,,"Fire-and-forget location graphic; use for area bursts, explosions, pulses, and screen effects.",https://www.nwnlexicon.com/Vfx_fnf,https://www.nwnlexicon.com/images/b/b2/Fnf.mysticalexplosion.jpg
FNF,VFX_FNF_SUMMONDRAGON,Vfx_Fnf_Summondragon,481,Area burst; summondragon,,,"Fire-and-forget location graphic; use for area bursts, explosions, pulses, and screen effects.",https://www.nwnlexicon.com/Vfx_fnf,https://www.nwnlexicon.com/images/5/5e/Fnf.summondragon.jpg
FNF,VFX_FNF_GREATER_RUIN,Vfx_Fnf_Greater_Ruin,487,Area burst; greater ruin,,,"Fire-and-forget location graphic; use for area bursts, explosions, pulses, and screen effects.",https://www.nwnlexicon.com/Vfx_fnf,https://www.nwnlexicon.com/images/3/34/Fnf.greaterruin.jpg
FNF,VFX_FNF_UNDEAD_DRAGON,Vfx_Fnf_Undead_Dragon,488,Area burst; undead dragon,,,"Fire-and-forget location graphic; use for area bursts, explosions, pulses, and screen effects.",https://www.nwnlexicon.com/Vfx_fnf,https://www.nwnlexicon.com/images/1/10/Fnf.undeaddragon.jpg
FNF,VFX_FNF_SUMMON_EPIC_UNDEAD,Vfx_Fnf_Summon_Epic_Undead,496,Area burst; summon epic undead; location floor; colors red,Floor,Red,"Fire-and-forget location graphic; use for area bursts, explosions, pulses, and screen effects.",https://www.nwnlexicon.com/Vfx_fnf,https://www.nwnlexicon.com/images/2/28/Fnf.summonepicundead.jpg
IMP,VFX_IMP_AC_BONUS,Vfx_Imp_Ac_Bonus,42,Instant impact; AC bonus; location about body; colors white,About Body,White,"Instant target impact graphic; use for hit, heal, buff, debuff, or head/body impact feedback.",https://www.nwnlexicon.com/Vfx_imp,https://www.nwnlexicon.com/images/d/dc/Imp.acbonus.jpg
IMP,VFX_IMP_ACID_L,Vfx_Imp_Acid_L,43,Instant impact; acid large; location feet; colors green,Feet,Green,"Instant target impact graphic; use for hit, heal, buff, debuff, or head/body impact feedback.",https://www.nwnlexicon.com/Vfx_imp,https://www.nwnlexicon.com/images/1/18/Imp.acidl.jpg
IMP,VFX_IMP_ACID_S,Vfx_Imp_Acid_S,44,Instant impact; acid small; location torso; colors green,Torso,Green,"Instant target impact graphic; use for hit, heal, buff, debuff, or head/body impact feedback.",https://www.nwnlexicon.com/Vfx_imp,https://www.nwnlexicon.com/images/9/94/Imp.acids.jpg
IMP,VFX_IMP_BLIND_DEAF_M,Vfx_Imp_Blind_Deaf_M,46,Instant impact; blind deaf medium; location about head; colors white,About Head,White,"Instant target impact graphic; use for hit, heal, buff, debuff, or head/body impact feedback.",https://www.nwnlexicon.com/Vfx_imp,https://www.nwnlexicon.com/images/0/03/Imp.blinddeafm.jpg
IMP,VFX_IMP_BREACH,Vfx_Imp_Breach,47,"Instant impact; breach; location about body; colors white, blue",About Body,"White, blue","Instant target impact graphic; use for hit, heal, buff, debuff, or head/body impact feedback.",https://www.nwnlexicon.com/Vfx_imp,https://www.nwnlexicon.com/images/7/70/Imp.breach.jpg
IMP,VFX_IMP_CONFUSION_S,Vfx_Imp_Confusion_S,48,Instant impact; confusion small; location above head; colors white,Above Head,White,"Instant target impact graphic; use for hit, heal, buff, debuff, or head/body impact feedback.",https://www.nwnlexicon.com/Vfx_imp,https://www.nwnlexicon.com/images/8/87/Imp.confusions.jpg
IMP,VFX_IMP_DAZED_S,Vfx_Imp_Dazed_S,49,Instant impact; dazed small; location about head; colors white,About Head,White,"Instant target impact graphic; use for hit, heal, buff, debuff, or head/body impact feedback.",https://www.nwnlexicon.com/Vfx_imp,https://www.nwnlexicon.com/images/d/dc/Imp.dazeds.jpg
IMP,VFX_IMP_DEATH,Vfx_Imp_Death,50,Instant impact; death; location about body; colors white,About Body,White,"Instant target impact graphic; use for hit, heal, buff, debuff, or head/body impact feedback.",https://www.nwnlexicon.com/Vfx_imp,https://www.nwnlexicon.com/images/0/02/Imp.death.jpg
IMP,VFX_IMP_DISEASE_S,Vfx_Imp_Disease_S,51,"Instant impact; disease small; location neck; colors brown, green",Neck,"Brown, green","Instant target impact graphic; use for hit, heal, buff, debuff, or head/body impact feedback.",https://www.nwnlexicon.com/Vfx_imp,https://www.nwnlexicon.com/images/6/63/Imp.diseases.jpg
IMP,VFX_IMP_DISPEL,Vfx_Imp_Dispel,52,Instant impact; dispel; location about body; colors white,About Body,White,"Instant target impact graphic; use for hit, heal, buff, debuff, or head/body impact feedback.",https://www.nwnlexicon.com/Vfx_imp,https://www.nwnlexicon.com/images/6/60/Imp.dispel.jpg
IMP,VFX_IMP_DISPEL_DISJUNCTION,Vfx_Imp_Dispel_Disjunction,53,Instant impact; dispel disjunction,,,"Instant target impact graphic; use for hit, heal, buff, debuff, or head/body impact feedback.",https://www.nwnlexicon.com/Vfx_imp,
IMP,VFX_IMP_DIVINE_STRIKE_FIRE,Vfx_Imp_Divine_Strike_Fire,54,"Instant impact; divine strike fire; location area; colors fire, yellow",Area,"Fire, yellow","Instant target impact graphic; use for hit, heal, buff, debuff, or head/body impact feedback.",https://www.nwnlexicon.com/Vfx_imp,https://www.nwnlexicon.com/images/6/67/Imp.divinestrikefire.jpg
IMP,VFX_IMP_DIVINE_STRIKE_HOLY,Vfx_Imp_Divine_Strike_Holy,55,Instant impact; divine strike holy; location about head; colors white,About Head,White,"Instant target impact graphic; use for hit, heal, buff, debuff, or head/body impact feedback.",https://www.nwnlexicon.com/Vfx_imp,https://www.nwnlexicon.com/images/7/78/Imp.divinestrikeholy.jpg
IMP,VFX_IMP_DOMINATE_S,Vfx_Imp_Dominate_S,56,Instant impact; dominate small; location about head; colors white,About Head,White,"Instant target impact graphic; use for hit, heal, buff, debuff, or head/body impact feedback.",https://www.nwnlexicon.com/Vfx_imp,https://www.nwnlexicon.com/images/8/8c/Imp.dominate.jpg
IMP,VFX_IMP_DOOM,Vfx_Imp_Doom,57,"Instant impact; doom; location over head; colors dark, black",Over Head,"Dark, black","Instant target impact graphic; use for hit, heal, buff, debuff, or head/body impact feedback.",https://www.nwnlexicon.com/Vfx_imp,https://www.nwnlexicon.com/images/a/a6/Imp.doom.jpg
IMP,VFX_IMP_FEAR_S,Vfx_Imp_Fear_S,58,Instant impact; fear small,,,"Instant target impact graphic; use for hit, heal, buff, debuff, or head/body impact feedback.",https://www.nwnlexicon.com/Vfx_imp,
IMP,VFX_IMP_FLAME_M,Vfx_Imp_Flame_M,60,"Instant impact; flame medium; location about body; colors fire, yellow",About Body,"Fire, yellow","Instant target impact graphic; use for hit, heal, buff, debuff, or head/body impact feedback.",https://www.nwnlexicon.com/Vfx_imp,https://www.nwnlexicon.com/images/6/62/Imp.flamem.jpg
IMP,VFX_IMP_FLAME_S,Vfx_Imp_Flame_S,61,Instant impact; flame small,,,"Instant target impact graphic; use for hit, heal, buff, debuff, or head/body impact feedback.",https://www.nwnlexicon.com/Vfx_imp,https://www.nwnlexicon.com/images/2/27/Imp.flames.jpg
IMP,VFX_IMP_FROST_L,Vfx_Imp_Frost_L,62,Instant impact; frost large; location about body; colors blue,About Body,Blue,"Instant target impact graphic; use for hit, heal, buff, debuff, or head/body impact feedback.",https://www.nwnlexicon.com/Vfx_imp,https://www.nwnlexicon.com/images/3/3d/Imp.frostl.jpg
IMP,VFX_IMP_FROST_S,Vfx_Imp_Frost_S,63,Instant impact; frost small; location neck; colors white,Neck,White,"Instant target impact graphic; use for hit, heal, buff, debuff, or head/body impact feedback.",https://www.nwnlexicon.com/Vfx_imp,https://www.nwnlexicon.com/images/d/d0/Imp.frosts.jpg
IMP,VFX_IMP_GREASE,Vfx_Imp_Grease,64,Instant impact; grease,,,"Instant target impact graphic; use for hit, heal, buff, debuff, or head/body impact feedback.",https://www.nwnlexicon.com/Vfx_imp,
IMP,VFX_IMP_HASTE,Vfx_Imp_Haste,65,Instant impact; haste; location floor; colors blue,Floor,Blue,"Instant target impact graphic; use for hit, heal, buff, debuff, or head/body impact feedback.",https://www.nwnlexicon.com/Vfx_imp,https://www.nwnlexicon.com/images/7/79/Imp.haste.jpg
IMP,VFX_IMP_HEALING_G,Vfx_Imp_Healing_G,66,"Instant impact; healing greater; location about body; colors yellow, blue",About Body,"Yellow, blue","Instant target impact graphic; use for hit, heal, buff, debuff, or head/body impact feedback.",https://www.nwnlexicon.com/Vfx_imp,https://www.nwnlexicon.com/images/6/6e/Imp.healingg.jpg
IMP,VFX_IMP_HEALING_L,Vfx_Imp_Healing_L,67,"Instant impact; healing large; location about body; colors white, blue",About Body,"White, blue","Instant target impact graphic; use for hit, heal, buff, debuff, or head/body impact feedback.",https://www.nwnlexicon.com/Vfx_imp,https://www.nwnlexicon.com/images/a/ae/Imp.healingl.jpg
IMP,VFX_IMP_HEALING_M,Vfx_Imp_Healing_M,68,"Instant impact; healing medium; location about head; colors white, yellow",About Head,"White, yellow","Instant target impact graphic; use for hit, heal, buff, debuff, or head/body impact feedback.",https://www.nwnlexicon.com/Vfx_imp,https://www.nwnlexicon.com/images/f/f3/Imp.healingm.jpg
IMP,VFX_IMP_HEALING_S,Vfx_Imp_Healing_S,69,"Instant impact; healing small; location about body; colors white, blue",About Body,"White, blue","Instant target impact graphic; use for hit, heal, buff, debuff, or head/body impact feedback.",https://www.nwnlexicon.com/Vfx_imp,https://www.nwnlexicon.com/images/b/b8/Imp.healings.jpg
IMP,VFX_IMP_HEALING_X,Vfx_Imp_Healing_X,70,"Instant impact; healing extra large; location about body; colors white, blue",About Body,"White, blue","Instant target impact graphic; use for hit, heal, buff, debuff, or head/body impact feedback.",https://www.nwnlexicon.com/Vfx_imp,https://www.nwnlexicon.com/images/2/2e/Imp.healingx.jpg
IMP,VFX_IMP_HOLY_AID,Vfx_Imp_Holy_Aid,71,Instant impact; holy aid; location about body; colors yellow,About Body,Yellow,"Instant target impact graphic; use for hit, heal, buff, debuff, or head/body impact feedback.",https://www.nwnlexicon.com/Vfx_imp,https://www.nwnlexicon.com/images/b/bf/Imp.holyaid.jpg
IMP,VFX_IMP_KNOCK,Vfx_Imp_Knock,72,"Instant impact; knock; location about body; colors blue, white",About Body,"Blue, white","Instant target impact graphic; use for hit, heal, buff, debuff, or head/body impact feedback.",https://www.nwnlexicon.com/Vfx_imp,https://www.nwnlexicon.com/images/8/8d/Imp.knock.jpg
IMP,VFX_IMP_LIGHTNING_M,Vfx_Imp_Lightning_M,74,"Instant impact; lightning medium; location about body; colors blue, white",About Body,"Blue, white","Instant target impact graphic; use for hit, heal, buff, debuff, or head/body impact feedback.",https://www.nwnlexicon.com/Vfx_imp,https://www.nwnlexicon.com/images/0/09/Imp.lightningm.jpg
IMP,VFX_IMP_LIGHTNING_S,Vfx_Imp_Lightning_S,75,"Instant impact; lightning small; location about body; colors blue, white",About Body,"Blue, white","Instant target impact graphic; use for hit, heal, buff, debuff, or head/body impact feedback.",https://www.nwnlexicon.com/Vfx_imp,https://www.nwnlexicon.com/images/a/a1/Imp.lightnings.jpg
IMP,VFX_IMP_MAGBLUE,Vfx_Imp_Magblue,76,Instant impact; magblue; location about body; colors white,About Body,White,"Instant target impact graphic; use for hit, heal, buff, debuff, or head/body impact feedback.",https://www.nwnlexicon.com/Vfx_imp,https://www.nwnlexicon.com/images/1/18/Imp.magblue.jpg
IMP,VFX_IMP_NEGATIVE_ENERGY,Vfx_Imp_Negative_Energy,81,"Instant impact; negative energy; location body; colors red, white",Body,"Red, white","Instant target impact graphic; use for hit, heal, buff, debuff, or head/body impact feedback.",https://www.nwnlexicon.com/Vfx_imp,https://www.nwnlexicon.com/images/a/ab/Imp.negenergy.jpg
IMP,VFX_IMP_POISON_L,Vfx_Imp_Poison_L,83,Instant impact; poison large; location body; colors green,Body,Green,"Instant target impact graphic; use for hit, heal, buff, debuff, or head/body impact feedback.",https://www.nwnlexicon.com/Vfx_imp,https://www.nwnlexicon.com/images/7/76/Imp.poisonl.jpg
IMP,VFX_IMP_POISON_S,Vfx_Imp_Poison_S,84,Instant impact; poison small,,,"Instant target impact graphic; use for hit, heal, buff, debuff, or head/body impact feedback.",https://www.nwnlexicon.com/Vfx_imp,https://www.nwnlexicon.com/images/7/76/Imp.poisonl.jpg
IMP,VFX_IMP_POLYMORPH,Vfx_Imp_Polymorph,85,"Instant impact; polymorph; location about body; colors white, green",About Body,"White, green","Instant target impact graphic; use for hit, heal, buff, debuff, or head/body impact feedback.",https://www.nwnlexicon.com/Vfx_imp,https://www.nwnlexicon.com/images/1/16/Imp.polymorph.jpg
IMP,VFX_IMP_PULSE_COLD,Vfx_Imp_Pulse_Cold,86,Instant impact; pulse cold; location floor,Floor,,"Instant target impact graphic; use for hit, heal, buff, debuff, or head/body impact feedback.",https://www.nwnlexicon.com/Vfx_imp,https://www.nwnlexicon.com/images/4/44/Imp.pulsecold.jpg
IMP,VFX_IMP_PULSE_FIRE,Vfx_Imp_Pulse_Fire,87,"Instant impact; pulse fire; location floor; colors fire, yellow",Floor,"Fire, yellow","Instant target impact graphic; use for hit, heal, buff, debuff, or head/body impact feedback.",https://www.nwnlexicon.com/Vfx_imp,https://www.nwnlexicon.com/images/7/77/Imp.pulsefire.jpg
IMP,VFX_IMP_PULSE_HOLY,Vfx_Imp_Pulse_Holy,88,Instant impact; pulse holy; location floor; colors yellow,Floor,Yellow,"Instant target impact graphic; use for hit, heal, buff, debuff, or head/body impact feedback.",https://www.nwnlexicon.com/Vfx_imp,https://www.nwnlexicon.com/images/b/b0/Imp.pulseholy.jpg
IMP,VFX_IMP_PULSE_NEGATIVE,Vfx_Imp_Pulse_Negative,89,Instant impact; pulse negative; location floor; colors red,Floor,Red,"Instant target impact graphic; use for hit, heal, buff, debuff, or head/body impact feedback.",https://www.nwnlexicon.com/Vfx_imp,https://www.nwnlexicon.com/images/3/30/Imp.pulsenegative.jpg
IMP,VFX_IMP_RAISE_DEAD,Vfx_Imp_Raise_Dead,90,Instant impact; raise dead; location about body; colors white,About Body,White,"Instant target impact graphic; use for hit, heal, buff, debuff, or head/body impact feedback.",https://www.nwnlexicon.com/Vfx_imp,https://www.nwnlexicon.com/images/8/87/Imp.raisedead.jpg
IMP,VFX_IMP_REDUCE_ABILITY_SCORE,Vfx_Imp_Reduce_Ability_Score,91,"Instant impact; reduce ability score; location about body; colors red, dark, black",About Body,"Red, dark, black","Instant target impact graphic; use for hit, heal, buff, debuff, or head/body impact feedback.",https://www.nwnlexicon.com/Vfx_imp,https://www.nwnlexicon.com/images/9/9f/Imp.reducescore.jpg
IMP,VFX_IMP_REMOVE_CONDITION,Vfx_Imp_Remove_Condition,92,Instant impact; remove condition,,,"Instant target impact graphic; use for hit, heal, buff, debuff, or head/body impact feedback.",https://www.nwnlexicon.com/Vfx_imp,https://www.nwnlexicon.com/images/9/97/Imp.removecondition.jpg
IMP,VFX_IMP_SILENCE,Vfx_Imp_Silence,93,Instant impact; silence; location above head; colors white,Above Head,White,"Instant target impact graphic; use for hit, heal, buff, debuff, or head/body impact feedback.",https://www.nwnlexicon.com/Vfx_imp,https://www.nwnlexicon.com/images/3/39/Imp.silence.jpg
IMP,VFX_IMP_SLEEP,Vfx_Imp_Sleep,94,Instant impact; sleep; location above head; colors white,Above Head,White,"Instant target impact graphic; use for hit, heal, buff, debuff, or head/body impact feedback.",https://www.nwnlexicon.com/Vfx_imp,https://www.nwnlexicon.com/images/4/4f/Imp.sleep.jpg
IMP,VFX_IMP_SLOW,Vfx_Imp_Slow,95,Instant impact; slow; location floor; colors purple,Floor,Purple,"Instant target impact graphic; use for hit, heal, buff, debuff, or head/body impact feedback.",https://www.nwnlexicon.com/Vfx_imp,https://www.nwnlexicon.com/images/7/73/Imp.slow.jpg
IMP,VFX_IMP_SONIC,Vfx_Imp_Sonic,96,Instant impact; sonic; location about head; colors white,About Head,White,"Instant target impact graphic; use for hit, heal, buff, debuff, or head/body impact feedback.",https://www.nwnlexicon.com/Vfx_imp,https://www.nwnlexicon.com/images/f/f7/Imp.sonic.jpg
IMP,VFX_IMP_STUN,Vfx_Imp_Stun,97,Instant impact; stun; location about head; colors white,About Head,White,"Instant target impact graphic; use for hit, heal, buff, debuff, or head/body impact feedback.",https://www.nwnlexicon.com/Vfx_imp,https://www.nwnlexicon.com/images/2/27/Imp.stun.jpg
IMP,VFX_IMP_SUNSTRIKE,Vfx_Imp_Sunstrike,98,"Instant impact; sunstrike; location about body; colors yellow, white",About Body,"Yellow, white","Instant target impact graphic; use for hit, heal, buff, debuff, or head/body impact feedback.",https://www.nwnlexicon.com/Vfx_imp,https://www.nwnlexicon.com/images/6/6c/Imp.sunstrike.jpg
IMP,VFX_IMP_UNSUMMON,Vfx_Imp_Unsummon,99,"Instant impact; unsummon; location floor, about body; colors blue, white","Floor, About Body","Blue, white","Instant target impact graphic; use for hit, heal, buff, debuff, or head/body impact feedback.",https://www.nwnlexicon.com/Vfx_imp,https://www.nwnlexicon.com/images/9/93/Imp.unsummon.jpg
IMP,VFX_IMP_IMPROVE_ABILITY_SCORE,Vfx_Imp_Improve_Ability_Score,139,Instant impact; improve ability score; location about head; colors multicolor,About Head,Multicolor,"Instant target impact graphic; use for hit, heal, buff, debuff, or head/body impact feedback.",https://www.nwnlexicon.com/Vfx_imp,https://www.nwnlexicon.com/images/7/76/Imp.improvescore.jpg
IMP,VFX_IMP_CHARM,Vfx_Imp_Charm,140,"Instant impact; charm; location about body; colors purple, blue",About Body,"Purple, blue","Instant target impact graphic; use for hit, heal, buff, debuff, or head/body impact feedback.",https://www.nwnlexicon.com/Vfx_imp,https://www.nwnlexicon.com/images/b/bd/Imp.charm.jpg
IMP,VFX_IMP_MAGICAL_VISION,Vfx_Imp_Magical_Vision,141,Instant impact; magical vision; location about head; colors multicolor,About Head,Multicolor,"Instant target impact graphic; use for hit, heal, buff, debuff, or head/body impact feedback.",https://www.nwnlexicon.com/Vfx_imp,https://www.nwnlexicon.com/images/9/9d/Imp.magicalvision.jpg
IMP,VFX_IMP_EVIL_HELP,Vfx_Imp_Evil_Help,144,Instant impact; evil help; location floor; colors red,Floor,Red,"Instant target impact graphic; use for hit, heal, buff, debuff, or head/body impact feedback.",https://www.nwnlexicon.com/Vfx_imp,https://www.nwnlexicon.com/images/0/05/Imp.evilhelp.jpg
IMP,VFX_IMP_GOOD_HELP,Vfx_Imp_Good_Help,145,Instant impact; good help; location floor; colors yellow,Floor,Yellow,"Instant target impact graphic; use for hit, heal, buff, debuff, or head/body impact feedback.",https://www.nwnlexicon.com/Vfx_imp,https://www.nwnlexicon.com/images/6/68/Imp.goodhelp.jpg
IMP,VFX_IMP_DEATH_WARD,Vfx_Imp_Death_Ward,146,Instant impact; death ward; location about body; colors purple,About Body,Purple,"Instant target impact graphic; use for hit, heal, buff, debuff, or head/body impact feedback.",https://www.nwnlexicon.com/Vfx_imp,https://www.nwnlexicon.com/images/7/7f/Imp.deathward.jpg
IMP,VFX_IMP_MAGIC_PROTECTION,Vfx_Imp_Magic_Protection,149,Instant impact; magic protection; location about body; colors blue,About Body,Blue,"Instant target impact graphic; use for hit, heal, buff, debuff, or head/body impact feedback.",https://www.nwnlexicon.com/Vfx_imp,https://www.nwnlexicon.com/images/a/a7/Imp.magicprot.jpg
IMP,VFX_IMP_SUPER_HEROISM,Vfx_Imp_Super_Heroism,150,Instant impact; super heroism; location about body; colors white,About Body,White,"Instant target impact graphic; use for hit, heal, buff, debuff, or head/body impact feedback.",https://www.nwnlexicon.com/Vfx_imp,https://www.nwnlexicon.com/images/6/6e/Imp.superheroism.jpg
IMP,VFX_IMP_ELEMENTAL_PROTECTION,Vfx_Imp_Elemental_Protection,152,"Instant impact; elemental protection; location about body; colors green, yellow",About Body,"Green, yellow","Instant target impact graphic; use for hit, heal, buff, debuff, or head/body impact feedback.",https://www.nwnlexicon.com/Vfx_imp,https://www.nwnlexicon.com/images/2/2d/Imp.elemprot.jpg
IMP,VFX_IMP_MIRV,Vfx_Imp_Mirv,181,Instant impact; multi-projectile; location body; colors white,Body,White,"Instant target impact graphic; use for hit, heal, buff, debuff, or head/body impact feedback.",https://www.nwnlexicon.com/Vfx_imp,https://www.nwnlexicon.com/images/f/f7/Imp.mirv.jpg
IMP,VFX_IMP_HEAD_ACID,Vfx_Imp_Head_Acid,194,Instant impact; head acid; location about head; colors green,About Head,Green,"Instant target impact graphic; use for hit, heal, buff, debuff, or head/body impact feedback.",https://www.nwnlexicon.com/Vfx_imp,https://www.nwnlexicon.com/images/8/89/Imp.headacid.jpg
IMP,VFX_IMP_HEAD_FIRE,Vfx_Imp_Head_Fire,195,"Instant impact; head fire; location about head; colors fire, flame, yellow",About Head,"Fire, flame, yellow","Instant target impact graphic; use for hit, heal, buff, debuff, or head/body impact feedback.",https://www.nwnlexicon.com/Vfx_imp,https://www.nwnlexicon.com/images/7/75/Imp.headfire.jpg
IMP,VFX_IMP_HEAD_SONIC,Vfx_Imp_Head_Sonic,196,Instant impact; head sonic; location about head; colors white,About Head,White,"Instant target impact graphic; use for hit, heal, buff, debuff, or head/body impact feedback.",https://www.nwnlexicon.com/Vfx_imp,https://www.nwnlexicon.com/images/c/c7/Imp.headsonic.jpg
IMP,VFX_IMP_HEAD_ELECTRICITY,Vfx_Imp_Head_Electricity,197,"Instant impact; head electricity; location about head; colors electric, blue, white",About Head,"Electric, blue, white","Instant target impact graphic; use for hit, heal, buff, debuff, or head/body impact feedback.",https://www.nwnlexicon.com/Vfx_imp,https://www.nwnlexicon.com/images/4/44/Imp.headelectricity.jpg
IMP,VFX_IMP_HEAD_COLD,Vfx_Imp_Head_Cold,198,Instant impact; head cold; location about head,About Head,,"Instant target impact graphic; use for hit, heal, buff, debuff, or head/body impact feedback.",https://www.nwnlexicon.com/Vfx_imp,https://www.nwnlexicon.com/images/d/d5/Imp.headcold.jpg
IMP,VFX_IMP_HEAD_HOLY,Vfx_Imp_Head_Holy,199,Instant impact; head holy; location about head,About Head,,"Instant target impact graphic; use for hit, heal, buff, debuff, or head/body impact feedback.",https://www.nwnlexicon.com/Vfx_imp,https://www.nwnlexicon.com/images/1/1f/Imp.headholy.jpg
IMP,VFX_IMP_HEAD_NATURE,Vfx_Imp_Head_Nature,200,Instant impact; head nature; location about head,About Head,,"Instant target impact graphic; use for hit, heal, buff, debuff, or head/body impact feedback.",https://www.nwnlexicon.com/Vfx_imp,https://www.nwnlexicon.com/images/1/1a/Imp.headnature.jpg
IMP,VFX_IMP_HEAD_HEAL,Vfx_Imp_Head_Heal,201,Instant impact; head heal; location about head,About Head,,"Instant target impact graphic; use for hit, heal, buff, debuff, or head/body impact feedback.",https://www.nwnlexicon.com/Vfx_imp,https://www.nwnlexicon.com/images/a/ad/Imp.headheal.jpg
IMP,VFX_IMP_HEAD_MIND,Vfx_Imp_Head_Mind,202,Instant impact; head mind; location about head,About Head,,"Instant target impact graphic; use for hit, heal, buff, debuff, or head/body impact feedback.",https://www.nwnlexicon.com/Vfx_imp,https://www.nwnlexicon.com/images/0/0d/Imp.headmind.jpg
IMP,VFX_IMP_HEAD_EVIL,Vfx_Imp_Head_Evil,203,Instant impact; head evil; location about head; colors red,About Head,Red,"Instant target impact graphic; use for hit, heal, buff, debuff, or head/body impact feedback.",https://www.nwnlexicon.com/Vfx_imp,https://www.nwnlexicon.com/images/f/f2/Imp.headevil.jpg
IMP,VFX_IMP_HEAD_ODD,Vfx_Imp_Head_Odd,204,Instant impact; head odd; location about head,About Head,,"Instant target impact graphic; use for hit, heal, buff, debuff, or head/body impact feedback.",https://www.nwnlexicon.com/Vfx_imp,https://www.nwnlexicon.com/images/9/9a/Imp.headodd.jpg
IMP,VFX_IMP_DEATH_L,Vfx_Imp_Death_L,217,Instant impact; death large; colors white,,White,"Instant target impact graphic; use for hit, heal, buff, debuff, or head/body impact feedback.",https://www.nwnlexicon.com/Vfx_imp,https://www.nwnlexicon.com/images/a/a9/Imp.deathl.jpg
IMP,VFX_IMP_RESTORATION_LESSER,Vfx_Imp_Restoration_Lesser,221,Instant impact; restoration lesser,,,"Instant target impact graphic; use for hit, heal, buff, debuff, or head/body impact feedback.",https://www.nwnlexicon.com/Vfx_imp,https://www.nwnlexicon.com/images/7/7a/Imp.restorationlesser.jpg
IMP,VFX_IMP_RESTORATION,Vfx_Imp_Restoration,222,Instant impact; restoration,,,"Instant target impact graphic; use for hit, heal, buff, debuff, or head/body impact feedback.",https://www.nwnlexicon.com/Vfx_imp,https://www.nwnlexicon.com/images/6/68/Imp.restoration.jpg
IMP,VFX_IMP_RESTORATION_GREATER,Vfx_Imp_Restoration_Greater,223,Instant impact; restoration greater,,,"Instant target impact graphic; use for hit, heal, buff, debuff, or head/body impact feedback.",https://www.nwnlexicon.com/Vfx_imp,https://www.nwnlexicon.com/images/2/2a/Imp.restorationgreater.jpg
IMP,VFX_IMP_MIRV_FLAME,Vfx_Imp_Mirv_Flame,233,"Instant impact; multi-projectile flame; location body; colors fire, yellow",Body,"Fire, yellow","Instant target impact graphic; use for hit, heal, buff, debuff, or head/body impact feedback.",https://www.nwnlexicon.com/Vfx_imp,https://www.nwnlexicon.com/images/9/9d/Imp.mirvflame.jpg
IMP,VFX_IMP_DESTRUCTION,Vfx_Imp_Destruction,234,Instant impact; destruction; location about body; colors purple,About Body,Purple,"Instant target impact graphic; use for hit, heal, buff, debuff, or head/body impact feedback.",https://www.nwnlexicon.com/Vfx_imp,https://www.nwnlexicon.com/images/f/fb/Imp.destruction.jpg
IMP,VFX_IMP_HARM,Vfx_Imp_Harm,246,Instant impact; harm; location about body; colors red,About Body,Red,"Instant target impact graphic; use for hit, heal, buff, debuff, or head/body impact feedback.",https://www.nwnlexicon.com/Vfx_imp,https://www.nwnlexicon.com/images/5/56/Imp.harm.jpg
IMP,VFX_IMP_MAGIC_RESISTANCE_USE,Vfx_Imp_Magic_Resistance_Use,250,Instant impact; magic resistance use; location over head; colors white,Over head,White,"Instant target impact graphic; use for hit, heal, buff, debuff, or head/body impact feedback.",https://www.nwnlexicon.com/Vfx_imp,https://www.nwnlexicon.com/images/2/29/Imp.magicresistuse.jpg
IMP,VFX_IMP_GLOBE_USE,Vfx_Imp_Globe_Use,251,Instant impact; globe use; location about body; colors white,About Body,White,"Instant target impact graphic; use for hit, heal, buff, debuff, or head/body impact feedback.",https://www.nwnlexicon.com/Vfx_imp,https://www.nwnlexicon.com/images/1/18/Imp.globeuse.jpg
IMP,VFX_IMP_WILL_SAVING_THROW_USE,Vfx_Imp_Will_Saving_Throw_Use,252,Instant impact; will saving throw use; location above head; colors white,Above Head,White,"Instant target impact graphic; use for hit, heal, buff, debuff, or head/body impact feedback.",https://www.nwnlexicon.com/Vfx_imp,https://www.nwnlexicon.com/images/4/44/Imp.willsaveuse.jpg
IMP,VFX_IMP_SPIKE_TRAP,Vfx_Imp_Spike_Trap,253,Instant impact; spike trap,,,"Instant target impact graphic; use for hit, heal, buff, debuff, or head/body impact feedback.",https://www.nwnlexicon.com/Vfx_imp,https://www.nwnlexicon.com/images/2/20/Imp.spiketrap.jpg
IMP,VFX_IMP_SPELL_MANTLE_USE,Vfx_Imp_Spell_Mantle_Use,254,"Instant impact; spell mantle use; location about body; colors blue, white",About Body,"Blue, white","Instant target impact graphic; use for hit, heal, buff, debuff, or head/body impact feedback.",https://www.nwnlexicon.com/Vfx_imp,https://www.nwnlexicon.com/images/1/1a/Imp.spellmantuse.jpg
IMP,VFX_IMP_FORTITUDE_SAVING_THROW_USE,Vfx_Imp_Fortitude_Saving_Throw_Use,255,Instant impact; fortitude saving throw use; location over head; colors purple,Over head,Purple,"Instant target impact graphic; use for hit, heal, buff, debuff, or head/body impact feedback.",https://www.nwnlexicon.com/Vfx_imp,https://www.nwnlexicon.com/images/1/18/Imp.fortsave.jpg
IMP,VFX_IMP_REFLEX_SAVE_THROW_USE,Vfx_Imp_Reflex_Save_Throw_Use,256,Instant impact; reflex save throw use; location above head; colors green,Above Head,Green,"Instant target impact graphic; use for hit, heal, buff, debuff, or head/body impact feedback.",https://www.nwnlexicon.com/Vfx_imp,https://www.nwnlexicon.com/images/8/89/Imp.reflexsaveuse.jpg
IMP,VFX_IMP_PULSE_WATER,Vfx_Imp_Pulse_Water,264,Instant impact; pulse water,,,"Instant target impact graphic; use for hit, heal, buff, debuff, or head/body impact feedback.",https://www.nwnlexicon.com/Vfx_imp,
IMP,VFX_IMP_PULSE_WIND,Vfx_Imp_Pulse_Wind,265,Instant impact; pulse wind,,,"Instant target impact graphic; use for hit, heal, buff, debuff, or head/body impact feedback.",https://www.nwnlexicon.com/Vfx_imp,
IMP,VFX_IMP_PULSE_NATURE,Vfx_Imp_Pulse_Nature,266,Instant impact; pulse nature,,,"Instant target impact graphic; use for hit, heal, buff, debuff, or head/body impact feedback.",https://www.nwnlexicon.com/Vfx_imp,
IMP,VFX_IMP_AURA_HOLY,Vfx_Imp_Aura_Holy,273,Instant impact; aura holy; location feet; colors yellow,Feet,Yellow,"Instant target impact graphic; use for hit, heal, buff, debuff, or head/body impact feedback.",https://www.nwnlexicon.com/Vfx_imp,https://www.nwnlexicon.com/images/0/0d/Imp.auraholy.jpg
IMP,VFX_IMP_AURA_UNEARTHLY,Vfx_Imp_Aura_Unearthly,274,Instant impact; aura unearthly; location feet; colors green,Feet,Green,"Instant target impact graphic; use for hit, heal, buff, debuff, or head/body impact feedback.",https://www.nwnlexicon.com/Vfx_imp,https://www.nwnlexicon.com/images/7/75/Imp.auraunearthly.jpg
IMP,VFX_IMP_AURA_FEAR,Vfx_Imp_Aura_Fear,275,Instant impact; aura fear; location feet; colors green,Feet,Green,"Instant target impact graphic; use for hit, heal, buff, debuff, or head/body impact feedback.",https://www.nwnlexicon.com/Vfx_imp,https://www.nwnlexicon.com/images/e/e2/Imp.aurafear.jpg
IMP,VFX_IMP_AURA_NEGATIVE_ENERGY,Vfx_Imp_Aura_Negative_Energy,276,"Instant impact; aura negative energy; location feet; colors red, white",Feet,"Red, white","Instant target impact graphic; use for hit, heal, buff, debuff, or head/body impact feedback.",https://www.nwnlexicon.com/Vfx_imp,https://www.nwnlexicon.com/images/4/47/Imp.auranegativeenergy.jpg
IMP,VFX_IMP_BIGBYS_FORCEFUL_HAND,Vfx_Imp_Bigbys_Forceful_Hand,315,Instant impact; bigbys forceful hand; location about body; colors green,About Body,Green,"Instant target impact graphic; use for hit, heal, buff, debuff, or head/body impact feedback.",https://www.nwnlexicon.com/Vfx_imp,https://www.nwnlexicon.com/images/6/6a/Imp.bigbysforcefulhand.jpg
IMP,VFX_IMP_TORNADO,Vfx_Imp_Tornado,407,Instant impact; tornado,,,"Instant target impact graphic; use for hit, heal, buff, debuff, or head/body impact feedback.",https://www.nwnlexicon.com/Vfx_imp,https://www.nwnlexicon.com/images/8/8c/Imp.tornado.jpg
IMP,VFX_IMP_DUST_EXPLOSION,Vfx_Imp_Dust_Explosion,460,Instant impact; dust explosion,,,"Instant target impact graphic; use for hit, heal, buff, debuff, or head/body impact feedback.",https://www.nwnlexicon.com/Vfx_imp,https://www.nwnlexicon.com/images/a/ad/Imp.dustexplosion.jpg
IMP,VFX_IMP_PULSE_HOLY_SILENT,Vfx_Imp_Pulse_Holy_Silent,461,Instant impact; pulse holy silent,,,"Instant target impact graphic; use for hit, heal, buff, debuff, or head/body impact feedback.",https://www.nwnlexicon.com/Vfx_imp,
IMP,VFX_IMP_WALLSPIKE,Vfx_Imp_Wallspike,486,Instant impact; wallspike,,,"Instant target impact graphic; use for hit, heal, buff, debuff, or head/body impact feedback.",https://www.nwnlexicon.com/Vfx_imp,https://www.nwnlexicon.com/images/c/ce/Imp.wallspike.jpg
IMP,VFX_IMP_MIRV_ELECTRIC,Vfx_Imp_Mirv_Electric,503,Instant impact; multi-projectile electric,,,"Instant target impact graphic; use for hit, heal, buff, debuff, or head/body impact feedback.",https://www.nwnlexicon.com/Vfx_imp,
IMP,VFX_IMP_PDK_GENERIC_PULSE,Vfx_Imp_Pdk_Generic_Pulse,623,Instant impact; PDK generic pulse,,,"Instant target impact graphic; use for hit, heal, buff, debuff, or head/body impact feedback.",https://www.nwnlexicon.com/Vfx_imp,https://www.nwnlexicon.com/images/3/34/Imp_pdk_genpulse.jpg
IMP,VFX_IMP_PDK_GENERIC_HEAD_HIT,Vfx_Imp_Pdk_Generic_Head_Hit,624,Instant impact; PDK generic head hit,,,"Instant target impact graphic; use for hit, heal, buff, debuff, or head/body impact feedback.",https://www.nwnlexicon.com/Vfx_imp,https://www.nwnlexicon.com/images/5/5e/Imp_pdk_genheadhit.jpg
IMP,VFX_IMP_PDK_RALLYING_CRY,Vfx_Imp_Pdk_Rallying_Cry,625,Instant impact; PDK rallying cry,,,"Instant target impact graphic; use for hit, heal, buff, debuff, or head/body impact feedback.",https://www.nwnlexicon.com/Vfx_imp,https://www.nwnlexicon.com/images/b/b9/Imp_pdk_rallycry.jpg
IMP,VFX_IMP_PDK_HEROIC_SHIELD,Vfx_Imp_Pdk_Heroic_Shield,626,Instant impact; PDK heroic shield,,,"Instant target impact graphic; use for hit, heal, buff, debuff, or head/body impact feedback.",https://www.nwnlexicon.com/Vfx_imp,https://www.nwnlexicon.com/images/0/0b/Imp_pdk_heroshield.jpg
IMP,VFX_IMP_PDK_INSPIRE_COURAGE,Vfx_Imp_Pdk_Inspire_Courage,627,Instant impact; PDK inspire courage,,,"Instant target impact graphic; use for hit, heal, buff, debuff, or head/body impact feedback.",https://www.nwnlexicon.com/Vfx_imp,https://www.nwnlexicon.com/images/b/bc/Imp_pdk_inspirecourage.jpg
IMP,VFX_IMP_PDK_WRATH,Vfx_Imp_Pdk_Wrath,629,Instant impact; PDK wrath,,,"Instant target impact graphic; use for hit, heal, buff, debuff, or head/body impact feedback.",https://www.nwnlexicon.com/Vfx_imp,https://www.nwnlexicon.com/images/9/9a/Imp_pdk_wrath.jpg
IMP,VFX_IMP_PDK_OATH,Vfx_Imp_Pdk_Oath,630,Instant impact; PDK oath,,,"Instant target impact graphic; use for hit, heal, buff, debuff, or head/body impact feedback.",https://www.nwnlexicon.com/Vfx_imp,https://www.nwnlexicon.com/images/f/fa/Imp_pdk_oath.jpg
IMP,VFX_IMP_PDK_FINAL_STAND,Vfx_Imp_Pdk_Final_Stand,631,Instant impact; PDK final stand,,,"Instant target impact graphic; use for hit, heal, buff, debuff, or head/body impact feedback.",https://www.nwnlexicon.com/Vfx_imp,https://www.nwnlexicon.com/images/6/6b/Imp_pdk_finalstand.jpg
IMP,VFX_IMP_STARBURST_GREEN,Vfx_Imp_Starburst_Green,644,Instant impact; starburst green,,,"Instant target impact graphic; use for hit, heal, buff, debuff, or head/body impact feedback.",https://www.nwnlexicon.com/Vfx_imp,https://www.nwnlexicon.com/images/9/98/Imp_starburstgreen.jpg
IMP,VFX_IMP_STARBURST_RED,Vfx_Imp_Starburst_Red,645,Instant impact; starburst red,,,"Instant target impact graphic; use for hit, heal, buff, debuff, or head/body impact feedback.",https://www.nwnlexicon.com/Vfx_imp,https://www.nwnlexicon.com/images/1/1f/Imp_starburstred.jpg
IMP,VFX_IMP_NIGHTMARE_HEAD_HIT,Vfx_Imp_Nightmare_Head_Hit,670,Instant impact; nightmare head hit,,,"Instant target impact graphic; use for hit, heal, buff, debuff, or head/body impact feedback.",https://www.nwnlexicon.com/Vfx_imp,https://www.nwnlexicon.com/images/0/03/Imp_pdk_nightmareheadhit.jpg
IMP,,Vfx_Imp_Shield_Bash,843,Metallic sparks; dust; physical contact,Chest,"Warm white, amber, brown",Shield Bash I-IV landed target impact; authored size; 0.9 second finite burst.,,
IMP,VFX_ABILITY_CALLBEAST,Vfx_Ability_CallBeast,844,Beast Mastery; ring; motes; rising; 2 pulses,Target impact,"0.84,0.66,0.4 / 0.24,0.21,0.16","Call Beast: Two open amber circles rise like a recall signal, followed by a trail of soft green points. Authored size; ranks share this effect.",,
IMP,VFX_ABILITY_GUARDINGBOND,Vfx_Ability_GuardingBond,845,Beast Mastery; hex; ring; inward; 2 pulses,Target impact,"0.55,0.91,0.92 / 0.12,0.4,0.52","Guarding Bond: Paired translucent plates close around the recipient, ending in a quiet circular seal. Authored size; ranks share this effect.",,
IMP,VFX_ABILITY_PREDATORYBOND,Vfx_Ability_PredatoryBond,846,Beast Mastery; arc; motes; rising; 3 pulses,Target impact,"1,0.82,0.42 / 0.54,0.25,0.08","Predatory Bond: Three rounded amber crescents ascend in a staggered rhythm, suggesting alert senses without impact sparks. Authored size; ranks share this effect.",,
IMP,VFX_ABILITY_REVIVEBEAST,Vfx_Ability_ReviveBeast,847,Beast Mastery; motes; ring; rising; 3 pulses,Target impact,"0.72,1,0.85 / 0.16,0.58,0.36",Revive Beast: An amber low ring opens into three ascending streams of pale green life motes. Authored size; ranks share this effect.,,
IMP,VFX_ABILITY_REWARD,Vfx_Ability_Reward,848,Beast Mastery; cross; motes; rising; 1 pulses,Target impact,"0.72,1,0.85 / 0.16,0.58,0.36",Reward: One small mint recovery cross dissolves into gently floating gold flecks. Authored size; ranks share this effect.,,
IMP,VFX_ABILITY_SOOTHEPET,Vfx_Ability_SoothePet,849,Beast Mastery; ring; motes; outward; 2 pulses,Target impact,"0.79,0.94,1 / 0.2,0.5,0.7",Soothe Pet: Two slow cyan ripples carry dim flecks away from the recipient and fade smoothly. Authored size; ranks share this effect.,,
IMP,VFX_ABILITY_TAME,Vfx_Ability_Tame,850,Beast Mastery; arc; ring; inward; 3 pulses,Target impact,"0.84,0.66,0.4 / 0.24,0.21,0.16",Tame: Three soft ochre arcs approach a green circular center in a patient settling cadence. Authored size; ranks share this effect.,,
IMP,VFX_ABILITY_ADHESIVEGRENADE,Vfx_Ability_AdhesiveGrenade,851,Devices; splatter; smoke; falling; 1 pulses,Target impact,"0.8,0.93,0.35 / 0.25,0.43,0.12",Adhesive Grenade: Thick amber-green droplets spread into a low tacky splash beneath a brief gray haze. Authored size; ranks share this effect.,,
IMP,VFX_ABILITY_ARCPROJECTOR,Vfx_Ability_ArcProjector,852,Devices; lightning; sparks; outward; 2 pulses,Target impact,"0.82,0.94,1 / 0.24,0.24,0.82",Arc Projector: A tight forked electrical crack flashes twice and ejects short blue pin sparks at the endpoint. Authored size; ranks share this effect.,,
IMP,VFX_ABILITY_BLASTERBEACON,Vfx_Ability_BlasterBeacon,853,Devices; hex; sparks; inward; 1 pulses,Target impact,"1,0.82,0.42 / 0.54,0.25,0.08",Blaster Beacon: Four targeting brackets resolve into one compact gold contact spark cluster. Authored size; ranks share this effect.,,
IMP,VFX_ABILITY_CLUSTERGRENADE,Vfx_Ability_ClusterGrenade,854,Devices; sparks; smoke; outward; 3 pulses,Target impact,"1,0.87,0.52 / 0.66,0.12,0.025","Cluster Grenade: Three offset orange contact bursts arrive in a quick stagger, each leaving a tiny separate soot puff. Authored size; ranks share this effect.",,
IMP,VFX_ABILITY_CONCUSSIONGRENADE,Vfx_Ability_ConcussionGrenade,855,Devices; ring; smoke; outward; 2 pulses,Target impact,"0.79,0.94,1 / 0.2,0.5,0.7","Concussion Grenade: A broad pale pressure disc expands once, chased by a thinner blue echo and low dust. Authored size; ranks share this effect.",,
IMP,VFX_ABILITY_CRYOSPRAYER,Vfx_Ability_CryoSprayer,856,Devices; shards; smoke; falling; 3 pulses,Target impact,"0.85,0.99,1 / 0.28,0.67,0.86",Cryo Sprayer: Fine frost needles bloom in three uneven fans and settle through a cold groundward mist. Authored size; ranks share this effect.,,
IMP,VFX_ABILITY_DEFLECTORSHIELD,Vfx_Ability_DeflectorShield,857,Devices; hex; ring; outward; 1 pulses,Target impact,"0.55,0.91,0.92 / 0.12,0.4,0.52",Deflector Shield: A single smooth honeycomb shell unfolds from the center and resolves into a clean cyan rim. Authored size; ranks share this effect.,,
IMP,VFX_ABILITY_DISRUPTIONPULSE,Vfx_Ability_DisruptionPulse,858,Devices; ring; lightning; outward; 3 pulses,Target impact,"0.81,0.65,1 / 0.32,0.16,0.58",Disruption Pulse: Three broken violet rings snap outward with sparse radial electrical interruptions. Authored size; ranks share this effect.,,
IMP,VFX_ABILITY_EMERGENCYBUNKER,Vfx_Ability_EmergencyBunker,859,Devices; hex; motes; rising; 3 pulses,Target impact,"0.55,0.91,0.92 / 0.12,0.4,0.52",Emergency Bunker: Stacked broad hexagonal panels rise in three tiers; gentle perimeter points imply a protective enclosure. Authored size; ranks share this effect.,,
IMP,VFX_ABILITY_FLAMETHROWER,Vfx_Ability_Flamethrower,860,Devices; smoke; sparks; rising; 3 pulses,Target impact,"1,0.87,0.52 / 0.66,0.12,0.025",Flamethrower: A rolling orange ember plume rises at the struck surface with three uneven tongues of warm smoke. Authored size; ranks share this effect.,,
IMP,VFX_ABILITY_FLASHGRENADE,Vfx_Ability_FlashGrenade,861,Devices; ring; motes; outward; 1 pulses,Target impact,"1,1,0.95 / 0.7,0.77,0.82",Flash Grenade: One bright compact white bloom flattens into a pale expanding halo with minimal lingering motes. Authored size; ranks share this effect.,,
IMP,VFX_ABILITY_FRAGGRENADE,Vfx_Ability_FragGrenade,862,Devices; shards; sparks; outward; 2 pulses,Target impact,"1,0.94,0.77 / 0.38,0.34,0.29",Frag Grenade: Angular warm metal fragments burst through a short orange ignition flash and then fall dark. Authored size; ranks share this effect.,,
IMP,VFX_ABILITY_GROUPDEFLECTOR,Vfx_Ability_GroupDeflector,863,Devices; ring; hex; rising; 2 pulses,Target impact,"0.79,0.94,1 / 0.2,0.5,0.7","Group Deflector: Two level cyan bands climb past a soft outer honeycomb boundary, reading as shared protection. Authored size; ranks share this effect.",,
IMP,VFX_ABILITY_INCENDIARYFIELD,Vfx_Ability_IncendiaryField,864,Devices; smoke; motes; rising; 2 pulses,Target impact,"1,0.61,0.25 / 0.3,0.055,0.025","Incendiary Field: Two low red-orange smoke curls loft sparse embers, marking ignition rather than a grenade explosion. Authored size; ranks share this effect.",,
IMP,VFX_ABILITY_IONGRENADE,Vfx_Ability_IonGrenade,865,Devices; lightning; ring; orbit; 3 pulses,Target impact,"0.82,0.94,1 / 0.24,0.24,0.82",Ion Grenade: Three blue-white electrical branches wrap a violet annulus before collapsing into dim pinpoints. Authored size; ranks share this effect.,,
IMP,VFX_ABILITY_IONLANCE,Vfx_Ability_IonLance,866,Devices; sparks; shards; outward; 1 pulses,Target impact,"0.85,0.99,1 / 0.28,0.67,0.86",Ion Lance: A needle-tight white-blue contact point sheds a narrow fan of crystalline ion streaks. Authored size; ranks share this effect.,,
IMP,VFX_ABILITY_KILLZONEBEACON,Vfx_Ability_KillzoneBeacon,867,Devices; hex; ring; inward; 2 pulses,Target impact,"1,0.82,0.42 / 0.54,0.25,0.08","Killzone Beacon: An amber segmented reticle contracts, followed by a blue interference ring inside it. Authored size; ranks share this effect.",,
IMP,VFX_ABILITY_OVERLOADBARRAGE,Vfx_Ability_OverloadBarrage,868,Devices; sparks; ring; outward; 3 pulses,Target impact,"1,0.87,0.52 / 0.66,0.12,0.025",Overload Barrage: Three deliberately separated orange impact blooms build to a broad gray pressure ring. Authored size; ranks share this effect.,,
IMP,VFX_ABILITY_POWERCELL,Vfx_Ability_PowerCell,869,Devices; hex; motes; rising; 3 pulses,Target impact,"0.8,0.93,0.35 / 0.25,0.43,0.12",Power Cell: Three lime cells fill upward and release orderly yellow points like a charging indicator. Authored size; ranks share this effect.,,
IMP,VFX_ABILITY_RAILDART,Vfx_Ability_RailDart,870,Devices; sparks; slash; outward; 1 pulses,Target impact,"1,0.94,0.77 / 0.38,0.34,0.29",Rail Dart: A tiny white piercing glint drives a thin oblique metallic scratch with a few warm filings. Authored size; ranks share this effect.,,
IMP,VFX_ABILITY_REMOTECHARGE,Vfx_Ability_RemoteCharge,871,Devices; ring; shards; outward; 2 pulses,Target impact,"1,0.61,0.25 / 0.3,0.055,0.025",Remote Charge: A tight red-orange ignition circle precedes a larger outward debris collar and fading dust-colored fragments. Authored size; ranks share this effect.,,
IMP,VFX_ABILITY_SHOCKBEACON,Vfx_Ability_ShockBeacon,872,Devices; arc; motes; rising; 2 pulses,Target impact,"0.82,0.94,1 / 0.24,0.24,0.82",Shock Beacon: Two short cyan electrical arches climb from a blue center and dissolve into separated static points. Authored size; ranks share this effect.,,
IMP,VFX_ABILITY_SIGNALJAMMER,Vfx_Ability_SignalJammer,873,Devices; hex; arc; orbit; 3 pulses,Target impact,"0.81,0.65,1 / 0.32,0.16,0.58",Signal Jammer: Three incomplete violet brackets drift out of alignment while a thin oscillating arc fades between them. Authored size; ranks share this effect.,,
IMP,VFX_ABILITY_SONICBURST,Vfx_Ability_SonicBurst,874,Devices; ring; arc; outward; 4 pulses,Target impact,"0.79,0.94,1 / 0.2,0.5,0.7",Sonic Burst: Four narrow translucent pressure ripples spread in quick succession with opposed crescent highlights. Authored size; ranks share this effect.,,
IMP,VFX_ABILITY_THERMALDETONATOR,Vfx_Ability_ThermalDetonator,875,Devices; ring; smoke; outward; 3 pulses,Target impact,"1,0.87,0.52 / 0.66,0.12,0.025","Thermal Detonator: A white-hot center turns amber, opening into two orange rings and a final dark rolling smoke collar. Authored size; ranks share this effect.",,
IMP,VFX_ABILITY_WEAPONJAM,Vfx_Ability_WeaponJam,876,Devices; hex; sparks; inward; 2 pulses,Target impact,"1,0.82,0.42 / 0.54,0.25,0.08",Weapon Jam: Two small broken amber brackets clamp together with one dry mechanical spark pop. Authored size; ranks share this effect.,,
IMP,VFX_ABILITY_WRISTROCKET,Vfx_Ability_WristRocket,877,Devices; sparks; shards; outward; 1 pulses,Target impact,"1,0.87,0.52 / 0.66,0.12,0.025",Wrist Rocket: A compact orange impact cone throws bright short shrapnel streaks away from a concentrated center. Authored size; ranks share this effect.,,
IMP,VFX_ABILITY_GHOSTPROTOCOL,Vfx_Ability_GhostProtocol,878,Espionage; smoke; motes; inward; 2 pulses,Target impact,"0.53,0.36,0.69 / 0.12,0.1,0.16","Ghost Protocol: Two soft charcoal wisps fold inward and take a few violet points with them, leaving no flash. Authored size; ranks share this effect.",,
IMP,VFX_ABILITY_RAZORTRAP,Vfx_Ability_RazorTrap,879,Espionage; slash; shards; rising; 3 pulses,Target impact,"1,0.94,0.77 / 0.38,0.34,0.29",Razor Trap: Three low silver cuts spring upward through a sparse fan of dark metallic slivers. Authored size; ranks share this effect.,,
IMP,VFX_ABILITY_SHADOWSTEP,Vfx_Ability_ShadowStep,880,Espionage; arc; smoke; inward; 2 pulses,Target impact,"0.53,0.36,0.69 / 0.12,0.1,0.16",Shadow Step: Opposing violet afterimage crescents fold into a narrow gray wisp at the arrival point. Authored size; ranks share this effect.,,
IMP,VFX_ABILITY_SHOCKTRAP,Vfx_Ability_ShockTrap,881,Espionage; lightning; shards; rising; 2 pulses,Target impact,"0.82,0.94,1 / 0.24,0.24,0.82",Shock Trap: Two jagged electrical forks erupt from below with tiny blue crystal-like static flecks. Authored size; ranks share this effect.,,
IMP,VFX_ABILITY_TACTICALESCAPE,Vfx_Ability_TacticalEscape,882,Espionage; smoke; ring; outward; 2 pulses,Target impact,"0.79,0.94,1 / 0.2,0.5,0.7","Tactical Escape: A soft gray-blue puff opens a clear central gap, followed by a low thin outward ripple. Authored size; ranks share this effect.",,
IMP,VFX_ABILITY_ADRENALSTIM,Vfx_Ability_AdrenalStim,883,First Aid; motes; arc; rising; 3 pulses,Target impact,"0.8,0.93,0.35 / 0.25,0.43,0.12",Adrenal Stim: Three short lime motes climb rapidly along a gentle gold curve like an accelerating pulse. Authored size; ranks share this effect.,,
IMP,VFX_ABILITY_ANTITOXIN,Vfx_Ability_Antitoxin,884,First Aid; ring; cross; outward; 2 pulses,Target impact,"0.72,1,0.85 / 0.16,0.58,0.36",Antitoxin: A green cleansing ring carries murky specks outward while a small white medical cross remains briefly. Authored size; ranks share this effect.,,
IMP,VFX_ABILITY_EMERGENCYCOCKTAIL,Vfx_Ability_EmergencyCocktail,885,First Aid; cross; hex; rising; 3 pulses,Target impact,"0.72,1,0.85 / 0.16,0.58,0.36","Emergency Cocktail: A green cross appears first, followed by a gold charging cell and a soft protective cyan plate. Authored size; ranks share this effect.",,
IMP,VFX_ABILITY_EMERGENCYTRIAGE,Vfx_Ability_EmergencyTriage,886,First Aid; cross; ring; outward; 2 pulses,Target impact,"1,1,0.95 / 0.7,0.77,0.82","Emergency Triage: A clear white medical cross pulses twice inside a tight mint halo, urgent but free of sparks. Authored size; ranks share this effect.",,
IMP,VFX_ABILITY_FOCUSSTIM,Vfx_Ability_FocusStim,887,First Aid; hex; motes; inward; 2 pulses,Target impact,"0.79,0.94,1 / 0.2,0.5,0.7",Focus Stim: Two cool blue focus brackets align slowly and settle into a steady pale center point. Authored size; ranks share this effect.,,
IMP,VFX_ABILITY_INFUSION,Vfx_Ability_Infusion,888,First Aid; motes; cross; rising; 4 pulses,Target impact,"0.72,1,0.85 / 0.16,0.58,0.36",Infusion: Four evenly spaced mint drops rise in a narrow stream past a faint recovery cross. Authored size; ranks share this effect.,,
IMP,VFX_ABILITY_KOLTOMIST,Vfx_Ability_KoltoMist,889,First Aid; smoke; motes; rising; 2 pulses,Target impact,"0.72,1,0.85 / 0.16,0.58,0.36",Kolto Mist: A broad low turquoise mist rolls upward with soft drifting green recovery points. Authored size; ranks share this effect.,,
IMP,VFX_ABILITY_MEDKIT,Vfx_Ability_MedKit,890,First Aid; cross; ring; rising; 1 pulses,Target impact,"0.72,1,0.85 / 0.16,0.58,0.36",Med Kit: A solid gentle green medical cross rises through one smooth pale circular recovery glow. Authored size; ranks share this effect.,,
IMP,VFX_ABILITY_PAINSUPPRESSANT,Vfx_Ability_PainSuppressant,891,First Aid; hex; cross; inward; 2 pulses,Target impact,"0.55,0.91,0.92 / 0.12,0.4,0.52",Pain Suppressant: Soft teal plates settle around a dim medical cross with two slow reassuring pulses. Authored size; ranks share this effect.,,
IMP,VFX_ABILITY_RESUSCITATION,Vfx_Ability_Resuscitation,892,First Aid; cross; motes; rising; 3 pulses,Target impact,"0.72,1,0.85 / 0.16,0.58,0.36","Resuscitation: A low pale cross brightens in three separated beats, then releases a tall narrow stream of green motes. Authored size; ranks share this effect.",,
IMP,VFX_ABILITY_SHIELDING,Vfx_Ability_Shielding,893,First Aid; ring; hex; inward; 1 pulses,Target impact,"0.79,0.94,1 / 0.2,0.5,0.7",Shielding: A broad pale protective ring contracts to a calm blue translucent central plate. Authored size; ranks share this effect.,,
IMP,VFX_ABILITY_TREATMENTKIT,Vfx_Ability_TreatmentKit,894,First Aid; cross; arc; outward; 3 pulses,Target impact,"0.72,1,0.85 / 0.16,0.58,0.36","Treatment Kit: A mint cross releases three gentle cleansing crescents, sweeping dim residue outward without an explosion. Authored size; ranks share this effect.",,
IMP,VFX_ABILITY_BENEVOLENCE,Vfx_Ability_Benevolence,895,Force; motes; ring; rising; 2 pulses,Target impact,"1,0.96,0.76 / 0.68,0.49,0.2",Benevolence: Warm ivory motes gather into two ascending open halos with a soft gold center. Authored size; ranks share this effect.,,
IMP,VFX_ABILITY_CREEPINGTERROR,Vfx_Ability_CreepingTerror,896,Force; smoke; arc; inward; 3 pulses,Target impact,"0.53,0.36,0.69 / 0.12,0.1,0.16",Creeping Terror: Three low charcoal curls creep toward an incomplete violet crescent around the recipient. Authored size; ranks share this effect.,,
IMP,VFX_ABILITY_ECLIPSEOFRESOLVE,Vfx_Ability_EclipseOfResolve,897,Force; ring; motes; inward; 2 pulses,Target impact,"0.53,0.36,0.69 / 0.12,0.1,0.16",Eclipse of Resolve: Two dark violet annuli close on a dim center as sparse pale confidence-like points extinguish. Authored size; ranks share this effect.,,
IMP,VFX_ABILITY_FORCEBURST,Vfx_Ability_ForceBurst,898,Force; ring; sparks; outward; 2 pulses,Target impact,"0.81,0.65,1 / 0.32,0.16,0.58",Force Burst: A dense violet contact flash releases two offset white-edged pressure rings. Authored size; ranks share this effect.,,
IMP,VFX_ABILITY_FORCECHOKE,Vfx_Ability_ForceChoke,899,Force; arc; motes; inward; 3 pulses,Target impact,"0.53,0.36,0.69 / 0.12,0.1,0.16","Force Choke: Three narrow violet crescents tighten inward, with sparse downward-fading points suggesting constriction. Authored size; ranks share this effect.",,
IMP,VFX_ABILITY_FORCEDRAIN,Vfx_Ability_ForceDrain,900,Force; motes; arc; inward; 3 pulses,Target impact,"0.93,0.35,0.32 / 0.35,0.07,0.13",Force Drain: Red-violet motes stream toward a dark central crescent in three measured pulls; native drain beam stays separate. Authored size; ranks share this effect.,,
IMP,VFX_ABILITY_FORCEINTERCEPT,Vfx_Ability_ForceIntercept,901,Force; arc; hex; inward; 2 pulses,Target impact,"1,0.96,0.76 / 0.68,0.49,0.2",Force Intercept: A fast ivory arrival crescent settles into a broad gold protective panel. Authored size; ranks share this effect.,,
IMP,VFX_ABILITY_FORCEJUDGMENT,Vfx_Ability_ForceJudgment,902,Force; ring; shards; falling; 2 pulses,Target impact,"1,0.96,0.76 / 0.68,0.49,0.2",Force Judgment: Two white-gold descending impact bands dissolve into restrained radiant slivers. Authored size; ranks share this effect.,,
IMP,VFX_ABILITY_FORCELEAP,Vfx_Ability_ForceLeap,903,Force; ring; smoke; outward; 1 pulses,Target impact,"0.79,0.94,1 / 0.2,0.5,0.7",Force Leap: One sharp pale landing ripple displaces a low gray dust collar at contact. Authored size; ranks share this effect.,,
IMP,VFX_ABILITY_FORCELIGHTNING,Vfx_Ability_ForceLightning,904,Force; lightning; sparks; orbit; 4 pulses,Target impact,"0.82,0.94,1 / 0.24,0.24,0.82",Force Lightning: Four irregular blue electrical branches crack around a white contact point; retain the native lightning beam. Authored size; ranks share this effect.,,
IMP,VFX_ABILITY_FORCEPUSH,Vfx_Ability_ForcePush,905,Force; arc; ring; outward; 2 pulses,Target impact,"0.79,0.94,1 / 0.2,0.5,0.7",Force Push: A wide pale-blue crescent opens into a thin trailing pressure ripple with no debris. Authored size; ranks share this effect.,,
IMP,VFX_ABILITY_FORCESANCTUARY,Vfx_Ability_ForceSanctuary,906,Force; ring; motes; rising; 3 pulses,Target impact,"1,0.96,0.76 / 0.68,0.49,0.2",Force Sanctuary: Three slow ivory sanctuary bands rise around quiet warm floating light points. Authored size; ranks share this effect.,,
IMP,VFX_ABILITY_FORCESPARK,Vfx_Ability_ForceSpark,907,Force; sparks; lightning; outward; 1 pulses,Target impact,"0.81,0.65,1 / 0.32,0.16,0.58",Force Spark: A solitary violet-white static star spits three tiny irregular electrical tendrils. Authored size; ranks share this effect.,,
IMP,VFX_ABILITY_FURYSTANCE,Vfx_Ability_FuryStance,908,Force; arc; motes; rising; 3 pulses,Target impact,"0.93,0.35,0.32 / 0.35,0.07,0.13","Fury Stance: Three broad red crescents rise on staggered sides with glowing amber points, a stance receipt rather than a hit. Authored size; ranks share this effect.",,
IMP,VFX_ABILITY_GUARDIANWARD,Vfx_Ability_GuardianWard,909,Force; hex; ring; inward; 2 pulses,Target impact,"1,0.96,0.76 / 0.68,0.49,0.2",Guardian Ward: Two ivory protective planes converge into a softly lit gold circular ward. Authored size; ranks share this effect.,,
IMP,VFX_ABILITY_HUNGEROFTHEDARK,Vfx_Ability_HungerOfTheDark,910,Force; motes; ring; inward; 4 pulses,Target impact,"0.53,0.36,0.69 / 0.12,0.1,0.16",Hunger of the Dark: Four sparse violet streams feed a dim red inner ring that fades without bursting. Authored size; ranks share this effect.,,
IMP,VFX_ABILITY_LASTSTANDOFTHELIGHT,Vfx_Ability_LastStandOfTheLight,911,Force; hex; motes; rising; 3 pulses,Target impact,"1,0.96,0.76 / 0.68,0.49,0.2",Last Stand of the Light: Three luminous ivory plates rise successively and leave a gentle crown of gold points. Authored size; ranks share this effect.,,
IMP,VFX_ABILITY_MINDTRICK,Vfx_Ability_MindTrick,912,Force; arc; ring; orbit; 2 pulses,Target impact,"0.81,0.65,1 / 0.32,0.16,0.58","Mind Trick: Two thin lavender crescents counter-orbit an incomplete pale ring, suggesting uncertainty rather than injury. Authored size; ranks share this effect.",,
IMP,VFX_ABILITY_NIGHTMAREFIELD,Vfx_Ability_NightmareField,913,Force; smoke; ring; inward; 4 pulses,Target impact,"0.53,0.36,0.69 / 0.12,0.1,0.16",Nightmare Field: Four low violet wisps pull toward concentric broken dark circles in an uneven rhythm. Authored size; ranks share this effect.,,
IMP,VFX_ABILITY_PURIFYINGWAVE,Vfx_Ability_PurifyingWave,914,Force; ring; motes; outward; 2 pulses,Target impact,"1,0.96,0.76 / 0.68,0.49,0.2",Purifying Wave: Two smooth ivory waves sweep soft gold particles outward in a cleansing wash. Authored size; ranks share this effect.,,
IMP,VFX_ABILITY_RADIANTLANCE,Vfx_Ability_RadiantLance,915,Force; sparks; arc; outward; 1 pulses,Target impact,"1,0.96,0.76 / 0.68,0.49,0.2",Radiant Lance: A narrow white-gold terminal flare opens into one pointed radiant crescent; preserve any separate traveling lance. Authored size; ranks share this effect.,,
IMP,VFX_ABILITY_RENEWAL,Vfx_Ability_Renewal,916,Force; motes; arc; rising; 4 pulses,Target impact,"1,0.96,0.76 / 0.68,0.49,0.2",Renewal: Four unhurried ivory mote groups curl upward along a soft green-gold recovery arc. Authored size; ranks share this effect.,,
IMP,VFX_ABILITY_THROWLIGHTSABER,Vfx_Ability_ThrowLightsaber,917,Force; slash; sparks; outward; 1 pulses,Target impact,"0.79,0.94,1 / 0.2,0.5,0.7",Throw Lightsaber: A small pale energy cut emits sparse warm contact sparks; do not replace or obscure the native spinning weapon. Authored size; ranks share this effect.,,
IMP,VFX_ABILITY_THROWROCK,Vfx_Ability_ThrowRock,918,Force; shards; smoke; falling; 2 pulses,Target impact,"0.84,0.66,0.4 / 0.24,0.21,0.16",Throw Rock: Two heavy brown-gray fragment clusters fall through a compact tan impact dust puff. Authored size; ranks share this effect.,,
IMP,VFX_ABILITY_WEAKENRESOLVE,Vfx_Ability_WeakenResolve,919,Force; hex; motes; inward; 2 pulses,Target impact,"0.81,0.65,1 / 0.32,0.16,0.58",Weaken Resolve: Two pale violet focus plates misalign and dissolve into descending dim points. Authored size; ranks share this effect.,,
IMP,VFX_ABILITY_PROVOKE,Vfx_Ability_Provoke,920,General; arc; ring; outward; 3 pulses,Target impact,"1,0.82,0.42 / 0.54,0.25,0.08",Provoke: Three warm attention crescents snap outward around a thin gold target halo without sword trails. Authored size; ranks share this effect.,,
IMP,VFX_ABILITY_ABSOLUTEDEFENSE,Vfx_Ability_AbsoluteDefense,921,Heavy Vibroblade; hex; ring; rising; 4 pulses,Target impact,"1,0.96,0.76 / 0.68,0.49,0.2","Absolute Defense: Four broad ivory plates form a layered shield wall, finishing in a slow gold protective halo. Authored size; ranks share this effect.",,
IMP,VFX_ABILITY_BASTIONSTANCE,Vfx_Ability_BastionStance,922,Heavy Vibroblade; hex; motes; inward; 3 pulses,Target impact,"0.55,0.91,0.92 / 0.12,0.4,0.52",Bastion Stance: Three thick cool-blue plates lock into a stable central bastion with sparse settled perimeter lights. Authored size; ranks share this effect.,,
IMP,VFX_ABILITY_BLAZINGSPIKES,Vfx_Ability_BlazingSpikes,923,Heavy Vibroblade; arc; motes; rising; 4 pulses,Target impact,"1,0.61,0.25 / 0.3,0.055,0.025","Blazing Spikes: Four flame-shaped amber crescents rise around a soft red inner glow, restrained for a stance activation. Authored size; ranks share this effect.",,
IMP,VFX_ABILITY_EARTHSHATTER,Vfx_Ability_Earthshatter,924,Heavy Vibroblade; shards; ring; rising; 3 pulses,Target impact,"0.84,0.66,0.4 / 0.24,0.21,0.16",Earthshatter: Three uneven stone splinter fans heave upward through successive low ochre shock rings. Authored size; ranks share this effect.,,
IMP,VFX_ABILITY_FLASH,Vfx_Ability_Flash,925,Heavy Vibroblade; arc; ring; outward; 2 pulses,Target impact,"1,1,0.95 / 0.7,0.77,0.82",Flash: Two flat white attention crescents sweep a pale halo; no shrapnel or fire suggests damage. Authored size; ranks share this effect.,,
IMP,VFX_ABILITY_FORTRESSSTRIKE,Vfx_Ability_FortressStrike,926,Heavy Vibroblade; sparks; hex; outward; 2 pulses,Target impact,"1,0.94,0.77 / 0.38,0.34,0.29",Fortress Strike: A heavy gold-white impact spark is backed by one broad brief steel-blue shield plate. Authored size; ranks share this effect.,,
IMP,VFX_ABILITY_RAMPART,Vfx_Ability_Rampart,927,Heavy Vibroblade; arc; hex; rising; 3 pulses,Target impact,"0.55,0.91,0.92 / 0.12,0.4,0.52",Rampart: Three smooth blue rampart arcs lift into translucent defensive panels. Authored size; ranks share this effect.,,
IMP,VFX_ABILITY_SACRIFICIALBLADE,Vfx_Ability_SacrificialBlade,928,Heavy Vibroblade; slash; motes; inward; 1 pulses,Target impact,"0.93,0.35,0.32 / 0.35,0.07,0.13",Sacrificial Blade: A single narrow crimson cut draws sparse red points inward along its edge. Authored size; ranks share this effect.,,
IMP,VFX_ABILITY_SOULBURST,Vfx_Ability_SoulBurst,929,Heavy Vibroblade; ring; motes; outward; 3 pulses,Target impact,"0.93,0.35,0.32 / 0.35,0.07,0.13",Soul Burst: Three irregular crimson wavelets throw faint violet soul-like points from a dark center. Authored size; ranks share this effect.,,
IMP,VFX_ABILITY_SOULDEVOURER,Vfx_Ability_SoulDevourer,930,Heavy Vibroblade; arc; ring; inward; 3 pulses,Target impact,"0.53,0.36,0.69 / 0.12,0.1,0.16",Soul Devourer: Three hooked violet crescents gather toward a dim crimson central seal without contact debris. Authored size; ranks share this effect.,,
IMP,VFX_ABILITY_SOULSTORM,Vfx_Ability_SoulStorm,931,Heavy Vibroblade; motes; ring; rising; 4 pulses,Target impact,"0.93,0.35,0.32 / 0.35,0.07,0.13","Soul Storm: Four red-gold point streams rise inside widening warm rings, communicating empowered allies rather than injury. Authored size; ranks share this effect.",,
IMP,VFX_ABILITY_SOULSTRIKE,Vfx_Ability_SoulStrike,932,Heavy Vibroblade; slash; ring; inward; 2 pulses,Target impact,"0.93,0.35,0.32 / 0.35,0.07,0.13",Soul Strike: A crimson diagonal cut contracts into a small warm-gold circular recovery echo. Authored size; ranks share this effect.,,
IMP,VFX_ABILITY_ADAMANTINEGUARD,Vfx_Ability_AdamantineGuard,933,Katar; hex; arc; inward; 4 pulses,Target impact,"0.55,0.91,0.92 / 0.12,0.4,0.52",Adamantine Guard: Four solid-looking blue protective segments settle in a staggered perimeter with rounded ivory edges. Authored size; ranks share this effect.,,
IMP,VFX_ABILITY_GUARDCOUNTER,Vfx_Ability_GuardCounter,934,Katar; arc; sparks; outward; 2 pulses,Target impact,"1,0.94,0.77 / 0.38,0.34,0.29",Guard Counter: A short steel-blue blocking crescent reverses into one warm retaliatory spark fan. Authored size; ranks share this effect.,,
IMP,VFX_ABILITY_HOOKINGSTRIKE,Vfx_Ability_HookingStrike,935,Katar; arc; slash; inward; 1 pulses,Target impact,"1,0.94,0.77 / 0.38,0.34,0.29","Hooking Strike: A hooked silver crescent pulls into a thin amber contact notch, clearly different from a straight slash. Authored size; ranks share this effect.",,
IMP,VFX_ABILITY_INTERRUPTINGSWEEP,Vfx_Ability_InterruptingSweep,936,Katar; slash; ring; outward; 2 pulses,Target impact,"0.79,0.94,1 / 0.2,0.5,0.7",Interrupting Sweep: A broad low silver sweep fractures a narrow cyan ring into two fading halves. Authored size; ranks share this effect.,,
IMP,VFX_ABILITY_IRONWALLSTANCE,Vfx_Ability_IronWallStance,937,Katar; hex; ring; rising; 2 pulses,Target impact,"0.55,0.91,0.92 / 0.12,0.4,0.52",Iron Wall Stance: Two wide blue plates rise like a wall and finish in a steady low silver rim. Authored size; ranks share this effect.,,
IMP,VFX_ABILITY_JOINTLOCK,Vfx_Ability_JointLock,938,Katar; arc; hex; inward; 2 pulses,Target impact,"1,0.82,0.42 / 0.54,0.25,0.08",Joint Lock: Two opposing bronze hooks close around a compact squared blue joint marker. Authored size; ranks share this effect.,,
IMP,VFX_ABILITY_SCRAPHEAPLOCKDOWN,Vfx_Ability_ScrapheapLockdown,939,Katar; hex; shards; falling; 3 pulses,Target impact,"1,0.94,0.77 / 0.38,0.34,0.29",Scrapheap Lockdown: Three broken steel clamps settle inward as small dark metal flakes drop away. Authored size; ranks share this effect.,,
IMP,VFX_ABILITY_SCRAPPERSTANCE,Vfx_Ability_ScrapperStance,940,Katar; arc; motes; orbit; 2 pulses,Target impact,"1,0.82,0.42 / 0.54,0.25,0.08","Scrapper Stance: Two offset rounded bronze arcs circle a restrained teal center, suggesting controlled leverage. Authored size; ranks share this effect.",,
IMP,VFX_ABILITY_TWINGUARDSTANCE,Vfx_Ability_TwinGuardStance,941,Katar; arc; hex; inward; 2 pulses,Target impact,"0.55,0.91,0.92 / 0.12,0.4,0.52",Steel Shoulder: Matched left and right cyan arches close around a shared translucent plate. Authored size; ranks share this effect.,,
IMP,VFX_ABILITY_TWININTERCEPT,Vfx_Ability_TwinIntercept,942,Katar; hex; ring; outward; 2 pulses,Target impact,"0.79,0.94,1 / 0.2,0.5,0.7",Tag In: Two quick pale-blue shields unfold in succession and soften into an outer ward ring. Authored size; ranks share this effect.,,
IMP,VFX_ABILITY_WHIRLINGGUARD,Vfx_Ability_WhirlingGuard,943,Katar; arc; ring; orbit; 3 pulses,Target impact,"0.55,0.91,0.92 / 0.12,0.4,0.52",Whirling Guard: Three smooth silver-blue defensive crescents orbit a quiet circular boundary. Authored size; ranks share this effect.,,
IMP,VFX_ABILITY_BREAKMORALE,Vfx_Ability_BreakMorale,944,Leadership; ring; arc; inward; 3 pulses,Target impact,"1,0.82,0.42 / 0.54,0.25,0.08",Break Morale: Three desaturated gold command rings buckle inward and break into downward-facing crescents. Authored size; ranks share this effect.,,
IMP,VFX_ABILITY_CHARGEORDER,Vfx_Ability_ChargeOrder,945,Leadership; arc; motes; rising; 3 pulses,Target impact,"1,0.96,0.76 / 0.68,0.49,0.2",Charge Order: Three upward-pointing rounded gold crescents ascend with short aligned ivory mote trails. Authored size; ranks share this effect.,,
IMP,VFX_ABILITY_CLEANSEORDER,Vfx_Ability_CleanseOrder,946,Leadership; ring; hex; outward; 2 pulses,Target impact,"0.72,1,0.85 / 0.16,0.58,0.36",Cleanse Order: A green cleansing ring sweeps outward and leaves one calm ivory protective plate. Authored size; ranks share this effect.,,
IMP,VFX_ABILITY_COORDINATEDFOCUS,Vfx_Ability_CoordinatedFocus,947,Leadership; hex; motes; inward; 3 pulses,Target impact,"1,0.96,0.76 / 0.68,0.49,0.2",Coordinated Focus: Three gold targeting brackets align slowly around a clean ivory center without hit sparks. Authored size; ranks share this effect.,,
IMP,VFX_ABILITY_DECISIVECOMMAND,Vfx_Ability_DecisiveCommand,948,Leadership; arc; hex; rising; 4 pulses,Target impact,"1,0.96,0.76 / 0.68,0.49,0.2",Decisive Command: Four broad warm chevron-like arcs rise in a measured sequence behind a small focus plate. Authored size; ranks share this effect.,,
IMP,VFX_ABILITY_FIELDRECOVERY,Vfx_Ability_FieldRecovery,949,Leadership; motes; ring; rising; 3 pulses,Target impact,"0.72,1,0.85 / 0.16,0.58,0.36",Field Recovery: Three green-gold recovery point groups climb through low gentle ivory rings. Authored size; ranks share this effect.,,
IMP,VFX_ABILITY_HOLDTHELINE,Vfx_Ability_HoldTheLine,950,Leadership; hex; arc; rising; 4 pulses,Target impact,"0.55,0.91,0.92 / 0.12,0.4,0.52",Hold the Line: Four tall cyan protective panels settle shoulder to shoulder beneath a smooth silver top arc. Authored size; ranks share this effect.,,
IMP,VFX_ABILITY_PRESSTHEATTACK,Vfx_Ability_PressTheAttack,951,Leadership; arc; ring; outward; 2 pulses,Target impact,"1,0.82,0.42 / 0.54,0.25,0.08","Press the Attack: Two broad gold command crescents open into a clean outward amber halo, with no damaging debris. Authored size; ranks share this effect.",,
IMP,VFX_ABILITY_RALLYINGSTANDARD,Vfx_Ability_RallyingStandard,952,Leadership; motes; hex; rising; 2 pulses,Target impact,"1,0.96,0.76 / 0.68,0.49,0.2",Rallying Standard: Two straight ivory mote columns frame a broad translucent gold banner-like panel. Authored size; ranks share this effect.,,
IMP,VFX_ABILITY_ROUSINGSHOUT,Vfx_Ability_RousingShout,953,Leadership; ring; hex; outward; 3 pulses,Target impact,"1,0.96,0.76 / 0.68,0.49,0.2",Rousing Shout: Three warm vocal ripples open around a soft ivory protective core. Authored size; ranks share this effect.,,
IMP,VFX_ABILITY_STEADYFORMATION,Vfx_Ability_SteadyFormation,954,Leadership; hex; motes; orbit; 3 pulses,Target impact,"0.79,0.94,1 / 0.2,0.5,0.7",Steady Formation: Three evenly spaced cyan plates rotate gently around a stable ring of pale points. Authored size; ranks share this effect.,,
IMP,VFX_ABILITY_WATCHFULPRESENCE,Vfx_Ability_WatchfulPresence,955,Leadership; arc; motes; inward; 1 pulses,Target impact,"1,0.96,0.76 / 0.68,0.49,0.2","Watchful Presence: A broad gentle ivory crescent settles above a sparse gold perimeter, quiet and protective. Authored size; ranks share this effect.",,
IMP,VFX_ABILITY_AEGISETERNAL,Vfx_Ability_AegisEternal,956,Lightsaber; hex; arc; orbit; 4 pulses,Target impact,"1,0.96,0.76 / 0.68,0.49,0.2",Aegis Eternal: Four luminous ivory plates overlap into a complete rounded aegis with slow gold rim arcs. Authored size; ranks share this effect.,,
IMP,VFX_ABILITY_EPICENTER,Vfx_Ability_Epicenter,957,Lightsaber; ring; shards; outward; 3 pulses,Target impact,"0.84,0.66,0.4 / 0.24,0.21,0.16",Epicenter: Three concentric pressure rings dislodge upward gray chips from a small bright central impact. Authored size; ranks share this effect.,,
IMP,VFX_ABILITY_SABERFORCELINK,Vfx_Ability_SaberForceLink,958,Lightsaber; ring; arc; inward; 2 pulses,Target impact,"0.79,0.94,1 / 0.2,0.5,0.7",Force Link: Two interlocking cyan circles resolve into a paired soft ivory crescent seal. Authored size; ranks share this effect.,,
IMP,VFX_ABILITY_FORCESHEATH,Vfx_Ability_ForceSheath,959,Lightsaber; slash; motes; outward; 1 pulses,Target impact,"0.79,0.94,1 / 0.2,0.5,0.7",Force Sheath: A fine white-blue force edge peels away from the contact line into sparse turquoise motes. Authored size; ranks share this effect.,,
IMP,VFX_ABILITY_GUARDIANSCHALLENGE,Vfx_Ability_GuardiansChallenge,960,Lightsaber; slash; ring; outward; 2 pulses,Target impact,"1,0.96,0.76 / 0.68,0.49,0.2",Guardian's Challenge: A broad gold-edged cut is followed by one assertive ivory attention ring. Authored size; ranks share this effect.,,
IMP,VFX_ABILITY_IMBUEMENTSTANCE,Vfx_Ability_ImbuementStance,961,Lightsaber; motes; arc; rising; 3 pulses,Target impact,"0.81,0.65,1 / 0.32,0.16,0.58",Imbuement Stance: Three violet point streams trace a smooth pale energy crescent around the recipient. Authored size; ranks share this effect.,,
IMP,VFX_ABILITY_IMMOVABLESTANCE,Vfx_Ability_ImmovableStance,962,Lightsaber; hex; ring; inward; 3 pulses,Target impact,"0.79,0.94,1 / 0.2,0.5,0.7",Immovable Stance: Three heavy blue panes settle onto a low stable ivory ring with no outward blast. Authored size; ranks share this effect.,,
IMP,VFX_ABILITY_REPRISAL,Vfx_Ability_Reprisal,963,Lightsaber; arc; sparks; inward; 2 pulses,Target impact,"1,0.82,0.42 / 0.54,0.25,0.08",Reprisal: A hooked warm arc folds into a compact white-gold retaliation flash. Authored size; ranks share this effect.,,
IMP,VFX_ABILITY_SABERWARD,Vfx_Ability_SaberWard,964,Lightsaber; hex; motes; rising; 2 pulses,Target impact,"0.79,0.94,1 / 0.2,0.5,0.7",Saber Ward: Two translucent cyan ward plates rise with quiet silver points along their borders. Authored size; ranks share this effect.,,
IMP,VFX_ABILITY_SHATTERINGSTRIKE,Vfx_Ability_ShatteringStrike,965,Lightsaber; shards; slash; outward; 2 pulses,Target impact,"0.79,0.94,1 / 0.2,0.5,0.7",Shattering Strike: A narrow blue-white cut fractures into two offset fans of pale shield-like shards. Authored size; ranks share this effect.,,
IMP,VFX_ABILITY_SUNDERINGSWEEP,Vfx_Ability_SunderingSweep,966,Lightsaber; arc; shards; outward; 3 pulses,Target impact,"0.79,0.94,1 / 0.2,0.5,0.7",Sundering Sweep: Three low blue crescents shed small silver fragments along a widening sweep. Authored size; ranks share this effect.,,
IMP,VFX_ABILITY_APEXCOLLAPSETECHNIQUE,Vfx_Ability_ApexCollapseTechnique,967,Mimicry; arc; hex; rising; 3 pulses,Target impact,"0.93,0.35,0.32 / 0.35,0.07,0.13",Apex Collapse: Three forceful crimson stance crescents rise behind an opening amber combat plate. Authored size; ranks share this effect.,,
IMP,VFX_ABILITY_ARCPULSETECHNIQUE,Vfx_Ability_ArcPulseTechnique,968,Mimicry; arc; ring; outward; 3 pulses,Target impact,"0.82,0.94,1 / 0.24,0.24,0.82","Arc Pulse: Three thin cyan arcs alternate with interrupted violet circles, a static status cue without a blast. Authored size; ranks share this effect.",,
IMP,VFX_ABILITY_BARBEDVOLLEYTECHNIQUE,Vfx_Ability_BarbedVolleyTechnique,969,Mimicry; shards; slash; outward; 3 pulses,Target impact,"1,0.94,0.77 / 0.38,0.34,0.29",Barbed Volley: Three staggered silver barb fans leave fine red-edged contact scratches. Authored size; ranks share this effect.,,
IMP,VFX_ABILITY_BLOODFRENZYFLURRYTECHNIQUE,Vfx_Ability_BloodFrenzyFlurryTechnique,970,Mimicry; slash; splatter; outward; 4 pulses,Target impact,"0.93,0.35,0.32 / 0.35,0.07,0.13",Blood Frenzy Flurry: Four alternating red cuts throw tiny restrained dark-red droplets on the final beat. Authored size; ranks share this effect.,,
IMP,VFX_ABILITY_BRACEBREAKERTECHNIQUE,Vfx_Ability_BraceBreakerTechnique,971,Mimicry; hex; arc; inward; 1 pulses,Target impact,"1,0.82,0.42 / 0.54,0.25,0.08",Brace Breaker: One bronze brace outline buckles inward between two short silver hooks. Authored size; ranks share this effect.,,
IMP,VFX_ABILITY_BRUTALBASHTECHNIQUE,Vfx_Ability_BrutalBashTechnique,972,Mimicry; sparks; ring; outward; 1 pulses,Target impact,"0.84,0.66,0.4 / 0.24,0.21,0.16",Brutal Bash: A blunt white contact pop drives a broad dusty ochre pressure collar. Authored size; ranks share this effect.,,
IMP,VFX_ABILITY_CAPACITORSURGETECHNIQUE,Vfx_Ability_CapacitorSurgeTechnique,973,Mimicry; hex; lightning; outward; 2 pulses,Target impact,"0.82,0.94,1 / 0.24,0.24,0.82",Capacitor Surge: A blue capacitor-like plate fills and releases two thin violet electrical branches. Authored size; ranks share this effect.,,
IMP,VFX_ABILITY_CONCUSSIVECHALLENGETECHNIQUE,Vfx_Ability_ConcussiveChallengeTechnique,974,Mimicry; ring; motes; outward; 3 pulses,Target impact,"1,0.82,0.42 / 0.54,0.25,0.08","Concussive Challenge: Three warm-gray pressure circles spread with sparse gold attention points, no shrapnel. Authored size; ranks share this effect.",,
IMP,VFX_ABILITY_CROSSFIREDRILLTECHNIQUE,Vfx_Ability_CrossfireDrillTechnique,975,Mimicry; arc; hex; inward; 3 pulses,Target impact,"1,0.82,0.42 / 0.54,0.25,0.08",Crossfire Drill: Three crossing amber brackets converge on a broken focus plate to signal suppression. Authored size; ranks share this effect.,,
IMP,VFX_ABILITY_CRYOBILETECHNIQUE,Vfx_Ability_CryoBileTechnique,976,Mimicry; splatter; shards; falling; 2 pulses,Target impact,"0.85,0.99,1 / 0.28,0.67,0.86",Cryo Bile: Two thick icy blue splashes freeze into pale downward-settling crystal flecks. Authored size; ranks share this effect.,,
IMP,VFX_ABILITY_DARKSHOCKTECHNIQUE,Vfx_Ability_DarkShockTechnique,977,Mimicry; lightning; arc; inward; 2 pulses,Target impact,"0.53,0.36,0.69 / 0.12,0.1,0.16","Dark Shock: Two muted violet forks close toward a dark interrupted crescent, signaling suppression without a bright explosion. Authored size; ranks share this effect.",,
IMP,VFX_ABILITY_DISORIENTINGSCREECHTECHNIQUE,Vfx_Ability_DisorientingScreechTechnique,978,Mimicry; ring; arc; orbit; 4 pulses,Target impact,"0.81,0.65,1 / 0.32,0.16,0.58",Disorienting Screech: Four off-center lavender sound rings wobble around a dissonant crescent. Authored size; ranks share this effect.,,
IMP,VFX_ABILITY_DREADWAVETECHNIQUE,Vfx_Ability_DreadWaveTechnique,979,Mimicry; arc; smoke; outward; 2 pulses,Target impact,"0.53,0.36,0.69 / 0.12,0.1,0.16",Dread Wave: Two broad dark-violet pressure crescents carry wispy gray residue outward. Authored size; ranks share this effect.,,
IMP,VFX_ABILITY_FINALECLIPSETECHNIQUE,Vfx_Ability_FinalEclipseTechnique,980,Mimicry; slash; ring; inward; 3 pulses,Target impact,"0.53,0.36,0.69 / 0.12,0.1,0.16","Final Eclipse: Three ivory-edged violet cuts contract into a dark central ring, preserving a linear impact silhouette. Authored size; ranks share this effect.",,
IMP,VFX_ABILITY_FINALLINETECHNIQUE,Vfx_Ability_FinalLineTechnique,981,Mimicry; slash; shards; outward; 2 pulses,Target impact,"1,0.94,0.77 / 0.38,0.34,0.29",Final Line: Two aligned heavy silver contact cuts eject a narrow backward fan of warm fragments. Authored size; ranks share this effect.,,
IMP,VFX_ABILITY_FINALMANDATETECHNIQUE,Vfx_Ability_FinalMandateTechnique,982,Mimicry; hex; ring; rising; 3 pulses,Target impact,"1,0.96,0.76 / 0.68,0.49,0.2",Final Mandate: Three broad ivory command panels lift through a steady gold rally halo. Authored size; ranks share this effect.,,
IMP,VFX_ABILITY_FINALSUPPRESSIONTECHNIQUE,Vfx_Ability_FinalSuppressionTechnique,983,Mimicry; hex; arc; inward; 3 pulses,Target impact,"0.79,0.94,1 / 0.2,0.5,0.7","Final Suppression: Three pale-blue lock brackets close sequentially, ending in a clean tight restraint crescent. Authored size; ranks share this effect.",,
IMP,VFX_ABILITY_FINISHINGDRIVETECHNIQUE,Vfx_Ability_FinishingDriveTechnique,984,Mimicry; motes; arc; rising; 3 pulses,Target impact,"1,0.82,0.42 / 0.54,0.25,0.08",Finishing Drive: Three escalating gold point clusters climb along a rounded forward-driving curve. Authored size; ranks share this effect.,,
IMP,VFX_ABILITY_FROSTSPITTECHNIQUE,Vfx_Ability_FrostSpitTechnique,985,Mimicry; splatter; motes; falling; 1 pulses,Target impact,"0.85,0.99,1 / 0.28,0.67,0.86",Frost Spit: A compact pale-blue wet splash trails small slow frost points downward. Authored size; ranks share this effect.,,
IMP,VFX_ABILITY_GORINGCHARGETECHNIQUE,Vfx_Ability_GoringChargeTechnique,986,Mimicry; slash; smoke; outward; 1 pulses,Target impact,"1,0.94,0.77 / 0.38,0.34,0.29",Goring Charge: One thick ivory gouge opens through a low brown contact dust wake. Authored size; ranks share this effect.,,
IMP,VFX_ABILITY_GRENADEBURSTTECHNIQUE,Vfx_Ability_GrenadeBurstTechnique,987,Mimicry; sparks; ring; outward; 2 pulses,Target impact,"1,0.87,0.52 / 0.66,0.12,0.025",Grenade Burst: Two uneven orange spark fans expand around a thin red blast ring. Authored size; ranks share this effect.,,
IMP,VFX_ABILITY_HOLDFASTSLAMTECHNIQUE,Vfx_Ability_HoldfastSlamTechnique,988,Mimicry; hex; shards; falling; 2 pulses,Target impact,"0.84,0.66,0.4 / 0.24,0.21,0.16","Holdfast Slam: Two ochre brace plates fracture and drop small gray fragments, a armor-break status receipt. Authored size; ranks share this effect.",,
IMP,VFX_ABILITY_INFERNOBLASTTECHNIQUE,Vfx_Ability_InfernoBlastTechnique,989,Mimicry; smoke; arc; rising; 4 pulses,Target impact,"1,0.87,0.52 / 0.66,0.12,0.025",Inferno Blast: Four overlapping orange smoke tongues climb through broad ember crescents. Authored size; ranks share this effect.,,
IMP,VFX_ABILITY_INNERCIRCLEBINDTECHNIQUE,Vfx_Ability_InnerCircleBindTechnique,990,Mimicry; hex; ring; inward; 3 pulses,Target impact,"0.81,0.65,1 / 0.32,0.16,0.58",Inner Circle Bind: Three violet clamp panels close toward a small amber jam ring. Authored size; ranks share this effect.,,
IMP,VFX_ABILITY_INNERCIRCLEPOUNCETECHNIQUE,Vfx_Ability_InnerCirclePounceTechnique,991,Mimicry; arc; shards; falling; 2 pulses,Target impact,"1,0.94,0.77 / 0.38,0.34,0.29",Inner Circle Pounce: Two descending hooked silver impacts scatter short warm slivers beneath them. Authored size; ranks share this effect.,,
IMP,VFX_ABILITY_INNERCIRCLESURGETECHNIQUE,Vfx_Ability_InnerCircleSurgeTechnique,992,Mimicry; lightning; hex; outward; 4 pulses,Target impact,"0.82,0.94,1 / 0.24,0.24,0.82",Inner Circle Surge: Four irregular blue electrical branches jump from a fractured white focus plate. Authored size; ranks share this effect.,,
IMP,VFX_ABILITY_INNERCIRCLEVOLLEYTECHNIQUE,Vfx_Ability_InnerCircleVolleyTechnique,993,Mimicry; ring; sparks; outward; 4 pulses,Target impact,"0.81,0.65,1 / 0.32,0.16,0.58",Inner Circle Volley: Four tightly spaced lavender sonic discs alternate with tiny white contact scintillations. Authored size; ranks share this effect.,,
IMP,VFX_ABILITY_INNERRINGFLURRYTECHNIQUE,Vfx_Ability_InnerRingFlurryTechnique,994,Mimicry; arc; slash; orbit; 3 pulses,Target impact,"0.93,0.35,0.32 / 0.35,0.07,0.13",Inner Ring Flurry: Three close red crescents rotate through thin opposing silver cut marks. Authored size; ranks share this effect.,,
IMP,VFX_ABILITY_INNERVOIDTECHNIQUE,Vfx_Ability_InnerVoidTechnique,995,Mimicry; motes; hex; inward; 3 pulses,Target impact,"0.53,0.36,0.69 / 0.12,0.1,0.16",Inner Void: Three violet mote streams vanish into a small dark faceted center. Authored size; ranks share this effect.,,
IMP,VFX_ABILITY_IONBURSTTECHNIQUE,Vfx_Ability_IonBurstTechnique,996,Mimicry; ring; hex; outward; 2 pulses,Target impact,"0.82,0.94,1 / 0.24,0.24,0.82",Ion Burst: Two blue interference rings open through misaligned violet targeting brackets. Authored size; ranks share this effect.,,
IMP,VFX_ABILITY_LASTBASTIONTECHNIQUE,Vfx_Ability_LastBastionTechnique,997,Mimicry; hex; ring; rising; 3 pulses,Target impact,"0.55,0.91,0.92 / 0.12,0.4,0.52",Last Bastion: Three broad steel-blue protective slabs rise around an unbroken ivory safety rim. Authored size; ranks share this effect.,,
IMP,VFX_ABILITY_LOCKSTEPCRUSHTECHNIQUE,Vfx_Ability_LockstepCrushTechnique,998,Mimicry; hex; shards; falling; 3 pulses,Target impact,"1,0.94,0.77 / 0.38,0.34,0.29",Lockstep Crush: Three heavy angular silver impact plates break into descending chips in a deliberate marching cadence. Authored size; ranks share this effect.,,
IMP,VFX_ABILITY_MERCILESSANGLETECHNIQUE,Vfx_Ability_MercilessAngleTechnique,999,Mimicry; slash; shards; inward; 2 pulses,Target impact,"0.93,0.35,0.32 / 0.35,0.07,0.13",Merciless Angle: Two acute crimson diagonal cuts converge with a tiny dark metallic fragment burst. Authored size; ranks share this effect.,,
IMP,VFX_ABILITY_NULLSHOCKTECHNIQUE,Vfx_Ability_NullShockTechnique,1000,Mimicry; ring; lightning; inward; 3 pulses,Target impact,"0.53,0.36,0.69 / 0.12,0.1,0.16",Null Shock: Three violet rings drain toward the center while thin muted electrical veins extinguish in sequence. Authored size; ranks share this effect.,,
IMP,VFX_ABILITY_OVERCLOCKEDANALYZER,Vfx_Ability_OverclockedAnalyzer,1001,Mimicry; hex; motes; orbit; 4 pulses,Target impact,"0.79,0.94,1 / 0.2,0.5,0.7",Overclocked Analyzer: Four cyan analysis brackets rotate into alignment with a quick orderly gold readout of points. Authored size; ranks share this effect.,,
IMP,VFX_ABILITY_PACKHARRIERTECHNIQUE,Vfx_Ability_PackHarrierTechnique,1002,Mimicry; arc; motes; inward; 2 pulses,Target impact,"0.84,0.66,0.4 / 0.24,0.21,0.16",Pack Harrier: Two low ochre hooks settle inward and leave sparse green hobbling points. Authored size; ranks share this effect.,,
IMP,VFX_ABILITY_PERMAFROSTRUPTURETECHNIQUE,Vfx_Ability_PermafrostRuptureTechnique,1003,Mimicry; shards; ring; rising; 3 pulses,Target impact,"0.85,0.99,1 / 0.28,0.67,0.86",Permafrost Rupture: Three jagged frost fans rise through a pale blue low annulus and fade into stillness. Authored size; ranks share this effect.,,
IMP,VFX_ABILITY_PIERCINGQUILLSTECHNIQUE,Vfx_Ability_PiercingQuillsTechnique,1004,Mimicry; shards; hex; outward; 3 pulses,Target impact,"1,0.94,0.77 / 0.38,0.34,0.29",Piercing Quills: Three silver quill-like fans puncture a brief fractured bronze armor plate. Authored size; ranks share this effect.,,
IMP,VFX_ABILITY_POUNCINGSTRIKETECHNIQUE,Vfx_Ability_PouncingStrikeTechnique,1005,Mimicry; arc; smoke; falling; 1 pulses,Target impact,"0.84,0.66,0.4 / 0.24,0.21,0.16",Pouncing Strike: One descending warm-white impact crescent displaces a short brown dust puff. Authored size; ranks share this effect.,,
IMP,VFX_ABILITY_PRESSURELOCKTECHNIQUE,Vfx_Ability_PressureLockTechnique,1006,Mimicry; ring; hex; inward; 2 pulses,Target impact,"0.79,0.94,1 / 0.2,0.5,0.7",Pressure Lock: Two blue pressure circles contract around a softly flashing restraint bracket. Authored size; ranks share this effect.,,
IMP,VFX_ABILITY_RAKINGCLAWSTECHNIQUE,Vfx_Ability_RakingClawsTechnique,1007,Mimicry; slash; motes; outward; 3 pulses,Target impact,"1,0.94,0.77 / 0.38,0.34,0.29",Raking Claws: Three narrow parallel ivory rake marks finish in small dark-red contact points. Authored size; ranks share this effect.,,
IMP,VFX_ABILITY_RALLYBREAKERTECHNIQUE,Vfx_Ability_RallyBreakerTechnique,1008,Mimicry; hex; motes; inward; 2 pulses,Target impact,"1,0.82,0.42 / 0.54,0.25,0.08",Rally Breaker: Two amber targeting brackets collapse into a persistent-looking but finite gold mark of points. Authored size; ranks share this effect.,,
IMP,VFX_ABILITY_RUPTURINGQUAKETECHNIQUE,Vfx_Ability_RupturingQuakeTechnique,1009,Mimicry; ring; shards; rising; 4 pulses,Target impact,"0.84,0.66,0.4 / 0.24,0.21,0.16",Rupturing Quake: Four uneven ochre ground ripples launch distinct small gray debris fans. Authored size; ranks share this effect.,,
IMP,VFX_ABILITY_SAVAGEROARTECHNIQUE,Vfx_Ability_SavageRoarTechnique,1010,Mimicry; arc; ring; outward; 3 pulses,Target impact,"1,0.82,0.42 / 0.54,0.25,0.08",Savage Roar: Three broad warm-gray vocal crescents expand through a thin weakening amber halo. Authored size; ranks share this effect.,,
IMP,VFX_ABILITY_SCORCHINGBREATHTECHNIQUE,Vfx_Ability_ScorchingBreathTechnique,1011,Mimicry; smoke; splatter; rising; 3 pulses,Target impact,"1,0.61,0.25 / 0.3,0.055,0.025",Scorching Breath: Three heavy red-orange smoke rolls carry tiny molten flecks upward from contact. Authored size; ranks share this effect.,,
IMP,VFX_ABILITY_SEISMICSLAMTECHNIQUE,Vfx_Ability_SeismicSlamTechnique,1012,Mimicry; shards; arc; rising; 2 pulses,Target impact,"0.84,0.66,0.4 / 0.24,0.21,0.16",Seismic Slam: Two broad low stone fragment fans rise beneath a flat dusty pressure crescent. Authored size; ranks share this effect.,,
IMP,VFX_ABILITY_SHRAPNELBURSTTECHNIQUE,Vfx_Ability_ShrapnelBurstTechnique,1013,Mimicry; shards; sparks; outward; 3 pulses,Target impact,"1,0.94,0.77 / 0.38,0.34,0.29",Shrapnel Burst: Three compact silver shrapnel sprays alternate with dry yellow contact sparks. Authored size; ranks share this effect.,,
IMP,VFX_ABILITY_SIGNALSNARETECHNIQUE,Vfx_Ability_SignalSnareTechnique,1014,Mimicry; arc; hex; orbit; 2 pulses,Target impact,"0.81,0.65,1 / 0.32,0.16,0.58","Signal Snare: Two lavender signal curves orbit a misaligned amber bracket, implying confused targeting. Authored size; ranks share this effect.",,
IMP,VFX_ABILITY_SNAPRUSHTECHNIQUE,Vfx_Ability_SnapRushTechnique,1015,Mimicry; arc; motes; rising; 2 pulses,Target impact,"0.8,0.93,0.35 / 0.25,0.43,0.12",Snap Rush: Two smooth lime speed curves release a short upward trail of gold recovery points. Authored size; ranks share this effect.,,
IMP,VFX_ABILITY_SONICSHRIEKTECHNIQUE,Vfx_Ability_SonicShriekTechnique,1016,Mimicry; ring; arc; outward; 3 pulses,Target impact,"0.79,0.94,1 / 0.2,0.5,0.7",Sonic Shriek: Three narrow cyan sound discs expand through a skewed pale crescent. Authored size; ranks share this effect.,,
IMP,VFX_ABILITY_STATICBURSTTECHNIQUE,Vfx_Ability_StaticBurstTechnique,1017,Mimicry; sparks; lightning; outward; 3 pulses,Target impact,"0.82,0.94,1 / 0.24,0.24,0.82",Static Burst: Three dense blue pin-spark bursts throw short branching electrical hooks. Authored size; ranks share this effect.,,
IMP,VFX_ABILITY_STATICWEBTECHNIQUE,Vfx_Ability_StaticWebTechnique,1018,Mimicry; hex; lightning; inward; 3 pulses,Target impact,"0.82,0.94,1 / 0.24,0.24,0.82",Static Web: Three thin blue web-like polygon layers close amid sparse violet static veins. Authored size; ranks share this effect.,,
IMP,VFX_ABILITY_STIMCANISTERTECHNIQUE,Vfx_Ability_StimCanisterTechnique,1019,Mimicry; smoke; motes; rising; 2 pulses,Target impact,"0.8,0.93,0.35 / 0.25,0.43,0.12","Stim Canister: Two soft pale-green vapor puffs lift orderly gold energizing points, with no debris or flash. Authored size; ranks share this effect.",,
IMP,VFX_ABILITY_SUPPRESSINGSHOTTECHNIQUE,Vfx_Ability_SuppressingShotTechnique,1020,Mimicry; hex; ring; inward; 2 pulses,Target impact,"1,0.82,0.42 / 0.54,0.25,0.08",Suppressing Shot: Two warm targeting brackets close with one muted gray disorientation ripple. Authored size; ranks share this effect.,,
IMP,VFX_ABILITY_SUSTAINBURNTECHNIQUE,Vfx_Ability_SustainBurnTechnique,1021,Mimicry; motes; arc; orbit; 3 pulses,Target impact,"0.8,0.93,0.35 / 0.25,0.43,0.12","Sustain Burn: Three green toxin points orbit a rounded dark-lime crescent, a quiet weapon-enchantment receipt. Authored size; ranks share this effect.",,
IMP,VFX_ABILITY_TAILSWEEPTECHNIQUE,Vfx_Ability_TailSweepTechnique,1022,Mimicry; arc; smoke; outward; 2 pulses,Target impact,"0.84,0.66,0.4 / 0.24,0.21,0.16",Tail Sweep: Two low ochre sweep crescents carry a broad flattened gray dust wake. Authored size; ranks share this effect.,,
IMP,VFX_ABILITY_TERRIFYINGBELLOWTECHNIQUE,Vfx_Ability_TerrifyingBellowTechnique,1023,Mimicry; ring; motes; outward; 3 pulses,Target impact,"0.53,0.36,0.69 / 0.12,0.1,0.16",Terrifying Bellow: Three dark purple vocal ripples scatter dim gold attention points in a staggered beat. Authored size; ranks share this effect.,,
IMP,VFX_ABILITY_TOXICCLOUDTECHNIQUE,Vfx_Ability_ToxicCloudTechnique,1024,Mimicry; smoke; splatter; rising; 3 pulses,Target impact,"0.8,0.93,0.35 / 0.25,0.43,0.12",Toxic Cloud: Three olive vapor curls rise through tiny sluggish green droplets. Authored size; ranks share this effect.,,
IMP,VFX_ABILITY_TOXICSPITTECHNIQUE,Vfx_Ability_ToxicSpitTechnique,1025,Mimicry; splatter; smoke; outward; 1 pulses,Target impact,"0.8,0.93,0.35 / 0.25,0.43,0.12",Toxic Spit: One compact olive wet splash leaves a tiny slow green vapor thread. Authored size; ranks share this effect.,,
IMP,VFX_ABILITY_VENOMSPRAYTECHNIQUE,Vfx_Ability_VenomSprayTechnique,1026,Mimicry; splatter; motes; falling; 3 pulses,Target impact,"0.8,0.93,0.35 / 0.25,0.43,0.12",Venom Spray: Three fine green droplet fans settle with sparse darker poison points. Authored size; ranks share this effect.,,
IMP,VFX_ABILITY_WARDENCLAMPTECHNIQUE,Vfx_Ability_WardenClampTechnique,1027,Mimicry; hex; arc; inward; 3 pulses,Target impact,"0.55,0.91,0.92 / 0.12,0.4,0.52",Warden Clamp: Three steel-blue clamp brackets close with rounded amber attention arcs. Authored size; ranks share this effect.,,
IMP,VFX_ABILITY_WARDENMARKTECHNIQUE,Vfx_Ability_WardenMarkTechnique,1028,Mimicry; hex; ring; inward; 1 pulses,Target impact,"1,0.96,0.76 / 0.68,0.49,0.2",Warden Mark: A broad gold mark assembles from four corners inside a quiet amber ring. Authored size; ranks share this effect.,,
IMP,VFX_ABILITY_WARDENMAULTECHNIQUE,Vfx_Ability_WardenMaulTechnique,1029,Mimicry; arc; smoke; inward; 3 pulses,Target impact,"0.84,0.66,0.4 / 0.24,0.21,0.16",Warden Maul: Three low bronze hooks pull dusty gray wisps toward a heavy center. Authored size; ranks share this effect.,,
IMP,VFX_ABILITY_WARDENORDERTECHNIQUE,Vfx_Ability_WardenOrderTechnique,1030,Mimicry; ring; cross; outward; 3 pulses,Target impact,"0.72,1,0.85 / 0.16,0.58,0.36",Warden Order: Three broad mint vocal rings carry a soft ivory recovery cross outward. Authored size; ranks share this effect.,,
IMP,VFX_ABILITY_WARDENRENDTECHNIQUE,Vfx_Ability_WardenRendTechnique,1031,Mimicry; arc; motes; inward; 2 pulses,Target impact,"0.81,0.65,1 / 0.32,0.16,0.58",Warden Rend: Two muted violet tearing crescents draw dim gold points inward without physical blade debris. Authored size; ranks share this effect.,,
IMP,VFX_ABILITY_WARDENSWEEPTECHNIQUE,Vfx_Ability_WardenSweepTechnique,1032,Mimicry; arc; hex; orbit; 2 pulses,Target impact,"0.55,0.91,0.92 / 0.12,0.4,0.52",Warden Sweep: Two wide silver-blue guard crescents circle a soft translucent defensive plate. Authored size; ranks share this effect.,,
IMP,VFX_ABILITY_WARDENWALLTECHNIQUE,Vfx_Ability_WardenWallTechnique,1033,Mimicry; hex; motes; rising; 4 pulses,Target impact,"0.55,0.91,0.92 / 0.12,0.4,0.52",Warden Wall: Four broad cyan wall panels build upward with steady ivory border lights. Authored size; ranks share this effect.,,
IMP,VFX_ABILITY_WILLFRACTURETECHNIQUE,Vfx_Ability_WillFractureTechnique,1034,Mimicry; hex; smoke; falling; 2 pulses,Target impact,"0.81,0.65,1 / 0.32,0.16,0.58",Will Fracture: Two pale violet focus plates separate and dissolve into dim gray mental-fog wisps. Authored size; ranks share this effect.,,
IMP,VFX_ABILITY_DEADMANSHAND,Vfx_Ability_DeadMansHand,1035,Pistol; sparks; hex; outward; 3 pulses,Target impact,"1,0.82,0.42 / 0.54,0.25,0.08",Dead Man's Hand: One warm contact flash fans into three small gold card-like brackets in a quick finish. Authored size; ranks share this effect.,,
IMP,VFX_ABILITY_DISARMINGSHOT,Vfx_Ability_DisarmingShot,1036,Pistol; sparks; arc; falling; 2 pulses,Target impact,"1,0.94,0.77 / 0.38,0.34,0.29",Disarming Shot: Two compact white metal pops drop into a short broken bronze grip crescent. Authored size; ranks share this effect.,,
IMP,VFX_ABILITY_DOUBLESHOT,Vfx_Ability_DoubleShot,1037,Pistol; sparks; ring; outward; 2 pulses,Target impact,"1,0.82,0.42 / 0.54,0.25,0.08",Double Shot: Two clearly separated orange contact stars each release a tiny pale ring. Authored size; ranks share this effect.,,
IMP,VFX_ABILITY_FANTHEHAMMER,Vfx_Ability_FanTheHammer,1038,Pistol; sparks; arc; outward; 3 pulses,Target impact,"1,0.87,0.52 / 0.66,0.12,0.025",Fan the Hammer: Three fast warm contact pops step around a short wide amber crescent. Authored size; ranks share this effect.,,
IMP,VFX_ABILITY_GAMBLERSTANCE,Vfx_Ability_GamblerStance,1039,Pistol; hex; motes; orbit; 3 pulses,Target impact,"1,0.96,0.76 / 0.68,0.49,0.2",Gambler Stance: Three softly lit gold card-like plates turn around a restrained ivory point pattern. Authored size; ranks share this effect.,,
IMP,VFX_ABILITY_INTERRUPTINGSHOT,Vfx_Ability_InterruptingShot,1040,Pistol; sparks; hex; inward; 2 pulses,Target impact,"0.79,0.94,1 / 0.2,0.5,0.7",Interrupting Shot: A white-blue contact pin flash breaks a small teal focus bracket into two halves. Authored size; ranks share this effect.,,
IMP,VFX_ABILITY_LASTWORD,Vfx_Ability_LastWord,1041,Pistol; sparks; motes; outward; 1 pulses,Target impact,"1,0.82,0.42 / 0.54,0.25,0.08",Last Word: One decisive white-gold contact star leaves a sparse short amber point trail. Authored size; ranks share this effect.,,
IMP,VFX_ABILITY_POINTBLANKBURST,Vfx_Ability_PointBlankBurst,1042,Pistol; ring; sparks; outward; 2 pulses,Target impact,"1,0.94,0.77 / 0.38,0.34,0.29",Point Blank Burst: Two tight gray pressure collars carry dense but short warm contact sparks. Authored size; ranks share this effect.,,
IMP,VFX_ABILITY_QUICKDRAW,Vfx_Ability_QuickDraw,1043,Pistol; slash; sparks; outward; 1 pulses,Target impact,"1,0.82,0.42 / 0.54,0.25,0.08",Quick Draw: A hairline gold contact streak terminates in an immediate crisp white spark. Authored size; ranks share this effect.,,
IMP,VFX_ABILITY_SKIRMISHERSTANCE,Vfx_Ability_SkirmisherStance,1044,Pistol; arc; motes; orbit; 2 pulses,Target impact,"0.79,0.94,1 / 0.2,0.5,0.7",Skirmisher Stance: Two light cyan evasive crescents turn through widely spaced silver motion points. Authored size; ranks share this effect.,,
IMP,VFX_ABILITY_AIMEDSHOT,Vfx_Ability_AimedShot,1045,Rifle; hex; sparks; inward; 1 pulses,Target impact,"1,0.82,0.42 / 0.54,0.25,0.08",Aimed Shot: A fine amber reticle closes precisely on one white contact star. Authored size; ranks share this effect.,,
IMP,VFX_ABILITY_CRIPPLINGSHOT,Vfx_Ability_CripplingShot,1046,Rifle; sparks; arc; inward; 2 pulses,Target impact,"1,0.94,0.77 / 0.38,0.34,0.29",Crippling Shot: A compact silver hit contracts through two low bronze hooking crescents. Authored size; ranks share this effect.,,
IMP,VFX_ABILITY_HEADSHOT,Vfx_Ability_Headshot,1047,Rifle; sparks; ring; outward; 1 pulses,Target impact,"1,1,0.95 / 0.7,0.77,0.82","Headshot: A small precise ivory impact star releases one razor-thin gold ring, avoiding an oversized head explosion. Authored size; ranks share this effect.",,
IMP,VFX_ABILITY_KILLBOX,Vfx_Ability_KillBox,1048,Rifle; hex; ring; inward; 3 pulses,Target impact,"1,0.82,0.42 / 0.54,0.25,0.08",Kill Box: Three orange targeting boxes close inside a flattened gray suppression ring. Authored size; ranks share this effect.,,
IMP,VFX_ABILITY_ONESHOT,Vfx_Ability_OneShot,1049,Rifle; sparks; shards; outward; 1 pulses,Target impact,"1,1,0.95 / 0.7,0.77,0.82",One Shot: One concentrated white contact flash throws a narrow gold-metal penetration fan. Authored size; ranks share this effect.,,
IMP,VFX_ABILITY_PIERCINGROUND,Vfx_Ability_PiercingRound,1050,Rifle; slash; sparks; outward; 2 pulses,Target impact,"1,0.94,0.77 / 0.38,0.34,0.29",Piercing Round: Two aligned needle-thin silver penetration streaks terminate in short amber filings. Authored size; ranks share this effect.,,
IMP,VFX_ABILITY_SNIPERSTANCE,Vfx_Ability_SniperStance,1051,Rifle; hex; motes; inward; 1 pulses,Target impact,"0.79,0.94,1 / 0.2,0.5,0.7",Sniper Stance: A slow cyan precision reticle settles around four quiet ivory focus points. Authored size; ranks share this effect.,,
IMP,VFX_ABILITY_SUPPRESSINGSHOT,Vfx_Ability_SuppressingShot,1052,Rifle; sparks; hex; inward; 2 pulses,Target impact,"1,0.82,0.42 / 0.54,0.25,0.08",Suppressing Shot: Two compact orange contact pops tighten a small broken targeting bracket. Authored size; ranks share this effect.,,
IMP,VFX_ABILITY_SUPPRESSIONSTANCE,Vfx_Ability_SuppressionStance,1053,Rifle; hex; arc; orbit; 3 pulses,Target impact,"0.79,0.94,1 / 0.2,0.5,0.7",Suppression Stance: Three evenly spaced cyan tracking brackets rotate along a rounded silver aiming arc. Authored size; ranks share this effect.,,
IMP,VFX_ABILITY_SUPPRESSIVELINE,Vfx_Ability_SuppressiveLine,1054,Rifle; sparks; arc; outward; 4 pulses,Target impact,"1,0.82,0.42 / 0.54,0.25,0.08",Suppressive Line: Four staggered amber contact ticks form a narrow linear sweep with a dim gray pressure tail. Authored size; ranks share this effect.,,
IMP,VFX_ABILITY_CIRCLESLASH,Vfx_Ability_CircleSlash,1055,Saberstaff; arc; slash; orbit; 2 pulses,Target impact,"0.79,0.94,1 / 0.2,0.5,0.7",Circle Slash: Two opposing pale-blue circular cuts sweep around short silver contact streaks. Authored size; ranks share this effect.,,
IMP,VFX_ABILITY_CONDUITSTANCE,Vfx_Ability_ConduitStance,1056,Saberstaff; ring; motes; orbit; 2 pulses,Target impact,"0.81,0.65,1 / 0.32,0.16,0.58",Conduit Stance: Two interleaved blue and violet rings circulate soft pale resource points. Authored size; ranks share this effect.,,
IMP,VFX_ABILITY_DOUBLESTRIKE,Vfx_Ability_DoubleStrike,1057,Saberstaff; slash; sparks; outward; 2 pulses,Target impact,"0.79,0.94,1 / 0.2,0.5,0.7",Double Strike: Two clean separated blue-white cuts land on opposing angles with sparse warm contact pinpoints. Authored size; ranks share this effect.,,
IMP,VFX_ABILITY_FOCUSEDARC,Vfx_Ability_FocusedArc,1058,Saberstaff; arc; sparks; inward; 1 pulses,Target impact,"0.81,0.65,1 / 0.32,0.16,0.58",Focused Arc: A smooth violet energy crescent focuses into a single bright ivory contact tip. Authored size; ranks share this effect.,,
IMP,VFX_ABILITY_GUARDEDCHANNEL,Vfx_Ability_GuardedChannel,1059,Saberstaff; slash; hex; outward; 2 pulses,Target impact,"0.79,0.94,1 / 0.2,0.5,0.7",Guarded Channel: A blue-white contact cut unfolds into a broad brief cyan defensive plate. Authored size; ranks share this effect.,,
IMP,VFX_ABILITY_INFINITECONDUIT,Vfx_Ability_InfiniteConduit,1060,Saberstaff; ring; motes; rising; 4 pulses,Target impact,"0.81,0.65,1 / 0.32,0.16,0.58",Infinite Conduit: Four interleaved violet and cyan open loops climb around a tall stream of ivory resource motes. Authored size; ranks share this effect.,,
IMP,VFX_ABILITY_MAELSTROMARC,Vfx_Ability_MaelstromArc,1061,Saberstaff; arc; ring; orbit; 3 pulses,Target impact,"0.79,0.94,1 / 0.2,0.5,0.7",Maelstrom Arc: Three tilted cyan crescents roll around a thin silver deflection echo. Authored size; ranks share this effect.,,
IMP,VFX_ABILITY_SABERCYCLONE,Vfx_Ability_SaberCyclone,1062,Saberstaff; arc; motes; orbit; 4 pulses,Target impact,"0.79,0.94,1 / 0.2,0.5,0.7","Saber Cyclone: Four smooth pale-blue currents turn around quiet violet resource points, a buff receipt with no impact shrapnel. Authored size; ranks share this effect.",,
IMP,VFX_ABILITY_SEVERFOCUS,Vfx_Ability_SeverFocus,1063,Saberstaff; slash; hex; inward; 1 pulses,Target impact,"0.81,0.65,1 / 0.32,0.16,0.58",Sever Focus: A fine violet cut splits a dim cyan focus plate and draws its points inward. Authored size; ranks share this effect.,,
IMP,VFX_ABILITY_TEMPESTSTANCE,Vfx_Ability_TempestStance,1064,Saberstaff; ring; arc; rising; 3 pulses,Target impact,"0.79,0.94,1 / 0.2,0.5,0.7",Tempest Stance: Three offset cyan circles lift around broad smooth silver wind-like crescents. Authored size; ranks share this effect.,,
IMP,VFX_ABILITY_CRIPPLINGDEFENSE,Vfx_Ability_CripplingDefense,1065,Spear; slash; hex; outward; 2 pulses,Target impact,"1,0.94,0.77 / 0.38,0.34,0.29",Crippling Defense: Two precise ivory cuts peel apart a small fractured bronze defense plate. Authored size; ranks share this effect.,,
IMP,VFX_ABILITY_DISABLINGSTRIKE,Vfx_Ability_DisablingStrike,1066,Spear; slash; smoke; inward; 1 pulses,Target impact,"0.81,0.65,1 / 0.32,0.16,0.58",Disabling Strike: A short silver contact cut draws a lavender haze into a compact center. Authored size; ranks share this effect.,,
IMP,VFX_ABILITY_DISRUPTIONFIELD,Vfx_Ability_DisruptionField,1067,Spear; ring; hex; outward; 3 pulses,Target impact,"0.81,0.65,1 / 0.32,0.16,0.58",Disruption Field: Three broken purple rings strip small cyan focus brackets outward. Authored size; ranks share this effect.,,
IMP,VFX_ABILITY_FORCEBANE,Vfx_Ability_Forcebane,1068,Spear; hex; lightning; inward; 3 pulses,Target impact,"0.53,0.36,0.69 / 0.12,0.1,0.16",Forcebane: Three shattered violet focus plates collapse amid sparse dying blue electrical veins. Authored size; ranks share this effect.,,
IMP,VFX_ABILITY_HAMPERINGBARRAGE,Vfx_Ability_HamperingBarrage,1069,Spear; slash; arc; falling; 3 pulses,Target impact,"1,0.94,0.77 / 0.38,0.34,0.29",Hampering Barrage: Three narrow silver thrust scratches descend through low bronze hooking arcs. Authored size; ranks share this effect.,,
IMP,VFX_ABILITY_INTERRUPTIONSTRIKE,Vfx_Ability_InterruptionStrike,1070,Spear; slash; hex; inward; 2 pulses,Target impact,"0.79,0.94,1 / 0.2,0.5,0.7",Interruption Strike: A slim white thrust mark snaps two cyan resource brackets closed. Authored size; ranks share this effect.,,
IMP,VFX_ABILITY_PERCEPTIVESTANCE,Vfx_Ability_PerceptiveStance,1071,Spear; motes; hex; inward; 2 pulses,Target impact,"0.81,0.65,1 / 0.32,0.16,0.58",Perceptive Stance: Two slow streams of cyan-violet points converge on a clean pale focus plate. Authored size; ranks share this effect.,,
IMP,VFX_ABILITY_SWEEPINGFLANK,Vfx_Ability_SweepingFlank,1072,Spear; arc; sparks; orbit; 2 pulses,Target impact,"1,0.94,0.77 / 0.38,0.34,0.29",Sweeping Flank: Two broad oblique silver sweep crescents throw sparse warm contact filings at their outer edges. Authored size; ranks share this effect.,,
IMP,VFX_ABILITY_VIGORSTANCE,Vfx_Ability_VigorStance,1073,Spear; arc; ring; rising; 3 pulses,Target impact,"0.8,0.93,0.35 / 0.25,0.43,0.12",Vigor Stance: Three rounded warm-green vigor curves lift through a soft gold movement ring. Authored size; ranks share this effect.,,
IMP,VFX_ABILITY_VIGORTHRUST,Vfx_Ability_VigorThrust,1074,Spear; slash; ring; outward; 1 pulses,Target impact,"1,0.94,0.77 / 0.38,0.34,0.29",Vigor Thrust: One crisp silver thrust streak opens a thin warm-green motion halo at impact. Authored size; ranks share this effect.,,
IMP,VFX_ABILITY_CRUSHERSTANCE,Vfx_Ability_CrusherStance,1075,Staff; hex; motes; inward; 2 pulses,Target impact,"1,0.82,0.42 / 0.54,0.25,0.08",Crusher Stance: Two heavy bronze stance panels settle around quiet ivory readiness points. Authored size; ranks share this effect.,,
IMP,VFX_ABILITY_GROUNDQUAKE,Vfx_Ability_GroundQuake,1076,Staff; ring; smoke; outward; 3 pulses,Target impact,"0.84,0.66,0.4 / 0.24,0.21,0.16",Ground Quake: Three low dusty ochre ripples expand through separate compact gray ground puffs. Authored size; ranks share this effect.,,
IMP,VFX_ABILITY_LEGSWEEP,Vfx_Ability_LegSweep,1077,Staff; arc; smoke; outward; 1 pulses,Target impact,"0.84,0.66,0.4 / 0.24,0.21,0.16",Leg Sweep: A flat ivory-brown sweep arc drags one low gray dust plume sideways. Authored size; ranks share this effect.,,
IMP,VFX_ABILITY_LINEBREAKER,Vfx_Ability_LineBreaker,1078,Staff; sparks; arc; outward; 2 pulses,Target impact,"1,0.94,0.77 / 0.38,0.34,0.29",Line Breaker: Two strong white blunt-contact stars open short broad bronze pressure crescents. Authored size; ranks share this effect.,,
IMP,VFX_ABILITY_RIBBREAKER,Vfx_Ability_RibBreaker,1079,Staff; sparks; ring; inward; 2 pulses,Target impact,"0.84,0.66,0.4 / 0.24,0.21,0.16",Rib Breaker: A compact ivory blunt hit compresses two narrow bronze rings toward the point of contact. Authored size; ranks share this effect.,,
IMP,VFX_ABILITY_SENTINELSTANCE,Vfx_Ability_SentinelStance,1080,Staff; arc; hex; orbit; 2 pulses,Target impact,"0.79,0.94,1 / 0.2,0.5,0.7",Sentinel Stance: Two smooth defensive silver crescents turn around a stable blue shield plate. Authored size; ranks share this effect.,,
IMP,VFX_ABILITY_SHELTERCIRCLE,Vfx_Ability_ShelterCircle,1081,Staff; ring; hex; rising; 3 pulses,Target impact,"0.55,0.91,0.92 / 0.12,0.4,0.52",Shelter Circle: Three broad cyan shelter rings lift around a gentle translucent protective panel. Authored size; ranks share this effect.,,
IMP,VFX_ABILITY_SLAM,Vfx_Ability_Slam,1082,Staff; sparks; shards; falling; 1 pulses,Target impact,"0.84,0.66,0.4 / 0.24,0.21,0.16",Slam: One heavy white impact scatters short downward gray chips with a subdued warm center. Authored size; ranks share this effect.,,
IMP,VFX_ABILITY_SWEEPINGGUARD,Vfx_Ability_SweepingGuard,1083,Staff; arc; hex; outward; 2 pulses,Target impact,"1,0.94,0.77 / 0.38,0.34,0.29",Sweeping Guard: A broad silver contact sweep is chased by a soft steel-blue guard panel. Authored size; ranks share this effect.,,
IMP,VFX_ABILITY_UNMOVINGCENTER,Vfx_Ability_UnmovingCenter,1084,Staff; hex; ring; inward; 4 pulses,Target impact,"0.55,0.91,0.92 / 0.12,0.4,0.52",Unmoving Center: Four sturdy blue panels settle onto a single level ivory ring with an unwavering quiet center. Authored size; ranks share this effect.,,
IMP,VFX_ABILITY_WORLDBREAKER,Vfx_Ability_Worldbreaker,1085,Staff; shards; smoke; rising; 4 pulses,Target impact,"0.84,0.66,0.4 / 0.24,0.21,0.16",Worldbreaker: Four staggered stone splinter fans lift broad tan dust curls from a heavy central contact point. Authored size; ranks share this effect.,,
IMP,VFX_ABILITY_CONCUSSIVETOSS,Vfx_Ability_ConcussiveToss,1086,Throwing; ring; sparks; outward; 2 pulses,Target impact,"1,0.82,0.42 / 0.54,0.25,0.08",Concussive Toss: Two gray-gold pressure discs eject a few short white contact scintillations. Authored size; ranks share this effect.,,
IMP,VFX_ABILITY_EXPLOSIVETOSS,Vfx_Ability_ExplosiveToss,1087,Throwing; sparks; smoke; rising; 2 pulses,Target impact,"1,0.87,0.52 / 0.66,0.12,0.025",Explosive Toss: Two orange contact eruptions roll upward into small red-brown smoke puffs. Authored size; ranks share this effect.,,
IMP,VFX_ABILITY_FLASHTOSS,Vfx_Ability_FlashToss,1088,Throwing; sparks; arc; outward; 1 pulses,Target impact,"1,1,0.95 / 0.7,0.77,0.82",Flash Toss: A single flat ivory flare opens into a broad pale-gold blinding crescent. Authored size; ranks share this effect.,,
IMP,VFX_ABILITY_FLURRYSTANCE,Vfx_Ability_FlurryStance,1089,Throwing; arc; motes; orbit; 4 pulses,Target impact,"1,0.82,0.42 / 0.54,0.25,0.08",Flurry Stance: Four rounded gold readiness arcs turn quickly around small dark-red accent points. Authored size; ranks share this effect.,,
IMP,VFX_ABILITY_ORDNANCESTANCE,Vfx_Ability_OrdnanceStance,1090,Throwing; hex; ring; rising; 2 pulses,Target impact,"1,0.82,0.42 / 0.54,0.25,0.08",Ordnance Stance: Two bronze ordnance plates rise inside a broad but calm gold preparation ring. Authored size; ranks share this effect.,,
IMP,VFX_ABILITY_PERFECTFLURRY,Vfx_Ability_PerfectFlurry,1091,Throwing; slash; sparks; outward; 4 pulses,Target impact,"1,0.94,0.77 / 0.38,0.34,0.29",Perfect Flurry: Four rapid needle-like silver contact cuts arrive on alternating angles with a tiny final red-gold fan. Authored size; ranks share this effect.,,
IMP,VFX_ABILITY_PIERCINGTOSS,Vfx_Ability_PiercingToss,1092,Throwing; slash; splatter; outward; 1 pulses,Target impact,"1,0.94,0.77 / 0.38,0.34,0.29",Piercing Toss: One fine silver penetrating notch releases a few small dark-red droplets. Authored size; ranks share this effect.,,
IMP,VFX_ABILITY_PINNINGTOSS,Vfx_Ability_PinningToss,1093,Throwing; shards; arc; inward; 2 pulses,Target impact,"1,0.94,0.77 / 0.38,0.34,0.29",Pinning Toss: Two thin gray penetrating slivers stop inside a low bronze pinning crescent. Authored size; ranks share this effect.,,
IMP,VFX_ABILITY_RAINOFSTEEL,Vfx_Ability_RainOfSteel,1094,Throwing; shards; ring; falling; 4 pulses,Target impact,"1,0.94,0.77 / 0.38,0.34,0.29",Rain of Steel: Four offset showers of narrow silver fragments settle through low restrained contact rings. Authored size; ranks share this effect.,,
IMP,VFX_ABILITY_SEVERINGTOSS,Vfx_Ability_SeveringToss,1095,Throwing; slash; splatter; outward; 2 pulses,Target impact,"0.93,0.35,0.32 / 0.35,0.07,0.13",Severing Toss: Two narrow dark-red severing cuts throw tiny subdued crimson droplets. Authored size; ranks share this effect.,,
IMP,VFX_ABILITY_BLADEVORTEX,Vfx_Ability_BladeVortex,1096,Twin Blade; arc; shards; orbit; 3 pulses,Target impact,"1,0.94,0.77 / 0.38,0.34,0.29",Blade Vortex: Three silver blade crescents circle a sparse fan of warm metallic chips. Authored size; ranks share this effect.,,
IMP,VFX_ABILITY_CROSSCUT,Vfx_Ability_CrossCut,1097,Twin Blade; slash; sparks; inward; 2 pulses,Target impact,"1,0.94,0.77 / 0.38,0.34,0.29",Cross Cut: Two opposing silver diagonals meet as an X with a compact amber spark at the crossing. Authored size; ranks share this effect.,,
IMP,VFX_ABILITY_CYCLONESTANCE,Vfx_Ability_CycloneStance,1098,Twin Blade; arc; motes; rising; 4 pulses,Target impact,"0.79,0.94,1 / 0.2,0.5,0.7",Cyclone Stance: Four smooth silver-blue spiraling crescents lift with quiet gold readiness points. Authored size; ranks share this effect.,,
IMP,VFX_ABILITY_LACERATINGTWINCUT,Vfx_Ability_LaceratingTwinCut,1099,Twin Blade; slash; splatter; inward; 2 pulses,Target impact,"0.93,0.35,0.32 / 0.35,0.07,0.13",Lacerating Twin Cut: Two crossing crimson cuts gather a few restrained dark red contact droplets at their intersection. Authored size; ranks share this effect.,,
IMP,VFX_ABILITY_LACERATORSTANCE,Vfx_Ability_LaceratorStance,1100,Twin Blade; arc; motes; orbit; 2 pulses,Target impact,"0.93,0.35,0.32 / 0.35,0.07,0.13",Lacerator Stance: Two rounded red stance crescents circle a sparse amber point field without attack sparks. Authored size; ranks share this effect.,,
IMP,VFX_ABILITY_REDBLOOM,Vfx_Ability_RedBloom,1101,Twin Blade; arc; splatter; outward; 3 pulses,Target impact,"0.93,0.35,0.32 / 0.35,0.07,0.13",Red Bloom: Three petal-shaped dark-red crescents open with a small sparse spray of crimson contact droplets. Authored size; ranks share this effect.,,
IMP,VFX_ABILITY_SERRATEDARC,Vfx_Ability_SerratedArc,1102,Twin Blade; arc; shards; outward; 3 pulses,Target impact,"1,0.94,0.77 / 0.38,0.34,0.29",Serrated Arc: Three stepped silver crescent edges shed tiny dark angular filings along their outer rim. Authored size; ranks share this effect.,,
IMP,VFX_ABILITY_SPINNINGWHIRL,Vfx_Ability_SpinningWhirl,1103,Twin Blade; slash; arc; orbit; 3 pulses,Target impact,"1,0.94,0.77 / 0.38,0.34,0.29",Spinning Whirl: Three alternating short silver cuts rotate through one broad pale circular sweep. Authored size; ranks share this effect.,,
IMP,VFX_ABILITY_TEMPESTBLOOM,Vfx_Ability_TempestBloom,1104,Twin Blade; arc; ring; outward; 4 pulses,Target impact,"0.79,0.94,1 / 0.2,0.5,0.7",Tempest Bloom: Four pale-blue petal crescents open into successive thin silver contact ripples. Authored size; ranks share this effect.,,
IMP,VFX_ABILITY_TWINRUPTURE,Vfx_Ability_TwinRupture,1105,Twin Blade; slash; shards; outward; 2 pulses,Target impact,"0.93,0.35,0.32 / 0.35,0.07,0.13",Twin Rupture: Two close crimson fracture cuts drive opposing fans of tiny dark metallic fragments. Authored size; ranks share this effect.,,
IMP,VFX_ABILITY_BERSERKERSTANCE,Vfx_Ability_BerserkerStance,1106,Vibroblade; arc; motes; rising; 4 pulses,Target impact,"1,0.82,0.42 / 0.54,0.25,0.08",Berserker Stance: Four vigorous rounded amber crescents rise around restrained crimson readiness points. Authored size; ranks share this effect.,,
IMP,VFX_ABILITY_COVERINGSTRIKE,Vfx_Ability_CoveringStrike,1107,Vibroblade; arc; hex; outward; 2 pulses,Target impact,"1,0.94,0.77 / 0.38,0.34,0.29",Covering Strike: A broad silver sweep opens into two brief steel-blue attention brackets near the contact. Authored size; ranks share this effect.,,
IMP,VFX_ABILITY_DEFENSIVESTANCE,Vfx_Ability_DefensiveStance,1108,Vibroblade; hex; ring; inward; 2 pulses,Target impact,"0.55,0.91,0.92 / 0.12,0.4,0.52",Defensive Stance: Two broad cyan defense plates settle inside a slow unbroken silver ring. Authored size; ranks share this effect.,,
IMP,VFX_ABILITY_INVINCIBLE,Vfx_Ability_Invincible,1109,Vibroblade; hex; motes; orbit; 4 pulses,Target impact,"1,0.96,0.76 / 0.68,0.49,0.2",Invincible: Four soft ivory protective panels overlap around calm gold perimeter lights. Authored size; ranks share this effect.,,
IMP,VFX_ABILITY_RENDINGSTRIKE,Vfx_Ability_RendingStrike,1110,Vibroblade; slash; shards; inward; 2 pulses,Target impact,"1,0.94,0.77 / 0.38,0.34,0.29",Rending Strike: Two silver tearing cuts converge on a broken bronze armor fragment fan. Authored size; ranks share this effect.,,
IMP,VFX_ABILITY_RIOTBLADE,Vfx_Ability_RiotBlade,1111,Vibroblade; slash; sparks; outward; 2 pulses,Target impact,"1,0.82,0.42 / 0.54,0.25,0.08",Riot Blade: One broad warm silver cut lands with two tightly spaced dry amber spark pops. Authored size; ranks share this effect.,,
IMP,VFX_ABILITY_SAVAGECLEAVE,Vfx_Ability_SavageCleave,1112,Vibroblade; arc; smoke; outward; 3 pulses,Target impact,"1,0.94,0.77 / 0.38,0.34,0.29",Savage Cleave: Three heavy silver sweep crescents drive short low gray contact dust wakes. Authored size; ranks share this effect.,,
IMP,VFX_ABILITY_SHIELDWALL,Vfx_Ability_ShieldWall,1113,Vibroblade; hex; arc; rising; 3 pulses,Target impact,"0.55,0.91,0.92 / 0.12,0.4,0.52",Shield Wall: Three broad steel-blue protective plates rise beneath a smooth silver wall-top crescent. Authored size; ranks share this effect.,,
IMP,VFX_ABILITY_ASSASSINSSTANCE,Vfx_Ability_AssassinsStance,1114,Vibroknife; arc; motes; inward; 2 pulses,Target impact,"0.8,0.93,0.35 / 0.25,0.43,0.12",Assassin's Stance: Two dark-green rounded crescents gather sparse pale toxin points into a quiet readiness seal. Authored size; ranks share this effect.,,
IMP,VFX_ABILITY_BACKSTAB,Vfx_Ability_Backstab,1115,Vibroknife; slash; sparks; inward; 1 pulses,Target impact,"1,0.94,0.77 / 0.38,0.34,0.29",Backstab: A short thin silver puncture converges on one restrained amber contact glint. Authored size; ranks share this effect.,,
IMP,VFX_ABILITY_CRIPPLINGSLICE,Vfx_Ability_CripplingSlice,1116,Vibroknife; slash; arc; falling; 2 pulses,Target impact,"1,0.94,0.77 / 0.38,0.34,0.29",Crippling Slice: Two short downward silver slices finish in a low broken bronze crescent. Authored size; ranks share this effect.,,
IMP,VFX_ABILITY_ESCAPEARTIST,Vfx_Ability_EscapeArtist,1117,Vibroknife; smoke; arc; outward; 2 pulses,Target impact,"0.53,0.36,0.69 / 0.12,0.1,0.16",Escape Artist: Two gray-violet smoke wisps open around a pale flat blinding crescent and leave a clear center. Authored size; ranks share this effect.,,
IMP,VFX_ABILITY_PATHOGENSTRIKE,Vfx_Ability_PathogenStrike,1118,Vibroknife; slash; motes; inward; 1 pulses,Target impact,"0.8,0.93,0.35 / 0.25,0.43,0.12",Pathogen Strike: A thin olive contact scratch feeds three dim green infection points toward its center. Authored size; ranks share this effect.,,
IMP,VFX_ABILITY_SHADOWFLOWSTANCE,Vfx_Ability_ShadowflowStance,1119,Vibroknife; arc; ring; orbit; 3 pulses,Target impact,"0.53,0.36,0.69 / 0.12,0.1,0.16",Shadowflow Stance: Three muted violet motion crescents slide around a low gray evasion ring. Authored size; ranks share this effect.,,
IMP,VFX_ABILITY_VEILEDSTRIKE,Vfx_Ability_VeiledStrike,1120,Vibroknife; slash; smoke; outward; 1 pulses,Target impact,"0.53,0.36,0.69 / 0.12,0.1,0.16",Veiled Strike: A fine pale-violet cut appears through a short transparent charcoal contact wisp. Authored size; ranks share this effect.,,
IMP,VFX_ABILITY_VIRALCASCADE,Vfx_Ability_ViralCascade,1121,Vibroknife; splatter; motes; outward; 4 pulses,Target impact,"0.8,0.93,0.35 / 0.25,0.43,0.12",Viral Cascade: Four staggered olive droplet blooms shed successively finer green points like a spreading reaction. Authored size; ranks share this effect.,,
IMP,VFX_ABILITY_VIRULENTBLADE,Vfx_Ability_VirulentBlade,1122,Vibroknife; slash; splatter; outward; 2 pulses,Target impact,"0.8,0.93,0.35 / 0.25,0.43,0.12",Virulent Blade: A narrow green-edged silver cut leaves two small dark-lime wet contact splashes. Authored size; ranks share this effect.,,
IMP,VFX_ABILITY_VOLATILECOMPOUND,Vfx_Ability_VolatileCompound,1123,Vibroknife; splatter; ring; outward; 3 pulses,Target impact,"0.8,0.93,0.35 / 0.25,0.43,0.12",Volatile Compound: Three bubbling yellow-green droplet pops open uneven olive reaction rings. Authored size; ranks share this effect.,,
